id,sheet_number,name,slug,status,source_archive,year,edition,edition_line,printing,is_georeferenced,iiif_image,annotation_url,georef_method
e22d22ee-b012-4020-b26a-3a9b37f40f3c,5452-1,Lao Fu Chai,lao-fu-chai-l7014-5452-1-ttu,draft,TTU,,,,,True,https://iiif.maparchive.vn/iiif/e22d22ee-b012-4020-b26a-3a9b37f40f3c,https://maparchive.vn/api/maps/e22d22ee-b012-4020-b26a-3a9b37f40f3c/annotation,hand-read neatline to lattice corners; aspect 2.68% off
52196bd2-4ed1-4b3b-825b-b55fc4f3dfd2,5453-1,Giang Mung Pho,giang-mung-pho-l7014-5453-1,public,PCL,1965,1,,,True,https://iiif.maparchive.vn/iiif/52196bd2-4ed1-4b3b-825b-b55fc4f3dfd2,https://maparchive.vn/api/maps/52196bd2-4ed1-4b3b-825b-b55fc4f3dfd2/annotation,
6117a44b-9099-4550-a9b8-8c769d33abb0,5453-2,Muang Hat Hin,muang-hat-hin-l7014-5453-2-ttu,draft,TTU,,,,,False,https://iiif.maparchive.vn/iiif/6117a44b-9099-4550-a9b8-8c769d33abb0,,
03d879f9-888a-4beb-aedc-7b6ed8af0a57,5453-3,Li Mou Chang,li-mou-chang-l7014-5453-3-ttu,draft,TTU,,,,,True,https://iiif.maparchive.vn/iiif/03d879f9-888a-4beb-aedc-7b6ed8af0a57,https://maparchive.vn/api/maps/03d879f9-888a-4beb-aedc-7b6ed8af0a57/annotation,hand-read neatline to lattice corners; aspect 0.05% off
ec1d8319-0a9a-44bd-b0af-552e73667012,5453-4,Tao Phya,tao-phya-l7014-5453-4-ed-1,draft,TTU,,1,EDITION 1-AMS,,False,https://iiif.maparchive.vn/iiif/ec1d8319-0a9a-44bd-b0af-552e73667012,,
c28ee942-2036-447a-a294-b27615b43440,5454-1,Phu Tu Lum,phu-tu-lum-l7014-5454-1,public,PCL,,,,,True,https://iiif.maparchive.vn/iiif/c28ee942-2036-447a-a294-b27615b43440,https://maparchive.vn/api/maps/c28ee942-2036-447a-a294-b27615b43440/annotation,hand-read neatline to printed corners; aspect 0.84% off
ee98e764-6fe6-406c-8a38-0b3e2f8c3682,5454-1,Phu Tu Lům,phu-tu-lum-l7014-5454-1-ttu,draft,TTU,,,,,False,https://iiif.maparchive.vn/iiif/ee98e764-6fe6-406c-8a38-0b3e2f8c3682,,
72b309b4-9d6f-42ba-9abd-c244a732d4d6,5454-2,Ban Me Rang,ban-me-rang-l7014-5454-2,public,PCL,1965,1,,,True,https://iiif.maparchive.vn/iiif/72b309b4-9d6f-42ba-9abd-c244a732d4d6,https://maparchive.vn/api/maps/72b309b4-9d6f-42ba-9abd-c244a732d4d6/annotation,
57cf6db6-5153-4546-80b6-bfaa45d2169d,5551-1,Co Mé,co-me-l7014-5551-1-ttu,draft,TTU,,,,,False,https://iiif.maparchive.vn/iiif/57cf6db6-5153-4546-80b6-bfaa45d2169d,,
9d507313-9cd0-40cd-917b-8e96f3aebd9c,5551-2,Hua Thanh,hua-thanh-l7014-5551-2-ttu,draft,TTU,,,,,True,https://iiif.maparchive.vn/iiif/9d507313-9cd0-40cd-917b-8e96f3aebd9c,https://maparchive.vn/api/maps/9d507313-9cd0-40cd-917b-8e96f3aebd9c/annotation,hand-read neatline to lattice corners; aspect 2.41% off
6dd9c318-b192-4714-8210-26c3f72736d6,5552-1,Muong Cha,muong-cha-l7014-5552-1,public,PCL,1966,2,,,True,https://iiif.maparchive.vn/iiif/6dd9c318-b192-4714-8210-26c3f72736d6,https://maparchive.vn/api/maps/6dd9c318-b192-4714-8210-26c3f72736d6/annotation,
2d7eac7d-7c1c-48e1-957a-b8067a583d02,5552-2,Nà Lam,na-lam-l7014-5552-2-ttu,draft,TTU,,,,,True,https://iiif.maparchive.vn/iiif/2d7eac7d-7c1c-48e1-957a-b8067a583d02,https://maparchive.vn/api/maps/2d7eac7d-7c1c-48e1-957a-b8067a583d02/annotation,hand-read neatline to lattice corners; aspect 0.03% off
ccd0cb56-24b3-4c1f-868e-202b6acfe8cb,5552-3,Phou Ta Te Son,phou-ta-te-son-l7014-5552-3-ttu,draft,TTU,,,,,False,https://iiif.maparchive.vn/iiif/ccd0cb56-24b3-4c1f-868e-202b6acfe8cb,,
18a04302-4ff5-4642-b6fb-dd8e9c800c5a,5552-4,Na Khoa,na-khoa-l7014-5552-4-ttu,draft,TTU,,,,,True,https://iiif.maparchive.vn/iiif/18a04302-4ff5-4642-b6fb-dd8e9c800c5a,https://maparchive.vn/api/maps/18a04302-4ff5-4642-b6fb-dd8e9c800c5a/annotation,hand-read neatline to lattice corners; aspect 0.11% off
fa6b5edd-0fc7-45c4-8616-fa66d3ec5add,5553-1,Muong Boum,muong-boum-l7014-5553-1,public,PCL,1966,2,,,True,https://iiif.maparchive.vn/iiif/fa6b5edd-0fc7-45c4-8616-fa66d3ec5add,https://maparchive.vn/api/maps/fa6b5edd-0fc7-45c4-8616-fa66d3ec5add/annotation,
2cf73dfb-aa26-4af1-95b2-bca9736fa012,5553-2,Muong No,muong-no-l7014-5553-2,public,PCL,1966,2,,,True,https://iiif.maparchive.vn/iiif/2cf73dfb-aa26-4af1-95b2-bca9736fa012,https://maparchive.vn/api/maps/2cf73dfb-aa26-4af1-95b2-bca9736fa012/annotation,
734ea17d-607b-4fdf-a2d2-e26c62b37d2e,5553-3,Muong Tong,muong-tong-l7014-5553-3,public,PCL,1966,2,,,True,https://iiif.maparchive.vn/iiif/734ea17d-607b-4fdf-a2d2-e26c62b37d2e,https://maparchive.vn/api/maps/734ea17d-607b-4fdf-a2d2-e26c62b37d2e/annotation,
9dc51443-53d2-4005-a632-7559f3668351,5553-4,Muong Te,muong-te-l7014-5553-4,public,PCL,1965,1,,,True,https://iiif.maparchive.vn/iiif/9dc51443-53d2-4005-a632-7559f3668351,https://maparchive.vn/api/maps/9dc51443-53d2-4005-a632-7559f3668351/annotation,
50085cbe-8d7a-4990-920b-3770ed418850,5554-2,Phu Sì Lùng,phu-si-lung-l7014-5554-2-ttu,draft,TTU,,,,,False,https://iiif.maparchive.vn/iiif/50085cbe-8d7a-4990-920b-3770ed418850,,
e2b0b463-a7c5-4d16-a5d6-4c2e2b0e95ab,5554-3,Ban La Sin,ban-la-sin-l7014-5554-3,public,PCL,1965,1,,,True,https://iiif.maparchive.vn/iiif/e2b0b463-a7c5-4d16-a5d6-4c2e2b0e95ab,https://maparchive.vn/api/maps/e2b0b463-a7c5-4d16-a5d6-4c2e2b0e95ab/annotation,
8c6d179b-fa28-46b8-83af-cda7d571652f,5554-4,Phu Nam Sau,phu-nam-sau-l7014-5554-4,public,PCL,,,,,True,https://iiif.maparchive.vn/iiif/8c6d179b-fa28-46b8-83af-cda7d571652f,https://maparchive.vn/api/maps/8c6d179b-fa28-46b8-83af-cda7d571652f/annotation,hand-read neatline to printed corners; aspect 0.44% off
638ceb3e-7cae-4e15-b9cf-076f62ab5a2c,5554-4,Phu Nằm Sau,phu-nam-sau-l7014-5554-4-ttu,draft,TTU,,,,,False,https://iiif.maparchive.vn/iiif/638ceb3e-7cae-4e15-b9cf-076f62ab5a2c,,
e121acfd-d001-4cc3-adbf-ae0dc11befaa,5650-1,Ban Pou Sung,ban-pou-sung-l7014-5650-1,public,PCL,,,,,True,https://iiif.maparchive.vn/iiif/e121acfd-d001-4cc3-adbf-ae0dc11befaa,https://maparchive.vn/api/maps/e121acfd-d001-4cc3-adbf-ae0dc11befaa/annotation,
d20f7527-feed-4b6a-a1df-5d68a79d547d,5650-1,Bản Pou Sung,ban-pou-sung-l7014-5650-1-ed-1,draft,TTU,,1,EDITION 1-AMS / XUẤT-BẢN LẦN THỨ 1-AMS,,False,https://iiif.maparchive.vn/iiif/d20f7527-feed-4b6a-a1df-5d68a79d547d,,
52ce8c55-aa09-41c1-ac4f-fbb4165dc57f,5650-4,Nam Mat,nam-mat-l7014-5650-4-ttu,draft,TTU,,,,,True,https://iiif.maparchive.vn/iiif/52ce8c55-aa09-41c1-ac4f-fbb4165dc57f,https://maparchive.vn/api/maps/52ce8c55-aa09-41c1-ac4f-fbb4165dc57f/annotation,hand-read neatline to lattice corners; aspect 1.08% off; corners are 69 m off a parallelogram (bent scan or a corner off by a few px)
91e8e076-5477-4c6c-9016-90ae374f0fd8,5651-1,Ban Muong Lan,ban-muong-lan-l7014-5651-1,public,PCL,1965,1,,,True,https://iiif.maparchive.vn/iiif/91e8e076-5477-4c6c-9016-90ae374f0fd8,https://maparchive.vn/api/maps/91e8e076-5477-4c6c-9016-90ae374f0fd8/annotation,
65248989-fbae-4807-9d1d-46328ffd63e6,5651-2,Ban Kha,ban-kha-l7014-5651-2,public,PCL,1968,2,,,True,https://iiif.maparchive.vn/iiif/65248989-fbae-4807-9d1d-46328ffd63e6,https://maparchive.vn/api/maps/65248989-fbae-4807-9d1d-46328ffd63e6/annotation,
ba61df56-0bf1-4502-993a-1b7c86132975,5651-3,Ban Na Phai,ban-na-phai-l7014-5651-3,public,PCL,1968,2,,,True,https://iiif.maparchive.vn/iiif/ba61df56-0bf1-4502-993a-1b7c86132975,https://maparchive.vn/api/maps/ba61df56-0bf1-4502-993a-1b7c86132975/annotation,
6fa0ce6a-d2db-44f7-b5c1-108df6c8cf07,5651-4,Dien Bien Phu,dien-bien-phu-l7014-5651-4,public,PCL,1966,3,,,True,https://iiif.maparchive.vn/iiif/6fa0ce6a-d2db-44f7-b5c1-108df6c8cf07,https://maparchive.vn/api/maps/6fa0ce6a-d2db-44f7-b5c1-108df6c8cf07/annotation,
fc10369d-975b-482e-b2c0-2a2ae1e7bfdc,5652-1,Ban Nam Nen,ban-nam-nen-l7014-5652-1,public,PCL,1965,1,,,True,https://iiif.maparchive.vn/iiif/fc10369d-975b-482e-b2c0-2a2ae1e7bfdc,https://maparchive.vn/api/maps/fc10369d-975b-482e-b2c0-2a2ae1e7bfdc/annotation,
7decec12-4e17-4365-b42c-9e5738d206ff,5652-2,Tuan Giao,tuan-giao-l7014-5652-2,public,PCL,1965,1,,,True,https://iiif.maparchive.vn/iiif/7decec12-4e17-4365-b42c-9e5738d206ff,https://maparchive.vn/api/maps/7decec12-4e17-4365-b42c-9e5738d206ff/annotation,
9ca7ce3d-b020-4564-8ff6-beb655e9e609,5652-3,Muong Ang,muong-ang-l7014-5652-3,public,PCL,1965,1,,,True,https://iiif.maparchive.vn/iiif/9ca7ce3d-b020-4564-8ff6-beb655e9e609,https://maparchive.vn/api/maps/9ca7ce3d-b020-4564-8ff6-beb655e9e609/annotation,
1b9c1fa7-893d-451c-8176-4a8b8a241245,5652-4,Muong Tong,muong-tong-l7014-5652-4,public,PCL,1966,2,,,True,https://iiif.maparchive.vn/iiif/1b9c1fa7-893d-451c-8176-4a8b8a241245,https://maparchive.vn/api/maps/1b9c1fa7-893d-451c-8176-4a8b8a241245/annotation,
d6e89db0-a68e-4c75-bead-d7113c2f63cf,5653-1,Phu Nung Nong,phu-nung-nong-l7014-5653-1,public,PCL,1966,2,,,True,https://iiif.maparchive.vn/iiif/d6e89db0-a68e-4c75-bead-d7113c2f63cf,https://maparchive.vn/api/maps/d6e89db0-a68e-4c75-bead-d7113c2f63cf/annotation,
853deeba-3586-4b2a-b31d-d9fbdd79fd69,5653-2,Nam Ma,nam-ma-l7014-5653-2,public,PCL,1966,2,,,True,https://iiif.maparchive.vn/iiif/853deeba-3586-4b2a-b31d-d9fbdd79fd69,https://maparchive.vn/api/maps/853deeba-3586-4b2a-b31d-d9fbdd79fd69/annotation,
15bb8218-dbc5-49ec-b4d0-0f56eb57da85,5653-3,Lai Chau,lai-chau-l7014-5653-3,public,PCL,1966,2,,,True,https://iiif.maparchive.vn/iiif/15bb8218-dbc5-49ec-b4d0-0f56eb57da85,https://maparchive.vn/api/maps/15bb8218-dbc5-49ec-b4d0-0f56eb57da85/annotation,
6aaa3e9b-9355-486a-8f25-7b5a0d9dfd85,5653-4,Ta Phing,ta-phing-l7014-5653-4,public,PCL,1966,2,,,True,https://iiif.maparchive.vn/iiif/6aaa3e9b-9355-486a-8f25-7b5a0d9dfd85,https://maparchive.vn/api/maps/6aaa3e9b-9355-486a-8f25-7b5a0d9dfd85/annotation,
c37ea760-b3c6-49ef-aa8e-bb04125fbd7f,5654-1,Giao San,giao-san-l7014-5654-1,public,PCL,,,,,True,https://iiif.maparchive.vn/iiif/c37ea760-b3c6-49ef-aa8e-bb04125fbd7f,https://maparchive.vn/api/maps/c37ea760-b3c6-49ef-aa8e-bb04125fbd7f/annotation,hand-read neatline to printed corners; aspect 0.93% off
6b651276-28dc-45d0-a414-5a513c6afdf3,5654-1,Giáo San,giao-san-l7014-5654-1-ttu,draft,TTU,,,,,True,https://iiif.maparchive.vn/iiif/6b651276-28dc-45d0-a414-5a513c6afdf3,https://maparchive.vn/api/maps/6b651276-28dc-45d0-a414-5a513c6afdf3/annotation,hand-read neatline to printed corners; aspect 0.94% off
458ed110-57fd-406a-8d52-4c560d16287c,5654-2,Phong Tho,phong-tho-l7014-5654-2,public,PCL,1965,1,,,True,https://iiif.maparchive.vn/iiif/458ed110-57fd-406a-8d52-4c560d16287c,https://maparchive.vn/api/maps/458ed110-57fd-406a-8d52-4c560d16287c/annotation,
0e232803-e995-4e51-bcac-3797427b657f,5654-3,Ban Nam Cum,ban-nam-cum-l7014-5654-3,public,PCL,,,,,True,https://iiif.maparchive.vn/iiif/0e232803-e995-4e51-bcac-3797427b657f,https://maparchive.vn/api/maps/0e232803-e995-4e51-bcac-3797427b657f/annotation,hand-read neatline to printed corners; aspect 0.02% off; corners are 77 m off a parallelogram (bent scan or a corner off by a few px)
bc4ca0a3-d4bc-4533-ab1e-45cf7f374779,5654-3,Bản Nam Cum,ban-nam-cum-l7014-5654-3-ttu,draft,TTU,,,,,True,https://iiif.maparchive.vn/iiif/bc4ca0a3-d4bc-4533-ab1e-45cf7f374779,https://maparchive.vn/api/maps/bc4ca0a3-d4bc-4533-ab1e-45cf7f374779/annotation,hand-read neatline to printed corners; aspect 2.45% off
f5c6fff8-8a9e-445b-9e0d-f5e52c48a9dd,5728-1,Hon Thom,hon-thom-l7014-5728-1,public,PCL,,,,,True,https://iiif.maparchive.vn/iiif/f5c6fff8-8a9e-445b-9e0d-f5e52c48a9dd,https://maparchive.vn/api/maps/f5c6fff8-8a9e-445b-9e0d-f5e52c48a9dd/annotation,hand-read neatline to lattice corners; aspect 0.21% off
0102e926-1aa0-42a7-b1bf-9f99fc3d2a0c,5728-1,Hòn Thơm,hon-thom-l7014-5728-1-ed-1,draft,TTU,,1,EDITION 1-AMS / XUẤT-BẢN LẦN THỨ 1-AMS,,True,https://iiif.maparchive.vn/iiif/0102e926-1aa0-42a7-b1bf-9f99fc3d2a0c,https://maparchive.vn/api/maps/0102e926-1aa0-42a7-b1bf-9f99fc3d2a0c/annotation,hand-read neatline to lattice corners; aspect 2.38% off; corners are 45 m off a parallelogram (bent scan or a corner off by a few px)
8c594cff-efb7-4a28-9ec9-40baf80a8d3c,5729-1,Xom Ong Thay,xom-ong-thay-l7014-5729-1,public,PCL,1965,1,,,True,https://iiif.maparchive.vn/iiif/8c594cff-efb7-4a28-9ec9-40baf80a8d3c,https://maparchive.vn/api/maps/8c594cff-efb7-4a28-9ec9-40baf80a8d3c/annotation,
bc212e29-aaf7-4747-a418-8fccec98761c,5729-2,Duong Dong,duong-dong-l7014-5729-2,public,PCL,,,,,True,https://iiif.maparchive.vn/iiif/bc212e29-aaf7-4747-a418-8fccec98761c,https://maparchive.vn/api/maps/bc212e29-aaf7-4747-a418-8fccec98761c/annotation,hand-read neatline to lattice corners; aspect 0.27% off; corners are 27 m off a parallelogram (bent scan or a corner off by a few px)
8919c523-68f1-4c66-a683-47c26f7df4e6,5729-2,Dương Đông,duong-dong-l7014-5729-2-ed-1,draft,TTU,,1,EDITION 1-AMS / XUẤT-BẢN LẦN THỨ 1-AMS,,True,https://iiif.maparchive.vn/iiif/8919c523-68f1-4c66-a683-47c26f7df4e6,https://maparchive.vn/api/maps/8919c523-68f1-4c66-a683-47c26f7df4e6/annotation,hand-read neatline to lattice corners; aspect 0.12% off; corners are 69 m off a parallelogram (bent scan or a corner off by a few px)
cbb562ea-1a01-4afc-9025-fa1a450aa34b,5747-1,Nong Hèt,nong-het-l7014-5747-1-ed-2,draft,TTU,,2,EDITION 2-AMS,,False,https://iiif.maparchive.vn/iiif/cbb562ea-1a01-4afc-9025-fa1a450aa34b,,
fc13d7dd-6d17-496b-a873-17060f874c02,5747-2,Ban Namkhaohou,ban-namkhaohou-l7014-5747-2-ed-1,draft,TTU,,1,EDITION 1-AMS,,False,https://iiif.maparchive.vn/iiif/fc13d7dd-6d17-496b-a873-17060f874c02,,
efc717f0-9b97-4232-8dd0-356a6635071d,5750-1,Muong Hung,muong-hung-l7014-5750-1,public,PCL,,,,,True,https://iiif.maparchive.vn/iiif/efc717f0-9b97-4232-8dd0-356a6635071d,https://maparchive.vn/api/maps/efc717f0-9b97-4232-8dd0-356a6635071d/annotation,neatline to lattice cell; no neighbour to check against
4a7fd880-b393-4eb5-a11a-e0cd550bece9,5750-1,Mường Hung,muong-hung-l7014-5750-1-ttu,draft,TTU,,,,,True,https://iiif.maparchive.vn/iiif/4a7fd880-b393-4eb5-a11a-e0cd550bece9,https://maparchive.vn/api/maps/4a7fd880-b393-4eb5-a11a-e0cd550bece9/annotation,hand-read neatline to lattice corners; aspect 0.72% off; corners are 75 m off a parallelogram (bent scan or a corner off by a few px)
075a8f76-685e-425d-a127-ad89c07fad93,5750-2,Ban Kêng Long,ban-keng-long-l7014-5750-2-ttu,draft,TTU,,,,,True,https://iiif.maparchive.vn/iiif/075a8f76-685e-425d-a127-ad89c07fad93,https://maparchive.vn/api/maps/075a8f76-685e-425d-a127-ad89c07fad93/annotation,hand-read neatline to lattice corners; aspect 0.53% off; corners are 53 m off a parallelogram (bent scan or a corner off by a few px)
233a0800-eba1-4aaf-b397-ae7b28539af5,5750-2,Ban Keon Long,ban-keon-long-l7014-5750-2,public,PCL,,,,,True,https://iiif.maparchive.vn/iiif/233a0800-eba1-4aaf-b397-ae7b28539af5,https://maparchive.vn/api/maps/233a0800-eba1-4aaf-b397-ae7b28539af5/annotation,hand-read neatline to lattice corners; aspect 0.02% off
5bc49ac8-4054-4470-b8c7-29d50b62edae,5750-3,Ban Xaosi,ban-xaosi-l7014-5750-3-ttu,draft,TTU,,,,,False,https://iiif.maparchive.vn/iiif/5bc49ac8-4054-4470-b8c7-29d50b62edae,,
e95ca7bf-9a50-432f-9ed0-2020fca3c371,5750-4,Sop Cop,sop-cop-l7014-5750-4,public,PCL,1965,1,,,True,https://iiif.maparchive.vn/iiif/e95ca7bf-9a50-432f-9ed0-2020fca3c371,https://maparchive.vn/api/maps/e95ca7bf-9a50-432f-9ed0-2020fca3c371/annotation,
6cbd474d-cacb-4327-8462-ef32ceb52db3,5751-1,Son La,son-la-l7014-5751-1,public,PCL,1966,2,,,True,https://iiif.maparchive.vn/iiif/6cbd474d-cacb-4327-8462-ef32ceb52db3,https://maparchive.vn/api/maps/6cbd474d-cacb-4327-8462-ef32ceb52db3/annotation,
3d05a659-dd9f-4076-a1bf-f6abaa7363c7,5751-2,Mai Son,mai-son-l7014-5751-2,public,PCL,1965,1,,,True,https://iiif.maparchive.vn/iiif/3d05a659-dd9f-4076-a1bf-f6abaa7363c7,https://maparchive.vn/api/maps/3d05a659-dd9f-4076-a1bf-f6abaa7363c7/annotation,
85500c21-6b9c-4da5-9f6d-cb91e0b0a0e0,5751-3,Muong Lam,muong-lam-l7014-5751-3,public,PCL,1969,2,,,True,https://iiif.maparchive.vn/iiif/85500c21-6b9c-4da5-9f6d-cb91e0b0a0e0,https://maparchive.vn/api/maps/85500c21-6b9c-4da5-9f6d-cb91e0b0a0e0/annotation,
fe2faad1-fbd7-410a-9e22-2431cc617005,5751-4,Thuan Chau,thuan-chau-l7014-5751-4,public,PCL,1965,1,,,True,https://iiif.maparchive.vn/iiif/fe2faad1-fbd7-410a-9e22-2431cc617005,https://maparchive.vn/api/maps/fe2faad1-fbd7-410a-9e22-2431cc617005/annotation,
9752ab7d-0a12-4cd3-9fa2-576052ff71ae,5752-1,Than Uyen,than-uyen-l7014-5752-1,public,PCL,1966,2,,,True,https://iiif.maparchive.vn/iiif/9752ab7d-0a12-4cd3-9fa2-576052ff71ae,https://maparchive.vn/api/maps/9752ab7d-0a12-4cd3-9fa2-576052ff71ae/annotation,
4d692af3-b0b6-4e65-b84a-a359be7fdcb3,5752-2,Muong Trai,muong-trai-l7014-5752-2,public,PCL,1966,2,,,True,https://iiif.maparchive.vn/iiif/4d692af3-b0b6-4e65-b84a-a359be7fdcb3,https://maparchive.vn/api/maps/4d692af3-b0b6-4e65-b84a-a359be7fdcb3/annotation,
b51ef4c6-dbd1-4f76-aa75-d369b607df37,5752-3,King Khoai,king-khoai-l7014-5752-3,public,PCL,1966,2,,,True,https://iiif.maparchive.vn/iiif/b51ef4c6-dbd1-4f76-aa75-d369b607df37,https://maparchive.vn/api/maps/b51ef4c6-dbd1-4f76-aa75-d369b607df37/annotation,
cd5ed7f1-3141-4677-966b-adc4f3d22f11,5752-4,Quynh Nhai,quynh-nhai-l7014-5752-4,public,PCL,1966,2,,,True,https://iiif.maparchive.vn/iiif/cd5ed7f1-3141-4677-966b-adc4f3d22f11,https://maparchive.vn/api/maps/cd5ed7f1-3141-4677-966b-adc4f3d22f11/annotation,
727d02c0-cd72-4f1b-ac3c-ab926895ffdc,5753-1,Lao Kay,lao-kay-l7014-5753-1,public,PCL,1966,2,,,True,https://iiif.maparchive.vn/iiif/727d02c0-cd72-4f1b-ac3c-ab926895ffdc,https://maparchive.vn/api/maps/727d02c0-cd72-4f1b-ac3c-ab926895ffdc/annotation,
23bacb5f-b188-43d2-bef0-30fde2aa97e2,5753-2,Chom Chang,chom-chang-l7014-5753-2,public,PCL,1965,1,,,True,https://iiif.maparchive.vn/iiif/23bacb5f-b188-43d2-bef0-30fde2aa97e2,https://maparchive.vn/api/maps/23bacb5f-b188-43d2-bef0-30fde2aa97e2/annotation,
b4534e5e-25d2-4ff8-a5b9-59ef0bf448ab,5753-3,Muong Khoa,muong-khoa-l7014-5753-3,public,PCL,1968,2,,,True,https://iiif.maparchive.vn/iiif/b4534e5e-25d2-4ff8-a5b9-59ef0bf448ab,https://maparchive.vn/api/maps/b4534e5e-25d2-4ff8-a5b9-59ef0bf448ab/annotation,
a14d5cb4-4825-489f-89c5-074d6db3bc78,5753-4,Ban Ko La,ban-ko-la-l7014-5753-4,public,PCL,1967,2,,,True,https://iiif.maparchive.vn/iiif/a14d5cb4-4825-489f-89c5-074d6db3bc78,https://maparchive.vn/api/maps/a14d5cb4-4825-489f-89c5-074d6db3bc78/annotation,
7beb3150-2564-4fb9-be4a-60f201426d4b,5754-2,Lao Kay,lao-kay-l7014-5754-2,public,PCL,,,,,True,https://iiif.maparchive.vn/iiif/7beb3150-2564-4fb9-be4a-60f201426d4b,https://maparchive.vn/api/maps/7beb3150-2564-4fb9-be4a-60f201426d4b/annotation,hand-read neatline to printed corners; aspect 1.09% off
c58ac749-a7ec-44ff-a932-0ab5791eff73,5754-2,Lào Kay,lao-kay-l7014-5754-2-ttu,draft,TTU,,,,,True,https://iiif.maparchive.vn/iiif/c58ac749-a7ec-44ff-a932-0ab5791eff73,https://maparchive.vn/api/maps/c58ac749-a7ec-44ff-a932-0ab5791eff73/annotation,hand-read neatline to printed corners; aspect 2.58% off
e6db0285-4fb1-4bce-b891-664be294321f,5754-3,Muong Hum,muong-hum-l7014-5754-3,public,PCL,1965,1,,,True,https://iiif.maparchive.vn/iiif/e6db0285-4fb1-4bce-b891-664be294321f,https://maparchive.vn/api/maps/e6db0285-4fb1-4bce-b891-664be294321f/annotation,
0a7a5ec2-973f-4fa2-801d-15a3d44ddc03,5754-4,Ban Mac,ban-mac-l7014-5754-4,public,PCL,,,,,True,https://iiif.maparchive.vn/iiif/0a7a5ec2-973f-4fa2-801d-15a3d44ddc03,https://maparchive.vn/api/maps/0a7a5ec2-973f-4fa2-801d-15a3d44ddc03/annotation,hand-read neatline to printed corners; aspect 0.58% off
9f1bb303-5005-477d-a84f-a6232a0f964a,5754-4,Bản Mac,ban-mac-l7014-5754-4-ttu,draft,TTU,,,,,True,https://iiif.maparchive.vn/iiif/9f1bb303-5005-477d-a84f-a6232a0f964a,https://maparchive.vn/api/maps/9f1bb303-5005-477d-a84f-a6232a0f964a/annotation,hand-read neatline to printed corners; aspect 2.02% off
8d3471f1-8ada-4ade-8723-6a94ca6e4da8,5829-1,Krŏng Kép,krong-kep-l7014-5829-1-ed-1,draft,TTU,,1,EDITION 1-AMS / PHÁT HÀNH LẦN THỨ 1-AMS,,False,https://iiif.maparchive.vn/iiif/8d3471f1-8ada-4ade-8723-6a94ca6e4da8,,
534d9d35-12df-4f75-8d53-ccddd217d6be,5846-1,Ban Muangchouan,ban-muangchouan-l7014-5846-1-ttu,draft,TTU,,,,,True,https://iiif.maparchive.vn/iiif/534d9d35-12df-4f75-8d53-ccddd217d6be,https://maparchive.vn/api/maps/534d9d35-12df-4f75-8d53-ccddd217d6be/annotation,hand-read neatline to lattice corners; aspect 2.33% off
7776c605-99fd-4853-8c77-124b3ca8c6ae,5847-1,Cua Rao,cua-rao-l7014-5847-1,public,PCL,1971,2,,,True,https://iiif.maparchive.vn/iiif/7776c605-99fd-4853-8c77-124b3ca8c6ae,https://maparchive.vn/api/maps/7776c605-99fd-4853-8c77-124b3ca8c6ae/annotation,
5b05e6ff-6f34-4779-bfb2-5c72be1d98da,5847-2,Ban Tem,ban-tem-l7014-5847-2,public,PCL,,,,,True,https://iiif.maparchive.vn/iiif/5b05e6ff-6f34-4779-bfb2-5c72be1d98da,https://maparchive.vn/api/maps/5b05e6ff-6f34-4779-bfb2-5c72be1d98da/annotation,neatline to lattice cell; worst seam 27 m
98eeb7ad-5431-4954-868c-72fdae221448,5847-2,Bản Tèm,ban-tem-l7014-5847-2-ed-1,draft,TTU,,1,EDITION 1-AMS / ÉDITION 1-AMS / PHÁT HÀNH LẦN THỨ 1-AMS,,False,https://iiif.maparchive.vn/iiif/98eeb7ad-5431-4954-868c-72fdae221448,,
dc08a8fc-40bd-4120-af15-270e8d723e0c,5847-3,Na Cáng,na-cang-l7014-5847-3-ttu,draft,TTU,,,,,True,https://iiif.maparchive.vn/iiif/dc08a8fc-40bd-4120-af15-270e8d723e0c,https://maparchive.vn/api/maps/dc08a8fc-40bd-4120-af15-270e8d723e0c/annotation,hand-read neatline to lattice corners; aspect 2.83% off; corners are 39 m off a parallelogram (bent scan or a corner off by a few px)
4236d1cd-fcbb-41c8-9812-d9de0faeff65,5847-4,Muong Sen,muong-sen-l7014-5847-4,public,PCL,1965,1,,,True,https://iiif.maparchive.vn/iiif/4236d1cd-fcbb-41c8-9812-d9de0faeff65,https://maparchive.vn/api/maps/4236d1cd-fcbb-41c8-9812-d9de0faeff65/annotation,
21494e01-b115-4bcd-9a8e-b48aa956efdc,5848-2,Ban Tha Lang,ban-tha-lang-l7014-5848-2,public,PCL,1972,2,,,True,https://iiif.maparchive.vn/iiif/21494e01-b115-4bcd-9a8e-b48aa956efdc,https://maparchive.vn/api/maps/21494e01-b115-4bcd-9a8e-b48aa956efdc/annotation,
68b106c0-16a9-44a4-95bc-9f25dfd13df6,5848-3,Ban Huoi Heo,ban-huoi-heo-l7014-5848-3,public,PCL,1965,1,,,True,https://iiif.maparchive.vn/iiif/68b106c0-16a9-44a4-95bc-9f25dfd13df6,https://maparchive.vn/api/maps/68b106c0-16a9-44a4-95bc-9f25dfd13df6/annotation,
7c2166bd-e3e2-4809-a038-6371a28d5674,5849-1,Xieng Louang,xieng-louang-l7014-5849-1-ttu,draft,TTU,,,,,False,https://iiif.maparchive.vn/iiif/7c2166bd-e3e2-4809-a038-6371a28d5674,,
71d73e1e-7987-4051-bbb6-797bc54ff1da,5850-1,Song Con,song-con-l7014-5850-1,public,PCL,1966,2,,,True,https://iiif.maparchive.vn/iiif/71d73e1e-7987-4051-bbb6-797bc54ff1da,https://maparchive.vn/api/maps/71d73e1e-7987-4051-bbb6-797bc54ff1da/annotation,
9bd799e9-6694-4032-bc18-0b1f4f0f19e2,5850-2,Sôp Long,sop-long-l7014-5850-2-ed-1,draft,TTU,,1,EDITION 1-AMS,,True,https://iiif.maparchive.vn/iiif/9bd799e9-6694-4032-bc18-0b1f4f0f19e2,https://maparchive.vn/api/maps/9bd799e9-6694-4032-bc18-0b1f4f0f19e2/annotation,hand-read neatline to lattice corners; aspect 0.0% off
a5074d25-5ba8-4cbc-ac34-db99d4b9f705,5850-4,Muong Het,muong-het-l7014-5850-4-ttu,draft,TTU,,,,,False,https://iiif.maparchive.vn/iiif/a5074d25-5ba8-4cbc-ac34-db99d4b9f705,,
b0d43492-0b76-4b74-8778-90cb377e12c1,5851-1,Ban Luu,ban-luu-l7014-5851-1,public,PCL,1965,1,,,True,https://iiif.maparchive.vn/iiif/b0d43492-0b76-4b74-8778-90cb377e12c1,https://maparchive.vn/api/maps/b0d43492-0b76-4b74-8778-90cb377e12c1/annotation,
cf590c88-138e-4d67-b84d-eee477fe043d,5851-2,Yen Chau,yen-chau-l7014-5851-2,public,PCL,1965,1,,,True,https://iiif.maparchive.vn/iiif/cf590c88-138e-4d67-b84d-eee477fe043d,https://maparchive.vn/api/maps/cf590c88-138e-4d67-b84d-eee477fe043d/annotation,
1b14ef69-efe4-4c90-aff7-ad3c86dae661,5851-3,Ban Lot,ban-lot-l7014-5851-3,public,PCL,,,,,True,https://iiif.maparchive.vn/iiif/1b14ef69-efe4-4c90-aff7-ad3c86dae661,https://maparchive.vn/api/maps/1b14ef69-efe4-4c90-aff7-ad3c86dae661/annotation,neatline to lattice cell; no neighbour to check against
57005681-7aee-4611-a461-216d35fd1b2f,5851-3,Bản Lót,ban-lot-l7014-5851-3-ttu,draft,TTU,,,,,True,https://iiif.maparchive.vn/iiif/57005681-7aee-4611-a461-216d35fd1b2f,https://maparchive.vn/api/maps/57005681-7aee-4611-a461-216d35fd1b2f/annotation,hand-read neatline to lattice corners; aspect 0.79% off
f9d9aa72-6bef-475d-8b9b-a73ce08713de,5851-4,Ban Ang,ban-ang-l7014-5851-4,public,PCL,1965,1,,,True,https://iiif.maparchive.vn/iiif/f9d9aa72-6bef-475d-8b9b-a73ce08713de,https://maparchive.vn/api/maps/f9d9aa72-6bef-475d-8b9b-a73ce08713de/annotation,
d04822ee-90f3-4105-858d-5b48477f693c,5852-1,Tu Le,tu-le-l7014-5852-1,public,PCL,1965,1,,,True,https://iiif.maparchive.vn/iiif/d04822ee-90f3-4105-858d-5b48477f693c,https://maparchive.vn/api/maps/d04822ee-90f3-4105-858d-5b48477f693c/annotation,
f88df909-a4e7-475f-92f0-6d677b5347e7,5852-2,Muong Chen,muong-chen-l7014-5852-2,public,PCL,1965,1,,,True,https://iiif.maparchive.vn/iiif/f88df909-a4e7-475f-92f0-6d677b5347e7,https://maparchive.vn/api/maps/f88df909-a4e7-475f-92f0-6d677b5347e7/annotation,
0c479b8e-c7a9-4516-973c-e7251bf253dc,5852-3,Ban Na Tong,ban-na-tong-l7014-5852-3,public,PCL,1965,1,,,True,https://iiif.maparchive.vn/iiif/0c479b8e-c7a9-4516-973c-e7251bf253dc,https://maparchive.vn/api/maps/0c479b8e-c7a9-4516-973c-e7251bf253dc/annotation,
9c90ffbe-17e6-4193-9338-492261874a37,5852-4,Kim Noi,kim-noi-l7014-5852-4,public,PCL,1965,1,,,True,https://iiif.maparchive.vn/iiif/9c90ffbe-17e6-4193-9338-492261874a37,https://maparchive.vn/api/maps/9c90ffbe-17e6-4193-9338-492261874a37/annotation,
b53696ff-6869-40e2-a1c2-098948884a2d,5853-1,Nghia Do Tong,nghia-do-tong-l7014-5853-1,public,PCL,,,,,True,https://iiif.maparchive.vn/iiif/b53696ff-6869-40e2-a1c2-098948884a2d,https://maparchive.vn/api/maps/b53696ff-6869-40e2-a1c2-098948884a2d/annotation,hand-read neatline to lattice corners; aspect 0.14% off; corners are 65 m off a parallelogram (bent scan or a corner off by a few px)
5568c2fd-9adb-428d-b7f0-586abcc13cff,5853-1,Nghĩa Đô Tong,nghia-do-tong-l7014-5853-1-ed-1,draft,TTU,,1,EDITION 1-AMS / ÉDITION 1-AMS / XUẤT-BẢN LẦN THỨ 1-AMS,,True,https://iiif.maparchive.vn/iiif/5568c2fd-9adb-428d-b7f0-586abcc13cff,https://maparchive.vn/api/maps/5568c2fd-9adb-428d-b7f0-586abcc13cff/annotation,hand-read neatline to lattice corners; aspect 0.28% off
4939697a-8165-465f-a301-526cb076f88c,5853-2,Bao Ha,bao-ha-l7014-5853-2,public,PCL,1971,2,,,True,https://iiif.maparchive.vn/iiif/4939697a-8165-465f-a301-526cb076f88c,https://maparchive.vn/api/maps/4939697a-8165-465f-a301-526cb076f88c/annotation,
c6a7b399-3d54-46d5-ad6b-9b2126b6430f,5853-3,Van Ban,van-ban-l7014-5853-3,public,PCL,1965,1,,,True,https://iiif.maparchive.vn/iiif/c6a7b399-3d54-46d5-ad6b-9b2126b6430f,https://maparchive.vn/api/maps/c6a7b399-3d54-46d5-ad6b-9b2126b6430f/annotation,
a8bb6dbf-d0fb-426a-8e55-e2fd98c6b15c,5853-4,Pho Lu,pho-lu-l7014-5853-4,public,PCL,1971,2,,,True,https://iiif.maparchive.vn/iiif/a8bb6dbf-d0fb-426a-8e55-e2fd98c6b15c,https://maparchive.vn/api/maps/a8bb6dbf-d0fb-426a-8e55-e2fd98c6b15c/annotation,
509cdfb6-161b-4b94-a098-6785fdf20cc9,5854-1,Bản Po,ban-po-l7014-5854-1-ttu,draft,TTU,,,,,False,https://iiif.maparchive.vn/iiif/509cdfb6-161b-4b94-a098-6785fdf20cc9,,
df22f9d9-e03f-4598-a0fd-07c50a2e49c9,5854-2,Pa Kha,pa-kha-l7014-5854-2,public,PCL,1965,1,,,True,https://iiif.maparchive.vn/iiif/df22f9d9-e03f-4598-a0fd-07c50a2e49c9,https://maparchive.vn/api/maps/df22f9d9-e03f-4598-a0fd-07c50a2e49c9/annotation,
69163553-f4c0-4f91-a506-69d9c1704ff8,5854-3,Ngai Fong Tion,ngai-fong-tion-l7014-5854-3,public,PCL,1965,1,,,True,https://iiif.maparchive.vn/iiif/69163553-f4c0-4f91-a506-69d9c1704ff8,https://maparchive.vn/api/maps/69163553-f4c0-4f91-a506-69d9c1704ff8/annotation,
c013807c-4dc7-4e57-bd39-399d86921f8e,5854-4,Muong Khuong,muong-khuong-l7014-5854-4,public,PCL,,,,,True,https://iiif.maparchive.vn/iiif/c013807c-4dc7-4e57-bd39-399d86921f8e,https://maparchive.vn/api/maps/c013807c-4dc7-4e57-bd39-399d86921f8e/annotation,hand-read neatline to printed corners; aspect 0.83% off
335d0af2-f784-48e8-bc3d-9472ee94916c,5854-4,Mường Khương,muong-khuong-l7014-5854-4-ttu,draft,TTU,,,,,True,https://iiif.maparchive.vn/iiif/335d0af2-f784-48e8-bc3d-9472ee94916c,https://maparchive.vn/api/maps/335d0af2-f784-48e8-bc3d-9472ee94916c/annotation,hand-read neatline to printed corners; aspect 0.88% off; corners are 39 m off a parallelogram (bent scan or a corner off by a few px)
21d87aa0-8f20-48e1-98b8-5735b64ce355,5926-1,Nam Can,nam-can-l7014-5926-1,public,PCL,1966,1,,,True,https://iiif.maparchive.vn/iiif/21d87aa0-8f20-48e1-98b8-5735b64ce355,https://maparchive.vn/api/maps/21d87aa0-8f20-48e1-98b8-5735b64ce355/annotation,
690a092a-0e53-4251-824a-f6c479a87e95,5926-2,Xom Ong Trang,xom-ong-trang-l7014-5926-2,public,PCL,1965,1,,,True,https://iiif.maparchive.vn/iiif/690a092a-0e53-4251-824a-f6c479a87e95,https://maparchive.vn/api/maps/690a092a-0e53-4251-824a-f6c479a87e95/annotation,
371fe05c-1813-4b6e-993d-bbebbf025f60,5927-1,Xom Giua,xom-giua-l7014-5927-1,public,PCL,1965,1,,,True,https://iiif.maparchive.vn/iiif/371fe05c-1813-4b6e-993d-bbebbf025f60,https://maparchive.vn/api/maps/371fe05c-1813-4b6e-993d-bbebbf025f60/annotation,
78d1370f-7d39-4b44-be40-2ac50aa79a68,5927-2,Song Ong Doc,song-ong-doc-l7014-5927-2,public,PCL,1965,1,,,True,https://iiif.maparchive.vn/iiif/78d1370f-7d39-4b44-be40-2ac50aa79a68,https://maparchive.vn/api/maps/78d1370f-7d39-4b44-be40-2ac50aa79a68/annotation,
1b6e8bd1-c603-4ff6-a48b-22821c730e08,5928-1,Dong Thai,dong-thai-l7014-5928-1,public,PCL,1965,1,,,True,https://iiif.maparchive.vn/iiif/1b6e8bd1-c603-4ff6-a48b-22821c730e08,https://maparchive.vn/api/maps/1b6e8bd1-c603-4ff6-a48b-22821c730e08/annotation,
f45312ca-e639-46f4-be99-088a660c36a0,5928-2,Dong Hung,dong-hung-l7014-5928-2,public,PCL,1965,1,,,True,https://iiif.maparchive.vn/iiif/f45312ca-e639-46f4-be99-088a660c36a0,https://maparchive.vn/api/maps/f45312ca-e639-46f4-be99-088a660c36a0/annotation,
91609485-3a7f-4f43-9857-6514c0e936a7,5929-1,Ba Chuc,ba-chuc-l7014-5929-1,public,PCL,1965,1,,,True,https://iiif.maparchive.vn/iiif/91609485-3a7f-4f43-9857-6514c0e936a7,https://maparchive.vn/api/maps/91609485-3a7f-4f43-9857-6514c0e936a7/annotation,
e8db2c8b-da5c-4b03-889f-abb6b7da3986,5929-2,Xom Tri Ton,xom-tri-ton-l7014-5929-2,public,PCL,1965,1,,,True,https://iiif.maparchive.vn/iiif/e8db2c8b-da5c-4b03-889f-abb6b7da3986,https://maparchive.vn/api/maps/e8db2c8b-da5c-4b03-889f-abb6b7da3986/annotation,
54d943e2-256c-449b-ac98-e93dfd1debd8,5929-3,Hon Chong,hon-chong-l7014-5929-3,public,PCL,1965,1,,,True,https://iiif.maparchive.vn/iiif/54d943e2-256c-449b-ac98-e93dfd1debd8,https://maparchive.vn/api/maps/54d943e2-256c-449b-ac98-e93dfd1debd8/annotation,
5205a536-79c7-45fa-b4ce-129425871743,5929-4,Kien Luong,kien-luong-l7014-5929-4,public,PCL,,,,,True,https://iiif.maparchive.vn/iiif/5205a536-79c7-45fa-b4ce-129425871743,https://maparchive.vn/api/maps/5205a536-79c7-45fa-b4ce-129425871743/annotation,hand-read neatline to lattice corners; aspect 0.57% off
bf25b149-a3b1-4a0e-97f4-267b9f5868ad,5929-4,Kiên Lương,kien-luong-l7014-5929-4-ed-1,draft,TTU,,1,EDITION 1-AMS / XUẤT-BẢN LẦN THỨ 1-AMS,,False,https://iiif.maparchive.vn/iiif/bf25b149-a3b1-4a0e-97f4-267b9f5868ad,,
807d624e-abc8-4f0f-b221-03096d806713,5930-2,Tinh Bien,tinh-bien-l7014-5930-2-ed-2,draft,TTU,,2,EDITION 2-TPC / PHÁT HÀNH LẦN THỨ 2-TPC,,False,https://iiif.maparchive.vn/iiif/807d624e-abc8-4f0f-b221-03096d806713,,
88a72bc9-a1dd-4b83-9a95-bc6dc27ad7c4,5930-3,Giang Thành,giang-thanh-l7014-5930-3-ttu,draft,TTU,,,,,False,https://iiif.maparchive.vn/iiif/88a72bc9-a1dd-4b83-9a95-bc6dc27ad7c4,,
83a4bf57-79c8-4715-8c61-85ebd4fbc5ed,5946-1,Ban Tai,ban-tai-l7014-5946-1,public,PCL,,,,,True,https://iiif.maparchive.vn/iiif/83a4bf57-79c8-4715-8c61-85ebd4fbc5ed,https://maparchive.vn/api/maps/83a4bf57-79c8-4715-8c61-85ebd4fbc5ed/annotation,
dcc1e479-0df6-4e39-b380-fac558a93dc5,5946-1,Bản Tài,ban-tai-l7014-5946-1-ttu,draft,TTU,,,,,True,https://iiif.maparchive.vn/iiif/dcc1e479-0df6-4e39-b380-fac558a93dc5,https://maparchive.vn/api/maps/dcc1e479-0df6-4e39-b380-fac558a93dc5/annotation,hand-read neatline to lattice corners; aspect 1.93% off; corners are 36 m off a parallelogram (bent scan or a corner off by a few px)
69831a7f-392d-4b2d-a111-59fe569dbaf7,5946-2,Ban Sang,ban-sang-l7014-5946-2-ttu,draft,TTU,,,,,False,https://iiif.maparchive.vn/iiif/69831a7f-392d-4b2d-a111-59fe569dbaf7,,
895955bf-3adc-4c54-b61e-f93fdeab5306,5946-4,Phu Đen Đin,phu-den-din-l7014-5946-4-ttu,draft,TTU,,,,,False,https://iiif.maparchive.vn/iiif/895955bf-3adc-4c54-b61e-f93fdeab5306,,
1cc96578-a1c5-46b9-9f75-15426d851131,5947-1,Ban Na Ca,ban-na-ca-l7014-5947-1,public,PCL,1971,2,,,True,https://iiif.maparchive.vn/iiif/1cc96578-a1c5-46b9-9f75-15426d851131,https://maparchive.vn/api/maps/1cc96578-a1c5-46b9-9f75-15426d851131/annotation,
75634186-a9ea-4d95-acc4-d6c4168082ba,5947-2,Con Cuong,con-cuong-l7014-5947-2,public,PCL,1965,1,,,True,https://iiif.maparchive.vn/iiif/75634186-a9ea-4d95-acc4-d6c4168082ba,https://maparchive.vn/api/maps/75634186-a9ea-4d95-acc4-d6c4168082ba/annotation,
08ee0600-f9c1-4dfd-9879-bf9f023c9b67,5947-3,Khe Bo,khe-bo-l7014-5947-3,public,PCL,1965,1,,,True,https://iiif.maparchive.vn/iiif/08ee0600-f9c1-4dfd-9879-bf9f023c9b67,https://maparchive.vn/api/maps/08ee0600-f9c1-4dfd-9879-bf9f023c9b67/annotation,
d7c3c083-3acd-448c-8197-3525464787de,5947-4,Ban Xieng Lip,ban-xieng-lip-l7014-5947-4,public,PCL,1971,2,,,True,https://iiif.maparchive.vn/iiif/d7c3c083-3acd-448c-8197-3525464787de,https://maparchive.vn/api/maps/d7c3c083-3acd-448c-8197-3525464787de/annotation,
eb304764-b752-49a3-8ab2-d0904b08bf23,5948-1,Ban Xen Con,ban-xen-con-l7014-5948-1,public,PCL,1965,1,,,True,https://iiif.maparchive.vn/iiif/eb304764-b752-49a3-8ab2-d0904b08bf23,https://maparchive.vn/api/maps/eb304764-b752-49a3-8ab2-d0904b08bf23/annotation,
1ab94df1-75e9-422e-b041-051711c108de,5948-2,Tinche,tinche-l7014-5948-2,public,PCL,1965,1,,,True,https://iiif.maparchive.vn/iiif/1ab94df1-75e9-422e-b041-051711c108de,https://maparchive.vn/api/maps/1ab94df1-75e9-422e-b041-051711c108de/annotation,
aa69ae96-5deb-4431-af07-bd5c18dc9e49,5948-3,Muong Lam,muong-lam-l7014-5948-3,public,PCL,1971,2,,,True,https://iiif.maparchive.vn/iiif/aa69ae96-5deb-4431-af07-bd5c18dc9e49,https://maparchive.vn/api/maps/aa69ae96-5deb-4431-af07-bd5c18dc9e49/annotation,
bbb827a7-de99-4728-990b-e03cfc8b5a9d,5948-4,Xamtai,xamtai-l7014-5948-4,public,PCL,,,,,True,https://iiif.maparchive.vn/iiif/bbb827a7-de99-4728-990b-e03cfc8b5a9d,https://maparchive.vn/api/maps/bbb827a7-de99-4728-990b-e03cfc8b5a9d/annotation,neatline to lattice cell; no neighbour to check against
c26dd758-4dbc-4560-a1db-ba3a7ab78008,5948-4,Xamtai,xamtai-l7014-5948-4-ed-1,draft,TTU,,1,EDITION 1-AMS,,False,https://iiif.maparchive.vn/iiif/c26dd758-4dbc-4560-a1db-ba3a7ab78008,,
5a72b473-1686-415b-8b07-5b7ae2428add,5949-1,Pieng Yao,pieng-yao-l7014-5949-1,public,PCL,,,,,True,https://iiif.maparchive.vn/iiif/5a72b473-1686-415b-8b07-5b7ae2428add,https://maparchive.vn/api/maps/5a72b473-1686-415b-8b07-5b7ae2428add/annotation,
34b6ed24-558e-4b13-b88e-239696e9b031,5949-1,Piêng Yao,pieng-yao-l7014-5949-1-ttu,draft,TTU,,,,,False,https://iiif.maparchive.vn/iiif/34b6ed24-558e-4b13-b88e-239696e9b031,,
e42349ca-a203-4bf0-9642-e3de2d9e7277,5949-2,Sốp Phua,sop-phua-l7014-5949-2-ttu,draft,TTU,,,,,False,https://iiif.maparchive.vn/iiif/e42349ca-a203-4bf0-9642-e3de2d9e7277,,
f59fd377-54d9-47fd-989c-7b0dfa22257b,5949-3,Ban Kho,ban-kho-l7014-5949-3,public,PCL,,,,,True,https://iiif.maparchive.vn/iiif/f59fd377-54d9-47fd-989c-7b0dfa22257b,https://maparchive.vn/api/maps/f59fd377-54d9-47fd-989c-7b0dfa22257b/annotation,hand-read neatline to lattice corners; aspect 1.44% off
44fca2c0-b31e-4e8c-826d-c2ef56e78ff4,5949-3,Ban Kho,ban-kho-l7014-5949-3-ttu,draft,TTU,,,,,False,https://iiif.maparchive.vn/iiif/44fca2c0-b31e-4e8c-826d-c2ef56e78ff4,,
c79c778d-06db-44ae-9776-3ebac7abb0bd,5949-4,Muang Soi,muang-soi-l7014-5949-4-ed-1,draft,TTU,,1,EDITION 1-AMS,,True,https://iiif.maparchive.vn/iiif/c79c778d-06db-44ae-9776-3ebac7abb0bd,https://maparchive.vn/api/maps/c79c778d-06db-44ae-9776-3ebac7abb0bd/annotation,hand-read neatline to lattice corners; aspect 1.55% off
f22edc54-2ee1-4ecd-a6a9-2d49e946f24c,5950-1,Lang Chum,lang-chum-l7014-5950-1,public,PCL,1966,2,,,True,https://iiif.maparchive.vn/iiif/f22edc54-2ee1-4ecd-a6a9-2d49e946f24c,https://maparchive.vn/api/maps/f22edc54-2ee1-4ecd-a6a9-2d49e946f24c/annotation,
d2ab0dad-eade-4a23-9efb-42cc1ed75d70,5950-2,Ban Na Sun,ban-na-sun-l7014-5950-2,public,PCL,1965,2,,,True,https://iiif.maparchive.vn/iiif/d2ab0dad-eade-4a23-9efb-42cc1ed75d70,https://maparchive.vn/api/maps/d2ab0dad-eade-4a23-9efb-42cc1ed75d70/annotation,
d338378a-fb7f-4ba7-8ddd-b1e4f1b7a006,5950-3,Muong Lat,muong-lat-l7014-5950-3,public,PCL,,,,,True,https://iiif.maparchive.vn/iiif/d338378a-fb7f-4ba7-8ddd-b1e4f1b7a006,https://maparchive.vn/api/maps/d338378a-fb7f-4ba7-8ddd-b1e4f1b7a006/annotation,neatline to lattice cell; worst seam 29 m
c49e8d84-cae3-43be-92c7-cfac193ca943,5950-3,Muong Lat,muong-lat-l7014-5950-3-ttu,draft,TTU,,,,,False,https://iiif.maparchive.vn/iiif/c49e8d84-cae3-43be-92c7-cfac193ca943,,
441a3f58-a26c-4455-8e38-1ee96df408df,5950-4,Moc Chau,moc-chau-l7014-5950-4,public,PCL,1965,1,,,True,https://iiif.maparchive.vn/iiif/441a3f58-a26c-4455-8e38-1ee96df408df,https://maparchive.vn/api/maps/441a3f58-a26c-4455-8e38-1ee96df408df/annotation,
04ab01ef-99d0-455f-bc71-d093a6fdcf01,5951-1,Ban Chua,ban-chua-l7014-5951-1,public,PCL,1966,2,,,True,https://iiif.maparchive.vn/iiif/04ab01ef-99d0-455f-bc71-d093a6fdcf01,https://maparchive.vn/api/maps/04ab01ef-99d0-455f-bc71-d093a6fdcf01/annotation,
170934d6-06fd-48ca-9716-17fbdc56974d,5951-2,Nuoc Moc,nuoc-moc-l7014-5951-2,public,PCL,1964,1,,,True,https://iiif.maparchive.vn/iiif/170934d6-06fd-48ca-9716-17fbdc56974d,https://maparchive.vn/api/maps/170934d6-06fd-48ca-9716-17fbdc56974d/annotation,
c38d226c-ec8a-43ba-8090-564b6b147974,5951-3,Van Yen,van-yen-l7014-5951-3,public,PCL,1965,1,,,True,https://iiif.maparchive.vn/iiif/c38d226c-ec8a-43ba-8090-564b6b147974,https://maparchive.vn/api/maps/c38d226c-ec8a-43ba-8090-564b6b147974/annotation,
e08079f2-e8fc-4d91-adfe-af353b50e162,5951-4,Ban Buc,ban-buc-l7014-5951-4,public,PCL,1965,1,,,True,https://iiif.maparchive.vn/iiif/e08079f2-e8fc-4d91-adfe-af353b50e162,https://maparchive.vn/api/maps/e08079f2-e8fc-4d91-adfe-af353b50e162/annotation,
4351503c-32d0-4f6a-9a92-ba67499c5a77,5952-1,Phu Yen Binh,phu-yen-binh-l7014-5952-1,public,PCL,1966,2,,,True,https://iiif.maparchive.vn/iiif/4351503c-32d0-4f6a-9a92-ba67499c5a77,https://maparchive.vn/api/maps/4351503c-32d0-4f6a-9a92-ba67499c5a77/annotation,
958b5e57-e54e-43f5-a2f3-07119d05ba3e,5952-2,Yen Bay,yen-bay-l7014-5952-2,public,PCL,1965,1,,,True,https://iiif.maparchive.vn/iiif/958b5e57-e54e-43f5-a2f3-07119d05ba3e,https://maparchive.vn/api/maps/958b5e57-e54e-43f5-a2f3-07119d05ba3e/annotation,
9f76d0c4-a2c6-44ba-b83d-455049d9b76b,5952-3,Nghia Lo,nghia-lo-l7014-5952-3,public,PCL,1965,1,,,True,https://iiif.maparchive.vn/iiif/9f76d0c4-a2c6-44ba-b83d-455049d9b76b,https://maparchive.vn/api/maps/9f76d0c4-a2c6-44ba-b83d-455049d9b76b/annotation,
db4f2382-feca-43d3-ae36-d989fa9dfc5e,5952-4,Trai Hut,trai-hut-l7014-5952-4,public,PCL,1966,2,,,True,https://iiif.maparchive.vn/iiif/db4f2382-feca-43d3-ae36-d989fa9dfc5e,https://maparchive.vn/api/maps/db4f2382-feca-43d3-ae36-d989fa9dfc5e/annotation,
cbed1d27-287e-470c-8e66-85766e87a8ee,5953-1,Bac Quang,bac-quang-l7014-5953-1,public,PCL,1971,2,,,True,https://iiif.maparchive.vn/iiif/cbed1d27-287e-470c-8e66-85766e87a8ee,https://maparchive.vn/api/maps/cbed1d27-287e-470c-8e66-85766e87a8ee/annotation,
71fe835d-a6a1-49f6-9aca-28454ee374f3,5953-2,Lang Muong,lang-muong-l7014-5953-2,public,PCL,1971,2,,,True,https://iiif.maparchive.vn/iiif/71fe835d-a6a1-49f6-9aca-28454ee374f3,https://maparchive.vn/api/maps/71fe835d-a6a1-49f6-9aca-28454ee374f3/annotation,
ab046216-8e2b-4f36-9941-489a914aa8dd,5953-3,Luc An Chau,luc-an-chau-l7014-5953-3,public,PCL,1965,1,,,True,https://iiif.maparchive.vn/iiif/ab046216-8e2b-4f36-9941-489a914aa8dd,https://maparchive.vn/api/maps/ab046216-8e2b-4f36-9941-489a914aa8dd/annotation,
750eff1c-ad60-496b-8416-95f7e56fc299,5953-4,Yen Binh Xa,yen-binh-xa-l7014-5953-4,public,PCL,1964,1,,,True,https://iiif.maparchive.vn/iiif/750eff1c-ad60-496b-8416-95f7e56fc299,https://maparchive.vn/api/maps/750eff1c-ad60-496b-8416-95f7e56fc299/annotation,
f54d1b7d-0a7e-4f41-b814-3d5c9accfa6c,5954-1,Ha Giang,ha-giang-l7014-5954-1,public,PCL,1966,2,,,True,https://iiif.maparchive.vn/iiif/f54d1b7d-0a7e-4f41-b814-3d5c9accfa6c,https://maparchive.vn/api/maps/f54d1b7d-0a7e-4f41-b814-3d5c9accfa6c/annotation,
c0289ea9-2ec3-4def-b067-0b4d52abc2e3,5954-2,Lang Zoi,lang-zoi-l7014-5954-2,public,PCL,1965,1,,,True,https://iiif.maparchive.vn/iiif/c0289ea9-2ec3-4def-b067-0b4d52abc2e3,https://maparchive.vn/api/maps/c0289ea9-2ec3-4def-b067-0b4d52abc2e3/annotation,
72b7e7f1-a3f6-4cb3-9bdd-81738f47c270,5954-3,Hoang Su Phi,hoang-su-phi-l7014-5954-3,public,PCL,1964,1,,,True,https://iiif.maparchive.vn/iiif/72b7e7f1-a3f6-4cb3-9bdd-81738f47c270,https://maparchive.vn/api/maps/72b7e7f1-a3f6-4cb3-9bdd-81738f47c270/annotation,
3b4c98a7-fad1-4214-a337-3eea4c0ed9d8,5954-4,Hoàng Su Phì,hoang-su-phi-l7014-5954-4-ttu,draft,TTU,,,,,False,https://iiif.maparchive.vn/iiif/3b4c98a7-fad1-4214-a337-3eea4c0ed9d8,,
f5f8cc64-cf82-4172-a706-66afd877df64,5955-2,Quản Bạ,quan-ba-l7014-5955-2-ttu,draft,TTU,,,,,False,https://iiif.maparchive.vn/iiif/f5f8cc64-cf82-4172-a706-66afd877df64,,
141539a1-781c-44a5-b08d-399b43231d14,6026-1,Thuan Hoa,thuan-hoa-l7014-6026-1,public,PCL,1965,1,,,True,https://iiif.maparchive.vn/iiif/141539a1-781c-44a5-b08d-399b43231d14,https://maparchive.vn/api/maps/141539a1-781c-44a5-b08d-399b43231d14/annotation,
0a6861fd-e545-45b2-bcee-b4553b003a89,6026-3,Duong Keo,duong-keo-l7014-6026-3,public,PCL,1965,1,,,True,https://iiif.maparchive.vn/iiif/0a6861fd-e545-45b2-bcee-b4553b003a89,https://maparchive.vn/api/maps/0a6861fd-e545-45b2-bcee-b4553b003a89/annotation,
99703312-a2c7-4c0c-bd41-9fe96f11d3cd,6026-4,Cai Nuoc,cai-nuoc-l7014-6026-4,public,PCL,1965,1,,,True,https://iiif.maparchive.vn/iiif/99703312-a2c7-4c0c-bd41-9fe96f11d3cd,https://maparchive.vn/api/maps/99703312-a2c7-4c0c-bd41-9fe96f11d3cd/annotation,
43d264e1-07da-4ee3-8097-674ccd8b25f5,6027-1,Phuoc Long,phuoc-long-l7014-6027-1,public,PCL,1965,1,,,True,https://iiif.maparchive.vn/iiif/43d264e1-07da-4ee3-8097-674ccd8b25f5,https://maparchive.vn/api/maps/43d264e1-07da-4ee3-8097-674ccd8b25f5/annotation,
ba331b62-6855-4b89-b710-409d555970dc,6027-2,Gia Rai,gia-rai-l7014-6027-2,public,PCL,1965,1,,,True,https://iiif.maparchive.vn/iiif/ba331b62-6855-4b89-b710-409d555970dc,https://maparchive.vn/api/maps/ba331b62-6855-4b89-b710-409d555970dc/annotation,
44dced3f-a2f6-4f2d-af54-118c8186c1c1,6027-3,Quan Long,quan-long-l7014-6027-3,public,PCL,1965,1,,,True,https://iiif.maparchive.vn/iiif/44dced3f-a2f6-4f2d-af54-118c8186c1c1,https://maparchive.vn/api/maps/44dced3f-a2f6-4f2d-af54-118c8186c1c1/annotation,
e91e53ac-f643-454a-bd95-6e5442550fea,6027-4,Thoi Binh,thoi-binh-l7014-6027-4,public,PCL,1965,1,,,True,https://iiif.maparchive.vn/iiif/e91e53ac-f643-454a-bd95-6e5442550fea,https://maparchive.vn/api/maps/e91e53ac-f643-454a-bd95-6e5442550fea/annotation,
a1b973c5-beb0-420e-a15b-b84331ea4148,6028-1,Duc Long,duc-long-l7014-6028-1,public,PCL,1965,1,,,True,https://iiif.maparchive.vn/iiif/a1b973c5-beb0-420e-a15b-b84331ea4148,https://maparchive.vn/api/maps/a1b973c5-beb0-420e-a15b-b84331ea4148/annotation,
9807fa01-e14b-4e36-9d47-3cb243162420,6028-2,Kien Hung,kien-hung-l7014-6028-2,public,PCL,1965,1,,,True,https://iiif.maparchive.vn/iiif/9807fa01-e14b-4e36-9d47-3cb243162420,https://maparchive.vn/api/maps/9807fa01-e14b-4e36-9d47-3cb243162420/annotation,
12a69cf5-e485-4941-ac09-de7b67ea6478,6028-3,Dong Hoa,dong-hoa-l7014-6028-3,public,PCL,1989,2,,,True,https://iiif.maparchive.vn/iiif/12a69cf5-e485-4941-ac09-de7b67ea6478,https://maparchive.vn/api/maps/12a69cf5-e485-4941-ac09-de7b67ea6478/annotation,
7356ffb1-7c6f-4a95-bc9f-2e62fa246ffd,6028-4,Chau Thanh,chau-thanh-l7014-6028-4,public,PCL,1989,2,,,True,https://iiif.maparchive.vn/iiif/7356ffb1-7c6f-4a95-bc9f-2e62fa246ffd,https://maparchive.vn/api/maps/7356ffb1-7c6f-4a95-bc9f-2e62fa246ffd/annotation,
10e5884a-69a6-462c-ad4b-302d94400863,6029-1,Long Xuyen,long-xuyen-l7014-6029-1,public,PCL,1969,2,,,True,https://iiif.maparchive.vn/iiif/10e5884a-69a6-462c-ad4b-302d94400863,https://maparchive.vn/api/maps/10e5884a-69a6-462c-ad4b-302d94400863/annotation,
d9962031-cbd1-41f7-9443-93a2afbe4742,6029-2,Co Do,co-do-l7014-6029-2,public,PCL,1965,1,,,True,https://iiif.maparchive.vn/iiif/d9962031-cbd1-41f7-9443-93a2afbe4742,https://maparchive.vn/api/maps/d9962031-cbd1-41f7-9443-93a2afbe4742/annotation,
3d7b3c0a-f5b1-49c3-9511-8d408df51ae9,6029-3,Rach Gia,rach-gia-l7014-6029-3,public,PCL,1965,1,,,True,https://iiif.maparchive.vn/iiif/3d7b3c0a-f5b1-49c3-9511-8d408df51ae9,https://maparchive.vn/api/maps/3d7b3c0a-f5b1-49c3-9511-8d408df51ae9/annotation,
d4374ae9-128d-4bc1-b852-4d86a060ac54,6029-4,Tri Ton,tri-ton-l7014-6029-4,public,PCL,1969,2,,,True,https://iiif.maparchive.vn/iiif/d4374ae9-128d-4bc1-b852-4d86a060ac54,https://maparchive.vn/api/maps/d4374ae9-128d-4bc1-b852-4d86a060ac54/annotation,
f7106215-75fa-4a90-aa25-47e3c7975773,6030-1,Hong Ngu,hong-ngu-l7014-6030-1,public,PCL,,,,,True,https://iiif.maparchive.vn/iiif/f7106215-75fa-4a90-aa25-47e3c7975773,https://maparchive.vn/api/maps/f7106215-75fa-4a90-aa25-47e3c7975773/annotation,hand-read neatline to lattice corners; aspect 0.25% off
378fa3b5-db78-4044-8f2c-ae079af5f3c1,6030-1,Hồng Ngự,hong-ngu-l7014-6030-1-ed-1,draft,TTU,,1,EDITION 1-AMS / XUẤT-BẢN LẦN THỨ 1-AMS,,True,https://iiif.maparchive.vn/iiif/378fa3b5-db78-4044-8f2c-ae079af5f3c1,https://maparchive.vn/api/maps/378fa3b5-db78-4044-8f2c-ae079af5f3c1/annotation,hand-read neatline to lattice corners; aspect 1.07% off
ce34668e-48f5-495a-a5c6-59a371086618,6030-2,An Long,an-long-l7014-6030-2,public,PCL,1965,1,,,True,https://iiif.maparchive.vn/iiif/ce34668e-48f5-495a-a5c6-59a371086618,https://maparchive.vn/api/maps/ce34668e-48f5-495a-a5c6-59a371086618/annotation,
e4dbb5bf-cf21-4a3b-a766-82a5fb1a1936,6030-3,Chau Phu,chau-phu-l7014-6030-3,public,PCL,,,,,True,https://iiif.maparchive.vn/iiif/e4dbb5bf-cf21-4a3b-a766-82a5fb1a1936,https://maparchive.vn/api/maps/e4dbb5bf-cf21-4a3b-a766-82a5fb1a1936/annotation,hand-read neatline to lattice corners; aspect 0.38% off
5db94d41-1ed6-4d06-b746-58d499862e64,6030-3,Châu Phú,chau-phu-l7014-6030-3-ed-2,draft,TTU,,2,EDITION 2-TPC (29 ETB) / XUẤT-BẢN LẦN THỨ 2-TPC (29 ETB),,False,https://iiif.maparchive.vn/iiif/5db94d41-1ed6-4d06-b746-58d499862e64,,
0bab1490-b6b9-45ca-b94a-b5c3ce210ab4,6030-4,Tan Chau,tan-chau-l7014-6030-4,public,PCL,,,,,True,https://iiif.maparchive.vn/iiif/0bab1490-b6b9-45ca-b94a-b5c3ce210ab4,https://maparchive.vn/api/maps/0bab1490-b6b9-45ca-b94a-b5c3ce210ab4/annotation,hand-read neatline to lattice corners; aspect 0.12% off
6f58d7a8-f156-4c17-8622-445baf46de3b,6030-4,Tân Châu,tan-chau-l7014-6030-4-ed-2,draft,TTU,,2,EDITION 2-AMS / XUẤT-BẢN LẦN THỨ 2-AMS,,True,https://iiif.maparchive.vn/iiif/6f58d7a8-f156-4c17-8622-445baf46de3b,https://maparchive.vn/api/maps/6f58d7a8-f156-4c17-8622-445baf46de3b/annotation,hand-read neatline to lattice corners; aspect 0.31% off
700c3942-bbe6-4d93-bba8-21f9241609d7,6045-1,Rao Qua,rao-qua-l7014-6045-1,public,PCL,1966,2,,,True,https://iiif.maparchive.vn/iiif/700c3942-bbe6-4d93-bba8-21f9241609d7,https://maparchive.vn/api/maps/700c3942-bbe6-4d93-bba8-21f9241609d7/annotation,
d8eb6cbc-f29f-48e0-8146-4503239020df,6045-2,Phou Kounkanin,phou-kounkanin-l7014-6045-2-ttu,draft,TTU,,,,,False,https://iiif.maparchive.vn/iiif/d8eb6cbc-f29f-48e0-8146-4503239020df,,
973dde11-1229-40fe-a68d-d73db2ff7500,6046-1,Cam Ngoc,cam-ngoc-l7014-6046-1,public,PCL,1966,2,,,True,https://iiif.maparchive.vn/iiif/973dde11-1229-40fe-a68d-d73db2ff7500,https://maparchive.vn/api/maps/973dde11-1229-40fe-a68d-d73db2ff7500/annotation,
59baabfe-8f42-465f-86bc-9feab4fdb3a7,6046-2,Pho Chau,pho-chau-l7014-6046-2,public,PCL,1971,2,,,True,https://iiif.maparchive.vn/iiif/59baabfe-8f42-465f-86bc-9feab4fdb3a7,https://maparchive.vn/api/maps/59baabfe-8f42-465f-86bc-9feab4fdb3a7/annotation,
41f404c2-24a9-4239-85e3-c726800bf130,6046-3,Ban Ka Long,ban-ka-long-l7014-6046-3,public,PCL,1965,1,,,True,https://iiif.maparchive.vn/iiif/41f404c2-24a9-4239-85e3-c726800bf130,https://maparchive.vn/api/maps/41f404c2-24a9-4239-85e3-c726800bf130/annotation,
3c8f9e54-de60-4229-a932-5a676a26b098,6046-4,Tri Le,tri-le-l7014-6046-4,public,PCL,1965,1,,,True,https://iiif.maparchive.vn/iiif/3c8f9e54-de60-4229-a932-5a676a26b098,https://maparchive.vn/api/maps/3c8f9e54-de60-4229-a932-5a676a26b098/annotation,
f6e2f7ac-b8aa-46c2-8080-18e9ecd7c619,6047-1,Nghia Hung,nghia-hung-l7014-6047-1,public,PCL,1966,2,,,True,https://iiif.maparchive.vn/iiif/f6e2f7ac-b8aa-46c2-8080-18e9ecd7c619,https://maparchive.vn/api/maps/f6e2f7ac-b8aa-46c2-8080-18e9ecd7c619/annotation,
bb08a4eb-1ab0-4038-a225-b4558b57efbe,6047-2,Xom Bau,xom-bau-l7014-6047-2,public,PCL,1966,2,,,True,https://iiif.maparchive.vn/iiif/bb08a4eb-1ab0-4038-a225-b4558b57efbe,https://maparchive.vn/api/maps/bb08a4eb-1ab0-4038-a225-b4558b57efbe/annotation,
7736783a-bac7-4fd4-a839-ba416df89111,6047-3,Lang Rao,lang-rao-l7014-6047-3,public,PCL,1965,1,,,True,https://iiif.maparchive.vn/iiif/7736783a-bac7-4fd4-a839-ba416df89111,https://maparchive.vn/api/maps/7736783a-bac7-4fd4-a839-ba416df89111/annotation,
3a9b2312-5217-48ee-ba5e-786d957db20d,6047-4,Ban Dan,ban-dan-l7014-6047-4,public,PCL,1965,1,,,True,https://iiif.maparchive.vn/iiif/3a9b2312-5217-48ee-ba5e-786d957db20d,https://maparchive.vn/api/maps/3a9b2312-5217-48ee-ba5e-786d957db20d/annotation,
b3032407-b59f-4512-9b57-ca722e995e3a,6048-1,Bai Thuong,bai-thuong-l7014-6048-1,public,PCL,1965,1,,,True,https://iiif.maparchive.vn/iiif/b3032407-b59f-4512-9b57-ca722e995e3a,https://maparchive.vn/api/maps/b3032407-b59f-4512-9b57-ca722e995e3a/annotation,
55596895-3c11-45e2-8f9f-ea3ce98154b7,6048-2,Dong Tau,dong-tau-l7014-6048-2,public,PCL,1966,2,,,True,https://iiif.maparchive.vn/iiif/55596895-3c11-45e2-8f9f-ea3ce98154b7,https://maparchive.vn/api/maps/55596895-3c11-45e2-8f9f-ea3ce98154b7/annotation,
f6e995d3-20a9-4be3-9fcc-07693361043d,6048-3,Ke Bon,ke-bon-l7014-6048-3,public,PCL,1965,1,,,True,https://iiif.maparchive.vn/iiif/f6e995d3-20a9-4be3-9fcc-07693361043d,https://maparchive.vn/api/maps/f6e995d3-20a9-4be3-9fcc-07693361043d/annotation,
eb656cc2-bc87-42f1-bf8a-2d908d503bf2,6048-4,Ban Pang,ban-pang-l7014-6048-4,public,PCL,1965,1,,,True,https://iiif.maparchive.vn/iiif/eb656cc2-bc87-42f1-bf8a-2d908d503bf2,https://maparchive.vn/api/maps/eb656cc2-bc87-42f1-bf8a-2d908d503bf2/annotation,
f3404eeb-3605-4071-84b1-f82718bed478,6049-1,Lang Be,lang-be-l7014-6049-1,public,PCL,1964,1,,,True,https://iiif.maparchive.vn/iiif/f3404eeb-3605-4071-84b1-f82718bed478,https://maparchive.vn/api/maps/f3404eeb-3605-4071-84b1-f82718bed478/annotation,
2925204f-5a74-458a-82b0-04063490007e,6049-2,Lang Tung,lang-tung-l7014-6049-2,public,PCL,1964,1,,,True,https://iiif.maparchive.vn/iiif/2925204f-5a74-458a-82b0-04063490007e,https://maparchive.vn/api/maps/2925204f-5a74-458a-82b0-04063490007e/annotation,
e6095355-4f40-4625-9d65-d7a6ef4b98c2,6049-3,Lang Chanh,lang-chanh-l7014-6049-3,public,PCL,1964,1,,,True,https://iiif.maparchive.vn/iiif/e6095355-4f40-4625-9d65-d7a6ef4b98c2,https://maparchive.vn/api/maps/e6095355-4f40-4625-9d65-d7a6ef4b98c2/annotation,
a7a1cf44-e8d4-4e3f-a614-4a7774c15b4d,6049-4,Hoi Xuan,hoi-xuan-l7014-6049-4,public,PCL,1965,1,,,True,https://iiif.maparchive.vn/iiif/a7a1cf44-e8d4-4e3f-a614-4a7774c15b4d,https://maparchive.vn/api/maps/a7a1cf44-e8d4-4e3f-a614-4a7774c15b4d/annotation,
b4669803-3dd6-4ee8-b731-79d251ef9d27,6050-1,Hoa Binh,hoa-binh-l7014-6050-1,public,PCL,1966,3,,,True,https://iiif.maparchive.vn/iiif/b4669803-3dd6-4ee8-b731-79d251ef9d27,https://maparchive.vn/api/maps/b4669803-3dd6-4ee8-b731-79d251ef9d27/annotation,
0ea3f7a2-4400-49f4-b299-e66e86c4641a,6050-2,Lang Tam,lang-tam-l7014-6050-2,public,PCL,1964,1,,,True,https://iiif.maparchive.vn/iiif/0ea3f7a2-4400-49f4-b299-e66e86c4641a,https://maparchive.vn/api/maps/0ea3f7a2-4400-49f4-b299-e66e86c4641a/annotation,
5bcdcdf2-861c-4168-a670-124231d14175,6050-3,Ban Bang,ban-bang-l7014-6050-3,public,PCL,1966,2,,,True,https://iiif.maparchive.vn/iiif/5bcdcdf2-861c-4168-a670-124231d14175,https://maparchive.vn/api/maps/5bcdcdf2-861c-4168-a670-124231d14175/annotation,
4f520eee-fad3-458b-9788-a8018d38a68c,6050-4,Cho Bo,cho-bo-l7014-6050-4,public,PCL,1966,2,,,True,https://iiif.maparchive.vn/iiif/4f520eee-fad3-458b-9788-a8018d38a68c,https://maparchive.vn/api/maps/4f520eee-fad3-458b-9788-a8018d38a68c/annotation,
0b698bea-3cc8-42c7-9264-4b1b8e51f718,6051-1,Viet Tri,viet-tri-l7014-6051-1,public,PCL,1965,1,,,True,https://iiif.maparchive.vn/iiif/0b698bea-3cc8-42c7-9264-4b1b8e51f718,https://maparchive.vn/api/maps/0b698bea-3cc8-42c7-9264-4b1b8e51f718/annotation,
0f4f93b9-2551-4888-9353-e7f7e5dbc645,6051-2,Hoang Xa,hoang-xa-l7014-6051-2,public,PCL,1965,1,,,True,https://iiif.maparchive.vn/iiif/0f4f93b9-2551-4888-9353-e7f7e5dbc645,https://maparchive.vn/api/maps/0f4f93b9-2551-4888-9353-e7f7e5dbc645/annotation,
0f4b88f7-a2c1-4369-acbe-0c1d4885eb5e,6051-3,Xom Chai,xom-chai-l7014-6051-3,public,PCL,1965,1,,,True,https://iiif.maparchive.vn/iiif/0f4b88f7-a2c1-4369-acbe-0c1d4885eb5e,https://maparchive.vn/api/maps/0f4b88f7-a2c1-4369-acbe-0c1d4885eb5e/annotation,
ada5c280-080f-4aef-ba5e-286af79b28de,6051-4,Phu Tho,phu-tho-l7014-6051-4,public,PCL,1964,1,,,True,https://iiif.maparchive.vn/iiif/ada5c280-080f-4aef-ba5e-286af79b28de,https://maparchive.vn/api/maps/ada5c280-080f-4aef-ba5e-286af79b28de/annotation,
eac674f6-f225-4022-b5ad-3fb91d4bab57,6052-1,Thuc Thuy,thuc-thuy-l7014-6052-1,public,PCL,1964,1,,,True,https://iiif.maparchive.vn/iiif/eac674f6-f225-4022-b5ad-3fb91d4bab57,https://maparchive.vn/api/maps/eac674f6-f225-4022-b5ad-3fb91d4bab57/annotation,
6791e786-21df-4d73-8f76-a118b1ce2360,6052-2,Le My,le-my-l7014-6052-2,public,PCL,1964,1,,,True,https://iiif.maparchive.vn/iiif/6791e786-21df-4d73-8f76-a118b1ce2360,https://maparchive.vn/api/maps/6791e786-21df-4d73-8f76-a118b1ce2360/annotation,
b7250fb2-ffce-495c-940a-0bd26e28c24d,6052-3,Doan Hung,doan-hung-l7014-6052-3,public,PCL,1966,2,,,True,https://iiif.maparchive.vn/iiif/b7250fb2-ffce-495c-940a-0bd26e28c24d,https://maparchive.vn/api/maps/b7250fb2-ffce-495c-940a-0bd26e28c24d/annotation,
ad04d74a-c7cb-4ed5-9284-be5f807e3c8f,6052-4,Tuyen Quang,tuyen-quang-l7014-6052-4,public,PCL,1966,2,,,True,https://iiif.maparchive.vn/iiif/ad04d74a-c7cb-4ed5-9284-be5f807e3c8f,https://maparchive.vn/api/maps/ad04d74a-c7cb-4ed5-9284-be5f807e3c8f/annotation,
cd34ddcd-4c60-45b8-816b-5187399fe5cc,6053-1,Paka,paka-l7014-6053-1,public,PCL,1968,2,,,True,https://iiif.maparchive.vn/iiif/cd34ddcd-4c60-45b8-816b-5187399fe5cc,https://maparchive.vn/api/maps/cd34ddcd-4c60-45b8-816b-5187399fe5cc/annotation,
ee1a14e9-937a-44a4-8f29-a1c686964279,6053-2,Chiem Hoa,chiem-hoa-l7014-6053-2,public,PCL,1968,2,,,True,https://iiif.maparchive.vn/iiif/ee1a14e9-937a-44a4-8f29-a1c686964279,https://maparchive.vn/api/maps/ee1a14e9-937a-44a4-8f29-a1c686964279/annotation,
efa825bb-150e-4192-8aed-4d86d668d49d,6053-3,Ham Yen,ham-yen-l7014-6053-3,public,PCL,1964,1,,,True,https://iiif.maparchive.vn/iiif/efa825bb-150e-4192-8aed-4d86d668d49d,https://maparchive.vn/api/maps/efa825bb-150e-4192-8aed-4d86d668d49d/annotation,
c93665d0-e4a4-40f7-ad11-90e76c330061,6053-4,Lang Dat,lang-dat-l7014-6053-4,public,PCL,1971,2,,,True,https://iiif.maparchive.vn/iiif/c93665d0-e4a4-40f7-ad11-90e76c330061,https://maparchive.vn/api/maps/c93665d0-e4a4-40f7-ad11-90e76c330061/annotation,
e76ade53-6504-496b-abe4-443cbc6886af,6054-1,Ban Le,ban-le-l7014-6054-1,public,PCL,1968,2,,,True,https://iiif.maparchive.vn/iiif/e76ade53-6504-496b-abe4-443cbc6886af,https://maparchive.vn/api/maps/e76ade53-6504-496b-abe4-443cbc6886af/annotation,
c629fb50-99e5-4735-b2f3-af41efa33272,6054-2,Bac Me,bac-me-l7014-6054-2,public,PCL,1964,1,,,True,https://iiif.maparchive.vn/iiif/c629fb50-99e5-4735-b2f3-af41efa33272,https://maparchive.vn/api/maps/c629fb50-99e5-4735-b2f3-af41efa33272/annotation,
3e8eada8-3ee1-4e44-b981-127d4f52a7fd,6054-3,Na Mong,na-mong-l7014-6054-3,public,PCL,1964,1,,,True,https://iiif.maparchive.vn/iiif/3e8eada8-3ee1-4e44-b981-127d4f52a7fd,https://maparchive.vn/api/maps/3e8eada8-3ee1-4e44-b981-127d4f52a7fd/annotation,
02350bd7-2887-4183-8ccc-57518eee5825,6054-4,Muong Cha,muong-cha-l7014-6054-4,public,PCL,1967,2,,,True,https://iiif.maparchive.vn/iiif/02350bd7-2887-4183-8ccc-57518eee5825,https://maparchive.vn/api/maps/02350bd7-2887-4183-8ccc-57518eee5825/annotation,
29eaf914-1eb6-4e5d-9c32-27d386568c35,6055-1,Đồng Văn,dong-van-l7014-6055-1-ttu,draft,TTU,,,,,True,https://iiif.maparchive.vn/iiif/29eaf914-1eb6-4e5d-9c32-27d386568c35,https://maparchive.vn/api/maps/29eaf914-1eb6-4e5d-9c32-27d386568c35/annotation,hand-read neatline to lattice corners; aspect 1.53% off
c9ce7b9a-8186-46d1-8e9d-b0d6850f0e43,6055-2,Na Kung,na-kung-l7014-6055-2,public,PCL,1968,2,,,True,https://iiif.maparchive.vn/iiif/c9ce7b9a-8186-46d1-8e9d-b0d6850f0e43,https://maparchive.vn/api/maps/c9ce7b9a-8186-46d1-8e9d-b0d6850f0e43/annotation,
3cab0fca-5d7e-4f9a-8042-169d67433710,6055-3,Na Lay,na-lay-l7014-6055-3,public,PCL,1968,2,,,True,https://iiif.maparchive.vn/iiif/3cab0fca-5d7e-4f9a-8042-169d67433710,https://maparchive.vn/api/maps/3cab0fca-5d7e-4f9a-8042-169d67433710/annotation,
1e9db0b4-0215-4a73-82cb-21df618d7311,6055-4,Phố Bảng,pho-bang-l7014-6055-4-ttu,draft,TTU,,,,,True,https://iiif.maparchive.vn/iiif/1e9db0b4-0215-4a73-82cb-21df618d7311,https://maparchive.vn/api/maps/1e9db0b4-0215-4a73-82cb-21df618d7311/annotation,hand-read neatline to lattice corners; aspect 0.35% off
c90abd80-7959-4f65-a4c1-a7b63014b509,6127-1,Vinh Chau,vinh-chau-l7014-6127-1,public,PCL,1970,2,,,True,https://iiif.maparchive.vn/iiif/c90abd80-7959-4f65-a4c1-a7b63014b509,https://maparchive.vn/api/maps/c90abd80-7959-4f65-a4c1-a7b63014b509/annotation,
30a8d9b4-da69-444b-9817-db76aab77ede,6127-2,Giong Giua,giong-giua-l7014-6127-2,public,PCL,1965,1,,,True,https://iiif.maparchive.vn/iiif/30a8d9b4-da69-444b-9817-db76aab77ede,https://maparchive.vn/api/maps/30a8d9b4-da69-444b-9817-db76aab77ede/annotation,
559deeff-e880-43c0-8a20-4927bb6687b5,6127-3,Vinh My,vinh-my-l7014-6127-3,public,PCL,1989,3,,,True,https://iiif.maparchive.vn/iiif/559deeff-e880-43c0-8a20-4927bb6687b5,https://maparchive.vn/api/maps/559deeff-e880-43c0-8a20-4927bb6687b5/annotation,
abdbc575-3a2b-45a3-b16d-f8e80295435b,6127-4,Vinh Loi,vinh-loi-l7014-6127-4,public,PCL,1969,2,,,True,https://iiif.maparchive.vn/iiif/abdbc575-3a2b-45a3-b16d-f8e80295435b,https://maparchive.vn/api/maps/abdbc575-3a2b-45a3-b16d-f8e80295435b/annotation,
09c48ba2-84c8-4839-8337-406403ad0ba3,6128-1,Phung Hiep,phung-hiep-l7014-6128-1,public,PCL,1965,1,,,True,https://iiif.maparchive.vn/iiif/09c48ba2-84c8-4839-8337-406403ad0ba3,https://maparchive.vn/api/maps/09c48ba2-84c8-4839-8337-406403ad0ba3/annotation,
aea6422a-e2cb-48c3-9083-8eacd2d89609,6128-2,Khanh Hung,khanh-hung-l7014-6128-2,public,PCL,1965,1,,,True,https://iiif.maparchive.vn/iiif/aea6422a-e2cb-48c3-9083-8eacd2d89609,https://maparchive.vn/api/maps/aea6422a-e2cb-48c3-9083-8eacd2d89609/annotation,
df680ad3-edfc-4e48-ad45-5eaa0aa39ccd,6128-3,Long My,long-my-l7014-6128-3,public,PCL,1965,1,,,True,https://iiif.maparchive.vn/iiif/df680ad3-edfc-4e48-ad45-5eaa0aa39ccd,https://maparchive.vn/api/maps/df680ad3-edfc-4e48-ad45-5eaa0aa39ccd/annotation,
6d91ed70-04c5-4eee-9120-07ae926c7ed5,6128-4,Rach Goi,rach-goi-l7014-6128-4,public,PCL,1965,1,,,True,https://iiif.maparchive.vn/iiif/6d91ed70-04c5-4eee-9120-07ae926c7ed5,https://maparchive.vn/api/maps/6d91ed70-04c5-4eee-9120-07ae926c7ed5/annotation,
4b80abe8-f536-45db-8b36-5f39b7240484,6129-1,Sa Dec,sa-dec-l7014-6129-1,public,PCL,1965,1,,,True,https://iiif.maparchive.vn/iiif/4b80abe8-f536-45db-8b36-5f39b7240484,https://maparchive.vn/api/maps/4b80abe8-f536-45db-8b36-5f39b7240484/annotation,
2e49b83a-ec04-4538-956b-bb90b5ba9a2a,6129-2,Can Tho,can-tho-l7014-6129-2,public,PCL,1969,3,,,True,https://iiif.maparchive.vn/iiif/2e49b83a-ec04-4538-956b-bb90b5ba9a2a,https://maparchive.vn/api/maps/2e49b83a-ec04-4538-956b-bb90b5ba9a2a/annotation,
0ce21201-e74c-4a08-ad75-e0a77c433162,6129-3,Phong Phu,phong-phu-l7014-6129-3,public,PCL,1969,3,,,True,https://iiif.maparchive.vn/iiif/0ce21201-e74c-4a08-ad75-e0a77c433162,https://maparchive.vn/api/maps/0ce21201-e74c-4a08-ad75-e0a77c433162/annotation,
0395eb8e-e283-4c90-aba0-88d0d6d2aac2,6129-4,Cao Lanh,cao-lanh-l7014-6129-4,public,PCL,1965,1,,,True,https://iiif.maparchive.vn/iiif/0395eb8e-e283-4c90-aba0-88d0d6d2aac2,https://maparchive.vn/api/maps/0395eb8e-e283-4c90-aba0-88d0d6d2aac2/annotation,
e7d849d5-d1af-4b03-b066-e0bfbbf508fd,6130-1,Moc Hoa,moc-hoa-l7014-6130-1,public,PCL,,,,,True,https://iiif.maparchive.vn/iiif/e7d849d5-d1af-4b03-b066-e0bfbbf508fd,https://maparchive.vn/api/maps/e7d849d5-d1af-4b03-b066-e0bfbbf508fd/annotation,
21f0f889-e5cb-441c-9fb5-f3603465b9a1,6130-1,Mộc Hòa,moc-hoa-l7014-6130-1-ed-1,draft,TTU,,1,EDITION 1-AMS / XUẤT-BẢN LẦN THỨ 1-AMS,,False,https://iiif.maparchive.vn/iiif/21f0f889-e5cb-441c-9fb5-f3603465b9a1,,
5e4c5fcb-d1c6-491e-b78a-b8d15b7dbfa5,6130-2,My An,my-an-l7014-6130-2,public,PCL,1970,2,,,True,https://iiif.maparchive.vn/iiif/5e4c5fcb-d1c6-491e-b78a-b8d15b7dbfa5,https://maparchive.vn/api/maps/5e4c5fcb-d1c6-491e-b78a-b8d15b7dbfa5/annotation,
52d3418c-587e-4ce8-821d-133be08ef875,6130-3,Phong My,phong-my-l7014-6130-3,public,PCL,1965,1,,,True,https://iiif.maparchive.vn/iiif/52d3418c-587e-4ce8-821d-133be08ef875,https://maparchive.vn/api/maps/52d3418c-587e-4ce8-821d-133be08ef875/annotation,
d700cb7b-b045-4fe7-ad76-e094df8437ae,6130-4,Vinh Thanh,vinh-thanh-l7014-6130-4,public,PCL,,,,,True,https://iiif.maparchive.vn/iiif/d700cb7b-b045-4fe7-ad76-e094df8437ae,https://maparchive.vn/api/maps/d700cb7b-b045-4fe7-ad76-e094df8437ae/annotation,hand-read neatline to lattice corners; aspect 0.14% off
f8c88434-bef6-41dd-8204-afd14a4f6b22,6131-1,Ph Kâmpông Trach,ph-kampong-trach-l7014-6131-1-ed-2,draft,TTU,,2,EDITION 2-TPC (29 ETB),,False,https://iiif.maparchive.vn/iiif/f8c88434-bef6-41dd-8204-afd14a4f6b22,,
7a0a1eb8-f834-44d8-969a-63c1ee82aa1a,6131-2,Svay Riĕng,svay-rieng-l7014-6131-2-ed-3,draft,TTU,,3,EDITION 3-TPC (29 ETB),,True,https://iiif.maparchive.vn/iiif/7a0a1eb8-f834-44d8-969a-63c1ee82aa1a,https://maparchive.vn/api/maps/7a0a1eb8-f834-44d8-969a-63c1ee82aa1a/annotation,hand-read neatline to lattice corners; aspect 2.75% off
1f800bfb-8945-4849-91ac-bd8f604ddc06,6131-3,Prey Nhay,prey-nhay-l7014-6131-3,public,PCL,,,,,True,https://iiif.maparchive.vn/iiif/1f800bfb-8945-4849-91ac-bd8f604ddc06,https://maparchive.vn/api/maps/1f800bfb-8945-4849-91ac-bd8f604ddc06/annotation,hand-read neatline to lattice corners; aspect 0.06% off
9cd5a41b-cde6-4b26-bd8a-06b92d9fd983,6132-2,Khum Trâpeãng Phlŏng,khum-trapeang-phlong-l7014-6132-2-ed-5,draft,TTU,,5,EDITION 5-TPC (29 ETB),,True,https://iiif.maparchive.vn/iiif/9cd5a41b-cde6-4b26-bd8a-06b92d9fd983,https://maparchive.vn/api/maps/9cd5a41b-cde6-4b26-bd8a-06b92d9fd983/annotation,hand-read neatline to lattice corners; aspect 1.95% off; corners are 61 m off a parallelogram (bent scan or a corner off by a few px)
3b3c0590-5d76-45f4-8b27-0b53ad78521d,6143-1,Ban Xé Nua,ban-xe-nua-l7014-6143-1-ed-1,draft,TTU,,1,EDITION 1-AMS,,False,https://iiif.maparchive.vn/iiif/3b3c0590-5d76-45f4-8b27-0b53ad78521d,,
eaed7df1-3fed-4627-b7d5-b2199ff72189,6144-1,Kim Lu Xa,kim-lu-xa-l7014-6144-1,public,PCL,1967,3,,,True,https://iiif.maparchive.vn/iiif/eaed7df1-3fed-4627-b7d5-b2199ff72189,https://maparchive.vn/api/maps/eaed7df1-3fed-4627-b7d5-b2199ff72189/annotation,
86970bc3-724c-4c6a-b14c-7df4a04550b3,6144-2,Hung Trung,hung-trung-l7014-6144-2,public,PCL,,5,,,True,https://iiif.maparchive.vn/iiif/86970bc3-724c-4c6a-b14c-7df4a04550b3,https://maparchive.vn/api/maps/86970bc3-724c-4c6a-b14c-7df4a04550b3/annotation,
3cb7e76c-897c-4301-b231-7296989e00ab,6144-3,Ban Nathin,ban-nathin-l7014-6144-3,public,PCL,,,,,True,https://iiif.maparchive.vn/iiif/3cb7e76c-897c-4301-b231-7296989e00ab,https://maparchive.vn/api/maps/3cb7e76c-897c-4301-b231-7296989e00ab/annotation,neatline to lattice cell; worst seam 40 m
41114cf2-e36b-4ff5-a4c0-4d1c462fb91b,6144-4,Ban Buk,ban-buk-l7014-6144-4-ed-1,draft,TTU,,1,EDITION 1-AMS,,False,https://iiif.maparchive.vn/iiif/41114cf2-e36b-4ff5-a4c0-4d1c462fb91b,,
8f89b193-ce55-4dc5-a117-5142ef9cd928,6145-1,Ha Tinh,ha-tinh-l7014-6145-1,public,PCL,1966,2,,,True,https://iiif.maparchive.vn/iiif/8f89b193-ce55-4dc5-a117-5142ef9cd928,https://maparchive.vn/api/maps/8f89b193-ce55-4dc5-a117-5142ef9cd928/annotation,
d0d972e4-d490-49c6-95fc-bab0759547e2,6145-2,La Khe Thon,la-khe-thon-l7014-6145-2,public,PCL,1965,1,,,True,https://iiif.maparchive.vn/iiif/d0d972e4-d490-49c6-95fc-bab0759547e2,https://maparchive.vn/api/maps/d0d972e4-d490-49c6-95fc-bab0759547e2/annotation,
02583f54-0204-4d4b-b675-f74f1835c144,6145-3,Huong Khe,huong-khe-l7014-6145-3,public,PCL,1966,2,,,True,https://iiif.maparchive.vn/iiif/02583f54-0204-4d4b-b675-f74f1835c144,https://maparchive.vn/api/maps/02583f54-0204-4d4b-b675-f74f1835c144/annotation,
4edfa179-68bf-47fa-8ed0-b05aa630049e,6145-4,Quang Te,quang-te-l7014-6145-4,public,PCL,1965,1,,,True,https://iiif.maparchive.vn/iiif/4edfa179-68bf-47fa-8ed0-b05aa630049e,https://maparchive.vn/api/maps/4edfa179-68bf-47fa-8ed0-b05aa630049e/annotation,
e677f646-b50b-49b4-b3a0-3716094e9bdf,6146-2,Nghi Xuan,nghi-xuan-l7014-6146-2,public,PCL,1966,2,,,True,https://iiif.maparchive.vn/iiif/e677f646-b50b-49b4-b3a0-3716094e9bdf,https://maparchive.vn/api/maps/e677f646-b50b-49b4-b3a0-3716094e9bdf/annotation,
4fc41377-4d34-4220-b10a-23967e6102e1,6146-3,Vinh,vinh-l7014-6146-3,public,PCL,1966,2,,,True,https://iiif.maparchive.vn/iiif/4fc41377-4d34-4220-b10a-23967e6102e1,https://maparchive.vn/api/maps/4fc41377-4d34-4220-b10a-23967e6102e1/annotation,
57925652-0519-4faa-925f-058d9555a117,6146-4,Phu Dien Chau,phu-dien-chau-l7014-6146-4,public,PCL,1966,2,,,True,https://iiif.maparchive.vn/iiif/57925652-0519-4faa-925f-058d9555a117,https://maparchive.vn/api/maps/57925652-0519-4faa-925f-058d9555a117/annotation,
565f9ca0-e76d-4f6f-bc65-cb6bb36beb22,6147-1,Tinh Xuyen,tinh-xuyen-l7014-6147-1,public,PCL,1966,2,,,True,https://iiif.maparchive.vn/iiif/565f9ca0-e76d-4f6f-bc65-cb6bb36beb22,https://maparchive.vn/api/maps/565f9ca0-e76d-4f6f-bc65-cb6bb36beb22/annotation,
0766c2cb-b4e2-4d09-bd51-867def50fe84,6147-3,Cho Giat,cho-giat-l7014-6147-3,public,PCL,1966,2,,,True,https://iiif.maparchive.vn/iiif/0766c2cb-b4e2-4d09-bd51-867def50fe84,https://maparchive.vn/api/maps/0766c2cb-b4e2-4d09-bd51-867def50fe84/annotation,
f9114a0b-fec5-417d-9d98-a18ac2f379d8,6147-4,Phong Bai,phong-bai-l7014-6147-4,public,PCL,1966,2,,,True,https://iiif.maparchive.vn/iiif/f9114a0b-fec5-417d-9d98-a18ac2f379d8,https://maparchive.vn/api/maps/f9114a0b-fec5-417d-9d98-a18ac2f379d8/annotation,
9ae7a6bf-ea99-4682-83bb-73ab4c8ad3d8,6148-1,Thanh Hoa,thanh-hoa-l7014-6148-1,public,PCL,1966,2,,,True,https://iiif.maparchive.vn/iiif/9ae7a6bf-ea99-4682-83bb-73ab4c8ad3d8,https://maparchive.vn/api/maps/9ae7a6bf-ea99-4682-83bb-73ab4c8ad3d8/annotation,
047550a6-8adf-4b1c-ad9e-7a842516d60a,6148-2,Sam Son,sam-son-l7014-6148-2,public,PCL,1966,2,,,True,https://iiif.maparchive.vn/iiif/047550a6-8adf-4b1c-ad9e-7a842516d60a,https://maparchive.vn/api/maps/047550a6-8adf-4b1c-ad9e-7a842516d60a/annotation,
b0df1220-d703-4fac-8746-77184b644187,6148-3,Tong Cong,tong-cong-l7014-6148-3,public,PCL,1965,1,,,True,https://iiif.maparchive.vn/iiif/b0df1220-d703-4fac-8746-77184b644187,https://maparchive.vn/api/maps/b0df1220-d703-4fac-8746-77184b644187/annotation,
c2a41d59-4fb0-42c0-be55-dde868b2efee,6148-4,Ngo Xa Thong,ngo-xa-thong-l7014-6148-4,public,PCL,,,,,True,https://iiif.maparchive.vn/iiif/c2a41d59-4fb0-42c0-be55-dde868b2efee,https://maparchive.vn/api/maps/c2a41d59-4fb0-42c0-be55-dde868b2efee/annotation,hand-read neatline to lattice corners; aspect 0.14% off
ccc9ca99-8e66-4c82-b0cf-9f5ed76f77d2,6149-1,Ninh Binh,ninh-binh-l7014-6149-1,public,PCL,1965,1,,,True,https://iiif.maparchive.vn/iiif/ccc9ca99-8e66-4c82-b0cf-9f5ed76f77d2,https://maparchive.vn/api/maps/ccc9ca99-8e66-4c82-b0cf-9f5ed76f77d2/annotation,
85e41d1a-3678-4de9-bc0a-beaf7a961974,6149-2,Mai Xa,mai-xa-l7014-6149-2,public,PCL,1964,1,,,True,https://iiif.maparchive.vn/iiif/85e41d1a-3678-4de9-bc0a-beaf7a961974,https://maparchive.vn/api/maps/85e41d1a-3678-4de9-bc0a-beaf7a961974/annotation,
84cca799-19be-46ca-afa5-da2e8b3f8405,6149-3,Yen Dinh,yen-dinh-l7014-6149-3,public,PCL,1983,2,,,True,https://iiif.maparchive.vn/iiif/84cca799-19be-46ca-afa5-da2e8b3f8405,https://maparchive.vn/api/maps/84cca799-19be-46ca-afa5-da2e8b3f8405/annotation,
dc8cb611-433c-47c2-abdb-efeabf4bfb12,6149-4,Xom Go,xom-go-l7014-6149-4,public,PCL,1964,1,,,True,https://iiif.maparchive.vn/iiif/dc8cb611-433c-47c2-abdb-efeabf4bfb12,https://maparchive.vn/api/maps/dc8cb611-433c-47c2-abdb-efeabf4bfb12/annotation,
fb8ea013-57c4-4f52-9ab9-0630038e2f60,6150-1,Ha Dong,ha-dong-l7014-6150-1,public,PCL,1983,3-DMA,,,True,https://iiif.maparchive.vn/iiif/fb8ea013-57c4-4f52-9ab9-0630038e2f60,https://maparchive.vn/api/maps/fb8ea013-57c4-4f52-9ab9-0630038e2f60/annotation,
d138ef33-7de6-4fde-b22d-1d6e086a6182,6150-2,Phu Ly,phu-ly-l7014-6150-2,draft,,,,,,True,https://iiif.maparchive.vn/iiif/d138ef33-7de6-4fde-b22d-1d6e086a6182,https://maparchive.vn/api/maps/d138ef33-7de6-4fde-b22d-1d6e086a6182/annotation,hand-read neatline to lattice corners; aspect 0.35% off
496b8287-207c-4a92-9661-9ea594a75895,6150-2,Phủ Lý,phu-ly-l7014-6150-2-ttu,draft,TTU,,,,,False,https://iiif.maparchive.vn/iiif/496b8287-207c-4a92-9661-9ea594a75895,,
2c8ad803-09b8-4468-ab37-5b5fe6dcd8d8,6150-3,Kim Boi,kim-boi-l7014-6150-3,draft,,,,,,True,https://iiif.maparchive.vn/iiif/2c8ad803-09b8-4468-ab37-5b5fe6dcd8d8,https://maparchive.vn/api/maps/2c8ad803-09b8-4468-ab37-5b5fe6dcd8d8/annotation,hand-read neatline to lattice corners; aspect 0.08% off
639a25fc-5c76-40fd-b9db-f2f4f1093ae6,6150-3,Kim Bôi,kim-boi-l7014-6150-3-ttu,draft,TTU,,,,,False,https://iiif.maparchive.vn/iiif/639a25fc-5c76-40fd-b9db-f2f4f1093ae6,,
25109e43-646f-4456-bccf-de9f02aa920c,6150-4,Chương Mỹ,chuong-my-l7014-6150-4-ttu,draft,TTU,,,,,True,https://iiif.maparchive.vn/iiif/25109e43-646f-4456-bccf-de9f02aa920c,https://maparchive.vn/api/maps/25109e43-646f-4456-bccf-de9f02aa920c/annotation,hand-read neatline to lattice corners; aspect 2.68% off; corners are 30 m off a parallelogram (bent scan or a corner off by a few px)
6bb6b439-1d40-4e09-a74f-4fd48465287e,6150-4,Luong Son,luong-son-l7014-6150-4,draft,,,,,,True,https://iiif.maparchive.vn/iiif/6bb6b439-1d40-4e09-a74f-4fd48465287e,https://maparchive.vn/api/maps/6bb6b439-1d40-4e09-a74f-4fd48465287e/annotation,hand-read neatline to lattice corners; aspect 1.13% off; corners are 43 m off a parallelogram (bent scan or a corner off by a few px)
1e036252-7cee-4443-86cf-19302b8526a3,6151-1,Pho Yen,pho-yen-l7014-6151-1,draft,,,,,,True,https://iiif.maparchive.vn/iiif/1e036252-7cee-4443-86cf-19302b8526a3,https://maparchive.vn/api/maps/1e036252-7cee-4443-86cf-19302b8526a3/annotation,hand-read neatline to lattice corners; aspect 0.05% off; corners are 39 m off a parallelogram (bent scan or a corner off by a few px)
c3565287-9ce7-4186-bc55-440a70f79e8b,6151-1,Phổ Yên,pho-yen-l7014-6151-1-ttu,draft,TTU,,,,,False,https://iiif.maparchive.vn/iiif/c3565287-9ce7-4186-bc55-440a70f79e8b,,
6f075690-dc65-4308-85c4-6028cf51c88f,6151-2,Ha Noi,ha-noi-l7014-6151-2,public,PCL,1984,3,,,True,https://iiif.maparchive.vn/iiif/6f075690-dc65-4308-85c4-6028cf51c88f,https://maparchive.vn/api/maps/6f075690-dc65-4308-85c4-6028cf51c88f/annotation,
48055e42-7f67-4492-8f41-62b33f4984c1,6151-3,Son Tay,son-tay-l7014-6151-3,public,PCL,1966,2,,,True,https://iiif.maparchive.vn/iiif/48055e42-7f67-4492-8f41-62b33f4984c1,https://maparchive.vn/api/maps/48055e42-7f67-4492-8f41-62b33f4984c1/annotation,
3ccd1b11-9fd7-4499-be59-9ee3b472d142,6151-4,Vinh Yen,vinh-yen-l7014-6151-4,draft,,,,,,True,https://iiif.maparchive.vn/iiif/3ccd1b11-9fd7-4499-be59-9ee3b472d142,https://maparchive.vn/api/maps/3ccd1b11-9fd7-4499-be59-9ee3b472d142/annotation,hand-read neatline to lattice corners; aspect 0.28% off
b74c9249-0303-4d00-aeb6-6fdfb88ba399,6151-4,Vĩnh Yên,vinh-yen-l7014-6151-4-ttu,draft,TTU,,,,,False,https://iiif.maparchive.vn/iiif/b74c9249-0303-4d00-aeb6-6fdfb88ba399,,
e30d8767-1266-42b8-85d9-9743e3846700,6152-1,Cho Moi,cho-moi-l7014-6152-1,public,PCL,1964,1,,,True,https://iiif.maparchive.vn/iiif/e30d8767-1266-42b8-85d9-9743e3846700,https://maparchive.vn/api/maps/e30d8767-1266-42b8-85d9-9743e3846700/annotation,
5e2fa71e-31fe-47b0-991a-097197f13ff0,6152-2,Thai Nguyen,thai-nguyen-l7014-6152-2,public,PCL,1964,1,,,True,https://iiif.maparchive.vn/iiif/5e2fa71e-31fe-47b0-991a-097197f13ff0,https://maparchive.vn/api/maps/5e2fa71e-31fe-47b0-991a-097197f13ff0/annotation,
8c057aff-6609-4f39-9eac-dccb7d5e62c6,6152-3,Dai Tu,dai-tu-l7014-6152-3,public,PCL,1964,1,,,True,https://iiif.maparchive.vn/iiif/8c057aff-6609-4f39-9eac-dccb7d5e62c6,https://maparchive.vn/api/maps/8c057aff-6609-4f39-9eac-dccb7d5e62c6/annotation,
066fb734-301b-42fa-b924-384a9794d767,6152-4,Cho Chu,cho-chu-l7014-6152-4,public,PCL,1964,1,,,True,https://iiif.maparchive.vn/iiif/066fb734-301b-42fa-b924-384a9794d767,https://maparchive.vn/api/maps/066fb734-301b-42fa-b924-384a9794d767/annotation,
1015b305-9661-44f2-ab29-5e612c4bd5fb,6153-1,Na Fac,na-fac-l7014-6153-1,public,PCL,1964,1,,,True,https://iiif.maparchive.vn/iiif/1015b305-9661-44f2-ab29-5e612c4bd5fb,https://maparchive.vn/api/maps/1015b305-9661-44f2-ab29-5e612c4bd5fb/annotation,
90e397fc-92e7-4b74-996b-a2751deabc2d,6153-2,Bac Kan,bac-kan-l7014-6153-2,public,PCL,1963,1,,,True,https://iiif.maparchive.vn/iiif/90e397fc-92e7-4b74-996b-a2751deabc2d,https://maparchive.vn/api/maps/90e397fc-92e7-4b74-996b-a2751deabc2d/annotation,
48be88b1-c022-4511-96da-b815a19c2445,6153-3,Cho Don,cho-don-l7014-6153-3,public,PCL,1968,2,,,True,https://iiif.maparchive.vn/iiif/48be88b1-c022-4511-96da-b815a19c2445,https://maparchive.vn/api/maps/48be88b1-c022-4511-96da-b815a19c2445/annotation,
878e8cef-f270-444d-ac90-6b3cbb920960,6153-4,Cho Ra,cho-ra-l7014-6153-4,public,PCL,1968,2,,,True,https://iiif.maparchive.vn/iiif/878e8cef-f270-444d-ac90-6b3cbb920960,https://maparchive.vn/api/maps/878e8cef-f270-444d-ac90-6b3cbb920960/annotation,
aad9444c-6ee1-4a54-9a5f-8bf3212c7649,6154-1,Nam Quet,nam-quet-l7014-6154-1,public,PCL,1964,1,,,True,https://iiif.maparchive.vn/iiif/aad9444c-6ee1-4a54-9a5f-8bf3212c7649,https://maparchive.vn/api/maps/aad9444c-6ee1-4a54-9a5f-8bf3212c7649/annotation,
4bed9e7c-a314-4352-8419-5d2422d79d78,6154-2,Nguyen Binh,nguyen-binh-l7014-6154-2,public,PCL,1964,1,,,True,https://iiif.maparchive.vn/iiif/4bed9e7c-a314-4352-8419-5d2422d79d78,https://maparchive.vn/api/maps/4bed9e7c-a314-4352-8419-5d2422d79d78/annotation,
327c5050-018c-4189-a46c-e8775198105b,6154-3,Thom Tchay,thom-tchay-l7014-6154-3,public,PCL,1971,2,,,True,https://iiif.maparchive.vn/iiif/327c5050-018c-4189-a46c-e8775198105b,https://maparchive.vn/api/maps/327c5050-018c-4189-a46c-e8775198105b/annotation,
8b420135-7aba-4bfa-967d-e4a9a2bf221c,6154-4,Bao Lac,bao-lac-l7014-6154-4,public,PCL,1964,1,,,True,https://iiif.maparchive.vn/iiif/8b420135-7aba-4bfa-967d-e4a9a2bf221c,https://maparchive.vn/api/maps/8b420135-7aba-4bfa-967d-e4a9a2bf221c/annotation,
3e59f8de-cf57-4533-b575-7f3d8139c40f,6155-2,Lung Cung,lung-cung-l7014-6155-2,public,PCL,,,,,True,https://iiif.maparchive.vn/iiif/3e59f8de-cf57-4533-b575-7f3d8139c40f,https://maparchive.vn/api/maps/3e59f8de-cf57-4533-b575-7f3d8139c40f/annotation,hand-read neatline to printed corners; aspect 0.47% off
f6d9012f-ed69-4d43-ae6a-a97b485426c6,6155-3,Luong Mang,luong-mang-l7014-6155-3,public,PCL,,,,,True,https://iiif.maparchive.vn/iiif/f6d9012f-ed69-4d43-ae6a-a97b485426c6,https://maparchive.vn/api/maps/f6d9012f-ed69-4d43-ae6a-a97b485426c6/annotation,hand-read neatline to printed corners; aspect 0.25% off; corners are 53 m off a parallelogram (bent scan or a corner off by a few px)
1938661e-df30-42c1-8cd2-8ad353c0b344,6227-4,Lac Hoa,lac-hoa-l7014-6227-4,public,PCL,1969,2,,,True,https://iiif.maparchive.vn/iiif/1938661e-df30-42c1-8cd2-8ad353c0b344,https://maparchive.vn/api/maps/1938661e-df30-42c1-8cd2-8ad353c0b344/annotation,
7fec2827-1318-4787-8316-ecabe7d0a592,6228-1,Phu Vinh,phu-vinh-l7014-6228-1,public,PCL,1965,1,,,True,https://iiif.maparchive.vn/iiif/7fec2827-1318-4787-8316-ecabe7d0a592,https://maparchive.vn/api/maps/7fec2827-1318-4787-8316-ecabe7d0a592/annotation,
d4203cd6-7c69-4648-ba84-bdd196b6ea81,6228-2,Tra Cu,tra-cu-l7014-6228-2,public,PCL,1965,1,,,True,https://iiif.maparchive.vn/iiif/d4203cd6-7c69-4648-ba84-bdd196b6ea81,https://maparchive.vn/api/maps/d4203cd6-7c69-4648-ba84-bdd196b6ea81/annotation,
ba6d6fc2-6fa3-4c83-91ba-5eebdabca804,6228-3,Long Pu,long-pu-l7014-6228-3,public,PCL,1965,1,,,True,https://iiif.maparchive.vn/iiif/ba6d6fc2-6fa3-4c83-91ba-5eebdabca804,https://maparchive.vn/api/maps/ba6d6fc2-6fa3-4c83-91ba-5eebdabca804/annotation,
8eb410ee-8816-46d5-9401-bab1553b9c16,6228-4,Cau Ke,cau-ke-l7014-6228-4,public,PCL,1965,1,,,True,https://iiif.maparchive.vn/iiif/8eb410ee-8816-46d5-9401-bab1553b9c16,https://maparchive.vn/api/maps/8eb410ee-8816-46d5-9401-bab1553b9c16/annotation,
36c4b094-5071-477d-be84-bd9757670ca7,6229-1,Mi Tho,mi-tho-l7014-6229-1,public,PCL,1984,3,,,True,https://iiif.maparchive.vn/iiif/36c4b094-5071-477d-be84-bd9757670ca7,https://maparchive.vn/api/maps/36c4b094-5071-477d-be84-bd9757670ca7/annotation,
bf46c6b9-091a-4d32-82b3-d5dcdbbfbef8,6229-2,Truc Giang,truc-giang-l7014-6229-2,public,PCL,1965,1,,,True,https://iiif.maparchive.vn/iiif/bf46c6b9-091a-4d32-82b3-d5dcdbbfbef8,https://maparchive.vn/api/maps/bf46c6b9-091a-4d32-82b3-d5dcdbbfbef8/annotation,
7a06424e-fe1d-4ed3-a2dc-fd0258442980,6229-3,Vung Liem,vung-liem-l7014-6229-3,public,PCL,1965,1,,,True,https://iiif.maparchive.vn/iiif/7a06424e-fe1d-4ed3-a2dc-fd0258442980,https://maparchive.vn/api/maps/7a06424e-fe1d-4ed3-a2dc-fd0258442980/annotation,
c21ebd39-d5eb-44f7-8f9b-ac376484f65a,6229-4,Khiem Ich,khiem-ich-l7014-6229-4,public,PCL,1969,2,,,True,https://iiif.maparchive.vn/iiif/c21ebd39-d5eb-44f7-8f9b-ac376484f65a,https://maparchive.vn/api/maps/c21ebd39-d5eb-44f7-8f9b-ac376484f65a/annotation,
dc16030e-bc80-49a2-b797-4e32055f6d9d,6230-1,Duc Hoa,duc-hoa-l7014-6230-1,public,PCL,1969,2,,,True,https://iiif.maparchive.vn/iiif/dc16030e-bc80-49a2-b797-4e32055f6d9d,https://maparchive.vn/api/maps/dc16030e-bc80-49a2-b797-4e32055f6d9d/annotation,
04618a63-edd9-4362-95cc-c3c54e7a5ae7,6230-2,Tan An,tan-an-l7014-6230-2,public,PCL,1970,2,,,True,https://iiif.maparchive.vn/iiif/04618a63-edd9-4362-95cc-c3c54e7a5ae7,https://maparchive.vn/api/maps/04618a63-edd9-4362-95cc-c3c54e7a5ae7/annotation,
2a1d6b4c-7593-452e-8119-787f4b40b140,6230-3,Tuyen Nhon,tuyen-nhon-l7014-6230-3,public,PCL,1965,1,,,True,https://iiif.maparchive.vn/iiif/2a1d6b4c-7593-452e-8119-787f4b40b140,https://maparchive.vn/api/maps/2a1d6b4c-7593-452e-8119-787f4b40b140/annotation,
8fd695ff-735c-41d5-a7c3-30e949de1f5a,6230-4,Duc Hue,duc-hue-l7014-6230-4,public,PCL,,,,,True,https://iiif.maparchive.vn/iiif/8fd695ff-735c-41d5-a7c3-30e949de1f5a,https://maparchive.vn/api/maps/8fd695ff-735c-41d5-a7c3-30e949de1f5a/annotation,hand-read neatline to lattice corners; aspect 0.02% off; corners are 55 m off a parallelogram (bent scan or a corner off by a few px)
9d0f2e56-30d8-4d2c-a5f7-b8b22f045b34,6230-4,Đức Huệ,duc-hue-l7014-6230-4-ed-1,draft,TTU,,1,EDITION 1-AMS / XUẤT-BẢN LẦN THỨ 1-AMS,,True,https://iiif.maparchive.vn/iiif/9d0f2e56-30d8-4d2c-a5f7-b8b22f045b34,https://maparchive.vn/api/maps/9d0f2e56-30d8-4d2c-a5f7-b8b22f045b34/annotation,hand-read neatline to lattice corners; aspect 2.75% off; corners are 40 m off a parallelogram (bent scan or a corner off by a few px)
3a4b3175-60ed-427d-ae62-ee0519344931,6231-1,Tri Tam,tri-tam-l7014-6231-1,public,PCL,1970,3,,,True,https://iiif.maparchive.vn/iiif/3a4b3175-60ed-427d-ae62-ee0519344931,https://maparchive.vn/api/maps/3a4b3175-60ed-427d-ae62-ee0519344931/annotation,
b4f6641e-41ad-47bd-95aa-0cae02264e32,6231-2,Hieu Thien,hieu-thien-l7014-6231-2,public,PCL,1968,2,,,True,https://iiif.maparchive.vn/iiif/b4f6641e-41ad-47bd-95aa-0cae02264e32,https://maparchive.vn/api/maps/b4f6641e-41ad-47bd-95aa-0cae02264e32/annotation,
47b4dc36-672b-4d8c-90a4-08f154801175,6231-3,An Thanh,an-thanh-l7014-6231-3,public,PCL,,3,,,True,https://iiif.maparchive.vn/iiif/47b4dc36-672b-4d8c-90a4-08f154801175,https://maparchive.vn/api/maps/47b4dc36-672b-4d8c-90a4-08f154801175/annotation,
97e85cc2-1f3c-44c3-9610-7619a845ab56,6231-4,Tay Ninh,tay-ninh-l7014-6231-4,public,PCL,1969,3,,,True,https://iiif.maparchive.vn/iiif/97e85cc2-1f3c-44c3-9610-7619a845ab56,https://maparchive.vn/api/maps/97e85cc2-1f3c-44c3-9610-7619a845ab56/annotation,
5261f070-2766-4e17-9c75-d782d756bebf,6232-1,Chôam Krâviên,choam-kravien-l7014-6232-1-ed-2,draft,TTU,,2,EDITION 2-TPC (29 ETB),,False,https://iiif.maparchive.vn/iiif/5261f070-2766-4e17-9c75-d782d756bebf,,
88dcbc90-9c81-44ec-aede-8624f0f1512f,6232-2,Bo Tuc,bo-tuc-l7014-6232-2,public,PCL,,2,,,True,https://iiif.maparchive.vn/iiif/88dcbc90-9c81-44ec-aede-8624f0f1512f,https://maparchive.vn/api/maps/88dcbc90-9c81-44ec-aede-8624f0f1512f/annotation,
8cff6529-5577-43d3-a654-67714cdacc47,6232-3,Ta Dath,ta-dath-l7014-6232-3,public,PCL,,,,,True,https://iiif.maparchive.vn/iiif/8cff6529-5577-43d3-a654-67714cdacc47,https://maparchive.vn/api/maps/8cff6529-5577-43d3-a654-67714cdacc47/annotation,hand-read neatline to lattice corners; aspect 0.31% off
8192d9c1-bd9a-43fb-9182-db3b9b50d2da,6232-4,Mémŭt,memut-l7014-6232-4-ed-2,draft,TTU,,2,EDITION 2-TPC (29 ETB) / PHÁT-HÀNH LẦN THỨ 2-TPC (29 ETB),,False,https://iiif.maparchive.vn/iiif/8192d9c1-bd9a-43fb-9182-db3b9b50d2da,,
c79cc224-7be2-4280-9641-c75bd89a958e,6242-1,Sheet 6242-1,sheet-6242-1-l7014-6242-1-ttu,draft,TTU,,,,,False,https://iiif.maparchive.vn/iiif/c79cc224-7be2-4280-9641-c75bd89a958e,,
5d009047-2dde-424b-a23f-784e3b9f690b,6243-1,Co Trang,co-trang-l7014-6243-1,public,PCL,1966,2,,,True,https://iiif.maparchive.vn/iiif/5d009047-2dde-424b-a23f-784e3b9f690b,https://maparchive.vn/api/maps/5d009047-2dde-424b-a23f-784e3b9f690b/annotation,
9fd12e97-ba33-4260-8009-2079bb603b82,6243-2,Lang Mo,lang-mo-l7014-6243-2,public,PCL,1971,4,,,True,https://iiif.maparchive.vn/iiif/9fd12e97-ba33-4260-8009-2079bb603b82,https://maparchive.vn/api/maps/9fd12e97-ba33-4260-8009-2079bb603b82/annotation,
0a7b36ed-b50f-430b-86f4-4c58a1056f5e,6243-3,Ban Vang Ala,ban-vang-ala-l7014-6243-3,public,PCL,,,,,True,https://iiif.maparchive.vn/iiif/0a7b36ed-b50f-430b-86f4-4c58a1056f5e,https://maparchive.vn/api/maps/0a7b36ed-b50f-430b-86f4-4c58a1056f5e/annotation,hand-read neatline to lattice corners; aspect 0.31% off
c90a718c-6549-42cd-8c7a-2875c71e0cc6,6243-3,Ban Vang-ala,ban-vang-ala-l7014-6243-3-ed-3,draft,TTU,,3,EDITION 3-AMS / PHÁT HÀNH LẦN THỨ 3-AMS,,False,https://iiif.maparchive.vn/iiif/c90a718c-6549-42cd-8c7a-2875c71e0cc6,,
d7acc2f5-037a-4c4d-89a4-89fb713947f3,6243-4,Ban Karai,ban-karai-l7014-6243-4,public,PCL,1971,5,,,True,https://iiif.maparchive.vn/iiif/d7acc2f5-037a-4c4d-89a4-89fb713947f3,https://maparchive.vn/api/maps/d7acc2f5-037a-4c4d-89a4-89fb713947f3/annotation,
325bf83d-a110-411b-a548-d57000736751,6244-1,Ron,ron-l7014-6244-1,public,PCL,1989,3,,,True,https://iiif.maparchive.vn/iiif/325bf83d-a110-411b-a548-d57000736751,https://maparchive.vn/api/maps/325bf83d-a110-411b-a548-d57000736751/annotation,
527415b6-897b-4cfa-89fb-4c3f3069170f,6244-2,Quang Khe,quang-khe-l7014-6244-2,public,PCL,1989,3,,,True,https://iiif.maparchive.vn/iiif/527415b6-897b-4cfa-89fb-4c3f3069170f,https://maparchive.vn/api/maps/527415b6-897b-4cfa-89fb-4c3f3069170f/annotation,
727b4590-3978-43ff-b5ca-124b8794e344,6244-3,Cha Noi,cha-noi-l7014-6244-3,public,PCL,1967,3,,,True,https://iiif.maparchive.vn/iiif/727b4590-3978-43ff-b5ca-124b8794e344,https://maparchive.vn/api/maps/727b4590-3978-43ff-b5ca-124b8794e344/annotation,
6f06ab01-9366-4c99-a5c6-290e54732f81,6244-4,Thiet Son,thiet-son-l7014-6244-4,public,PCL,1971,3,,,True,https://iiif.maparchive.vn/iiif/6f06ab01-9366-4c99-a5c6-290e54732f81,https://maparchive.vn/api/maps/6f06ab01-9366-4c99-a5c6-290e54732f81/annotation,
7aaa8fbf-0a49-4d93-88d9-cee007e572ba,6245-2,Ky Anh,ky-anh-l7014-6245-2,public,PCL,1965,1,,,True,https://iiif.maparchive.vn/iiif/7aaa8fbf-0a49-4d93-88d9-cee007e572ba,https://maparchive.vn/api/maps/7aaa8fbf-0a49-4d93-88d9-cee007e572ba/annotation,
8377d18f-cc62-43ab-9b8b-f0ef6bd78a1f,6245-3,Tuan Tuong,tuan-tuong-l7014-6245-3,public,PCL,1966,2,,,True,https://iiif.maparchive.vn/iiif/8377d18f-cc62-43ab-9b8b-f0ef6bd78a1f,https://maparchive.vn/api/maps/8377d18f-cc62-43ab-9b8b-f0ef6bd78a1f/annotation,
ea36ff4a-1f88-4fd0-98d9-d500d0bf7300,6245-4,Nhuong Ban,nhuong-ban-l7014-6245-4,public,PCL,1966,2,,,True,https://iiif.maparchive.vn/iiif/ea36ff4a-1f88-4fd0-98d9-d500d0bf7300,https://maparchive.vn/api/maps/ea36ff4a-1f88-4fd0-98d9-d500d0bf7300/annotation,
48a48755-391f-4958-986b-ddec4f398bc3,6248-4,Cua Day,cua-day-l7014-6248-4,public,PCL,1966,2,,,True,https://iiif.maparchive.vn/iiif/48a48755-391f-4958-986b-ddec4f398bc3,https://maparchive.vn/api/maps/48a48755-391f-4958-986b-ddec4f398bc3/annotation,
3afa50ab-9e52-4a02-871e-6373739c4a5f,6249-1,Thai Binh,thai-binh-l7014-6249-1,public,PCL,1984,3,,,True,https://iiif.maparchive.vn/iiif/3afa50ab-9e52-4a02-871e-6373739c4a5f,https://maparchive.vn/api/maps/3afa50ab-9e52-4a02-871e-6373739c4a5f/annotation,
71038a5a-3133-415f-826c-64b85f263e7c,6249-2,Van Ly,van-ly-l7014-6249-2,public,PCL,1966,2,,,True,https://iiif.maparchive.vn/iiif/71038a5a-3133-415f-826c-64b85f263e7c,https://maparchive.vn/api/maps/71038a5a-3133-415f-826c-64b85f263e7c/annotation,
93d84d76-1327-4208-a81c-ab0ff4cfd0ad,6249-3,Phat Diem,phat-diem-l7014-6249-3,public,PCL,1966,2,,,True,https://iiif.maparchive.vn/iiif/93d84d76-1327-4208-a81c-ab0ff4cfd0ad,https://maparchive.vn/api/maps/93d84d76-1327-4208-a81c-ab0ff4cfd0ad/annotation,
fac02693-f75c-4c37-aebd-672735627767,6249-4,Nam Dinh,nam-dinh-l7014-6249-4,public,PCL,1966,2,,,True,https://iiif.maparchive.vn/iiif/fac02693-f75c-4c37-aebd-672735627767,https://maparchive.vn/api/maps/fac02693-f75c-4c37-aebd-672735627767/annotation,
3e7d4554-e013-4c90-b65b-349a59a10868,6250-1,Hai Duong,hai-duong-l7014-6250-1,public,PCL,1984,3,,,True,https://iiif.maparchive.vn/iiif/3e7d4554-e013-4c90-b65b-349a59a10868,https://maparchive.vn/api/maps/3e7d4554-e013-4c90-b65b-349a59a10868/annotation,
a302ce39-f52a-46ca-b9ab-0dbcbb0d0820,6250-2,Ninh Giang,ninh-giang-l7014-6250-2,public,PCL,1966,2,,,True,https://iiif.maparchive.vn/iiif/a302ce39-f52a-46ca-b9ab-0dbcbb0d0820,https://maparchive.vn/api/maps/a302ce39-f52a-46ca-b9ab-0dbcbb0d0820/annotation,
ebf8330c-8a32-45cc-b17e-961539c678f3,6250-3,Hung Yen,hung-yen-l7014-6250-3,public,PCL,1966,2,,,True,https://iiif.maparchive.vn/iiif/ebf8330c-8a32-45cc-b17e-961539c678f3,https://maparchive.vn/api/maps/ebf8330c-8a32-45cc-b17e-961539c678f3/annotation,
77ffaef8-d8b1-454e-8e8c-0a6636aa40be,6250-4,Ke Sat,ke-sat-l7014-6250-4,public,PCL,1966,2,,,True,https://iiif.maparchive.vn/iiif/77ffaef8-d8b1-454e-8e8c-0a6636aa40be,https://maparchive.vn/api/maps/77ffaef8-d8b1-454e-8e8c-0a6636aa40be/annotation,
24992060-6b2f-46e5-9699-17066bf85d13,6251-1,Luc Nam,luc-nam-l7014-6251-1,public,PCL,1965,1,,,True,https://iiif.maparchive.vn/iiif/24992060-6b2f-46e5-9699-17066bf85d13,https://maparchive.vn/api/maps/24992060-6b2f-46e5-9699-17066bf85d13/annotation,
54680ec0-3e9b-4ef0-8f81-78df8fad1344,6251-2,Pha Lai,pha-lai-l7014-6251-2,public,PCL,1966,2,,,True,https://iiif.maparchive.vn/iiif/54680ec0-3e9b-4ef0-8f81-78df8fad1344,https://maparchive.vn/api/maps/54680ec0-3e9b-4ef0-8f81-78df8fad1344/annotation,
87777cc4-3c79-4752-b994-475cdb34374e,6251-3,Bac Ninh,bac-ninh-l7014-6251-3,public,PCL,1966,2,,,True,https://iiif.maparchive.vn/iiif/87777cc4-3c79-4752-b994-475cdb34374e,https://maparchive.vn/api/maps/87777cc4-3c79-4752-b994-475cdb34374e/annotation,
23865627-972c-4365-9c5e-f172a8418cb9,6251-4,Phu Lang Thuong,phu-lang-thuong-l7014-6251-4,public,PCL,1966,2,,,True,https://iiif.maparchive.vn/iiif/23865627-972c-4365-9c5e-f172a8418cb9,https://maparchive.vn/api/maps/23865627-972c-4365-9c5e-f172a8418cb9/annotation,
b719a5fd-e989-42db-bf2f-44ea90e9a1a2,6252-1,Pho Binh Gia,pho-binh-gia-l7014-6252-1,public,PCL,1964,1,,,True,https://iiif.maparchive.vn/iiif/b719a5fd-e989-42db-bf2f-44ea90e9a1a2,https://maparchive.vn/api/maps/b719a5fd-e989-42db-bf2f-44ea90e9a1a2/annotation,
216bda64-ba9a-43da-a898-502d8d05a969,6252-2,Lang Met,lang-met-l7014-6252-2,public,PCL,1964,1,,,True,https://iiif.maparchive.vn/iiif/216bda64-ba9a-43da-a898-502d8d05a969,https://maparchive.vn/api/maps/216bda64-ba9a-43da-a898-502d8d05a969/annotation,
f264a6e6-19ae-42ca-a71c-32abb82f0a67,6252-3,Mo Trang,mo-trang-l7014-6252-3,public,PCL,1964,1,,,True,https://iiif.maparchive.vn/iiif/f264a6e6-19ae-42ca-a71c-32abb82f0a67,https://maparchive.vn/api/maps/f264a6e6-19ae-42ca-a71c-32abb82f0a67/annotation,
f8882113-1f80-46c3-9a02-0b3efb003408,6252-4,La Gieo,la-gieo-l7014-6252-4,public,PCL,1964,1,,,True,https://iiif.maparchive.vn/iiif/f8882113-1f80-46c3-9a02-0b3efb003408,https://maparchive.vn/api/maps/f8882113-1f80-46c3-9a02-0b3efb003408/annotation,
63fbe804-659b-44db-91c8-6e1aadb7edb8,6253-1,That Khe,that-khe-l7014-6253-1,public,PCL,1966,2,,,True,https://iiif.maparchive.vn/iiif/63fbe804-659b-44db-91c8-6e1aadb7edb8,https://maparchive.vn/api/maps/63fbe804-659b-44db-91c8-6e1aadb7edb8/annotation,
96e5ead3-5691-4f84-a568-e57a2a6488c5,6253-2,Fac Ta,fac-ta-l7014-6253-2,public,PCL,1964,1,,,True,https://iiif.maparchive.vn/iiif/96e5ead3-5691-4f84-a568-e57a2a6488c5,https://maparchive.vn/api/maps/96e5ead3-5691-4f84-a568-e57a2a6488c5/annotation,
b70f5ac6-00b8-4985-ace5-3c5e90125b15,6253-3,Yen Lac,yen-lac-l7014-6253-3,public,PCL,1964,1,,,True,https://iiif.maparchive.vn/iiif/b70f5ac6-00b8-4985-ace5-3c5e90125b15,https://maparchive.vn/api/maps/b70f5ac6-00b8-4985-ace5-3c5e90125b15/annotation,
231295e5-c890-406f-a94e-98411ed812a5,6253-4,Ban Cao,ban-cao-l7014-6253-4,public,PCL,1966,2,,,True,https://iiif.maparchive.vn/iiif/231295e5-c890-406f-a94e-98411ed812a5,https://maparchive.vn/api/maps/231295e5-c890-406f-a94e-98411ed812a5/annotation,
ae037fa1-7bdf-4f76-bf17-e952e0835c67,6254-1,Tra Linh,tra-linh-l7014-6254-1,public,PCL,1963,1,,,True,https://iiif.maparchive.vn/iiif/ae037fa1-7bdf-4f76-bf17-e952e0835c67,https://maparchive.vn/api/maps/ae037fa1-7bdf-4f76-bf17-e952e0835c67/annotation,
1f1cc09c-0c60-4187-908f-39383ef4b208,6254-2,Cao Bang,cao-bang-l7014-6254-2,public,PCL,1963,1,,,True,https://iiif.maparchive.vn/iiif/1f1cc09c-0c60-4187-908f-39383ef4b208,https://maparchive.vn/api/maps/1f1cc09c-0c60-4187-908f-39383ef4b208/annotation,
29d0d1da-acd8-4be4-8606-c0c468474d6b,6254-3,Nuoc Hai,nuoc-hai-l7014-6254-3,public,PCL,1964,1,,,True,https://iiif.maparchive.vn/iiif/29d0d1da-acd8-4be4-8606-c0c468474d6b,https://maparchive.vn/api/maps/29d0d1da-acd8-4be4-8606-c0c468474d6b/annotation,
1eea8082-478d-4343-91b4-653337b5e62f,6254-4,Soc Giang,soc-giang-l7014-6254-4,public,PCL,1966,2,,,True,https://iiif.maparchive.vn/iiif/1eea8082-478d-4343-91b4-653337b5e62f,https://maparchive.vn/api/maps/1eea8082-478d-4343-91b4-653337b5e62f/annotation,
db1c0336-61e2-47e6-b5e5-dcfe1f3086b3,6326-3,Con Son,con-son-l7014-6326-3,public,PCL,,,,,True,https://iiif.maparchive.vn/iiif/db1c0336-61e2-47e6-b5e5-dcfe1f3086b3,https://maparchive.vn/api/maps/db1c0336-61e2-47e6-b5e5-dcfe1f3086b3/annotation,hand-read neatline to lattice corners; aspect 1.67% off
9997582b-fefd-49e2-9d51-c8ae6f3bc370,6326-3,Côn Sơn,con-son-l7014-6326-3-ed-1,draft,TTU,,1,EDITION 1-AMS / PHÁT HÀNH LẦN THỨ 1-AMS,,True,https://iiif.maparchive.vn/iiif/9997582b-fefd-49e2-9d51-c8ae6f3bc370,https://maparchive.vn/api/maps/9997582b-fefd-49e2-9d51-c8ae6f3bc370/annotation,hand-read neatline to lattice corners; aspect 0.18% off
ba5b3d3e-1671-445a-964d-d1868e0aa201,6328-3,Ba Dong,ba-dong-l7014-6328-3,public,PCL,1965,1,,,True,https://iiif.maparchive.vn/iiif/ba5b3d3e-1671-445a-964d-d1868e0aa201,https://maparchive.vn/api/maps/ba5b3d3e-1671-445a-964d-d1868e0aa201/annotation,
3279b201-ba2d-4181-9706-0c450b3cd7a7,6328-4,Thanh Phu,thanh-phu-l7014-6328-4,public,PCL,1965,1,,,True,https://iiif.maparchive.vn/iiif/3279b201-ba2d-4181-9706-0c450b3cd7a7,https://maparchive.vn/api/maps/3279b201-ba2d-4181-9706-0c450b3cd7a7/annotation,
7c4e2eaa-2113-4561-a339-d031f1161429,6329-1,Can Gio,can-gio-l7014-6329-1,public,,1983,3-DMA,,,True,https://iiif.maparchive.vn/iiif/7c4e2eaa-2113-4561-a339-d031f1161429,https://maparchive.vn/api/maps/7c4e2eaa-2113-4561-a339-d031f1161429/annotation,
31c5acf5-76eb-4a4e-9690-5ca55a89879d,6329-1,Cần Giờ,can-gio-l7014-6329-1-ed-2-ams,draft,TTU,1968,2-AMS (29 ETB),,Printed by 29th Engr Bn (BT) 12-68; prepared 1968,False,https://iiif.maparchive.vn/iiif/31c5acf5-76eb-4a4e-9690-5ca55a89879d,,
3d0719d1-a591-46fc-ba02-2cb7fd6c164c,6329-2,Thua Duc,thua-duc-l7014-6329-2,draft,,,,,,True,https://iiif.maparchive.vn/iiif/3d0719d1-a591-46fc-ba02-2cb7fd6c164c,https://maparchive.vn/api/maps/3d0719d1-a591-46fc-ba02-2cb7fd6c164c/annotation,hand-read neatline to lattice corners; aspect 1.53% off; corners are 39 m off a parallelogram (bent scan or a corner off by a few px)
98ba8841-bddd-4a8c-b92c-0e08bc2aa522,6329-2,Thừa Đức,thua-duc-l7014-6329-2-ed-1,draft,TTU,,1,EDITION 1-AMS / XUẤT-BẢN LẦN THỨ 1-AMS,,False,https://iiif.maparchive.vn/iiif/98ba8841-bddd-4a8c-b92c-0e08bc2aa522,,
09b0f484-c12f-4a2c-938c-376ea06cb34b,6329-3,Binh Dai,binh-dai-l7014-6329-3,draft,,,,,,True,https://iiif.maparchive.vn/iiif/09b0f484-c12f-4a2c-938c-376ea06cb34b,https://maparchive.vn/api/maps/09b0f484-c12f-4a2c-938c-376ea06cb34b/annotation,hand-read neatline to lattice corners; aspect 0.72% off
41b1b3a9-7feb-4423-ba1f-c830cd6ded44,6329-3,Bình Đại,binh-dai-l7014-6329-3-ed-1,draft,TTU,,1,EDITION 1-AMS / PHÁT HÀNH LẦN THỨ 1-AMS,,False,https://iiif.maparchive.vn/iiif/41b1b3a9-7feb-4423-ba1f-c830cd6ded44,,
07859658-c9cd-4006-80b7-e3fbd45b6f2c,6329-4,Go Cong,go-cong-l7014-6329-4,public,,1967,,,,True,https://iiif.maparchive.vn/iiif/07859658-c9cd-4006-80b7-e3fbd45b6f2c,https://maparchive.vn/api/maps/07859658-c9cd-4006-80b7-e3fbd45b6f2c/annotation,
bcff0ba5-cdc1-4dfe-bba7-cc32d44a0128,6329-4,Gò Công,go-cong-l7014-6329-4-ed-1-ams,draft,TTU,,1-AMS,,,False,https://iiif.maparchive.vn/iiif/bcff0ba5-cdc1-4dfe-bba7-cc32d44a0128,,
8bb23b06-3f98-4e27-9a1e-118ca5d6092c,6330-1,Bien Hoa,bien-hoa-l7014-6330-1,public,,1969,,,,True,https://iiif.maparchive.vn/iiif/8bb23b06-3f98-4e27-9a1e-118ca5d6092c,https://maparchive.vn/api/maps/8bb23b06-3f98-4e27-9a1e-118ca5d6092c/annotation,
7fa09487-3585-4bf3-b908-96803ebf2c15,6330-1,Biên Hòa,bien-hoa-l7014-6330-1-ed-4,draft,TTU,1969,4,,Vẽ và in lại năm 1978 tại Cục Đo đạc và Bản đồ Nhà nước; bản đồ tin tức năm 1969,False,https://iiif.maparchive.vn/iiif/7fa09487-3585-4bf3-b908-96803ebf2c15,,
1c449c26-7ab0-4d39-8d13-2b4bf34f1c71,6330-2,Nhơn Trạch,nhon-trach-l7014-6330-2-ed-3-tpc,draft,TTU,1970,3-TPC (29 ETB),,Printed by 29th Engr Bn (BT) 12-70; prepared 1970,False,https://iiif.maparchive.vn/iiif/1c449c26-7ab0-4d39-8d13-2b4bf34f1c71,,
232e921a-7504-4d78-bbb6-526e8cd6afef,6330-2,Nhon Trach (Phu Thanh),nhon-trach-phu-thanh-l7014-6330-2,public,,1969,,,,True,https://iiif.maparchive.vn/iiif/232e921a-7504-4d78-bbb6-526e8cd6afef,https://maparchive.vn/api/maps/232e921a-7504-4d78-bbb6-526e8cd6afef/annotation,
8716b8cc-1ee3-4e4a-9026-e2995d466a49,6330-3,Can Giuoc,can-giuoc-l7014-6330-3,public,,1970,,,,True,https://iiif.maparchive.vn/iiif/8716b8cc-1ee3-4e4a-9026-e2995d466a49,https://maparchive.vn/api/maps/8716b8cc-1ee3-4e4a-9026-e2995d466a49/annotation,
436fbd9c-8088-47e1-972c-e7feb6a1ab54,6330-3,Cần Giuộc,can-giuoc-l7014-6330-3-ed-3-tpc,draft,TTU,1970,3-TPC (29 ETB),,Printed by 29th Engr Bn (BT) 5-71; prepared 1970,False,https://iiif.maparchive.vn/iiif/436fbd9c-8088-47e1-972c-e7feb6a1ab54,,
7d0ee67d-d904-486e-be18-67bc0c1d3ba8,6330-4,Sài Gòn,sai-gon-l7014-6330-4-ed-3,draft,TTU,1965,3,,Vẽ và in lại năm 1978 tại Cục Đo đạc và Bản đồ Nhà nước; bản đồ tin tức năm 1965,False,https://iiif.maparchive.vn/iiif/7d0ee67d-d904-486e-be18-67bc0c1d3ba8,,
08f9e044-c324-4291-99da-69783768e85f,6330-4,Thành phố Hồ Chí Minh,thanh-pho-ho-chi-minh-l7014-6330-4,public,,1984,5-DMA,,Reprinted by NIMA 12-99,True,https://iiif.maparchive.vn/iiif/08f9e044-c324-4291-99da-69783768e85f,https://maparchive.vn/api/maps/08f9e044-c324-4291-99da-69783768e85f/annotation,
43374a6c-e202-44cd-aaab-d5501fa81f48,6331-1,Phuoc Vinh,phuoc-vinh-l7014-6331-1,public,PCL,1969,3,,,True,https://iiif.maparchive.vn/iiif/43374a6c-e202-44cd-aaab-d5501fa81f48,https://maparchive.vn/api/maps/43374a6c-e202-44cd-aaab-d5501fa81f48/annotation,
0b031239-4e8c-446a-9d47-4ba6b82ccee4,6331-2,Tan Uyen,tan-uyen-l7014-6331-2,public,PCL,1969,3,,,True,https://iiif.maparchive.vn/iiif/0b031239-4e8c-446a-9d47-4ba6b82ccee4,https://maparchive.vn/api/maps/0b031239-4e8c-446a-9d47-4ba6b82ccee4/annotation,
68a86a4c-eaa5-45b6-a1d9-11894ed96fcb,6331-3,Ben Cat,ben-cat-l7014-6331-3,public,PCL,1968,2,,,True,https://iiif.maparchive.vn/iiif/68a86a4c-eaa5-45b6-a1d9-11894ed96fcb,https://maparchive.vn/api/maps/68a86a4c-eaa5-45b6-a1d9-11894ed96fcb/annotation,
911d8d02-e4f5-4fbb-962f-be98bbad6e5b,6331-4,Xom Ruong,xom-ruong-l7014-6331-4,public,PCL,1970,3,,,True,https://iiif.maparchive.vn/iiif/911d8d02-e4f5-4fbb-962f-be98bbad6e5b,https://maparchive.vn/api/maps/911d8d02-e4f5-4fbb-962f-be98bbad6e5b/annotation,
a24630fa-fbb7-4384-b1bd-581e00f428f5,6332-1,Phuoc Binh,phuoc-binh-l7014-6332-1,public,PCL,1968,2,,,True,https://iiif.maparchive.vn/iiif/a24630fa-fbb7-4384-b1bd-581e00f428f5,https://maparchive.vn/api/maps/a24630fa-fbb7-4384-b1bd-581e00f428f5/annotation,
c914ba72-a341-413d-8af8-05ed0cd9a8b8,6332-2,Dong Xoai,dong-xoai-l7014-6332-2,public,PCL,1968,2,,,True,https://iiif.maparchive.vn/iiif/c914ba72-a341-413d-8af8-05ed0cd9a8b8,https://maparchive.vn/api/maps/c914ba72-a341-413d-8af8-05ed0cd9a8b8/annotation,
1a61201b-fb87-4a87-9047-ac9a5afa0315,6332-3,An Loc,an-loc-l7014-6332-3,public,PCL,1967,2,,,True,https://iiif.maparchive.vn/iiif/1a61201b-fb87-4a87-9047-ac9a5afa0315,https://maparchive.vn/api/maps/1a61201b-fb87-4a87-9047-ac9a5afa0315/annotation,
a88a5367-831f-488f-918f-369978246197,6332-4,Loc Ninh,loc-ninh-l7014-6332-4,public,PCL,,,,,True,https://iiif.maparchive.vn/iiif/a88a5367-831f-488f-918f-369978246197,https://maparchive.vn/api/maps/a88a5367-831f-488f-918f-369978246197/annotation,neatline to lattice cell; worst seam 34 m
dd7a75b9-2cf4-4115-82bf-7d278003a47d,6332-4,Lộc Ninh,loc-ninh-l7014-6332-4-ed-1,draft,TTU,,1,EDITION 1-AMS / XUẤT-BẢN LẦN THỨ 1-AMS,,True,https://iiif.maparchive.vn/iiif/dd7a75b9-2cf4-4115-82bf-7d278003a47d,https://maparchive.vn/api/maps/dd7a75b9-2cf4-4115-82bf-7d278003a47d/annotation,hand-read neatline to lattice corners; aspect 2.5% off; corners are 35 m off a parallelogram (bent scan or a corner off by a few px)
745ec632-efa3-4566-a299-9013244ea4a2,6333-2,Ấp Phước Thiện,ap-phuoc-thien-l7014-6333-2-ed-3,draft,TTU,,3,EDITION 3-TPC (29 ETB),,True,https://iiif.maparchive.vn/iiif/745ec632-efa3-4566-a299-9013244ea4a2,https://maparchive.vn/api/maps/745ec632-efa3-4566-a299-9013244ea4a2/annotation,hand-read neatline to lattice corners; aspect 0.37% off; corners are 52 m off a parallelogram (bent scan or a corner off by a few px)
56a09c0f-7e2b-4d4e-8a46-a8f7e5636ded,6333-3,Méak Say,meak-say-l7014-6333-3-ed-1,draft,TTU,,1,EDITION 1-AMS / PHÁT HÀNH LẦN THỨ 1-AMS,,False,https://iiif.maparchive.vn/iiif/56a09c0f-7e2b-4d4e-8a46-a8f7e5636ded,,
301eeed1-0d62-40cc-af34-9826b0ebed74,6341-1,Sa Moi,sa-moi-l7014-6341-1-ed-4,draft,TTU,,4,EDITION 4-TPC,,False,https://iiif.maparchive.vn/iiif/301eeed1-0d62-40cc-af34-9826b0ebed74,,
5c9d2191-8562-4620-af4f-f2ace1fbf124,6341-4,Sheet 6341-4,sheet-6341-4-l7014-6341-4-ttu,draft,TTU,,,,,False,https://iiif.maparchive.vn/iiif/5c9d2191-8562-4620-af4f-f2ace1fbf124,,
7c02ff16-dd01-4c4e-974c-a7bd8ab3fceb,6342-1,Cam Lo,cam-lo-l7014-6342-1,public,PCL,,,,,True,https://iiif.maparchive.vn/iiif/7c02ff16-dd01-4c4e-974c-a7bd8ab3fceb,https://maparchive.vn/api/maps/7c02ff16-dd01-4c4e-974c-a7bd8ab3fceb/annotation,hand-read neatline to lattice corners; aspect 0.65% off
2a04ff32-d9fb-458e-8837-4e6c0ad8bf88,6342-1,Cam Lộ,cam-lo-l7014-6342-1-ed-5,draft,TTU,,5,EDITION 5-TPC / PHÁT HÀNH LẦN THỨ 5-TPC,,False,https://iiif.maparchive.vn/iiif/2a04ff32-d9fb-458e-8837-4e6c0ad8bf88,,
5920a2e7-2bf8-4f36-98fc-ae34d9446223,6342-2,Thon Doc Kinh,thon-doc-kinh-l7014-6342-2,public,PCL,1968,2,,,True,https://iiif.maparchive.vn/iiif/5920a2e7-2bf8-4f36-98fc-ae34d9446223,https://maparchive.vn/api/maps/5920a2e7-2bf8-4f36-98fc-ae34d9446223/annotation,
41e22bab-d538-4dc8-bde9-9326bb7361f0,6342-3,Huong Hoa,huong-hoa-l7014-6342-3,public,PCL,1971,6,,,True,https://iiif.maparchive.vn/iiif/41e22bab-d538-4dc8-bde9-9326bb7361f0,https://maparchive.vn/api/maps/41e22bab-d538-4dc8-bde9-9326bb7361f0/annotation,
4611934e-82e7-4342-b9d7-0fbcce563c06,6342-4,Nguon Rao,nguon-rao-l7014-6342-4,public,PCL,1971,4,,,True,https://iiif.maparchive.vn/iiif/4611934e-82e7-4342-b9d7-0fbcce563c06,https://maparchive.vn/api/maps/4611934e-82e7-4342-b9d7-0fbcce563c06/annotation,
53181033-7176-49bc-bf28-224fdb742acb,6343-1,An Dinh,an-dinh-l7014-6343-1,public,PCL,1965,1,,,True,https://iiif.maparchive.vn/iiif/53181033-7176-49bc-bf28-224fdb742acb,https://maparchive.vn/api/maps/53181033-7176-49bc-bf28-224fdb742acb/annotation,
8426dfea-d3ed-4a5e-b6b9-63abdb81aaa8,6343-2,Qui Hau,qui-hau-l7014-6343-2,public,PCL,1971,4,,,True,https://iiif.maparchive.vn/iiif/8426dfea-d3ed-4a5e-b6b9-63abdb81aaa8,https://maparchive.vn/api/maps/8426dfea-d3ed-4a5e-b6b9-63abdb81aaa8/annotation,
bb4073d6-d02b-4f1c-b24c-932f6eabf897,6343-3,My Duc,my-duc-l7014-6343-3,public,PCL,1968,3,,,True,https://iiif.maparchive.vn/iiif/bb4073d6-d02b-4f1c-b24c-932f6eabf897,https://maparchive.vn/api/maps/bb4073d6-d02b-4f1c-b24c-932f6eabf897/annotation,
b5b1c5d8-21a0-4d37-8588-1a7f9310f2b7,6343-4,Dong Hoi,dong-hoi-l7014-6343-4,public,PCL,1968,3,,,True,https://iiif.maparchive.vn/iiif/b5b1c5d8-21a0-4d37-8588-1a7f9310f2b7,https://maparchive.vn/api/maps/b5b1c5d8-21a0-4d37-8588-1a7f9310f2b7/annotation,
27fd8422-7ac0-4c31-b80f-a24ac012d581,6344-3,Ly Hoa,ly-hoa-l7014-6344-3,public,PCL,1966,2,,,True,https://iiif.maparchive.vn/iiif/27fd8422-7ac0-4c31-b80f-a24ac012d581,https://maparchive.vn/api/maps/27fd8422-7ac0-4c31-b80f-a24ac012d581/annotation,
3c47e337-553c-4dd4-b528-1066a8b4e42d,6344-4,Vinh Son,vinh-son-l7014-6344-4,public,PCL,1965,1,,,True,https://iiif.maparchive.vn/iiif/3c47e337-553c-4dd4-b528-1066a8b4e42d,https://maparchive.vn/api/maps/3c47e337-553c-4dd4-b528-1066a8b4e42d/annotation,
a6d27059-fca2-401a-abcb-2ec0f9175393,6349-4,Cua Tra Ly,cua-tra-ly-l7014-6349-4,public,PCL,1966,3,,,True,https://iiif.maparchive.vn/iiif/a6d27059-fca2-401a-abcb-2ec0f9175393,https://maparchive.vn/api/maps/a6d27059-fca2-401a-abcb-2ec0f9175393/annotation,
a5d83da9-2631-4c22-ad7a-32d9eddd1503,6350-1,Quang Yen,quang-yen-l7014-6350-1,draft,,,,,,True,https://iiif.maparchive.vn/iiif/a5d83da9-2631-4c22-ad7a-32d9eddd1503,https://maparchive.vn/api/maps/a5d83da9-2631-4c22-ad7a-32d9eddd1503/annotation,hand-read neatline to lattice corners; aspect 0.04% off
a19becac-9d06-43e9-8f1c-8985e697e294,6350-1,Quảng Yên,quang-yen-l7014-6350-1-ttu,draft,TTU,,,,,False,https://iiif.maparchive.vn/iiif/a19becac-9d06-43e9-8f1c-8985e697e294,,
4a782c22-d882-4325-8303-d8e42deaed9e,6350-2,Do Son,do-son-l7014-6350-2,draft,,,,,,True,https://iiif.maparchive.vn/iiif/4a782c22-d882-4325-8303-d8e42deaed9e,https://maparchive.vn/api/maps/4a782c22-d882-4325-8303-d8e42deaed9e/annotation,hand-read neatline to lattice corners; aspect 0.2% off
7a019b9c-fb1b-4ccd-9430-6101f3577cf8,6350-2,Đồ Sơn,do-son-l7014-6350-2-ttu,draft,TTU,,,,,False,https://iiif.maparchive.vn/iiif/7a019b9c-fb1b-4ccd-9430-6101f3577cf8,,
8e8f81f6-4941-462e-8bcf-91ba5a78863b,6350-3,Cua Van Uc,cua-van-uc-l7014-6350-3,draft,,,,,,True,https://iiif.maparchive.vn/iiif/8e8f81f6-4941-462e-8bcf-91ba5a78863b,https://maparchive.vn/api/maps/8e8f81f6-4941-462e-8bcf-91ba5a78863b/annotation,hand-read neatline to lattice corners; aspect 0.3% off; corners are 26 m off a parallelogram (bent scan or a corner off by a few px)
95c2e848-5d27-4f89-91fc-a4352fd48331,6350-3,Cửa Văn Úc,cua-van-uc-l7014-6350-3-ttu,draft,TTU,,,,,False,https://iiif.maparchive.vn/iiif/95c2e848-5d27-4f89-91fc-a4352fd48331,,
45c50503-a010-46ca-8aba-25409b603878,6350-4,Hai Phong,hai-phong-l7014-6350-4,public,,1966,,,,True,https://iiif.maparchive.vn/iiif/45c50503-a010-46ca-8aba-25409b603878,https://maparchive.vn/api/maps/45c50503-a010-46ca-8aba-25409b603878/annotation,
ba6b7804-1430-44ce-8741-506f0bb06fe6,6350-4,Hải Phòng,hai-phong-l7014-6350-4-ttu,draft,TTU,,,,,True,https://iiif.maparchive.vn/iiif/ba6b7804-1430-44ce-8741-506f0bb06fe6,https://maparchive.vn/api/maps/ba6b7804-1430-44ce-8741-506f0bb06fe6/annotation,hand-read neatline to lattice corners; aspect 2.65% off; corners are 80 m off a parallelogram (bent scan or a corner off by a few px)
37462715-21da-4822-bc3f-531ce05d8445,6351-1,Thanh Am,thanh-am-l7014-6351-1,public,PCL,1965,1,,,True,https://iiif.maparchive.vn/iiif/37462715-21da-4822-bc3f-531ce05d8445,https://maparchive.vn/api/maps/37462715-21da-4822-bc3f-531ce05d8445/annotation,
28b4319e-03c1-4cb9-9f42-4e2bdc756491,6351-2,Uong Bi,uong-bi-l7014-6351-2,public,PCL,1965,1,,,True,https://iiif.maparchive.vn/iiif/28b4319e-03c1-4cb9-9f42-4e2bdc756491,https://maparchive.vn/api/maps/28b4319e-03c1-4cb9-9f42-4e2bdc756491/annotation,
e4b34f03-1e12-4a17-a7f5-acbf886aff97,6351-3,Dong Trieu,dong-trieu-l7014-6351-3,public,PCL,1984,2,,,True,https://iiif.maparchive.vn/iiif/e4b34f03-1e12-4a17-a7f5-acbf886aff97,https://maparchive.vn/api/maps/e4b34f03-1e12-4a17-a7f5-acbf886aff97/annotation,
060ede62-36e8-4c1a-9d81-9993a6f412b5,6351-4,Chu,chu-l7014-6351-4,public,PCL,1965,1,,,True,https://iiif.maparchive.vn/iiif/060ede62-36e8-4c1a-9d81-9993a6f412b5,https://maparchive.vn/api/maps/060ede62-36e8-4c1a-9d81-9993a6f412b5/annotation,
c4dfe722-8789-4322-a703-d534550b394b,6352-1,Lang Son,lang-son-l7014-6352-1,public,PCL,1964,1,,,True,https://iiif.maparchive.vn/iiif/c4dfe722-8789-4322-a703-d534550b394b,https://maparchive.vn/api/maps/c4dfe722-8789-4322-a703-d534550b394b/annotation,
c0596071-ed7c-4e72-936e-1359f9389183,6352-2,Dong Quan,dong-quan-l7014-6352-2,public,PCL,1964,1,,,True,https://iiif.maparchive.vn/iiif/c0596071-ed7c-4e72-936e-1359f9389183,https://maparchive.vn/api/maps/c0596071-ed7c-4e72-936e-1359f9389183/annotation,
57b8a76d-6399-4fd6-93c3-be374e0a7c94,6352-3,On,on-l7014-6352-3,public,PCL,1965,1,,,True,https://iiif.maparchive.vn/iiif/57b8a76d-6399-4fd6-93c3-be374e0a7c94,https://maparchive.vn/api/maps/57b8a76d-6399-4fd6-93c3-be374e0a7c94/annotation,
f1ba78ce-f3fd-4f4e-a3a0-b2319ff387f6,6352-4,Dong Dang,dong-dang-l7014-6352-4,public,PCL,1964,1,,,True,https://iiif.maparchive.vn/iiif/f1ba78ce-f3fd-4f4e-a3a0-b2319ff387f6,https://maparchive.vn/api/maps/f1ba78ce-f3fd-4f4e-a3a0-b2319ff387f6/annotation,
7793477d-be9f-4640-8a09-c428329b4ea5,6353-3,Na Cham,na-cham-l7014-6353-3,public,PCL,1964,1,,,True,https://iiif.maparchive.vn/iiif/7793477d-be9f-4640-8a09-c428329b4ea5,https://maparchive.vn/api/maps/7793477d-be9f-4640-8a09-c428329b4ea5/annotation,
7e8c281e-bce3-4f3b-942a-ac6158eddf6d,6353-4,Ta Lung,ta-lung-l7014-6353-4-ttu,draft,TTU,,,,,False,https://iiif.maparchive.vn/iiif/7e8c281e-bce3-4f3b-942a-ac6158eddf6d,,
c017072d-6b69-49c4-99ec-d57b3ecf5613,6354-1,Bản Không,ban-khong-l7014-6354-1-ttu,draft,TTU,,,,,True,https://iiif.maparchive.vn/iiif/c017072d-6b69-49c4-99ec-d57b3ecf5613,https://maparchive.vn/api/maps/c017072d-6b69-49c4-99ec-d57b3ecf5613/annotation,hand-read neatline to lattice corners; aspect 1.88% off
844bad0e-16f6-4eb3-82d9-746d372b6676,6354-2,Bản Kiềng,ban-kieng-l7014-6354-2-ttu,draft,TTU,,,,,False,https://iiif.maparchive.vn/iiif/844bad0e-16f6-4eb3-82d9-746d372b6676,,
9c78923f-6124-4c80-9198-a92215f59bfe,6354-3,Phuc Hoa,phuc-hoa-l7014-6354-3,public,PCL,1964,1,,,True,https://iiif.maparchive.vn/iiif/9c78923f-6124-4c80-9198-a92215f59bfe,https://maparchive.vn/api/maps/9c78923f-6124-4c80-9198-a92215f59bfe/annotation,
4e134bf8-a9f9-40b2-be53-be0acadc2545,6354-4,Trung Khanh Phu,trung-khanh-phu-l7014-6354-4,public,PCL,1964,1,,,True,https://iiif.maparchive.vn/iiif/4e134bf8-a9f9-40b2-be53-be0acadc2545,https://maparchive.vn/api/maps/4e134bf8-a9f9-40b2-be53-be0acadc2545/annotation,
dd50cf9a-f055-4d78-b370-077938ce41e6,6429-1,Cho Phuoc Hai,cho-phuoc-hai-l7014-6429-1,public,PCL,1984,4,,,True,https://iiif.maparchive.vn/iiif/dd50cf9a-f055-4d78-b370-077938ce41e6,https://maparchive.vn/api/maps/dd50cf9a-f055-4d78-b370-077938ce41e6/annotation,
98331858-4fa1-47c1-8b47-8d9b66172f05,6429-4,Xa Vung Tau,xa-vung-tau-l7014-6429-4,public,PCL,1968,3,,,True,https://iiif.maparchive.vn/iiif/98331858-4fa1-47c1-8b47-8d9b66172f05,https://maparchive.vn/api/maps/98331858-4fa1-47c1-8b47-8d9b66172f05/annotation,
a371ec15-0fc5-4114-8137-e1c1a70fc4e8,6430-1,Xa Cam My,xa-cam-my-l7014-6430-1,public,PCL,1969,2,,,True,https://iiif.maparchive.vn/iiif/a371ec15-0fc5-4114-8137-e1c1a70fc4e8,https://maparchive.vn/api/maps/a371ec15-0fc5-4114-8137-e1c1a70fc4e8/annotation,
e79aea17-61b0-4ede-82e7-7529831e6eff,6430-2,Xuyen Moc,xuyen-moc-l7014-6430-2,public,PCL,1968,3,,,True,https://iiif.maparchive.vn/iiif/e79aea17-61b0-4ede-82e7-7529831e6eff,https://maparchive.vn/api/maps/e79aea17-61b0-4ede-82e7-7529831e6eff/annotation,
e933b818-1404-449d-892e-d9fa2ecbbb76,6430-3,Xa Binh Ba,xa-binh-ba-l7014-6430-3,public,PCL,1969,3,,,True,https://iiif.maparchive.vn/iiif/e933b818-1404-449d-892e-d9fa2ecbbb76,https://maparchive.vn/api/maps/e933b818-1404-449d-892e-d9fa2ecbbb76/annotation,
0cf660d9-c154-4de3-9451-10debb09599e,6430-4,Xa Xuan Loc,xa-xuan-loc-l7014-6430-4,public,PCL,1969,2,,,True,https://iiif.maparchive.vn/iiif/0cf660d9-c154-4de3-9451-10debb09599e,https://maparchive.vn/api/maps/0cf660d9-c154-4de3-9451-10debb09599e/annotation,
f0a32d54-7ea9-4c48-86fb-6c8438c3cd2e,6431-1,Loi Tan,loi-tan-l7014-6431-1,public,PCL,1965,1,,,True,https://iiif.maparchive.vn/iiif/f0a32d54-7ea9-4c48-86fb-6c8438c3cd2e,https://maparchive.vn/api/maps/f0a32d54-7ea9-4c48-86fb-6c8438c3cd2e/annotation,
9b10ffe6-81f9-4596-a3dc-781a0c8e37ed,6431-2,Dinh Quan,dinh-quan-l7014-6431-2,public,PCL,1965,1,,,True,https://iiif.maparchive.vn/iiif/9b10ffe6-81f9-4596-a3dc-781a0c8e37ed,https://maparchive.vn/api/maps/9b10ffe6-81f9-4596-a3dc-781a0c8e37ed/annotation,
3f3e057c-f24e-4632-8ac1-b137692f50fe,6431-3,Xa Gia Kiem,xa-gia-kiem-l7014-6431-3,public,PCL,1968,2,,,True,https://iiif.maparchive.vn/iiif/3f3e057c-f24e-4632-8ac1-b137692f50fe,https://maparchive.vn/api/maps/3f3e057c-f24e-4632-8ac1-b137692f50fe/annotation,
a18adad0-dfe1-4c8c-88f7-d9a9576320b6,6431-4,Ap Cau Cay,ap-cau-cay-l7014-6431-4,public,PCL,1965,1,,,True,https://iiif.maparchive.vn/iiif/a18adad0-dfe1-4c8c-88f7-d9a9576320b6,https://maparchive.vn/api/maps/a18adad0-dfe1-4c8c-88f7-d9a9576320b6/annotation,
045b6ecf-8430-4c16-8bce-bba70661197f,6432-1,Duc Phong,duc-phong-l7014-6432-1,public,PCL,1965,1,,,True,https://iiif.maparchive.vn/iiif/045b6ecf-8430-4c16-8bce-bba70661197f,https://maparchive.vn/api/maps/045b6ecf-8430-4c16-8bce-bba70661197f/annotation,
83a287f2-f42e-40c9-a0de-ac90a51fe10c,6432-2,B Rdu,b-rdu-l7014-6432-2,public,PCL,1965,1,,,True,https://iiif.maparchive.vn/iiif/83a287f2-f42e-40c9-a0de-ac90a51fe10c,https://maparchive.vn/api/maps/83a287f2-f42e-40c9-a0de-ac90a51fe10c/annotation,
9e1562c7-d8b0-4c63-8b5a-e78d08071251,6432-3,Dia Diem Bunard,dia-diem-bunard-l7014-6432-3,public,PCL,1968,2,,,True,https://iiif.maparchive.vn/iiif/9e1562c7-d8b0-4c63-8b5a-e78d08071251,https://maparchive.vn/api/maps/9e1562c7-d8b0-4c63-8b5a-e78d08071251/annotation,
d786bab4-e395-480f-b45f-2faa0108218c,6432-4,Dong Sre Viet,dong-sre-viet-l7014-6432-4,public,PCL,1969,2,,,True,https://iiif.maparchive.vn/iiif/d786bab4-e395-480f-b45f-2faa0108218c,https://maparchive.vn/api/maps/d786bab4-e395-480f-b45f-2faa0108218c/annotation,
70d9938a-6820-4d24-9116-5e9e2f69f5ba,6433-1,Dak Dam,dak-dam-l7014-6433-1,public,PCL,,,,,True,https://iiif.maparchive.vn/iiif/70d9938a-6820-4d24-9116-5e9e2f69f5ba,https://maparchive.vn/api/maps/70d9938a-6820-4d24-9116-5e9e2f69f5ba/annotation,hand-read neatline to lattice corners; aspect 0.57% off
24e7ee44-802e-46dd-91cc-4b6fd2c986d6,6433-1,Dak Dăm,dak-dam-l7014-6433-1-ed-3,draft,TTU,,3,EDITION 3-AMS,,True,https://iiif.maparchive.vn/iiif/24e7ee44-802e-46dd-91cc-4b6fd2c986d6,https://maparchive.vn/api/maps/24e7ee44-802e-46dd-91cc-4b6fd2c986d6/annotation,hand-read neatline to lattice corners; aspect 0.44% off
81e3d8bc-8aa6-423f-bd27-ebe7fcbbb72b,6433-2,Ap Doan Van,ap-doan-van-l7014-6433-2,public,PCL,1965,1,,,True,https://iiif.maparchive.vn/iiif/81e3d8bc-8aa6-423f-bd27-ebe7fcbbb72b,https://maparchive.vn/api/maps/81e3d8bc-8aa6-423f-bd27-ebe7fcbbb72b/annotation,
3dcc3133-bf4f-4464-9c2a-3669a16edc34,6433-3,Bu Gia,bu-gia-l7014-6433-3,public,PCL,,,,,True,https://iiif.maparchive.vn/iiif/3dcc3133-bf4f-4464-9c2a-3669a16edc34,https://maparchive.vn/api/maps/3dcc3133-bf4f-4464-9c2a-3669a16edc34/annotation,
7441fa55-feb9-404b-80d3-9177ff3b0a54,6433-3,Bù Gia Mập,bu-gia-map-l7014-6433-3-ed-2,draft,TTU,,2,EDITION 2-AMS / XUẤT-BẢN LẦN THỨ 2-AMS,,False,https://iiif.maparchive.vn/iiif/7441fa55-feb9-404b-80d3-9177ff3b0a54,,
318afc6f-dde3-4948-9787-984d9354f7d3,6433-4,O Rang,o-rang-l7014-6433-4,public,PCL,,,,,True,https://iiif.maparchive.vn/iiif/318afc6f-dde3-4948-9787-984d9354f7d3,https://maparchive.vn/api/maps/318afc6f-dde3-4948-9787-984d9354f7d3/annotation,hand-read neatline to lattice corners; aspect 0.27% off
168160d8-5e14-44ad-af35-9730ca5fc007,6433-4,O Rang,o-rang-l7014-6433-4-ed-1,draft,TTU,,1,EDITION 1-AMS,,True,https://iiif.maparchive.vn/iiif/168160d8-5e14-44ad-af35-9730ca5fc007,https://maparchive.vn/api/maps/168160d8-5e14-44ad-af35-9730ca5fc007/annotation,hand-read neatline to lattice corners; aspect 1.15% off; corners are 56 m off a parallelogram (bent scan or a corner off by a few px)
23042a21-1385-470c-b104-82733e4a6d92,6434-1,O Tea,o-tea-l7014-6434-1,public,PCL,,,,,True,https://iiif.maparchive.vn/iiif/23042a21-1385-470c-b104-82733e4a6d92,https://maparchive.vn/api/maps/23042a21-1385-470c-b104-82733e4a6d92/annotation,hand-read neatline to lattice corners; aspect 0.07% off; corners are 79 m off a parallelogram (bent scan or a corner off by a few px)
46f07203-1ae1-4ad9-ab99-12518b3e11c4,6434-1,O Téa,o-tea-l7014-6434-1-ed-1,draft,TTU,,1,EDITION 1-AMS / PHÁT HÀNH LẦN THỨ 1 AMS,,False,https://iiif.maparchive.vn/iiif/46f07203-1ae1-4ad9-ab99-12518b3e11c4,,
a83f9d52-a548-41b0-b9ba-c4524ad92384,6436-1,Ph Ba Kham,ph-ba-kham-l7014-6436-1,public,PCL,,,,,True,https://iiif.maparchive.vn/iiif/a83f9d52-a548-41b0-b9ba-c4524ad92384,https://maparchive.vn/api/maps/a83f9d52-a548-41b0-b9ba-c4524ad92384/annotation,hand-read neatline to lattice corners; aspect 0.33% off
11ee737a-5237-4024-bed1-8f59ce9ddbdc,6436-1,Ph. Bà Khăm,ph-ba-kham-l7014-6436-1-ttu,draft,TTU,,,,,True,https://iiif.maparchive.vn/iiif/11ee737a-5237-4024-bed1-8f59ce9ddbdc,https://maparchive.vn/api/maps/11ee737a-5237-4024-bed1-8f59ce9ddbdc/annotation,hand-read neatline to lattice corners; aspect 2.82% off; corners are 61 m off a parallelogram (bent scan or a corner off by a few px)
1ba8e89e-2453-42e2-90d9-7ba1056556e2,6437-1,Phu Kham Dorang,phu-kham-dorang-l7014-6437-1,public,PCL,,,,,True,https://iiif.maparchive.vn/iiif/1ba8e89e-2453-42e2-90d9-7ba1056556e2,https://maparchive.vn/api/maps/1ba8e89e-2453-42e2-90d9-7ba1056556e2/annotation,neatline to lattice cell; no neighbour to check against
60ab4182-6f05-4285-a1f9-705d43528a9c,6437-1,Phum Kham Dorang,phum-kham-dorang-l7014-6437-1-ed-1,draft,TTU,,1,"XUẤT-BẢN LẦN THỨ 1-AMS (faint, mirrored show-through)",,False,https://iiif.maparchive.vn/iiif/60ab4182-6f05-4285-a1f9-705d43528a9c,,
1c36f588-1539-4b05-897d-0e1f768ff191,6437-2,Phum Hay,phum-hay-l7014-6437-2,public,PCL,1970,3,,,True,https://iiif.maparchive.vn/iiif/1c36f588-1539-4b05-897d-0e1f768ff191,https://maparchive.vn/api/maps/1c36f588-1539-4b05-897d-0e1f768ff191/annotation,
f0474ce6-3abe-44c7-aebc-247ab9f29998,6438-1,Dak Palouat,dak-palouat-l7014-6438-1,public,PCL,,,,,True,https://iiif.maparchive.vn/iiif/f0474ce6-3abe-44c7-aebc-247ab9f29998,https://maparchive.vn/api/maps/f0474ce6-3abe-44c7-aebc-247ab9f29998/annotation,hand-read neatline to lattice corners; aspect 1.46% off
3f64d4bf-72d2-48db-9fdd-5d10b2905c46,6438-1,Dak Palouat,dak-palouat-l7014-6438-1-ttu,draft,TTU,,,,,False,https://iiif.maparchive.vn/iiif/3f64d4bf-72d2-48db-9fdd-5d10b2905c46,,
f4c27aca-1962-4354-914f-e768683e40aa,6439-1,Ban Mangha Noy,ban-mangha-noy-l7014-6439-1,public,PCL,,,,,True,https://iiif.maparchive.vn/iiif/f4c27aca-1962-4354-914f-e768683e40aa,https://maparchive.vn/api/maps/f4c27aca-1962-4354-914f-e768683e40aa/annotation,hand-read neatline to lattice corners; aspect 0.31% off
c937e72e-dee8-4f07-a704-d59514d7b48c,6439-1,Ban Mangha Noy,ban-mangha-noy-l7014-6439-1-ed-3,draft,TTU,,3,EDITION 3-TPC / PHÁT HÀNH LẦN THỨ 3-TPC,,True,https://iiif.maparchive.vn/iiif/c937e72e-dee8-4f07-a704-d59514d7b48c,https://maparchive.vn/api/maps/c937e72e-dee8-4f07-a704-d59514d7b48c/annotation,hand-read neatline to lattice corners; aspect 0.36% off
0f12a435-d174-4c27-8dd9-c63af60556ad,6439-2,Ban Vangtat,ban-vangtat-l7014-6439-2,public,PCL,1968,2,,,True,https://iiif.maparchive.vn/iiif/0f12a435-d174-4c27-8dd9-c63af60556ad,https://maparchive.vn/api/maps/0f12a435-d174-4c27-8dd9-c63af60556ad/annotation,
832198b0-8304-4ad0-8e4e-ed3655882cc3,6440-1,Ta Ko,ta-ko-l7014-6440-1,public,PCL,1965,1,,,True,https://iiif.maparchive.vn/iiif/832198b0-8304-4ad0-8e4e-ed3655882cc3,https://maparchive.vn/api/maps/832198b0-8304-4ad0-8e4e-ed3655882cc3/annotation,
6a29c2d1-3fa1-4b61-b9e2-05b66d7cc1b0,6440-2,A Ro,a-ro-l7014-6440-2,public,PCL,,,,,True,https://iiif.maparchive.vn/iiif/6a29c2d1-3fa1-4b61-b9e2-05b66d7cc1b0,https://maparchive.vn/api/maps/6a29c2d1-3fa1-4b61-b9e2-05b66d7cc1b0/annotation,
9466821f-2e1f-4432-8e94-efe4bbf027f4,6440-2,A Ro,a-ro-l7014-6440-2-ttu,draft,TTU,,,,,False,https://iiif.maparchive.vn/iiif/9466821f-2e1f-4432-8e94-efe4bbf027f4,,
fac4d8fd-2b8d-42ae-adec-83042fb6ec9f,6440-3,Ban Tangyoun,ban-tangyoun-l7014-6440-3,public,PCL,,,,,True,https://iiif.maparchive.vn/iiif/fac4d8fd-2b8d-42ae-adec-83042fb6ec9f,https://maparchive.vn/api/maps/fac4d8fd-2b8d-42ae-adec-83042fb6ec9f/annotation,hand-read neatline to lattice corners; aspect 0.11% off; corners are 34 m off a parallelogram (bent scan or a corner off by a few px)
70b5104f-9a3b-41a4-ac0a-9ee0e3bbf6ec,6440-3,Ban Tangyoun,ban-tangyoun-l7014-6440-3-ttu,draft,TTU,,,,,False,https://iiif.maparchive.vn/iiif/70b5104f-9a3b-41a4-ac0a-9ee0e3bbf6ec,,
8fe6f597-d88c-4ef6-88f0-35e96d279a8d,6440-4,Ban Alot,ban-alot-l7014-6440-4,public,PCL,,,,,True,https://iiif.maparchive.vn/iiif/8fe6f597-d88c-4ef6-88f0-35e96d279a8d,https://maparchive.vn/api/maps/8fe6f597-d88c-4ef6-88f0-35e96d279a8d/annotation,neatline to lattice cell; no neighbour to check against
baa4f48c-206c-4bea-b2e1-91e7f4d85c1f,6440-4,Ban Alôt,ban-alot-l7014-6440-4-ed-1,draft,TTU,,1,EDITION 1-AMS / XUẤT-BẢN LẦN THỨ 1-AMS,,True,https://iiif.maparchive.vn/iiif/baa4f48c-206c-4bea-b2e1-91e7f4d85c1f,https://maparchive.vn/api/maps/baa4f48c-206c-4bea-b2e1-91e7f4d85c1f/annotation,hand-read neatline to lattice corners; aspect 2.05% off; corners are 56 m off a parallelogram (bent scan or a corner off by a few px)
d4e07fa3-ff94-4d3b-b979-12ad2170c83f,6441-1,Ap Lai Bang,ap-lai-bang-l7014-6441-1,public,PCL,,,,,True,https://iiif.maparchive.vn/iiif/d4e07fa3-ff94-4d3b-b979-12ad2170c83f,https://maparchive.vn/api/maps/d4e07fa3-ff94-4d3b-b979-12ad2170c83f/annotation,
b62ccacb-59e9-4575-8203-71f0ca931304,6441-1,Ấp Lai Bằng,ap-lai-bang-l7014-6441-1-ed-1,draft,TTU,,1,EDITION 1-AMS / XUẤT-BẢN LẦN THỨ 1-AMS,,False,https://iiif.maparchive.vn/iiif/b62ccacb-59e9-4575-8203-71f0ca931304,,
6b41f075-1baa-4ca0-b297-dadebca724b6,6441-2,A Sap,a-sap-l7014-6441-2,public,PCL,,,,,True,https://iiif.maparchive.vn/iiif/6b41f075-1baa-4ca0-b297-dadebca724b6,https://maparchive.vn/api/maps/6b41f075-1baa-4ca0-b297-dadebca724b6/annotation,neatline to lattice cell; worst seam 29 m
704b0427-3783-407a-b68f-3afdb2e9e644,6441-2,A Sap,a-sap-l7014-6441-2-ed-2,draft,TTU,,2,EDITION 2-AMS / PHÁT HÀNH LẦN THỨ 2-AMS,,False,https://iiif.maparchive.vn/iiif/704b0427-3783-407a-b68f-3afdb2e9e644,,
8a46c269-1ad5-45a2-a6f9-e6a1c2135fb3,6441-3,Ban Ko,ban-ko-l7014-6441-3,public,PCL,,,,,True,https://iiif.maparchive.vn/iiif/8a46c269-1ad5-45a2-a6f9-e6a1c2135fb3,https://maparchive.vn/api/maps/8a46c269-1ad5-45a2-a6f9-e6a1c2135fb3/annotation,hand-read neatline to lattice corners; aspect 0.57% off
d9339fc1-b559-4ec1-8fd2-382ab587888a,6441-3,Ban Kô,ban-ko-l7014-6441-3-ed-1,draft,TTU,,1,EDITION 1-AMS / PHÁT HÀNH LẦN THỨ 1 AMS,,False,https://iiif.maparchive.vn/iiif/d9339fc1-b559-4ec1-8fd2-382ab587888a,,
d9810dd3-1178-44e2-bacb-6279ce4d77e4,6441-4,A Luoi,a-luoi-l7014-6441-4,public,PCL,1970,3,,,True,https://iiif.maparchive.vn/iiif/d9810dd3-1178-44e2-bacb-6279ce4d77e4,https://maparchive.vn/api/maps/d9810dd3-1178-44e2-bacb-6279ce4d77e4/annotation,
e975651e-91a1-41b4-8c14-b69ddb98f2d6,6442-1,Thon Ngo Xa Dong,thon-ngo-xa-dong-l7014-6442-1,public,PCL,1966,1,,,True,https://iiif.maparchive.vn/iiif/e975651e-91a1-41b4-8c14-b69ddb98f2d6,https://maparchive.vn/api/maps/e975651e-91a1-41b4-8c14-b69ddb98f2d6/annotation,
4d9b6392-12fc-41f9-88fd-acf6789c4d63,6442-2,Hai Lang,hai-lang-l7014-6442-2,public,PCL,1968,2,,,True,https://iiif.maparchive.vn/iiif/4d9b6392-12fc-41f9-88fd-acf6789c4d63,https://maparchive.vn/api/maps/4d9b6392-12fc-41f9-88fd-acf6789c4d63/annotation,
f293cab4-5e0f-4e30-a580-008f7f9f3744,6442-3,Ba Long,ba-long-l7014-6442-3,public,PCL,1968,2,,,True,https://iiif.maparchive.vn/iiif/f293cab4-5e0f-4e30-a580-008f7f9f3744,https://maparchive.vn/api/maps/f293cab4-5e0f-4e30-a580-008f7f9f3744/annotation,
46e99049-a971-47db-a861-7361ed03b9f8,6442-4,Quang Tri,quang-tri-l7014-6442-4,public,PCL,1969,3,,,True,https://iiif.maparchive.vn/iiif/46e99049-a971-47db-a861-7361ed03b9f8,https://maparchive.vn/api/maps/46e99049-a971-47db-a861-7361ed03b9f8/annotation,
1f8fee08-7442-4036-ae50-4fbe76e5e99a,6443-3,Vinh Linh,vinh-linh-l7014-6443-3,public,PCL,1968,3,,,True,https://iiif.maparchive.vn/iiif/1f8fee08-7442-4036-ae50-4fbe76e5e99a,https://maparchive.vn/api/maps/1f8fee08-7442-4036-ae50-4fbe76e5e99a/annotation,
a39f60c5-aa3e-4b65-8bd9-9d131f4d5da3,6450-1,Ile Longue,ile-longue-l7014-6450-1,public,PCL,1965,1,,,True,https://iiif.maparchive.vn/iiif/a39f60c5-aa3e-4b65-8bd9-9d131f4d5da3,https://maparchive.vn/api/maps/a39f60c5-aa3e-4b65-8bd9-9d131f4d5da3/annotation,
0c3239e7-7091-48cb-ada9-baf24c36f3b1,6450-3,Cat Ba,cat-ba-l7014-6450-3,public,PCL,1983,2,,,True,https://iiif.maparchive.vn/iiif/0c3239e7-7091-48cb-ada9-baf24c36f3b1,https://maparchive.vn/api/maps/0c3239e7-7091-48cb-ada9-baf24c36f3b1/annotation,
45b48226-6170-4a7b-8eef-7034f000ef0e,6450-4,Hong Gai,hong-gai-l7014-6450-4,public,PCL,1983,2,,,True,https://iiif.maparchive.vn/iiif/45b48226-6170-4a7b-8eef-7034f000ef0e,https://maparchive.vn/api/maps/45b48226-6170-4a7b-8eef-7034f000ef0e/annotation,
28909a67-75ff-42e9-ae5f-c4a09d292fbc,6451-1,Tien Yen,tien-yen-l7014-6451-1,public,PCL,1965,1,,,True,https://iiif.maparchive.vn/iiif/28909a67-75ff-42e9-ae5f-c4a09d292fbc,https://maparchive.vn/api/maps/28909a67-75ff-42e9-ae5f-c4a09d292fbc/annotation,
bbec6bae-a7bf-4e53-8428-200720c94e07,6451-2,Cam Pha,cam-pha-l7014-6451-2,public,PCL,1966,2,,,True,https://iiif.maparchive.vn/iiif/bbec6bae-a7bf-4e53-8428-200720c94e07,https://maparchive.vn/api/maps/bbec6bae-a7bf-4e53-8428-200720c94e07/annotation,
0dadf442-d4bd-497f-91df-f4616ece2537,6451-3,Lang Troi,lang-troi-l7014-6451-3,public,PCL,1965,1,,,True,https://iiif.maparchive.vn/iiif/0dadf442-d4bd-497f-91df-f4616ece2537,https://maparchive.vn/api/maps/0dadf442-d4bd-497f-91df-f4616ece2537/annotation,
829c0c63-54a8-4f6b-a2f4-7eb500532f6b,6451-4,Chau Son,chau-son-l7014-6451-4,public,PCL,1965,1,,,True,https://iiif.maparchive.vn/iiif/829c0c63-54a8-4f6b-a2f4-7eb500532f6b,https://maparchive.vn/api/maps/829c0c63-54a8-4f6b-a2f4-7eb500532f6b/annotation,
8c64026c-33ea-44d9-827b-3e433bb51232,6452-2,Binh Lieu,binh-lieu-l7014-6452-2,public,PCL,1965,1,,,True,https://iiif.maparchive.vn/iiif/8c64026c-33ea-44d9-827b-3e433bb51232,https://maparchive.vn/api/maps/8c64026c-33ea-44d9-827b-3e433bb51232/annotation,
77e09426-cac9-4190-a1d2-10cff82ce13b,6452-3,Dinh Lap,dinh-lap-l7014-6452-3,public,PCL,1964,1,,,True,https://iiif.maparchive.vn/iiif/77e09426-cac9-4190-a1d2-10cff82ce13b,https://maparchive.vn/api/maps/77e09426-cac9-4190-a1d2-10cff82ce13b/annotation,
9e86fe30-dfbc-454b-854a-6b8d06c1759f,6452-4,Chi Mã,chi-ma-l7014-6452-4-ttu,draft,TTU,,,,,False,https://iiif.maparchive.vn/iiif/9e86fe30-dfbc-454b-854a-6b8d06c1759f,,
61272a52-ff05-4f6e-a77f-b579b74b0b5e,6530-1,Ap Dinh Ba,ap-dinh-ba-l7014-6530-1,public,PCL,1983,3,,,True,https://iiif.maparchive.vn/iiif/61272a52-ff05-4f6e-a77f-b579b74b0b5e,https://maparchive.vn/api/maps/61272a52-ff05-4f6e-a77f-b579b74b0b5e/annotation,
08fe292b-a26c-48eb-a6b2-b0cce16c342c,6530-2,Ham Tan,ham-tan-l7014-6530-2,public,PCL,1983,3,,,True,https://iiif.maparchive.vn/iiif/08fe292b-a26c-48eb-a6b2-b0cce16c342c,https://maparchive.vn/api/maps/08fe292b-a26c-48eb-a6b2-b0cce16c342c/annotation,
855b71a4-c220-46a0-9569-c5f4fe986952,6530-3,Ấp Bình Châu,ap-binh-chau-l7014-6530-3-ed-2,draft,TTU,,2,EDITION 2-AMS (29 ETB) / XUẤT-BẢN LẦN THỨ 2-AMS (29 ETB),,False,https://iiif.maparchive.vn/iiif/855b71a4-c220-46a0-9569-c5f4fe986952,,
bec7087b-2dcc-4268-9012-ac5515eca2d0,6530-3,Tan Tao,tan-tao-l7014-6530-3,public,PCL,1983,3,,,True,https://iiif.maparchive.vn/iiif/bec7087b-2dcc-4268-9012-ac5515eca2d0,https://maparchive.vn/api/maps/bec7087b-2dcc-4268-9012-ac5515eca2d0/annotation,
a0010a0c-55ad-46c4-97ab-4965a1c51cfb,6530-4,Song Dinh,song-dinh-l7014-6530-4,public,PCL,1968,2,,,True,https://iiif.maparchive.vn/iiif/a0010a0c-55ad-46c4-97ab-4965a1c51cfb,https://maparchive.vn/api/maps/a0010a0c-55ad-46c4-97ab-4965a1c51cfb/annotation,
a55919a8-06ee-4edd-a34b-af54d430dbfd,6531-1,Cirlao Da Srang,cirlao-da-srang-l7014-6531-1,public,PCL,1965,1,,,True,https://iiif.maparchive.vn/iiif/a55919a8-06ee-4edd-a34b-af54d430dbfd,https://maparchive.vn/api/maps/a55919a8-06ee-4edd-a34b-af54d430dbfd/annotation,
067f4617-1b87-4ea5-ab44-66495dc139c8,6531-2,Xa Tram Da Mi,xa-tram-da-mi-l7014-6531-2,public,PCL,1965,1,,,True,https://iiif.maparchive.vn/iiif/067f4617-1b87-4ea5-ab44-66495dc139c8,https://maparchive.vn/api/maps/067f4617-1b87-4ea5-ab44-66495dc139c8/annotation,
730a6e93-9e7f-4864-a322-2bcda26ad8e1,6531-3,Tanh Linh,tanh-linh-l7014-6531-3,public,PCL,1968,2,,,True,https://iiif.maparchive.vn/iiif/730a6e93-9e7f-4864-a322-2bcda26ad8e1,https://maparchive.vn/api/maps/730a6e93-9e7f-4864-a322-2bcda26ad8e1/annotation,
b619dbf9-f688-4fe0-a8fd-1d272122c5db,6531-4,Madagui,madagui-l7014-6531-4,public,PCL,1968,2,,,True,https://iiif.maparchive.vn/iiif/b619dbf9-f688-4fe0-a8fd-1d272122c5db,https://maparchive.vn/api/maps/b619dbf9-f688-4fe0-a8fd-1d272122c5db/annotation,
62a32488-237b-4130-bec9-da0d8e8456bd,6532-1,Kro Layu,kro-layu-l7014-6532-1,public,PCL,1965,1,,,True,https://iiif.maparchive.vn/iiif/62a32488-237b-4130-bec9-da0d8e8456bd,https://maparchive.vn/api/maps/62a32488-237b-4130-bec9-da0d8e8456bd/annotation,
45c5bec9-ae8a-45cd-8989-fc0cad872e4a,6532-2,Bao Loc,bao-loc-l7014-6532-2,public,PCL,1968,2,,,True,https://iiif.maparchive.vn/iiif/45c5bec9-ae8a-45cd-8989-fc0cad872e4a,https://maparchive.vn/api/maps/45c5bec9-ae8a-45cd-8989-fc0cad872e4a/annotation,
7d17ad04-cb73-483f-a746-26fa75d3b328,6532-3,B Dan Deung,b-dan-deung-l7014-6532-3,public,PCL,1965,1,,,True,https://iiif.maparchive.vn/iiif/7d17ad04-cb73-483f-a746-26fa75d3b328,https://maparchive.vn/api/maps/7d17ad04-cb73-483f-a746-26fa75d3b328/annotation,
3d5833cb-d5ef-4213-97ee-86488f2852b1,6532-4,Gia Nghia,gia-nghia-l7014-6532-4,public,PCL,1965,1,,,True,https://iiif.maparchive.vn/iiif/3d5833cb-d5ef-4213-97ee-86488f2852b1,https://maparchive.vn/api/maps/3d5833cb-d5ef-4213-97ee-86488f2852b1/annotation,
51cea9bf-de42-4c29-8f4f-b9cd22ea893b,6533-1,Duc Xuyen,duc-xuyen-l7014-6533-1,public,PCL,1969,2,,,True,https://iiif.maparchive.vn/iiif/51cea9bf-de42-4c29-8f4f-b9cd22ea893b,https://maparchive.vn/api/maps/51cea9bf-de42-4c29-8f4f-b9cd22ea893b/annotation,
0fb99b90-186b-4dea-b61b-b81ec5d6f12f,6533-2,Ban Ndoh,ban-ndoh-l7014-6533-2,public,PCL,1965,1,,,True,https://iiif.maparchive.vn/iiif/0fb99b90-186b-4dea-b61b-b81ec5d6f12f,https://maparchive.vn/api/maps/0fb99b90-186b-4dea-b61b-b81ec5d6f12f/annotation,
5cf11d13-86a1-4df6-a219-830f1d300acc,6533-3,Nghia Tin,nghia-tin-l7014-6533-3,public,PCL,1965,1,,,True,https://iiif.maparchive.vn/iiif/5cf11d13-86a1-4df6-a219-830f1d300acc,https://maparchive.vn/api/maps/5cf11d13-86a1-4df6-a219-830f1d300acc/annotation,
bfa0a2e0-25dd-44a4-8ac0-13ba69f6e93c,6533-4,Duc Minh,duc-minh-l7014-6533-4,public,PCL,,1,,,True,https://iiif.maparchive.vn/iiif/bfa0a2e0-25dd-44a4-8ac0-13ba69f6e93c,https://maparchive.vn/api/maps/bfa0a2e0-25dd-44a4-8ac0-13ba69f6e93c/annotation,
8be95a8e-b187-443c-b001-b752450ef13c,6534-1,Ban Don,ban-don-l7014-6534-1,public,PCL,1965,1,,,True,https://iiif.maparchive.vn/iiif/8be95a8e-b187-443c-b001-b752450ef13c,https://maparchive.vn/api/maps/8be95a8e-b187-443c-b001-b752450ef13c/annotation,
1c4377db-7096-4b2a-a54f-563fd2fdac27,6534-2,Xa Tho Thanh,xa-tho-thanh-l7014-6534-2,public,PCL,1965,1,,,True,https://iiif.maparchive.vn/iiif/1c4377db-7096-4b2a-a54f-563fd2fdac27,https://maparchive.vn/api/maps/1c4377db-7096-4b2a-a54f-563fd2fdac27/annotation,
b063a081-9590-468a-a841-107c0318ccaf,6534-3,Bon Dak Ndrot,bon-dak-ndrot-l7014-6534-3,public,PCL,,,,,True,https://iiif.maparchive.vn/iiif/b063a081-9590-468a-a841-107c0318ccaf,https://maparchive.vn/api/maps/b063a081-9590-468a-a841-107c0318ccaf/annotation,
31aa9f27-c6d2-42f9-8f97-640c73f0c5ef,6534-3,Bon Dak Ndrot,bon-dak-ndrot-l7014-6534-3-ttu,draft,TTU,,,,,False,https://iiif.maparchive.vn/iiif/31aa9f27-c6d2-42f9-8f97-640c73f0c5ef,,
3616dca4-07d7-49a9-840f-b2047f2d9ab7,6534-4,Bon Drang Phok,bon-drang-phok-l7014-6534-4,public,PCL,,,,,True,https://iiif.maparchive.vn/iiif/3616dca4-07d7-49a9-840f-b2047f2d9ab7,https://maparchive.vn/api/maps/3616dca4-07d7-49a9-840f-b2047f2d9ab7/annotation,hand-read neatline to lattice corners; aspect 1.01% off
22b09719-3850-470b-b221-bb4cca7c2153,6534-4,Bon Drang Phôk,bon-drang-phok-l7014-6534-4-ed-1,draft,TTU,,1,EDITION 1-AMS / PHÁT HÀNH LẦN THỨ 1-AMS,,False,https://iiif.maparchive.vn/iiif/22b09719-3850-470b-b221-bb4cca7c2153,,
52529ba8-ad9f-4d61-b2cf-3b6b1826b97d,6535-1,Tieu Teo,tieu-teo-l7014-6535-1,public,PCL,1965,1,,,True,https://iiif.maparchive.vn/iiif/52529ba8-ad9f-4d61-b2cf-3b6b1826b97d,https://maparchive.vn/api/maps/52529ba8-ad9f-4d61-b2cf-3b6b1826b97d/annotation,
8a204ea1-b370-4c30-9489-7247767e63e3,6535-2,Buon Ya Soup,buon-ya-soup-l7014-6535-2,public,PCL,1965,1,,,True,https://iiif.maparchive.vn/iiif/8a204ea1-b370-4c30-9489-7247767e63e3,https://maparchive.vn/api/maps/8a204ea1-b370-4c30-9489-7247767e63e3/annotation,
cdb25733-03ef-4782-925e-8fd499f4b89b,6535-3,Yok Mbre,yok-mbre-l7014-6535-3,public,PCL,,,,,True,https://iiif.maparchive.vn/iiif/cdb25733-03ef-4782-925e-8fd499f4b89b,https://maparchive.vn/api/maps/cdb25733-03ef-4782-925e-8fd499f4b89b/annotation,hand-read neatline to lattice corners; aspect 0.45% off
ff0c1801-1865-4d7a-b181-5a85a868c8d0,6535-3,Yôk Mbré,yok-mbre-l7014-6535-3-ed-1,draft,TTU,,1,EDITION 1-AMS / XUẤT-BẢN LẦN THỨ 1-AMS,,False,https://iiif.maparchive.vn/iiif/ff0c1801-1865-4d7a-b181-5a85a868c8d0,,
6af2b1e9-3a55-4a57-887a-42db087e3654,6535-4,Ya Lop,ya-lop-l7014-6535-4,public,PCL,,,,,True,https://iiif.maparchive.vn/iiif/6af2b1e9-3a55-4a57-887a-42db087e3654,https://maparchive.vn/api/maps/6af2b1e9-3a55-4a57-887a-42db087e3654/annotation,
bc70d97e-b68c-4305-9547-afd6a90cc8b9,6535-4,Ya Lôp,ya-lop-l7014-6535-4-ed-1,draft,TTU,,1,EDITION 1-AMS / PHÁT HÀNH LẦN THỨ 1 AMS,,False,https://iiif.maparchive.vn/iiif/bc70d97e-b68c-4305-9547-afd6a90cc8b9,,
b4c8d957-bb78-4a80-8093-c17a0e6d4866,6536-1,Bao Duc,bao-duc-l7014-6536-1,public,PCL,1970,2,,,True,https://iiif.maparchive.vn/iiif/b4c8d957-bb78-4a80-8093-c17a0e6d4866,https://maparchive.vn/api/maps/b4c8d957-bb78-4a80-8093-c17a0e6d4866/annotation,
072baa7c-abb9-4836-9523-275dd3bf5e1f,6536-2,Xuong Kuang,xuong-kuang-l7014-6536-2,public,PCL,1970,2,,,True,https://iiif.maparchive.vn/iiif/072baa7c-abb9-4836-9523-275dd3bf5e1f,https://maparchive.vn/api/maps/072baa7c-abb9-4836-9523-275dd3bf5e1f/annotation,
61db8686-d61b-4141-85dd-aba6922d636f,6536-3,Pl Ya Bo,pl-ya-bo-l7014-6536-3,public,PCL,1965,3,,,True,https://iiif.maparchive.vn/iiif/61db8686-d61b-4141-85dd-aba6922d636f,https://maparchive.vn/api/maps/61db8686-d61b-4141-85dd-aba6922d636f/annotation,
614ea116-27f1-40e3-b19d-328f1e4583ba,6536-4,Thanh An,thanh-an-l7014-6536-4,public,PCL,1970,2,,,True,https://iiif.maparchive.vn/iiif/614ea116-27f1-40e3-b19d-328f1e4583ba,https://maparchive.vn/api/maps/614ea116-27f1-40e3-b19d-328f1e4583ba/annotation,
5e2e72b9-3d5a-4955-8a4a-9e6b693c4c87,6537-1,Polei Breng,polei-breng-l7014-6537-1,public,PCL,1970,2,,,True,https://iiif.maparchive.vn/iiif/5e2e72b9-3d5a-4955-8a4a-9e6b693c4c87,https://maparchive.vn/api/maps/5e2e72b9-3d5a-4955-8a4a-9e6b693c4c87/annotation,
39b560df-cc91-4968-ac49-b265ab3ff837,6537-2,Plei Mrong,plei-mrong-l7014-6537-2,public,PCL,1970,2,,,True,https://iiif.maparchive.vn/iiif/39b560df-cc91-4968-ac49-b265ab3ff837,https://maparchive.vn/api/maps/39b560df-cc91-4968-ac49-b265ab3ff837/annotation,
6f9ee377-ec01-4ea9-bbea-f4a6a5216267,6537-3,Polei Yome,polei-yome-l7014-6537-3,public,PCL,1970,2,,,True,https://iiif.maparchive.vn/iiif/6f9ee377-ec01-4ea9-bbea-f4a6a5216267,https://maparchive.vn/api/maps/6f9ee377-ec01-4ea9-bbea-f4a6a5216267/annotation,
95d68720-46c4-4238-a490-7729ab909a05,6537-4,Polei Jar Sieng,polei-jar-sieng-l7014-6537-4,public,PCL,,,,,True,https://iiif.maparchive.vn/iiif/95d68720-46c4-4238-a490-7729ab909a05,https://maparchive.vn/api/maps/95d68720-46c4-4238-a490-7729ab909a05/annotation,neatline to lattice cell; worst seam 34 m
04149e91-1203-41c3-97c6-5a310a19422d,6537-4,Polei Jar Sieng,polei-jar-sieng-l7014-6537-4-ed-1,draft,TTU,,1,EDITION 1-AMS / XUẤT-BẢN LẦN THỨ 1-AMS,,True,https://iiif.maparchive.vn/iiif/04149e91-1203-41c3-97c6-5a310a19422d,https://maparchive.vn/api/maps/04149e91-1203-41c3-97c6-5a310a19422d/annotation,hand-read neatline to lattice corners; aspect 0.63% off
d191e779-e1dc-4c59-95e3-0ce7234065eb,6538-1,Kon Honong,kon-honong-l7014-6538-1,public,PCL,1965,1,,,True,https://iiif.maparchive.vn/iiif/d191e779-e1dc-4c59-95e3-0ce7234065eb,https://maparchive.vn/api/maps/d191e779-e1dc-4c59-95e3-0ce7234065eb/annotation,
a96e4a1f-e155-4455-9027-4cb9d773216e,6538-2,Dak To,dak-to-l7014-6538-2,public,PCL,,,,,True,https://iiif.maparchive.vn/iiif/a96e4a1f-e155-4455-9027-4cb9d773216e,https://maparchive.vn/api/maps/a96e4a1f-e155-4455-9027-4cb9d773216e/annotation,neatline to lattice cell; worst seam 36 m
b046976c-2e2e-4293-ab83-77f65e5eec3e,6538-2,Dak Tô,dak-to-l7014-6538-2-ed-2,draft,TTU,,2,EDITION 2-TPC / PHÁT HÀNH LẦN THỨ 2-TPC,,True,https://iiif.maparchive.vn/iiif/b046976c-2e2e-4293-ab83-77f65e5eec3e,https://maparchive.vn/api/maps/b046976c-2e2e-4293-ab83-77f65e5eec3e/annotation,hand-read neatline to lattice corners; aspect 0.14% off; corners are 28 m off a parallelogram (bent scan or a corner off by a few px)
9cdb54c5-0da7-47db-ae7f-4ea1e5726138,6538-3,Dak Mot Lop,dak-mot-lop-l7014-6538-3,public,PCL,1968,3,,,True,https://iiif.maparchive.vn/iiif/9cdb54c5-0da7-47db-ae7f-4ea1e5726138,https://maparchive.vn/api/maps/9cdb54c5-0da7-47db-ae7f-4ea1e5726138/annotation,
ad415246-356d-4771-a5f3-eeb5ae3f8289,6538-4,Dak Sut,dak-sut-l7014-6538-4,public,PCL,,,,,True,https://iiif.maparchive.vn/iiif/ad415246-356d-4771-a5f3-eeb5ae3f8289,https://maparchive.vn/api/maps/ad415246-356d-4771-a5f3-eeb5ae3f8289/annotation,
627d0813-0a92-40c2-b1f6-9af8045dd433,6538-4,Dak Sut,dak-sut-l7014-6538-4-ed-2,draft,TTU,,2,EDITION 2-TPC / PHÁT HÀNH LẦN THỨ 2-TPC,,True,https://iiif.maparchive.vn/iiif/627d0813-0a92-40c2-b1f6-9af8045dd433,https://maparchive.vn/api/maps/627d0813-0a92-40c2-b1f6-9af8045dd433/annotation,hand-read neatline to lattice corners; aspect 0.29% off
28f96ada-4f6a-4d90-b7ee-2cdc0c63da81,6539-1,Kason Mai,kason-mai-l7014-6539-1,public,PCL,1965,1,,,True,https://iiif.maparchive.vn/iiif/28f96ada-4f6a-4d90-b7ee-2cdc0c63da81,https://maparchive.vn/api/maps/28f96ada-4f6a-4d90-b7ee-2cdc0c63da81/annotation,
e732e549-00d4-476b-86b6-7ac6f6fe1e60,6539-2,G Rieng,g-rieng-l7014-6539-2,public,PCL,1965,1,,,True,https://iiif.maparchive.vn/iiif/e732e549-00d4-476b-86b6-7ac6f6fe1e60,https://maparchive.vn/api/maps/e732e549-00d4-476b-86b6-7ac6f6fe1e60/annotation,
e1b3b3a6-5edb-4b83-81ef-03c6b3f570c8,6539-3,D Go Kram,d-go-kram-l7014-6539-3,public,PCL,,,,,True,https://iiif.maparchive.vn/iiif/e1b3b3a6-5edb-4b83-81ef-03c6b3f570c8,https://maparchive.vn/api/maps/e1b3b3a6-5edb-4b83-81ef-03c6b3f570c8/annotation,neatline to lattice cell; worst seam 29 m
589bc8e6-ba9a-4af5-a80b-ab8b737eb3c1,6539-3,Đ. Go Kram,d-go-kram-l7014-6539-3-ed-1,draft,TTU,,1,EDITION 1-AMS / XUẤT-BẢN LẦN THỨ 1-AMS,,True,https://iiif.maparchive.vn/iiif/589bc8e6-ba9a-4af5-a80b-ab8b737eb3c1,https://maparchive.vn/api/maps/589bc8e6-ba9a-4af5-a80b-ab8b737eb3c1/annotation,hand-read neatline to lattice corners; aspect 0.26% off; corners are 40 m off a parallelogram (bent scan or a corner off by a few px)
d759ab21-4ad5-4fce-897e-40380c050534,6539-4,Peta Pac,peta-pac-l7014-6539-4,public,PCL,,,,,True,https://iiif.maparchive.vn/iiif/d759ab21-4ad5-4fce-897e-40380c050534,https://maparchive.vn/api/maps/d759ab21-4ad5-4fce-897e-40380c050534/annotation,
2c9e86c3-702d-4991-b897-0947dff9c1f4,6539-4,Peta Pac,peta-pac-l7014-6539-4-ed-1,draft,TTU,,1,EDITION 1-AMS / PHÁT HÀNH LẦN THỨ 1-AMS,,False,https://iiif.maparchive.vn/iiif/2c9e86c3-702d-4991-b897-0947dff9c1f4,,
a25dcb2d-6505-4ea1-9af5-c0292dd6b90b,6540-1,Thuong Duc,thuong-duc-l7014-6540-1,public,PCL,1965,1,,,True,https://iiif.maparchive.vn/iiif/a25dcb2d-6505-4ea1-9af5-c0292dd6b90b,https://maparchive.vn/api/maps/a25dcb2d-6505-4ea1-9af5-c0292dd6b90b/annotation,
157d3911-4433-4078-975f-b345aa2df89c,6540-2,Ben Giang,ben-giang-l7014-6540-2,public,PCL,1965,1,,,True,https://iiif.maparchive.vn/iiif/157d3911-4433-4078-975f-b345aa2df89c,https://maparchive.vn/api/maps/157d3911-4433-4078-975f-b345aa2df89c/annotation,
3ad5a1c0-e7af-40f5-a9b9-f34854f1ea73,6540-3,Muang Bac,muang-bac-l7014-6540-3,public,PCL,1965,1,,,True,https://iiif.maparchive.vn/iiif/3ad5a1c0-e7af-40f5-a9b9-f34854f1ea73,https://maparchive.vn/api/maps/3ad5a1c0-e7af-40f5-a9b9-f34854f1ea73/annotation,
60d67a30-a4a3-45a7-8880-54b13f6138f7,6540-4,Atiun,atiun-l7014-6540-4,public,PCL,1965,2,,,True,https://iiif.maparchive.vn/iiif/60d67a30-a4a3-45a7-8880-54b13f6138f7,https://maparchive.vn/api/maps/60d67a30-a4a3-45a7-8880-54b13f6138f7/annotation,
53884283-8a70-41db-96c2-012cda30e842,6541-1,Phu Loc,phu-loc-l7014-6541-1,draft,,,,,,True,https://iiif.maparchive.vn/iiif/53884283-8a70-41db-96c2-012cda30e842,https://maparchive.vn/api/maps/53884283-8a70-41db-96c2-012cda30e842/annotation,hand-read neatline to lattice corners; aspect 0.99% off
06ac299c-3ffd-4d6d-880a-26d68394d2d3,6541-1,Phú Lộc,phu-loc-l7014-6541-1-ed-1,draft,TTU,,1,EDITION 1-AMS / XUẤT-BẢN LẦN THỨ 1-AMS,,True,https://iiif.maparchive.vn/iiif/06ac299c-3ffd-4d6d-880a-26d68394d2d3,https://maparchive.vn/api/maps/06ac299c-3ffd-4d6d-880a-26d68394d2d3/annotation,hand-read neatline to lattice corners; aspect 0.45% off
b548e20d-4fcc-49e8-9027-450bae0a6360,6541-2,Bach Ma,bach-ma-l7014-6541-2,draft,,,,,,True,https://iiif.maparchive.vn/iiif/b548e20d-4fcc-49e8-9027-450bae0a6360,https://maparchive.vn/api/maps/b548e20d-4fcc-49e8-9027-450bae0a6360/annotation,hand-read neatline to lattice corners; aspect 0.25% off
3dfabe3a-00c4-469b-83f2-7de60ee98cb5,6541-2,Bạch Mã,bach-ma-l7014-6541-2-ed-1,draft,TTU,,1,EDITION 1-AMS (FE) / EDITION 1-AMS (FE) / ...(FE,,True,https://iiif.maparchive.vn/iiif/3dfabe3a-00c4-469b-83f2-7de60ee98cb5,https://maparchive.vn/api/maps/3dfabe3a-00c4-469b-83f2-7de60ee98cb5/annotation,hand-read neatline to lattice corners; aspect 0.2% off
a9ccda10-6e34-4458-b472-a716143e69f4,6541-3,Nong Truong Nam Dong,nong-truong-nam-dong-l7014-6541-3,draft,,,,,,True,https://iiif.maparchive.vn/iiif/a9ccda10-6e34-4458-b472-a716143e69f4,https://maparchive.vn/api/maps/a9ccda10-6e34-4458-b472-a716143e69f4/annotation,hand-read neatline to lattice corners; aspect 0.12% off
db04c87f-7687-4cb8-85e8-711a91b54831,6541-3,Nông Trường Nam Đồng,nong-truong-nam-dong-l7014-6541-3-ed-1,draft,TTU,,1,EDITION 1-AMS / ÉDITION 1-AMS / PHÁT HÀNH LẦN THỨ 1-AMS,,False,https://iiif.maparchive.vn/iiif/db04c87f-7687-4cb8-85e8-711a91b54831,,
cdef2d04-4749-48a8-99f9-1a8b8f1c14ad,6541-4,Hue,hue-l7014-6541-4-2,public,,1968,,,,True,https://iiif.maparchive.vn/iiif/cdef2d04-4749-48a8-99f9-1a8b8f1c14ad,https://maparchive.vn/api/maps/cdef2d04-4749-48a8-99f9-1a8b8f1c14ad/annotation,
85abb52b-7d80-409f-9618-2c3771c283e7,6541-4,Huế,hue-l7014-6541-4-ed-1,draft,TTU,,1,EDITION 1-AMS / XUẤT-BẢN LẦN THỨ 1-AMS,,False,https://iiif.maparchive.vn/iiif/85abb52b-7d80-409f-9618-2c3771c283e7,,
03b3bc63-e137-4d64-b603-635248134629,6542-3,Phu Vang,phu-vang-l7014-6542-3,public,PCL,1968,2,,,True,https://iiif.maparchive.vn/iiif/03b3bc63-e137-4d64-b603-635248134629,https://maparchive.vn/api/maps/03b3bc63-e137-4d64-b603-635248134629/annotation,
fc20e4b0-25af-4a8c-8fff-2428ccd16188,6550-1,Đảo Cú Xú,dao-cu-xu-l7014-6550-1-ttu,draft,TTU,,,,,False,https://iiif.maparchive.vn/iiif/fc20e4b0-25af-4a8c-8fff-2428ccd16188,,
481e6eb7-a65f-4183-86fd-f51b899bae01,6550-1,Ile Cu Xu,ile-cu-xu-l7014-6550-1,public,PCL,,,,,True,https://iiif.maparchive.vn/iiif/481e6eb7-a65f-4183-86fd-f51b899bae01,https://maparchive.vn/api/maps/481e6eb7-a65f-4183-86fd-f51b899bae01/annotation,hand-read neatline to lattice corners; aspect 0.16% off
dc1aa174-6808-495d-ba49-de8a8a8af7f1,6550-4,Ile De La Table,ile-de-la-table-l7014-6550-4,public,PCL,,,,,True,https://iiif.maparchive.vn/iiif/dc1aa174-6808-495d-ba49-de8a8a8af7f1,https://maparchive.vn/api/maps/dc1aa174-6808-495d-ba49-de8a8a8af7f1/annotation,hand-read neatline to lattice corners; aspect 0.05% off; corners are 37 m off a parallelogram (bent scan or a corner off by a few px)
35bc8ce2-a5e7-4aa7-afe6-213d5a78dc70,6550-4,Île De La Table,ile-de-la-table-l7014-6550-4-ed-1,draft,TTU,,1,EDITION 1-AMS / EDITION 1-AMS / XUẤT-BẢN LẦN THỨ 1-AMS,,True,https://iiif.maparchive.vn/iiif/35bc8ce2-a5e7-4aa7-afe6-213d5a78dc70,https://maparchive.vn/api/maps/35bc8ce2-a5e7-4aa7-afe6-213d5a78dc70/annotation,hand-read neatline to lattice corners; aspect 1.61% off
47454bd0-e2e4-4bcb-ac27-be828faa9ae5,6551-1,Ha Coi,ha-coi-l7014-6551-1,public,PCL,1989,2,,,True,https://iiif.maparchive.vn/iiif/47454bd0-e2e4-4bcb-ac27-be828faa9ae5,https://maparchive.vn/api/maps/47454bd0-e2e4-4bcb-ac27-be828faa9ae5/annotation,
6cbc048f-b2f2-4280-8cf3-5d7d323ed53c,6551-2,Ile Tching Lan Xan,ile-tching-lan-xan-l7014-6551-2,public,PCL,,,,,True,https://iiif.maparchive.vn/iiif/6cbc048f-b2f2-4280-8cf3-5d7d323ed53c,https://maparchive.vn/api/maps/6cbc048f-b2f2-4280-8cf3-5d7d323ed53c/annotation,hand-read neatline to lattice corners; aspect 0.21% off
8c7710be-1b47-42ac-9087-3462144a2c7c,6551-2,Quần Đảo Cô Tô,quan-dao-co-to-l7014-6551-2-ttu,draft,TTU,,,,,True,https://iiif.maparchive.vn/iiif/8c7710be-1b47-42ac-9087-3462144a2c7c,https://maparchive.vn/api/maps/8c7710be-1b47-42ac-9087-3462144a2c7c/annotation,hand-read neatline to lattice corners; aspect 2.25% off
16cbdc2d-b778-43fb-9227-33fbad1eee55,6551-3,Van Hoa,van-hoa-l7014-6551-3,public,PCL,1989,2,,,True,https://iiif.maparchive.vn/iiif/16cbdc2d-b778-43fb-9227-33fbad1eee55,https://maparchive.vn/api/maps/16cbdc2d-b778-43fb-9227-33fbad1eee55/annotation,
f3409702-c03f-4f9a-83ed-687d51e2ecb4,6551-4,Dam Ha,dam-ha-l7014-6551-4,public,PCL,1965,1,,,True,https://iiif.maparchive.vn/iiif/f3409702-c03f-4f9a-83ed-687d51e2ecb4,https://maparchive.vn/api/maps/f3409702-c03f-4f9a-83ed-687d51e2ecb4/annotation,
10c5dd90-e815-47c9-8ff9-dcc5cae725eb,6552-2,Móng Cai,mong-cai-l7014-6552-2-ttu,draft,TTU,,,,,False,https://iiif.maparchive.vn/iiif/10c5dd90-e815-47c9-8ff9-dcc5cae725eb,,
33bdaf00-4fda-44b0-bc8a-443ab1504056,6630-1,Hai Long,hai-long-l7014-6630-1,public,PCL,1965,1,,,True,https://iiif.maparchive.vn/iiif/33bdaf00-4fda-44b0-bc8a-443ab1504056,https://maparchive.vn/api/maps/33bdaf00-4fda-44b0-bc8a-443ab1504056/annotation,
1ec00ffd-c173-4fe3-a0aa-5b85c59075e5,6630-4,Xa Phan Thiet,xa-phan-thiet-l7014-6630-4,public,PCL,1965,1,,,True,https://iiif.maparchive.vn/iiif/1ec00ffd-c173-4fe3-a0aa-5b85c59075e5,https://maparchive.vn/api/maps/1ec00ffd-c173-4fe3-a0aa-5b85c59075e5/annotation,
07a6f1ef-abcb-4d23-a13b-135ed336e731,6631-1,Soprai,soprai-l7014-6631-1,public,PCL,1965,1,,,True,https://iiif.maparchive.vn/iiif/07a6f1ef-abcb-4d23-a13b-135ed336e731,https://maparchive.vn/api/maps/07a6f1ef-abcb-4d23-a13b-135ed336e731/annotation,
e281facf-88c3-4c99-9b0b-af3438f8f510,6631-2,Ap Luong Tay,ap-luong-tay-l7014-6631-2,public,PCL,1984,3,,,True,https://iiif.maparchive.vn/iiif/e281facf-88c3-4c99-9b0b-af3438f8f510,https://maparchive.vn/api/maps/e281facf-88c3-4c99-9b0b-af3438f8f510/annotation,
6f98bd22-25fc-4bdd-9ce2-2f2712478f6b,6631-3,Ham Thuan Bac,ham-thuan-bac-l7014-6631-3,public,PCL,1989,2,,,True,https://iiif.maparchive.vn/iiif/6f98bd22-25fc-4bdd-9ce2-2f2712478f6b,https://maparchive.vn/api/maps/6f98bd22-25fc-4bdd-9ce2-2f2712478f6b/annotation,
21577777-c8e4-49bd-95e0-e266225168dc,6631-4,Ap Gia Bac,ap-gia-bac-l7014-6631-4,public,PCL,1965,1,,,True,https://iiif.maparchive.vn/iiif/21577777-c8e4-49bd-95e0-e266225168dc,https://maparchive.vn/api/maps/21577777-c8e4-49bd-95e0-e266225168dc/annotation,
9bcf7408-f83e-4722-9fed-e7e201ef599d,6632-1,Da Lat,da-lat-l7014-6632-1,public,PCL,1989,2,,,True,https://iiif.maparchive.vn/iiif/9bcf7408-f83e-4722-9fed-e7e201ef599d,https://maparchive.vn/api/maps/9bcf7408-f83e-4722-9fed-e7e201ef599d/annotation,
659fd41d-d0cd-42fe-94ec-125192262876,6632-2,Dai Ninh,dai-ninh-l7014-6632-2,public,PCL,1965,1,,,True,https://iiif.maparchive.vn/iiif/659fd41d-d0cd-42fe-94ec-125192262876,https://maparchive.vn/api/maps/659fd41d-d0cd-42fe-94ec-125192262876/annotation,
74bc7cf4-3b52-499b-ac6c-37a7186338de,6632-3,Di Linh,di-linh-l7014-6632-3,public,PCL,1965,1,,,True,https://iiif.maparchive.vn/iiif/74bc7cf4-3b52-499b-ac6c-37a7186338de,https://maparchive.vn/api/maps/74bc7cf4-3b52-499b-ac6c-37a7186338de/annotation,
7e5ec740-6105-4340-9d50-8c2b89ff177b,6632-4,Phi Lieng,phi-lieng-l7014-6632-4,public,PCL,1989,2,,,True,https://iiif.maparchive.vn/iiif/7e5ec740-6105-4340-9d50-8c2b89ff177b,https://maparchive.vn/api/maps/7e5ec740-6105-4340-9d50-8c2b89ff177b/annotation,
8457a8ee-f3a4-482b-a61c-e4d4639f7729,6633-1,Buon Ja Ea Kuat,buon-ja-ea-kuat-l7014-6633-1,public,PCL,1965,1,,,True,https://iiif.maparchive.vn/iiif/8457a8ee-f3a4-482b-a61c-e4d4639f7729,https://maparchive.vn/api/maps/8457a8ee-f3a4-482b-a61c-e4d4639f7729/annotation,
3949c4af-a5a2-4a5d-ba91-a25526613c94,6633-2,Dan Kia,dan-kia-l7014-6633-2,public,PCL,1989,3,,,True,https://iiif.maparchive.vn/iiif/3949c4af-a5a2-4a5d-ba91-a25526613c94,https://maparchive.vn/api/maps/3949c4af-a5a2-4a5d-ba91-a25526613c94/annotation,
3b7c0972-a541-47f8-944f-b02a35081750,6633-3,Phi Sroin,phi-sroin-l7014-6633-3,public,PCL,1989,2,,,True,https://iiif.maparchive.vn/iiif/3b7c0972-a541-47f8-944f-b02a35081750,https://maparchive.vn/api/maps/3b7c0972-a541-47f8-944f-b02a35081750/annotation,
332260cd-7fa0-4502-b354-7f421ced4a43,6633-4,Buon Dong Bak,buon-dong-bak-l7014-6633-4,public,PCL,1970,3,,,True,https://iiif.maparchive.vn/iiif/332260cd-7fa0-4502-b354-7f421ced4a43,https://maparchive.vn/api/maps/332260cd-7fa0-4502-b354-7f421ced4a43/annotation,
acc4c09e-5a05-4edc-bd31-394ff4eb5c30,6634-1,Buon Ho,buon-ho-l7014-6634-1,public,PCL,1970,2,,,True,https://iiif.maparchive.vn/iiif/acc4c09e-5a05-4edc-bd31-394ff4eb5c30,https://maparchive.vn/api/maps/acc4c09e-5a05-4edc-bd31-394ff4eb5c30/annotation,
d8ebd142-d915-4f0b-888e-48c630427518,6634-2,Ban Ti Srenh,ban-ti-srenh-l7014-6634-2,public,PCL,1970,2,,,True,https://iiif.maparchive.vn/iiif/d8ebd142-d915-4f0b-888e-48c630427518,https://maparchive.vn/api/maps/d8ebd142-d915-4f0b-888e-48c630427518/annotation,
7e5970c1-a328-47f1-80b8-9e0d8e985f3f,6634-3,Ban Me Thuot,ban-me-thuot-l7014-6634-3,public,PCL,1970,2,,,True,https://iiif.maparchive.vn/iiif/7e5970c1-a328-47f1-80b8-9e0d8e985f3f,https://maparchive.vn/api/maps/7e5970c1-a328-47f1-80b8-9e0d8e985f3f/annotation,
c2f4a22f-1230-4ba9-8c68-0b6606bf1169,6634-4,Buon Trap,buon-trap-l7014-6634-4,public,PCL,1970,2,,,True,https://iiif.maparchive.vn/iiif/c2f4a22f-1230-4ba9-8c68-0b6606bf1169,https://maparchive.vn/api/maps/c2f4a22f-1230-4ba9-8c68-0b6606bf1169/annotation,
8a0b51bd-c6fb-411e-af18-cc6a8e1e842f,6635-1,Cheo Reo,cheo-reo-l7014-6635-1,public,PCL,1969,2,,,True,https://iiif.maparchive.vn/iiif/8a0b51bd-c6fb-411e-af18-cc6a8e1e842f,https://maparchive.vn/api/maps/8a0b51bd-c6fb-411e-af18-cc6a8e1e842f/annotation,
fbe76726-3d45-47ea-ae4b-7f5d53579143,6635-2,Ban Suk Hdrah,ban-suk-hdrah-l7014-6635-2,public,PCL,1965,1,,,True,https://iiif.maparchive.vn/iiif/fbe76726-3d45-47ea-ae4b-7f5d53579143,https://maparchive.vn/api/maps/fbe76726-3d45-47ea-ae4b-7f5d53579143/annotation,
8275f657-311d-4119-bde7-fee1df20e02d,6635-3,Ban Drang,ban-drang-l7014-6635-3,public,PCL,1970,2,,,True,https://iiif.maparchive.vn/iiif/8275f657-311d-4119-bde7-fee1df20e02d,https://maparchive.vn/api/maps/8275f657-311d-4119-bde7-fee1df20e02d/annotation,
921e06f8-673b-4457-b8c9-3765f54e1075,6635-4,Ban Tsham,ban-tsham-l7014-6635-4,public,PCL,1965,1,,,True,https://iiif.maparchive.vn/iiif/921e06f8-673b-4457-b8c9-3765f54e1075,https://maparchive.vn/api/maps/921e06f8-673b-4457-b8c9-3765f54e1075/annotation,
a63d79bb-3634-4a16-bec9-c218e1818038,6636-1,Chu Rpan,chu-rpan-l7014-6636-1,public,PCL,1970,2,,,True,https://iiif.maparchive.vn/iiif/a63d79bb-3634-4a16-bec9-c218e1818038,https://maparchive.vn/api/maps/a63d79bb-3634-4a16-bec9-c218e1818038/annotation,
0279c017-0f56-4011-997a-5166ded30491,6636-2,Phu Thien,phu-thien-l7014-6636-2,public,PCL,1965,1,,,True,https://iiif.maparchive.vn/iiif/0279c017-0f56-4011-997a-5166ded30491,https://maparchive.vn/api/maps/0279c017-0f56-4011-997a-5166ded30491/annotation,
662b689d-cb60-4371-9bb1-52e63578ece0,6636-3,Phu Nhon,phu-nhon-l7014-6636-3,public,PCL,1970,2,,,True,https://iiif.maparchive.vn/iiif/662b689d-cb60-4371-9bb1-52e63578ece0,https://maparchive.vn/api/maps/662b689d-cb60-4371-9bb1-52e63578ece0/annotation,
cb655dce-d2d4-4e48-8ae7-8e23ac566b8e,6636-4,Pleiku,pleiku-l7014-6636-4,public,PCL,,,,,True,https://iiif.maparchive.vn/iiif/cb655dce-d2d4-4e48-8ae7-8e23ac566b8e,https://maparchive.vn/api/maps/cb655dce-d2d4-4e48-8ae7-8e23ac566b8e/annotation,
2be34f49-80ee-4cd5-a67d-4f445ad52ac3,6636-4,Pleiku,pleiku-l7014-6636-4-ed-1,draft,TTU,,1,EDITION 1-AMS / XUẤT-BẢN LẦN THỨ 1-AMS,,True,https://iiif.maparchive.vn/iiif/2be34f49-80ee-4cd5-a67d-4f445ad52ac3,https://maparchive.vn/api/maps/2be34f49-80ee-4cd5-a67d-4f445ad52ac3/annotation,hand-read neatline to lattice corners; aspect 0.21% off
51c6c623-b0bd-442d-a954-498832da05eb,6637-1,Kon Mahar,kon-mahar-l7014-6637-1,public,PCL,1965,1,,,True,https://iiif.maparchive.vn/iiif/51c6c623-b0bd-442d-a954-498832da05eb,https://maparchive.vn/api/maps/51c6c623-b0bd-442d-a954-498832da05eb/annotation,
f0f175ea-4038-417d-817d-c48df5cca916,6637-2,Plei Troeh,plei-troeh-l7014-6637-2,public,PCL,1970,2,,,True,https://iiif.maparchive.vn/iiif/f0f175ea-4038-417d-817d-c48df5cca916,https://maparchive.vn/api/maps/f0f175ea-4038-417d-817d-c48df5cca916/annotation,
d8ed429f-9473-4e10-ab7f-beb0412f7d80,6637-3,Plei Neh,plei-neh-l7014-6637-3,public,PCL,1970,2,,,True,https://iiif.maparchive.vn/iiif/d8ed429f-9473-4e10-ab7f-beb0412f7d80,https://maparchive.vn/api/maps/d8ed429f-9473-4e10-ab7f-beb0412f7d80/annotation,
c98612ab-1c17-401f-8208-474b4b1093df,6637-4,Kontum,kontum-l7014-6637-4,public,PCL,1970,2,,,True,https://iiif.maparchive.vn/iiif/c98612ab-1c17-401f-8208-474b4b1093df,https://maparchive.vn/api/maps/c98612ab-1c17-401f-8208-474b4b1093df/annotation,
5aa30366-92eb-48f2-84fc-a10c621a3043,6638-1,Dak Ninh Kola,dak-ninh-kola-l7014-6638-1,public,PCL,1965,1,,,True,https://iiif.maparchive.vn/iiif/5aa30366-92eb-48f2-84fc-a10c621a3043,https://maparchive.vn/api/maps/5aa30366-92eb-48f2-84fc-a10c621a3043/annotation,
bb07893c-16ae-41c7-aa25-59cdfc7a2bc5,6638-2,Chuong Nghia,chuong-nghia-l7014-6638-2,public,PCL,1965,1,,,True,https://iiif.maparchive.vn/iiif/bb07893c-16ae-41c7-aa25-59cdfc7a2bc5,https://maparchive.vn/api/maps/bb07893c-16ae-41c7-aa25-59cdfc7a2bc5/annotation,
9f00a841-50c4-45cd-9a8b-9ff047a8407f,6638-3,Kong Roman,kong-roman-l7014-6638-3,public,PCL,1965,1,,,True,https://iiif.maparchive.vn/iiif/9f00a841-50c4-45cd-9a8b-9ff047a8407f,https://maparchive.vn/api/maps/9f00a841-50c4-45cd-9a8b-9ff047a8407f/annotation,
6da919fc-b7ca-4f65-b862-c34780a056d8,6638-4,Mang Buk,mang-buk-l7014-6638-4,public,PCL,1965,1,,,True,https://iiif.maparchive.vn/iiif/6da919fc-b7ca-4f65-b862-c34780a056d8,https://maparchive.vn/api/maps/6da919fc-b7ca-4f65-b862-c34780a056d8/annotation,
310f7d7d-57f1-41c7-ad7c-0e0860115829,6639-1,Tien Phuoc,tien-phuoc-l7014-6639-1,public,PCL,1970,2,,,True,https://iiif.maparchive.vn/iiif/310f7d7d-57f1-41c7-ad7c-0e0860115829,https://maparchive.vn/api/maps/310f7d7d-57f1-41c7-ad7c-0e0860115829/annotation,
74f38ea7-f19e-41b8-9c61-ac87911a1da5,6639-2,Gi Lang,gi-lang-l7014-6639-2,public,PCL,1965,1,,,True,https://iiif.maparchive.vn/iiif/74f38ea7-f19e-41b8-9c61-ac87911a1da5,https://maparchive.vn/api/maps/74f38ea7-f19e-41b8-9c61-ac87911a1da5/annotation,
29953387-781d-4f29-a2dc-856510688bd9,6639-3,Lac Trom Dong,lac-trom-dong-l7014-6639-3,public,PCL,1970,1,,,True,https://iiif.maparchive.vn/iiif/29953387-781d-4f29-a2dc-856510688bd9,https://maparchive.vn/api/maps/29953387-781d-4f29-a2dc-856510688bd9/annotation,
2aacbdec-0e4d-4c3d-be61-792ae5912998,6639-4,Hau Duc,hau-duc-l7014-6639-4,public,PCL,1970,2,,,True,https://iiif.maparchive.vn/iiif/2aacbdec-0e4d-4c3d-be61-792ae5912998,https://maparchive.vn/api/maps/2aacbdec-0e4d-4c3d-be61-792ae5912998/annotation,
3c7f7b5b-b7a1-4b12-9518-2a9a4a59b5fc,6640-1,Hoi An,hoi-an-l7014-6640-1,public,PCL,1984,3,,,True,https://iiif.maparchive.vn/iiif/3c7f7b5b-b7a1-4b12-9518-2a9a4a59b5fc,https://maparchive.vn/api/maps/3c7f7b5b-b7a1-4b12-9518-2a9a4a59b5fc/annotation,
ee8b3667-c86c-4a93-91fd-c92bcb447711,6640-2,Tam Ky,tam-ky-l7014-6640-2,public,PCL,1984,3,,,True,https://iiif.maparchive.vn/iiif/ee8b3667-c86c-4a93-91fd-c92bcb447711,https://maparchive.vn/api/maps/ee8b3667-c86c-4a93-91fd-c92bcb447711/annotation,
74a6a32b-7370-4a4a-b101-e908f2ba2575,6640-3,Hiep Duc,hiep-duc-l7014-6640-3,public,PCL,1965,1,,,True,https://iiif.maparchive.vn/iiif/74a6a32b-7370-4a4a-b101-e908f2ba2575,https://maparchive.vn/api/maps/74a6a32b-7370-4a4a-b101-e908f2ba2575/annotation,
d7703b62-8292-453e-b63a-61503a052416,6640-4,Dai Loc,dai-loc-l7014-6640-4,public,PCL,1984,4,,,True,https://iiif.maparchive.vn/iiif/d7703b62-8292-453e-b63a-61503a052416,https://maparchive.vn/api/maps/d7703b62-8292-453e-b63a-61503a052416/annotation,
66a8b5c1-f0c8-434e-a7b2-80a4e25d6354,6641-2,Khu Pho Nam Tho,khu-pho-nam-tho-l7014-6641-2,draft,,,,,,True,https://iiif.maparchive.vn/iiif/66a8b5c1-f0c8-434e-a7b2-80a4e25d6354,https://maparchive.vn/api/maps/66a8b5c1-f0c8-434e-a7b2-80a4e25d6354/annotation,hand-read neatline to lattice corners; aspect 0.03% off
ed87ea22-f44a-4818-9df8-63a8a2cb1165,6641-2,Khu Phố Nam Thọ,khu-pho-nam-tho-l7014-6641-2-ed-2,draft,TTU,,2,EDITION 2-AMS (29 ETB) / XUẤT-BẢN LẦN THỨ 2-AMS (29 ETB),,False,https://iiif.maparchive.vn/iiif/ed87ea22-f44a-4818-9df8-63a8a2cb1165,,
d63ed125-d77e-41e4-bfac-9d0cd217f566,6641-3,Đà Nẵng,da-nang-l7014-6641-3-ed-2,draft,TTU,,2,EDITION 2-AMS (29 ETB) / XUẤT-BẢN LẦN THỨ 2-AMS (29 ETB),,False,https://iiif.maparchive.vn/iiif/d63ed125-d77e-41e4-bfac-9d0cd217f566,,
93792eea-2b60-4871-a689-7783816f2062,6641-3,Da Nang (Tourane),da-nang-tourane-l7014-6641-3,public,,1984,4-DMA,,,True,https://iiif.maparchive.vn/iiif/93792eea-2b60-4871-a689-7783816f2062,https://maparchive.vn/api/maps/93792eea-2b60-4871-a689-7783816f2062/annotation,
eca48e56-ca09-479a-9d90-361f8dacb4c0,6641-4,Thon Trung Kien,thon-trung-kien-l7014-6641-4,draft,,,,,,True,https://iiif.maparchive.vn/iiif/eca48e56-ca09-479a-9d90-361f8dacb4c0,https://maparchive.vn/api/maps/eca48e56-ca09-479a-9d90-361f8dacb4c0/annotation,hand-read neatline to lattice corners; aspect 0.11% off; corners are 30 m off a parallelogram (bent scan or a corner off by a few px)
7ac490dd-5170-4a99-ac53-3c1ee2d09ac2,6641-4,Thôn Trung Kiên,thon-trung-kien-l7014-6641-4-ed-2,draft,TTU,,2,EDITION 2-AMS (29 ETB) / XUẤT-BẢN LẦN THỨ 2-AMS (29 ETB),,True,https://iiif.maparchive.vn/iiif/7ac490dd-5170-4a99-ac53-3c1ee2d09ac2,https://maparchive.vn/api/maps/7ac490dd-5170-4a99-ac53-3c1ee2d09ac2/annotation,hand-read neatline to lattice corners; aspect 0.4% off
9725ae8f-f7c7-44ad-923f-d91c26942e39,6652-3,Chiang-p'ing-hsŭ,chiang-p-ing-hsu-l7014-6652-3-ttu,draft,TTU,,,,,False,https://iiif.maparchive.vn/iiif/9725ae8f-f7c7-44ad-923f-d91c26942e39,,
d665e342-4d13-411e-b6f5-2daf7e586d8f,6731-1,Thon Vu Bon,thon-vu-bon-l7014-6731-1,public,PCL,1984,2,,,True,https://iiif.maparchive.vn/iiif/d665e342-4d13-411e-b6f5-2daf7e586d8f,https://maparchive.vn/api/maps/d665e342-4d13-411e-b6f5-2daf7e586d8f/annotation,
a3303cb4-55cf-4969-b5dc-c2b88eb9eb76,6731-1,Thôn Vụ Bổn,thon-vu-bon-l7014-6731-1-ed-1,draft,TTU,,1,EDITION 1-AMS / PHÁT HÀNH LẦN THỨ 1-AMS,,False,https://iiif.maparchive.vn/iiif/a3303cb4-55cf-4969-b5dc-c2b88eb9eb76,,
7e29069b-505b-4772-a9c3-adc503c9df03,6731-3,Phan Ri,phan-ri-l7014-6731-3,public,PCL,1983,2,,,True,https://iiif.maparchive.vn/iiif/7e29069b-505b-4772-a9c3-adc503c9df03,https://maparchive.vn/api/maps/7e29069b-505b-4772-a9c3-adc503c9df03/annotation,
566895e6-e397-43f5-ab52-43eebe1d2903,6731-4,Hai Ninh,hai-ninh-l7014-6731-4,public,PCL,1984,2,,,True,https://iiif.maparchive.vn/iiif/566895e6-e397-43f5-ab52-43eebe1d2903,https://maparchive.vn/api/maps/566895e6-e397-43f5-ab52-43eebe1d2903/annotation,
0f55f7e5-6702-44ec-9736-16c455b06924,6732-1,Thon Ma Ty,thon-ma-ty-l7014-6732-1,public,PCL,1965,1,,,True,https://iiif.maparchive.vn/iiif/0f55f7e5-6702-44ec-9736-16c455b06924,https://maparchive.vn/api/maps/0f55f7e5-6702-44ec-9736-16c455b06924/annotation,
cfe26b6a-c446-411e-a3e8-1884ebe9f22b,6732-2,Phan Rang,phan-rang-l7014-6732-2,public,PCL,1968,3,,,True,https://iiif.maparchive.vn/iiif/cfe26b6a-c446-411e-a3e8-1884ebe9f22b,https://maparchive.vn/api/maps/cfe26b6a-c446-411e-a3e8-1884ebe9f22b/annotation,
f3dd9aa2-3fff-41a6-bfa1-b3357381ac36,6732-3,Ma Noi,ma-noi-l7014-6732-3,public,PCL,1965,1,,,True,https://iiif.maparchive.vn/iiif/f3dd9aa2-3fff-41a6-bfa1-b3357381ac36,https://maparchive.vn/api/maps/f3dd9aa2-3fff-41a6-bfa1-b3357381ac36/annotation,
09557145-c7f7-4da9-9107-1847fc65efaf,6732-4,Don Duong,don-duong-l7014-6732-4,public,PCL,1989,2,,,True,https://iiif.maparchive.vn/iiif/09557145-c7f7-4da9-9107-1847fc65efaf,https://maparchive.vn/api/maps/09557145-c7f7-4da9-9107-1847fc65efaf/annotation,
99433f39-f831-467d-8229-66cbb03eb390,6733-1,Buon Thach Trai,buon-thach-trai-l7014-6733-1,public,PCL,1965,1,,,True,https://iiif.maparchive.vn/iiif/99433f39-f831-467d-8229-66cbb03eb390,https://maparchive.vn/api/maps/99433f39-f831-467d-8229-66cbb03eb390/annotation,
9390a0fc-e846-41df-acdd-0c1cca1fb0ae,6733-2,E Lam Thuong,e-lam-thuong-l7014-6733-2,public,PCL,1989,2,,,True,https://iiif.maparchive.vn/iiif/9390a0fc-e846-41df-acdd-0c1cca1fb0ae,https://maparchive.vn/api/maps/9390a0fc-e846-41df-acdd-0c1cca1fb0ae/annotation,
7932ba1b-cf50-4b22-82f8-f89495505850,6733-3,B Du Damour,b-du-damour-l7014-6733-3,public,PCL,1965,1,,,True,https://iiif.maparchive.vn/iiif/7932ba1b-cf50-4b22-82f8-f89495505850,https://maparchive.vn/api/maps/7932ba1b-cf50-4b22-82f8-f89495505850/annotation,
13d55676-893e-4e2c-ab56-e7c4cc2eadc0,6733-4,Lak Ea Gam,lak-ea-gam-l7014-6733-4,public,PCL,1965,1,,,True,https://iiif.maparchive.vn/iiif/13d55676-893e-4e2c-ab56-e7c4cc2eadc0,https://maparchive.vn/api/maps/13d55676-893e-4e2c-ab56-e7c4cc2eadc0/annotation,
ff1f4540-c881-435c-b174-7bd31f19ea0c,6734-1,Phu Duc,phu-duc-l7014-6734-1,public,PCL,1964,1,,,True,https://iiif.maparchive.vn/iiif/ff1f4540-c881-435c-b174-7bd31f19ea0c,https://maparchive.vn/api/maps/ff1f4540-c881-435c-b174-7bd31f19ea0c/annotation,
8b17256a-2fee-451b-9129-0f7dcfa680e4,6734-2,Buon Ea Thi,buon-ea-thi-l7014-6734-2,public,PCL,1970,2,,,True,https://iiif.maparchive.vn/iiif/8b17256a-2fee-451b-9129-0f7dcfa680e4,https://maparchive.vn/api/maps/8b17256a-2fee-451b-9129-0f7dcfa680e4/annotation,
d2d7f15a-105b-4e26-a814-2eb0252e6890,6734-3,Ban Mtrong,ban-mtrong-l7014-6734-3,public,PCL,1964,1,,,True,https://iiif.maparchive.vn/iiif/d2d7f15a-105b-4e26-a814-2eb0252e6890,https://maparchive.vn/api/maps/d2d7f15a-105b-4e26-a814-2eb0252e6890/annotation,
31d6cb7c-6365-436d-8100-b0275e6d6e06,6734-4,Ban Mgam,ban-mgam-l7014-6734-4,public,PCL,1970,2,,,True,https://iiif.maparchive.vn/iiif/31d6cb7c-6365-436d-8100-b0275e6d6e06,https://maparchive.vn/api/maps/31d6cb7c-6365-436d-8100-b0275e6d6e06/annotation,
0503daba-390a-4f49-ba1d-c8dcf2aa7e36,6735-1,Triem Duc,triem-duc-l7014-6735-1,public,PCL,1965,1,,,True,https://iiif.maparchive.vn/iiif/0503daba-390a-4f49-ba1d-c8dcf2aa7e36,https://maparchive.vn/api/maps/0503daba-390a-4f49-ba1d-c8dcf2aa7e36/annotation,
6ff74d17-2425-459e-b667-90d59e7d8fa6,6735-2,Son Hoa,son-hoa-l7014-6735-2,public,PCL,1965,1,,,True,https://iiif.maparchive.vn/iiif/6ff74d17-2425-459e-b667-90d59e7d8fa6,https://maparchive.vn/api/maps/6ff74d17-2425-459e-b667-90d59e7d8fa6/annotation,
c6cb43fe-8f4a-4b77-862c-032f41ba4c4f,6735-3,Phu Tuc,phu-tuc-l7014-6735-3,public,PCL,1965,1,,,True,https://iiif.maparchive.vn/iiif/c6cb43fe-8f4a-4b77-862c-032f41ba4c4f,https://maparchive.vn/api/maps/c6cb43fe-8f4a-4b77-862c-032f41ba4c4f/annotation,
e5da51c7-2812-4535-a2d6-2ccf393213d7,6735-4,Buon Thoat,buon-thoat-l7014-6735-4,public,PCL,1965,1,,,True,https://iiif.maparchive.vn/iiif/e5da51c7-2812-4535-a2d6-2ccf393213d7,https://maparchive.vn/api/maps/e5da51c7-2812-4535-a2d6-2ccf393213d7/annotation,
65fd71f2-7c3d-43ee-a1ad-7c1fa2a47b14,6736-1,Binh Khe,binh-khe-l7014-6736-1,public,PCL,,,,,True,https://iiif.maparchive.vn/iiif/65fd71f2-7c3d-43ee-a1ad-7c1fa2a47b14,https://maparchive.vn/api/maps/65fd71f2-7c3d-43ee-a1ad-7c1fa2a47b14/annotation,neatline to lattice cell; worst seam 38 m
f01d4609-033a-4ac3-884b-2d500239e9f5,6736-1,Bình Khê,binh-khe-l7014-6736-1-ed-1,draft,TTU,,1,EDITION 1-AMS / PHÁT HÀNH LẦN THỨ 1-AMS,,False,https://iiif.maparchive.vn/iiif/f01d4609-033a-4ac3-884b-2d500239e9f5,,
5cd423f0-7a34-48b3-ba5e-7def3e17569b,6736-2,Canh Tien,canh-tien-l7014-6736-2,public,PCL,1970,2,,,True,https://iiif.maparchive.vn/iiif/5cd423f0-7a34-48b3-ba5e-7def3e17569b,https://maparchive.vn/api/maps/5cd423f0-7a34-48b3-ba5e-7def3e17569b/annotation,
d69fa075-b6af-43d7-b40e-651e99d294cd,6736-3,Plei Djama,plei-djama-l7014-6736-3,public,PCL,1970,2,,,True,https://iiif.maparchive.vn/iiif/d69fa075-b6af-43d7-b40e-651e99d294cd,https://maparchive.vn/api/maps/d69fa075-b6af-43d7-b40e-651e99d294cd/annotation,
bd4202a4-b76d-4364-b8a8-6bd674e6d8ce,6736-4,An Tuc,an-tuc-l7014-6736-4,public,PCL,1970,3,,,True,https://iiif.maparchive.vn/iiif/bd4202a4-b76d-4364-b8a8-6bd674e6d8ce,https://maparchive.vn/api/maps/bd4202a4-b76d-4364-b8a8-6bd674e6d8ce/annotation,
b0ebb43d-f8a7-42b9-be2a-9c9585f41eba,6737-1,Hoai An,hoai-an-l7014-6737-1,public,PCL,1984,2,,,True,https://iiif.maparchive.vn/iiif/b0ebb43d-f8a7-42b9-be2a-9c9585f41eba,https://maparchive.vn/api/maps/b0ebb43d-f8a7-42b9-be2a-9c9585f41eba/annotation,
041ab268-f280-4d09-837e-145d2af5df2d,6737-2,Tien Thuan,tien-thuan-l7014-6737-2,public,PCL,1970,2,,,True,https://iiif.maparchive.vn/iiif/041ab268-f280-4d09-837e-145d2af5df2d,https://maparchive.vn/api/maps/041ab268-f280-4d09-837e-145d2af5df2d/annotation,
78f6cc28-207d-4eec-93f3-a057b99ab858,6737-3,Kan Nak,kan-nak-l7014-6737-3,public,PCL,1970,2,,,True,https://iiif.maparchive.vn/iiif/78f6cc28-207d-4eec-93f3-a057b99ab858,https://maparchive.vn/api/maps/78f6cc28-207d-4eec-93f3-a057b99ab858/annotation,
f7ee5d4c-14ba-4518-864f-70eb1b0c8e3e,6737-4,Kon Giong,kon-giong-l7014-6737-4,public,PCL,1965,1,,,True,https://iiif.maparchive.vn/iiif/f7ee5d4c-14ba-4518-864f-70eb1b0c8e3e,https://maparchive.vn/api/maps/f7ee5d4c-14ba-4518-864f-70eb1b0c8e3e/annotation,
df6e8331-4a30-4015-8bdf-8b40fe01ca74,6738-1,Mo Duc,mo-duc-l7014-6738-1,public,PCL,1983,3,,,True,https://iiif.maparchive.vn/iiif/df6e8331-4a30-4015-8bdf-8b40fe01ca74,https://maparchive.vn/api/maps/df6e8331-4a30-4015-8bdf-8b40fe01ca74/annotation,
0c54b0c3-8c92-4d69-9839-a11ae27648a9,6738-2,An Lao,an-lao-l7014-6738-2,public,PCL,1970,2,,,True,https://iiif.maparchive.vn/iiif/0c54b0c3-8c92-4d69-9839-a11ae27648a9,https://maparchive.vn/api/maps/0c54b0c3-8c92-4d69-9839-a11ae27648a9/annotation,
829068bf-e5fe-4f03-8951-576177bceae1,6738-3,Gia Vuc,gia-vuc-l7014-6738-3,public,PCL,1965,1,,,True,https://iiif.maparchive.vn/iiif/829068bf-e5fe-4f03-8951-576177bceae1,https://maparchive.vn/api/maps/829068bf-e5fe-4f03-8951-576177bceae1/annotation,
d63f5616-9e1e-4283-988b-dd27e92b87e2,6738-4,Ba To,ba-to-l7014-6738-4,public,PCL,1965,1,,,True,https://iiif.maparchive.vn/iiif/d63f5616-9e1e-4283-988b-dd27e92b87e2,https://maparchive.vn/api/maps/d63f5616-9e1e-4283-988b-dd27e92b87e2/annotation,
f967d90f-02ab-4164-b7c3-88ad8485fba2,6739-1,Binh Son,binh-son-l7014-6739-1,public,PCL,1983,3,,,True,https://iiif.maparchive.vn/iiif/f967d90f-02ab-4164-b7c3-88ad8485fba2,https://maparchive.vn/api/maps/f967d90f-02ab-4164-b7c3-88ad8485fba2/annotation,
ca080325-c37e-4ecf-9d9a-4739eb8a9a1f,6739-2,Quang Ngai,quang-ngai-l7014-6739-2,public,PCL,1984,3,,,True,https://iiif.maparchive.vn/iiif/ca080325-c37e-4ecf-9d9a-4739eb8a9a1f,https://maparchive.vn/api/maps/ca080325-c37e-4ecf-9d9a-4739eb8a9a1f/annotation,
415a4145-7aaf-4b7d-a1f2-e1c09860de8b,6739-3,Son Ha,son-ha-l7014-6739-3,public,PCL,1984,3,,,True,https://iiif.maparchive.vn/iiif/415a4145-7aaf-4b7d-a1f2-e1c09860de8b,https://maparchive.vn/api/maps/415a4145-7aaf-4b7d-a1f2-e1c09860de8b/annotation,
8b8a5c7f-f71d-4c2e-b60a-b8d871facdc8,6739-4,Ly Tin,ly-tin-l7014-6739-4,public,PCL,1983,4,,,True,https://iiif.maparchive.vn/iiif/8b8a5c7f-f71d-4c2e-b60a-b8d871facdc8,https://maparchive.vn/api/maps/8b8a5c7f-f71d-4c2e-b60a-b8d871facdc8/annotation,
a4eb6aea-b738-4ef8-bb2d-a339a1dad010,6740-3,Tam Ky,tam-ky-l7014-6740-3,public,PCL,1983,3,,,True,https://iiif.maparchive.vn/iiif/a4eb6aea-b738-4ef8-bb2d-a339a1dad010,https://maparchive.vn/api/maps/a4eb6aea-b738-4ef8-bb2d-a339a1dad010/annotation,
2e160350-208e-4e1c-8952-0f2f0e30af42,6740-4,Tan Hiep,tan-hiep-l7014-6740-4,public,PCL,1983,2,,,True,https://iiif.maparchive.vn/iiif/2e160350-208e-4e1c-8952-0f2f0e30af42,https://maparchive.vn/api/maps/2e160350-208e-4e1c-8952-0f2f0e30af42/annotation,
46e78ee0-2b91-45f4-ac66-900b3b8ac410,6831-4,Thon Son Hai,thon-son-hai-l7014-6831-4,public,PCL,1965,1,,,True,https://iiif.maparchive.vn/iiif/46e78ee0-2b91-45f4-ac66-900b3b8ac410,https://maparchive.vn/api/maps/46e78ee0-2b91-45f4-ac66-900b3b8ac410/annotation,
38f398a3-c50b-431c-9744-78be7a8220a9,6832-1,Nui Cam Linh,nui-cam-linh-l7014-6832-1,public,PCL,1983,3,,,True,https://iiif.maparchive.vn/iiif/38f398a3-c50b-431c-9744-78be7a8220a9,https://maparchive.vn/api/maps/38f398a3-c50b-431c-9744-78be7a8220a9/annotation,
53ab3602-0f24-48f4-8880-222f7da9049c,6832-3,Thanh Hai,thanh-hai-l7014-6832-3,public,PCL,0,2,,,True,https://iiif.maparchive.vn/iiif/53ab3602-0f24-48f4-8880-222f7da9049c,https://maparchive.vn/api/maps/53ab3602-0f24-48f4-8880-222f7da9049c/annotation,
3862ad74-369e-4154-b5ea-4e2461b1580e,6832-4,Cam Ranh,cam-ranh-l7014-6832-4,public,PCL,1970,3,,,True,https://iiif.maparchive.vn/iiif/3862ad74-369e-4154-b5ea-4e2461b1580e,https://maparchive.vn/api/maps/3862ad74-369e-4154-b5ea-4e2461b1580e/annotation,
e78ae38c-24d4-45ef-aeaf-df7881885c56,6833-1,Ninh Phuoc,ninh-phuoc-l7014-6833-1,public,PCL,1971,2,,,True,https://iiif.maparchive.vn/iiif/e78ae38c-24d4-45ef-aeaf-df7881885c56,https://maparchive.vn/api/maps/e78ae38c-24d4-45ef-aeaf-df7881885c56/annotation,
39b552f8-8dda-4b29-a011-383a6b41091a,6833-2,Hon Tre,hon-tre-l7014-6833-2,public,PCL,,,,,True,https://iiif.maparchive.vn/iiif/39b552f8-8dda-4b29-a011-383a6b41091a,https://maparchive.vn/api/maps/39b552f8-8dda-4b29-a011-383a6b41091a/annotation,hand-read neatline to lattice corners; aspect 0.12% off
2cd7c4e6-63a8-4aee-a164-ba90d8149ea4,6833-2,Hòn Tre,hon-tre-l7014-6833-2-ed-1,draft,TTU,,1,EDITION 1-AMS / XUẤT-BẢN LẦN THỨ 1-AMS,,True,https://iiif.maparchive.vn/iiif/2cd7c4e6-63a8-4aee-a164-ba90d8149ea4,https://maparchive.vn/api/maps/2cd7c4e6-63a8-4aee-a164-ba90d8149ea4/annotation,hand-read neatline to lattice corners; aspect 0.17% off
ef73daef-5957-49bb-9fab-3a2736cb6236,6833-3,Nha Trang,nha-trang-l7014-6833-3,public,PCL,1983,3,,,True,https://iiif.maparchive.vn/iiif/ef73daef-5957-49bb-9fab-3a2736cb6236,https://maparchive.vn/api/maps/ef73daef-5957-49bb-9fab-3a2736cb6236/annotation,
c2436629-c613-4df0-a89b-a79a2e112722,6833-4,Ninh Hoa,ninh-hoa-l7014-6833-4,public,PCL,1971,2,,,True,https://iiif.maparchive.vn/iiif/c2436629-c613-4df0-a89b-a79a2e112722,https://maparchive.vn/api/maps/c2436629-c613-4df0-a89b-a79a2e112722/annotation,
703d0ac1-39c1-4ee5-98a8-49bfcb47bfbf,6834-1,Ban Nham,ban-nham-l7014-6834-1,public,PCL,1969,2,,,True,https://iiif.maparchive.vn/iiif/703d0ac1-39c1-4ee5-98a8-49bfcb47bfbf,https://maparchive.vn/api/maps/703d0ac1-39c1-4ee5-98a8-49bfcb47bfbf/annotation,
f31dd11f-2b79-47c8-80ef-bae73b54ca79,6834-2,Ninh Lam,ninh-lam-l7014-6834-2,public,PCL,1971,2,,,True,https://iiif.maparchive.vn/iiif/f31dd11f-2b79-47c8-80ef-bae73b54ca79,https://maparchive.vn/api/maps/f31dd11f-2b79-47c8-80ef-bae73b54ca79/annotation,
0977029c-bbe6-42b7-b9f3-a271ab8e8785,6834-3,Van Gia,van-gia-l7014-6834-3,public,PCL,1970,2,,,True,https://iiif.maparchive.vn/iiif/0977029c-bbe6-42b7-b9f3-a271ab8e8785,https://maparchive.vn/api/maps/0977029c-bbe6-42b7-b9f3-a271ab8e8785/annotation,
3008b2aa-c17d-44b6-8cfe-eff7acb755f5,6834-4,Lien Thach,lien-thach-l7014-6834-4,public,PCL,1971,2,,,True,https://iiif.maparchive.vn/iiif/3008b2aa-c17d-44b6-8cfe-eff7acb755f5,https://maparchive.vn/api/maps/3008b2aa-c17d-44b6-8cfe-eff7acb755f5/annotation,
2fff91ad-b1bb-42c3-9b34-9a869e2d8067,6835-1,Tuy An,tuy-an-l7014-6835-1,public,PCL,1965,1,,,True,https://iiif.maparchive.vn/iiif/2fff91ad-b1bb-42c3-9b34-9a869e2d8067,https://maparchive.vn/api/maps/2fff91ad-b1bb-42c3-9b34-9a869e2d8067/annotation,
cf9469f3-8824-4abd-a5e1-843b64fd465b,6835-2,Tuy Hoa,tuy-hoa-l7014-6835-2,public,PCL,1969,3,,,True,https://iiif.maparchive.vn/iiif/cf9469f3-8824-4abd-a5e1-843b64fd465b,https://maparchive.vn/api/maps/cf9469f3-8824-4abd-a5e1-843b64fd465b/annotation,
6bf3f680-ceb5-4ab3-863e-88c468ffc15d,6835-3,Dong Cam,dong-cam-l7014-6835-3,public,PCL,1971,2,,,True,https://iiif.maparchive.vn/iiif/6bf3f680-ceb5-4ab3-863e-88c468ffc15d,https://maparchive.vn/api/maps/6bf3f680-ceb5-4ab3-863e-88c468ffc15d/annotation,
55f30aab-8cba-4a56-9a96-a2193607f4ef,6835-4,Dong Xuan,dong-xuan-l7014-6835-4,public,PCL,,,,,True,https://iiif.maparchive.vn/iiif/55f30aab-8cba-4a56-9a96-a2193607f4ef,https://maparchive.vn/api/maps/55f30aab-8cba-4a56-9a96-a2193607f4ef/annotation,hand-read neatline to lattice corners; aspect 0.35% off
7b395510-32de-4b7b-9824-a389e7ffbec8,6835-4,Đồng Xuân,dong-xuan-l7014-6835-4-ed-1,draft,TTU,,1,EDITION 1-AMS / XUẤT-BẢN LẦN THỨ 1-AMS,,False,https://iiif.maparchive.vn/iiif/7b395510-32de-4b7b-9824-a389e7ffbec8,,
712ecadb-610c-43ac-b2a9-05207e1f456c,6836-1,Hai Dong,hai-dong-l7014-6836-1,public,PCL,,,,,True,https://iiif.maparchive.vn/iiif/712ecadb-610c-43ac-b2a9-05207e1f456c,https://maparchive.vn/api/maps/712ecadb-610c-43ac-b2a9-05207e1f456c/annotation,hand-read neatline to lattice corners; aspect 0.47% off
ea9a1a04-b749-4a0d-893e-ef6581cb5f4a,6836-1,Hai Dong,hai-dong-l7014-6836-1-ttu,draft,TTU,,,,,True,https://iiif.maparchive.vn/iiif/ea9a1a04-b749-4a0d-893e-ef6581cb5f4a,https://maparchive.vn/api/maps/ea9a1a04-b749-4a0d-893e-ef6581cb5f4a/annotation,hand-read neatline to lattice corners; aspect 2.63% off
b6f3e665-ed99-45d1-840e-294dc3c4f8bb,6836-2,Phu Hoi,phu-hoi-l7014-6836-2,public,PCL,1989,2,,,True,https://iiif.maparchive.vn/iiif/b6f3e665-ed99-45d1-840e-294dc3c4f8bb,https://maparchive.vn/api/maps/b6f3e665-ed99-45d1-840e-294dc3c4f8bb/annotation,
065d275b-8d3b-4412-9f7a-ee27975eb974,6836-3,Thach Khe,thach-khe-l7014-6836-3,public,PCL,1968,2,,,True,https://iiif.maparchive.vn/iiif/065d275b-8d3b-4412-9f7a-ee27975eb974,https://maparchive.vn/api/maps/065d275b-8d3b-4412-9f7a-ee27975eb974/annotation,
8f95cb7f-12d8-4107-a64e-d7ececf242b9,6836-4,Qui Nhon,qui-nhon-l7014-6836-4,public,PCL,1969,2,,,True,https://iiif.maparchive.vn/iiif/8f95cb7f-12d8-4107-a64e-d7ececf242b9,https://maparchive.vn/api/maps/8f95cb7f-12d8-4107-a64e-d7ececf242b9/annotation,
6498059b-3986-4169-b0b6-d16259d47d64,6837-3,Phu My,phu-my-l7014-6837-3,public,PCL,1970,2,,,True,https://iiif.maparchive.vn/iiif/6498059b-3986-4169-b0b6-d16259d47d64,https://maparchive.vn/api/maps/6498059b-3986-4169-b0b6-d16259d47d64/annotation,
0c9b85e7-5d7a-4ba4-9030-d3bdc1ee85c4,6837-4,Bong Son,bong-son-l7014-6837-4,public,PCL,1984,3,,,True,https://iiif.maparchive.vn/iiif/0c9b85e7-5d7a-4ba4-9030-d3bdc1ee85c4,https://maparchive.vn/api/maps/0c9b85e7-5d7a-4ba4-9030-d3bdc1ee85c4/annotation,
c2be5ffd-f55a-4f55-bd2e-3f07ea800e1d,6838-3,Tam Quan,tam-quan-l7014-6838-3,public,PCL,1983,3,,,True,https://iiif.maparchive.vn/iiif/c2be5ffd-f55a-4f55-bd2e-3f07ea800e1d,https://maparchive.vn/api/maps/c2be5ffd-f55a-4f55-bd2e-3f07ea800e1d/annotation,
7cf8859b-7081-4595-8b06-9f96def1917d,6838-4,Phuoc Dien,phuoc-dien-l7014-6838-4,public,PCL,1983,3,,,True,https://iiif.maparchive.vn/iiif/7cf8859b-7081-4595-8b06-9f96def1917d,https://maparchive.vn/api/maps/7cf8859b-7081-4595-8b06-9f96def1917d/annotation,
