{"type": "FeatureCollection", "crs": "source-pixels-y-down", "note": "OSM centrelines warped onto the 1882 plan, source pixels. Fitted on ink/paper evidence only (work/analysis/osm_warp). properties.trusted = share of vertices in evidence-supported cells; below ~0.5 the line is only similarity-corrected.", "features": [{"type": "Feature", "properties": {"name": "\u0110\u01b0\u1eddng M\u00ea Linh", "highway": "residential", "trusted": 1.0}, "geometry": {"type": "LineString", "coordinates": [[9787.6, 7135.4], [9652.0, 7132.7], [9614.4, 7131.2], [9563.6, 7131.6], [9543.9, 7131.7], [9489.3, 7134.3], [9405.2, 7129.9], [9296.7, 7133.3], [9264.0, 7132.9], [9237.6, 7128.9], [9222.3, 7124.2], [9195.7, 7115.5], [9181.8, 7108.5], [9154.5, 7094.9], [9125.8, 7084.9]]}}, {"type": "Feature", "properties": {"name": "H\u1ebbm 30 Nguy\u1ec5n C\u1eedu V\u00e2n", "highway": "residential", "trusted": 0.0}, "geometry": {"type": "LineString", "coordinates": [[11642.7, 6426.6], [11754.9, 6492.5], [11895.5, 6564.5], [11926.6, 6591.2], [11953.0, 6621.7], [11970.9, 6637.0], [11990.9, 6648.6], [11998.6, 6649.7], [12019.7, 6656.2], [12073.4, 6678.4]]}}, {"type": "Feature", "properties": {"name": "Hoa S\u1ee9", "highway": "residential", "trusted": 0.0}, "geometry": {"type": "LineString", "coordinates": [[11874.8, 200.0], [11996.4, 253.0], [12098.1, 292.1], [12196.6, 336.3]]}}, {"type": "Feature", "properties": {"name": "Hoa Mai", "highway": "residential", "trusted": 0.0}, "geometry": {"type": "LineString", "coordinates": [[12150.2, 184.7], [12098.1, 292.1]]}}, {"type": "Feature", "properties": {"name": "Hu\u1ef3nh M\u1eabn \u0110\u1ea1t", "highway": "residential", "trusted": 0.57}, "geometry": {"type": "LineString", "coordinates": [[9806.6, 6861.0], [9967.7, 6873.5], [9998.4, 6876.6], [10112.8, 6888.0], [10248.4, 6923.0], [10366.9, 6943.3], [10427.0, 6921.7]]}}, {"type": "Feature", "properties": {"name": "X\u00f4 Vi\u1ebft Ngh\u1ec7 T\u0129nh", "highway": "primary", "trusted": 1.0}, "geometry": {"type": "LineString", "coordinates": [[10520.2, 6323.9], [10603.6, 6408.2]]}}, {"type": "Feature", "properties": {"name": "C\u00f9 Lao", "highway": "residential", "trusted": 0.0}, "geometry": {"type": "LineString", "coordinates": [[11782.7, 821.2], [11808.1, 792.5], [11830.6, 745.6], [11877.6, 594.3], [11907.5, 498.0], [11937.5, 401.3], [11952.3, 369.3], [11965.2, 341.4], [11996.4, 253.0], [12029.2, 182.8]]}}, {"type": "Feature", "properties": {"name": "V\u0129nh Kh\u00e1nh", "highway": "tertiary", "trusted": 0.05}, "geometry": {"type": "LineString", "coordinates": [[624.8, 4715.7], [594.8, 4754.6], [488.9, 4756.4], [476.6, 4770.4], [463.7, 4785.2], [423.9, 4831.8], [413.9, 4843.4], [397.6, 4859.8], [354.7, 4902.9], [316.7, 4943.0], [296.2, 4967.2], [266.3, 5001.2], [251.7, 5024.8], [237.5, 5048.0], [224.2, 5071.4], [208.9, 5102.4], [196.7, 5130.7], [190.8, 5158.6], [185.5, 5196.3], [196.9, 5244.7], [210.0, 5271.4], [256.6, 5367.0], [282.5, 5420.2], [298.1, 5452.2], [367.0, 5569.7], [396.3, 5631.7], [405.7, 5669.3], [409.7, 5696.6], [410.8, 5725.4], [409.3, 5744.7], [407.4, 5757.8], [401.9, 5794.6], [390.7, 5838.7], [371.6, 5877.0], [327.6, 5955.0], [317.3, 5973.1], [246.4, 6098.5], [182.2, 6212.0], [158.5, 6256.7]]}}, {"type": "Feature", "properties": {"name": "H\u1ebbm 27 \u0110i\u1ec7n Bi\u00ean Ph\u1ee7", "highway": "residential", "trusted": 0.0}, "geometry": {"type": "LineString", "coordinates": [[11256.4, 4554.4], [11297.1, 4489.5], [11299.7, 4482.2], [11308.4, 4457.2], [11329.3, 4397.6], [11353.4, 4269.9], [11361.0, 4230.4], [11388.7, 4085.9], [11409.2, 3979.2], [11417.3, 3936.7], [11422.9, 3907.8], [11451.1, 3760.9]]}}, {"type": "Feature", "properties": {"name": "H\u1ebbm 42 Ho\u00e0ng Di\u1ec7u", "highway": "residential", "trusted": 1.0}, "geometry": {"type": "LineString", "coordinates": [[1919.2, 5876.1], [1891.4, 5888.9], [1725.3, 5965.1], [1648.2, 6000.2], [1629.1, 6008.9]]}}, {"type": "Feature", "properties": {"name": null, "highway": "service", "trusted": 0.0}, "geometry": {"type": "LineString", "coordinates": [[196.7, 5130.7], [200.9, 5136.6], [334.3, 5310.7]]}}, {"type": "Feature", "properties": {"name": "H\u1ebbm 20 Nguy\u1ec5n Tr\u01b0\u1eddng T\u1ed9", "highway": "residential", "trusted": 1.0}, "geometry": {"type": "LineString", "coordinates": [[1978.4, 5460.4], [1967.6, 5433.5], [1928.9, 5339.9], [1913.2, 5308.2], [1894.4, 5279.6], [1864.3, 5252.2], [1851.5, 5241.1]]}}, {"type": "Feature", "properties": {"name": "\u0110\u01b0\u1eddng Tr\u01b0\u1eddng Sa", "highway": "tertiary", "trusted": 0.0}, "geometry": {"type": "LineString", "coordinates": [[11048.3, 4145.5], [11049.3, 4132.5], [11051.9, 4121.8]]}}, {"type": "Feature", "properties": {"name": "Nguy\u1ec5n Ng\u1ecdc Ph\u01b0\u01a1ng", "highway": "residential", "trusted": 1.0}, "geometry": {"type": "LineString", "coordinates": [[9508.1, 6817.0], [9450.6, 6848.8], [9381.2, 6895.1], [9354.8, 6914.9], [9310.7, 6949.9], [9266.5, 6984.9], [9223.5, 7025.5], [9154.5, 7094.9]]}}, {"type": "Feature", "properties": {"name": "L\u00ea V\u0103n Linh", "highway": "residential", "trusted": 0.0}, "geometry": {"type": "LineString", "coordinates": [[659.8, 5843.3], [755.8, 5895.5], [839.1, 5941.2], [920.4, 5985.8]]}}, {"type": "Feature", "properties": {"name": "Nguy\u1ec5n T\u1ea5t Th\u00e0nh", "highway": "primary", "trusted": 0.5}, "geometry": {"type": "LineString", "coordinates": [[1499.4, 6416.1], [1358.2, 6475.8], [1090.4, 6583.9], [953.4, 6549.4], [854.4, 6589.4], [816.4, 6613.0]]}}, {"type": "Feature", "properties": {"name": "\u0110inh Ti\u00ean Ho\u00e0ng", "highway": "primary", "trusted": 1.0}, "geometry": {"type": "LineString", "coordinates": [[10702.1, 2729.9], [10666.0, 2730.4], [10658.0, 2730.5], [10626.0, 2731.3]]}}, {"type": "Feature", "properties": {"name": "T\u00f4n \u0110\u1ea3n", "highway": "tertiary", "trusted": 0.0}, "geometry": {"type": "LineString", "coordinates": [[-14.7, 6201.8], [5.4, 6208.1], [8.1, 6209.0], [38.7, 6218.6], [54.1, 6223.6], [72.8, 6229.6], [106.2, 6240.4], [128.4, 6247.4], [158.5, 6256.7]]}}, {"type": "Feature", "properties": {"name": "L\u00ea Qu\u1ed1c H\u01b0ng", "highway": "tertiary", "trusted": 1.0}, "geometry": {"type": "LineString", "coordinates": [[1922.4, 4660.5], [1906.2, 4685.4], [1774.6, 4893.5], [1725.6, 4970.1], [1625.0, 5110.7], [1448.5, 5400.2], [1416.3, 5454.1], [1397.7, 5479.3], [1375.7, 5497.7], [1356.8, 5512.0]]}}, {"type": "Feature", "properties": {"name": "L\u00ea Th\u1ea1ch", "highway": "tertiary", "trusted": 1.0}, "geometry": {"type": "LineString", "coordinates": [[1203.1, 6177.2], [1213.4, 6160.0], [1221.4, 6146.7], [1359.9, 5907.0], [1371.0, 5886.2], [1378.3, 5872.7], [1421.8, 5791.3], [1435.0, 5766.7], [1439.7, 5747.5]]}}, {"type": "Feature", "properties": {"name": "\u0110\u01b0\u1eddng Hoa Ph\u01b0\u1ee3ng", "highway": "residential", "trusted": 0.0}, "geometry": {"type": "LineString", "coordinates": [[11737.6, 502.8], [11874.8, 200.0], [11883.3, 180.6]]}}, {"type": "Feature", "properties": {"name": "Phan Huy \u00d4n", "highway": "residential", "trusted": 0.88}, "geometry": {"type": "LineString", "coordinates": [[10061.9, 6435.2], [10111.6, 6514.3], [10175.7, 6614.4], [10202.6, 6652.1], [10227.2, 6686.7], [10247.5, 6715.2], [10283.5, 6764.7], [10427.0, 6921.7]]}}, {"type": "Feature", "properties": {"name": "Nguy\u1ec5n V\u0103n L\u1ea1c", "highway": "tertiary", "trusted": 0.0}, "geometry": {"type": "LineString", "coordinates": [[10871.1, 7086.5], [10964.1, 7116.1], [11085.9, 7158.8], [11094.7, 7161.9], [11233.0, 7211.3], [11360.5, 7254.7], [11436.8, 7279.3], [11493.2, 7294.0]]}}, {"type": "Feature", "properties": {"name": "H\u1ebbm 15 V\u00f5 Duy Ninh", "highway": "service", "trusted": 0.0}, "geometry": {"type": "LineString", "coordinates": [[10340.5, 8763.9], [10510.1, 8777.4], [10574.6, 8780.5], [10630.3, 8781.4], [10734.5, 8783.1], [10771.3, 8783.7], [10814.7, 8780.5], [10841.1, 8803.7], [11008.3, 9056.4]]}}, {"type": "Feature", "properties": {"name": null, "highway": "service", "trusted": 0.0}, "geometry": {"type": "LineString", "coordinates": [[-49.9, 8479.8], [-34.8, 8449.7], [-19.6, 8421.0], [109.6, 8176.2], [124.7, 8149.3]]}}, {"type": "Feature", "properties": {"name": null, "highway": "service", "trusted": 0.0}, "geometry": {"type": "LineString", "coordinates": [[124.7, 8149.3], [56.3, 8110.9], [-25.5, 8062.3], [-43.3, 8051.8]]}}, {"type": "Feature", "properties": {"name": "Ng\u00f4 T\u1ea5t T\u1ed1", "highway": "tertiary", "trusted": 0.0}, "geometry": {"type": "LineString", "coordinates": [[10249.4, 8675.9], [10225.6, 8699.9], [10115.9, 8810.6], [10041.8, 8885.7]]}}, {"type": "Feature", "properties": {"name": null, "highway": "service", "trusted": 0.0}, "geometry": {"type": "LineString", "coordinates": [[8522.5, 8469.5], [8320.3, 8248.6], [8264.1, 8187.4]]}}, {"type": "Feature", "properties": {"name": "V\u0129nh Kh\u00e1nh", "highway": "tertiary", "trusted": 1.0}, "geometry": {"type": "LineString", "coordinates": [[1396.0, 4362.1], [1379.9, 4377.8], [1305.7, 4445.4], [1262.3, 4485.1], [1223.2, 4521.0], [1215.2, 4528.4], [1185.5, 4555.6], [1173.9, 4566.3], [1163.1, 4576.2], [1111.5, 4639.1]]}}, {"type": "Feature", "properties": {"name": "Phan V\u0103n H\u00e2n", "highway": "residential", "trusted": 0.88}, "geometry": {"type": "LineString", "coordinates": [[10427.0, 6921.7], [10424.9, 6757.1], [10454.9, 6699.9], [10486.7, 6639.5], [10490.6, 6632.0], [10495.3, 6623.0], [10582.7, 6451.9], [10603.6, 6408.2]]}}, {"type": "Feature", "properties": {"name": null, "highway": "service", "trusted": 0.0}, "geometry": {"type": "LineString", "coordinates": [[124.7, 8149.3], [194.1, 8041.0], [310.2, 7861.6], [326.7, 7836.6], [461.2, 7632.8], [599.3, 7483.4], [620.7, 7460.0], [679.7, 7376.5], [703.1, 7351.0], [803.2, 7441.3], [861.8, 7369.5], [905.8, 7341.7], [1121.9, 7091.7], [1150.8, 7058.3]]}}, {"type": "Feature", "properties": {"name": null, "highway": "service", "trusted": 0.0}, "geometry": {"type": "LineString", "coordinates": [[4554.4, 7162.5], [4553.3, 7211.9], [4554.8, 7223.6], [4555.6, 7228.6], [4557.3, 7232.4], [4561.2, 7235.7], [4566.2, 7237.7], [4575.9, 7241.1], [4606.3, 7246.7], [4760.4, 7257.1], [4832.9, 7272.4], [4841.7, 7277.2], [4847.8, 7284.2], [4858.2, 7302.6], [4864.3, 7321.0], [4871.4, 7343.4], [4874.6, 7369.1], [4872.7, 7397.8], [4860.4, 7491.8], [4834.0, 7619.1]]}}, {"type": "Feature", "properties": {"name": "Nguy\u1ec5n Tr\u01b0\u1eddng T\u1ed9", "highway": "tertiary", "trusted": 1.0}, "geometry": {"type": "LineString", "coordinates": [[1493.8, 5688.4], [1515.6, 5677.8], [1959.6, 5469.2], [1978.4, 5460.4]]}}, {"type": "Feature", "properties": {"name": "C\u1ea7u B\u00f4ng", "highway": "primary", "trusted": 0.33}, "geometry": {"type": "LineString", "coordinates": [[11149.1, 2807.8], [10845.5, 2785.1], [10702.1, 2729.9]]}}, {"type": "Feature", "properties": {"name": "Ph\u00fa M\u1ef9", "highway": "residential", "trusted": 0.0}, "geometry": {"type": "LineString", "coordinates": [[10115.9, 8810.6], [9986.6, 8732.5], [9870.8, 8663.3], [9782.7, 8610.3], [9765.4, 8600.3], [9683.0, 8551.1], [9606.1, 8505.2]]}}, {"type": "Feature", "properties": {"name": "C\u1ea7u V\u0103n Th\u00e1nh 2", "highway": "primary", "trusted": 0.0}, "geometry": {"type": "LineString", "coordinates": [[9562.3, 8519.3], [9641.6, 8055.2]]}}, {"type": "Feature", "properties": {"name": "Ng\u00f4 T\u1ea5t T\u1ed1", "highway": "tertiary", "trusted": 0.0}, "geometry": {"type": "LineString", "coordinates": [[10439.0, 8473.3], [10419.6, 8494.0], [10414.6, 8499.4], [10367.8, 8549.4], [10322.4, 8597.9], [10306.1, 8615.2], [10291.8, 8630.5], [10259.1, 8665.5], [10249.4, 8675.9]]}}, {"type": "Feature", "properties": {"name": null, "highway": "service", "trusted": 1.0}, "geometry": {"type": "LineString", "coordinates": [[4288.1, 1302.6], [4326.1, 1322.2], [4327.6, 1319.4], [4341.7, 1293.0], [4355.1, 1267.7], [4357.5, 1260.8], [4358.7, 1253.6], [4358.6, 1246.3]]}}, {"type": "Feature", "properties": {"name": null, "highway": "service", "trusted": 0.0}, "geometry": {"type": "LineString", "coordinates": [[3316.3, 116.5], [3249.2, 159.9], [3191.4, 205.1]]}}, {"type": "Feature", "properties": {"name": "H\u1ebbm 160 \u0110\u1ec1 Th\u00e1m", "highway": "service", "trusted": 1.0}, "geometry": {"type": "LineString", "coordinates": [[1916.1, 2384.0], [1863.7, 2402.1], [1837.5, 2321.6]]}}, {"type": "Feature", "properties": {"name": null, "highway": "service", "trusted": 1.0}, "geometry": {"type": "LineString", "coordinates": [[4983.7, 2064.6], [4918.1, 2043.1], [4900.2, 2035.7], [4882.8, 2027.5], [4858.7, 2014.0]]}}, {"type": "Feature", "properties": {"name": "H\u1ebbm 149/21 L\u00ea Th\u1ecb Ri\u00eang", "highway": "service", "trusted": 0.0}, "geometry": {"type": "LineString", "coordinates": [[3276.4, 725.4], [3205.9, 635.6]]}}, {"type": "Feature", "properties": {"name": "\u0110\u01b0\u1eddng Phan T\u00f4n", "highway": "residential", "trusted": 1.0}, "geometry": {"type": "LineString", "coordinates": [[9646.6, 3039.2], [9787.1, 2875.4], [9894.4, 2725.9], [9915.9, 2697.1]]}}, {"type": "Feature", "properties": {"name": "H\u1ebbm 33 L\u00fd V\u0103n Ph\u1ee9c", "highway": "residential", "trusted": 1.0}, "geometry": {"type": "LineString", "coordinates": [[10162.3, 2106.3], [10158.9, 2103.0], [10011.5, 1961.6]]}}, {"type": "Feature", "properties": {"name": null, "highway": "service", "trusted": 0.0}, "geometry": {"type": "LineString", "coordinates": [[3234.4, 1421.7], [3207.0, 1380.1]]}}, {"type": "Feature", "properties": {"name": null, "highway": "service", "trusted": 0.1}, "geometry": {"type": "LineString", "coordinates": [[4538.1, 2156.6], [4553.3, 2171.4], [4561.2, 2179.1], [4597.4, 2214.4], [4616.4, 2229.7], [4636.4, 2243.8], [4657.2, 2256.5], [4679.5, 2268.2], [4690.8, 2273.7], [4702.6, 2278.2], [4720.7, 2283.2], [4739.4, 2285.7], [4750.9, 2285.1], [4762.2, 2283.0], [4775.0, 2278.4], [4786.8, 2271.8], [4805.7, 2258.5], [4822.9, 2243.0], [4983.7, 2064.6], [5004.8, 2041.6]]}}, {"type": "Feature", "properties": {"name": "H\u1ebbm 71 Nguy\u1ec5n Tr\u00e3i", "highway": "residential", "trusted": 0.0}, "geometry": {"type": "LineString", "coordinates": [[3377.4, 1323.7], [3312.8, 1364.2], [3234.4, 1421.7]]}}, {"type": "Feature", "properties": {"name": "H\u1ebbm 263 \u0110\u01b0\u1eddng Nguy\u1ec5n Tr\u00e3i", "highway": "service", "trusted": 0.0}, "geometry": {"type": "LineString", "coordinates": [[1456.8, 19.6], [1440.6, 57.9], [1407.2, 136.1]]}}, {"type": "Feature", "properties": {"name": "H\u1ebbm 194 C\u00f4 Giang", "highway": "service", "trusted": 0.0}, "geometry": {"type": "LineString", "coordinates": [[697.5, 1653.5], [662.4, 1675.4], [633.4, 1689.2], [555.2, 1744.3]]}}, {"type": "Feature", "properties": {"name": null, "highway": "service", "trusted": 1.0}, "geometry": {"type": "LineString", "coordinates": [[1614.6, 2148.2], [1593.7, 2184.0], [1555.6, 2238.4]]}}, {"type": "Feature", "properties": {"name": null, "highway": "service", "trusted": 0.2}, "geometry": {"type": "LineString", "coordinates": [[1539.5, 2043.7], [1555.8, 2031.3], [1573.7, 2033.5], [1602.0, 2053.4], [1614.6, 2148.2]]}}, {"type": "Feature", "properties": {"name": "H\u1ebbm 256 Pasteur", "highway": "service", "trusted": 0.0}, "geometry": {"type": "LineString", "coordinates": [[8899.9, 798.8], [8812.7, 739.2], [8771.3, 708.8], [8732.4, 680.0], [8686.2, 640.4]]}}, {"type": "Feature", "properties": {"name": null, "highway": "service", "trusted": 1.0}, "geometry": {"type": "LineString", "coordinates": [[1687.9, 2712.0], [1645.2, 2734.0]]}}, {"type": "Feature", "properties": {"name": null, "highway": "service", "trusted": 1.0}, "geometry": {"type": "LineString", "coordinates": [[1645.2, 2734.0], [1616.9, 2753.2], [1595.1, 2707.6]]}}, {"type": "Feature", "properties": {"name": "H\u1ebbm 75 Ho\u00e0ng Sa", "highway": "residential", "trusted": 1.0}, "geometry": {"type": "LineString", "coordinates": [[10509.3, 5191.9], [10490.1, 5177.1], [10429.4, 5130.8], [10376.0, 5093.0]]}}, {"type": "Feature", "properties": {"name": null, "highway": "residential", "trusted": 0.0}, "geometry": {"type": "LineString", "coordinates": [[3348.4, 1003.9], [3389.4, 1062.3]]}}, {"type": "Feature", "properties": {"name": null, "highway": "residential", "trusted": 1.0}, "geometry": {"type": "LineString", "coordinates": [[10321.7, 5072.9], [10333.3, 4980.1], [10354.4, 4904.9]]}}, {"type": "Feature", "properties": {"name": null, "highway": "service", "trusted": 0.0}, "geometry": {"type": "LineString", "coordinates": [[9133.0, 3149.1], [9084.9, 3192.1]]}}, {"type": "Feature", "properties": {"name": "Tr\u1ea7n Qu\u1ed1c To\u1ea3n", "highway": "tertiary", "trusted": 0.0}, "geometry": {"type": "LineString", "coordinates": [[9758.0, 730.3], [9737.8, 716.4], [9673.2, 675.4]]}}, {"type": "Feature", "properties": {"name": "Tr\u01b0\u01a1ng Quy\u1ec1n", "highway": "residential", "trusted": 0.43}, "geometry": {"type": "LineString", "coordinates": [[8534.8, 1910.3], [8593.1, 1841.2], [8678.4, 1742.3], [8768.0, 1637.2], [8849.2, 1638.3], [8961.0, 1506.9], [9036.7, 1423.6]]}}, {"type": "Feature", "properties": {"name": "H\u1ebbm 75 Ho\u00e0ng Sa", "highway": "residential", "trusted": 1.0}, "geometry": {"type": "LineString", "coordinates": [[10376.0, 5093.0], [10321.7, 5072.9]]}}, {"type": "Feature", "properties": {"name": null, "highway": "service", "trusted": 0.0}, "geometry": {"type": "LineString", "coordinates": [[1694.9, 1934.1], [1673.5, 1937.4], [1650.1, 1939.1]]}}, {"type": "Feature", "properties": {"name": "Nguy\u1ec5n B\u1ec9nh Khi\u00eam", "highway": "residential", "trusted": 0.75}, "geometry": {"type": "LineString", "coordinates": [[10585.9, 3786.9], [10633.5, 3742.3], [10659.7, 3717.5], [10837.4, 3640.5]]}}, {"type": "Feature", "properties": {"name": null, "highway": "residential", "trusted": 1.0}, "geometry": {"type": "LineString", "coordinates": [[10310.2, 5453.2], [10275.0, 5417.1]]}}, {"type": "Feature", "properties": {"name": "H\u1ebbm 23 Ho\u00e0ng Sa", "highway": "residential", "trusted": 1.0}, "geometry": {"type": "LineString", "coordinates": [[10434.0, 5484.3], [10413.0, 5477.3], [10310.2, 5453.2]]}}, {"type": "Feature", "properties": {"name": null, "highway": "service", "trusted": 0.0}, "geometry": {"type": "LineString", "coordinates": [[2054.8, 704.9], [2003.4, 742.3]]}}, {"type": "Feature", "properties": {"name": "H\u1ebbm 182 \u00d0\u1ec1 Th\u00e1m", "highway": "residential", "trusted": 1.0}, "geometry": {"type": "LineString", "coordinates": [[2007.2, 2265.0], [2026.1, 2331.8], [2043.4, 2390.5]]}}, {"type": "Feature", "properties": {"name": "H\u1ebbm 36 L\u00ea Th\u1ecb Ri\u00eang", "highway": "service", "trusted": 1.0}, "geometry": {"type": "LineString", "coordinates": [[3861.6, 1439.0], [3823.8, 1476.3], [3749.0, 1518.8], [3730.1, 1523.0]]}}, {"type": "Feature", "properties": {"name": null, "highway": "service", "trusted": 1.0}, "geometry": {"type": "LineString", "coordinates": [[4676.2, 2055.9], [4684.9, 2047.3], [4694.8, 2040.0], [4706.2, 2034.2], [4718.6, 2030.2], [4828.8, 2007.2]]}}, {"type": "Feature", "properties": {"name": "Alexandre de Rhodes", "highway": "residential", "trusted": 1.0}, "geometry": {"type": "LineString", "coordinates": [[6791.3, 3370.3], [6757.1, 3346.5], [6562.5, 3195.0], [6546.3, 3181.0], [6433.0, 3077.2], [6400.1, 3044.7]]}}, {"type": "Feature", "properties": {"name": null, "highway": "service", "trusted": 0.0}, "geometry": {"type": "LineString", "coordinates": [[7101.4, 805.2], [7183.2, 883.6], [7192.1, 892.1]]}}, {"type": "Feature", "properties": {"name": "Thi S\u00e1ch", "highway": "residential", "trusted": 0.0}, "geometry": {"type": "LineString", "coordinates": [[6279.1, 5175.3], [5983.7, 5480.2], [5909.0, 5556.9], [5619.1, 5853.2]]}}, {"type": "Feature", "properties": {"name": "H\u1ebbm 49 V\u00f5 V\u0103n T\u1ea7n", "highway": "service", "trusted": 1.0}, "geometry": {"type": "LineString", "coordinates": [[5810.6, 1326.0], [5720.1, 1408.9], [5654.7, 1352.1]]}}, {"type": "Feature", "properties": {"name": null, "highway": "service", "trusted": 0.0}, "geometry": {"type": "LineString", "coordinates": [[1445.1, 513.2], [1493.1, 522.5], [1497.0, 498.5]]}}, {"type": "Feature", "properties": {"name": "H\u1ebbm 71 C\u00f4 B\u1eafc", "highway": "residential", "trusted": 1.0}, "geometry": {"type": "LineString", "coordinates": [[1596.1, 2290.1], [1530.5, 2319.1], [1471.3, 2358.8], [1459.7, 2338.7], [1446.4, 2347.5], [1429.4, 2318.6]]}}, {"type": "Feature", "properties": {"name": "C\u00f4ng tr\u01b0\u1eddng Lam S\u01a1n", "highway": "residential", "trusted": 0.71}, "geometry": {"type": "LineString", "coordinates": [[5257.7, 5017.5], [5438.0, 5179.6], [5481.3, 5171.5], [5512.6, 5180.4], [5557.8, 5209.3], [5659.2, 5318.4], [5677.9, 5336.4]]}}, {"type": "Feature", "properties": {"name": "H\u1ebbm 19 Th\u1ea1ch Th\u1ecb Thanh", "highway": "service", "trusted": 1.0}, "geometry": {"type": "LineString", "coordinates": [[9669.1, 1681.2], [9807.5, 1862.4], [9848.9, 1893.9], [9853.4, 1897.3], [9860.1, 1902.4]]}}, {"type": "Feature", "properties": {"name": null, "highway": "residential", "trusted": 1.0}, "geometry": {"type": "LineString", "coordinates": [[1784.2, 2872.7], [1760.5, 2831.4], [1734.5, 2785.2], [1687.9, 2712.0], [1682.3, 2703.2]]}}, {"type": "Feature", "properties": {"name": "H\u1ebbm 392 Hai B\u00e0 Tr\u01b0ng", "highway": "residential", "trusted": 0.0}, "geometry": {"type": "LineString", "coordinates": [[10059.9, 366.2], [10079.4, 380.1], [10101.7, 397.0], [10117.1, 422.5], [10145.0, 449.5], [10193.6, 489.6]]}}, {"type": "Feature", "properties": {"name": "L\u00ea Qu\u00fd \u0110\u00f4n", "highway": "tertiary", "trusted": 0.5}, "geometry": {"type": "LineString", "coordinates": [[6027.8, 2118.5], [6158.9, 1980.5], [6251.1, 1874.4], [6361.3, 1759.4]]}}, {"type": "Feature", "properties": {"name": "Nguy\u1ec5n V\u0103n Tr\u00e1ng", "highway": "residential", "trusted": 0.38}, "geometry": {"type": "LineString", "coordinates": [[3445.9, 1423.5], [3470.6, 1405.6], [3569.0, 1334.2], [3612.3, 1302.4], [3638.6, 1295.2], [3637.8, 1334.9], [3666.6, 1329.4], [3714.6, 1320.1]]}}, {"type": "Feature", "properties": {"name": "H\u1ebbm 206 Nam K\u1ef3 Kh\u1edfi Ngh\u0129a", "highway": "residential", "trusted": 0.0}, "geometry": {"type": "LineString", "coordinates": [[7537.4, 1449.6], [7435.7, 1357.9]]}}, {"type": "Feature", "properties": {"name": "H\u1ebbm 145 \u00d0\u1ec1 Th\u00e1m", "highway": "residential", "trusted": 0.8}, "geometry": {"type": "LineString", "coordinates": [[1837.5, 2321.6], [1840.1, 2232.5], [1842.6, 2185.5], [1837.8, 2158.2], [1822.5, 2067.4]]}}, {"type": "Feature", "properties": {"name": "H\u1ebbm 55 L\u00ea Th\u1ecb H\u1ed3ng G\u1ea5m", "highway": "residential", "trusted": 1.0}, "geometry": {"type": "LineString", "coordinates": [[2915.3, 3212.5], [2622.6, 3469.3]]}}, {"type": "Feature", "properties": {"name": null, "highway": "service", "trusted": 0.0}, "geometry": {"type": "LineString", "coordinates": [[2496.8, 1842.7], [2463.4, 1768.8], [2417.7, 1655.7]]}}, {"type": "Feature", "properties": {"name": "L\u01b0u V\u0103n Lang", "highway": "residential", "trusted": 0.5}, "geometry": {"type": "LineString", "coordinates": [[4517.6, 3772.9], [4191.8, 3515.3]]}}, {"type": "Feature", "properties": {"name": "Tr\u1ea7n Kh\u00e1nh D\u01b0", "highway": "residential", "trusted": 0.0}, "geometry": {"type": "LineString", "coordinates": [[11085.0, 168.2], [11086.8, 176.9], [11102.7, 275.3], [11119.9, 372.6]]}}, {"type": "Feature", "properties": {"name": "Calmette", "highway": "secondary", "trusted": 1.0}, "geometry": {"type": "LineString", "coordinates": [[2383.3, 3885.7], [2407.5, 3867.8], [2687.7, 3656.7], [2731.1, 3622.3], [2751.2, 3606.9]]}}, {"type": "Feature", "properties": {"name": "H\u1ebbm 54 Nguy\u1ec5n B\u1ec9nh Khi\u00eam", "highway": "service", "trusted": 1.0}, "geometry": {"type": "LineString", "coordinates": [[10666.2, 4328.6], [10498.1, 4153.3], [10378.0, 4039.7]]}}, {"type": "Feature", "properties": {"name": null, "highway": "residential", "trusted": 1.0}, "geometry": {"type": "LineString", "coordinates": [[10275.0, 5417.1], [10247.0, 5410.7], [10217.9, 5392.3], [10185.0, 5382.6]]}}, {"type": "Feature", "properties": {"name": "H\u1ebbm 95 L\u00ea Th\u1ecb Ri\u00eang", "highway": "service", "trusted": 0.33}, "geometry": {"type": "LineString", "coordinates": [[3646.3, 1032.3], [3603.3, 1016.8], [3476.1, 1104.6]]}}, {"type": "Feature", "properties": {"name": "H\u1ebbm 8 Ph\u1ea1m Ng\u1ecdc Th\u1ea1ch", "highway": "service", "trusted": 1.0}, "geometry": {"type": "LineString", "coordinates": [[7334.4, 3044.4], [7224.7, 2948.6], [7215.1, 2940.2]]}}, {"type": "Feature", "properties": {"name": "L\u00fd T\u1ef1 Tr\u1ecdng", "highway": "tertiary", "trusted": 0.0}, "geometry": {"type": "LineString", "coordinates": [[3759.9, 1875.7], [3787.8, 1917.5], [3790.1, 1920.9], [3993.9, 2211.2], [4087.6, 2348.0], [4200.2, 2528.7]]}}, {"type": "Feature", "properties": {"name": "H\u1ebbm 66 Ph\u1ea1m Ng\u1ecdc Th\u1ea1ch", "highway": "service", "trusted": 0.0}, "geometry": {"type": "LineString", "coordinates": [[8768.0, 1637.2], [8605.3, 1490.8]]}}, {"type": "Feature", "properties": {"name": "C\u1ea7u Th\u1ecb Ngh\u00e8 1", "highway": "primary", "trusted": 1.0}, "geometry": {"type": "LineString", "coordinates": [[10110.6, 5901.9], [10520.2, 6323.9]]}}, {"type": "Feature", "properties": {"name": "Nguy\u1ec5n V\u0103n Mai", "highway": "residential", "trusted": 0.0}, "geometry": {"type": "LineString", "coordinates": [[10078.6, 343.7], [10000.7, 281.7], [9877.6, 183.6], [9834.2, 148.9]]}}, {"type": "Feature", "properties": {"name": "\u0110\u01b0\u1eddng C\u00e2y \u0110i\u1ec7p", "highway": "residential", "trusted": 1.0}, "geometry": {"type": "LineString", "coordinates": [[9774.0, 3155.8], [9653.3, 3303.9], [9630.2, 3320.3]]}}, {"type": "Feature", "properties": {"name": "\u0110\u01b0\u1eddng Ho\u00e0 M\u1ef9", "highway": "residential", "trusted": 1.0}, "geometry": {"type": "LineString", "coordinates": [[10291.2, 2854.1], [10279.7, 2849.5], [10059.0, 2760.5]]}}, {"type": "Feature", "properties": {"name": null, "highway": "service", "trusted": 0.14}, "geometry": {"type": "LineString", "coordinates": [[1710.6, 2166.5], [1707.0, 2067.4], [1738.0, 2073.8], [1745.8, 2046.8], [1749.1, 2017.8], [1737.4, 2000.2], [1753.9, 1919.3]]}}, {"type": "Feature", "properties": {"name": null, "highway": "service", "trusted": 1.0}, "geometry": {"type": "LineString", "coordinates": [[1668.9, 2158.1], [1710.6, 2166.5]]}}, {"type": "Feature", "properties": {"name": "\u00d0\u1eb7ng Th\u1ecb Nhu", "highway": "residential", "trusted": 0.5}, "geometry": {"type": "LineString", "coordinates": [[3221.0, 3256.1], [3200.1, 3238.5], [2949.2, 2996.9], [2921.3, 2970.4]]}}, {"type": "Feature", "properties": {"name": null, "highway": "service", "trusted": 0.0}, "geometry": {"type": "LineString", "coordinates": [[3207.0, 1380.1], [3287.6, 1326.2], [3312.8, 1364.2]]}}, {"type": "Feature", "properties": {"name": null, "highway": "service", "trusted": 1.0}, "geometry": {"type": "LineString", "coordinates": [[1499.3, 2853.2], [1485.5, 2864.1], [1424.6, 2926.6], [1409.9, 2942.9]]}}, {"type": "Feature", "properties": {"name": "H\u1ebbm 27 C\u00f4 Giang", "highway": "service", "trusted": 1.0}, "geometry": {"type": "LineString", "coordinates": [[1456.3, 3001.4], [1492.3, 2971.3], [1483.3, 2956.4], [1543.3, 2904.8]]}}, {"type": "Feature", "properties": {"name": "Ph\u1ea1m Ng\u1ecdc Th\u1ea1ch", "highway": "tertiary", "trusted": 1.0}, "geometry": {"type": "LineString", "coordinates": [[7464.9, 2702.7], [7489.0, 2680.1], [7689.1, 2483.8]]}}, {"type": "Feature", "properties": {"name": "H\u1ebbm 46 V\u00f5 V\u0103n T\u1ea7n", "highway": "residential", "trusted": 1.0}, "geometry": {"type": "LineString", "coordinates": [[5925.2, 1119.9], [5765.8, 1284.5]]}}, {"type": "Feature", "properties": {"name": "H\u1ebbm 3 \u0110\u01b0\u1eddng Yersin", "highway": "service", "trusted": 1.0}, "geometry": {"type": "LineString", "coordinates": [[1553.3, 3202.5], [1566.9, 3225.6], [1746.0, 3508.6]]}}, {"type": "Feature", "properties": {"name": "H\u1ebbm 58 Ph\u1ea1m Ng\u1ecdc Th\u1ea1ch", "highway": "service", "trusted": 0.0}, "geometry": {"type": "LineString", "coordinates": [[8678.4, 1742.3], [8514.3, 1585.8]]}}, {"type": "Feature", "properties": {"name": "H\u1ebbm 85 Phan K\u1ebf B\u00ednh", "highway": "residential", "trusted": 1.0}, "geometry": {"type": "LineString", "coordinates": [[9910.9, 3539.1], [9991.5, 3611.8], [10003.7, 3621.7]]}}, {"type": "Feature", "properties": {"name": null, "highway": "service", "trusted": 0.76}, "geometry": {"type": "LineString", "coordinates": [[5862.8, 2857.0], [5850.2, 2882.0], [5841.2, 2895.9], [5831.1, 2908.9], [5814.7, 2925.9], [5806.7, 2932.3], [5796.3, 2940.7], [5767.5, 2960.1], [5737.0, 2977.0], [5706.6, 2990.5], [5675.1, 3001.5], [5659.0, 3006.2], [5642.5, 3010.1], [5619.6, 3014.0], [5596.4, 3016.4], [5573.0, 3017.1], [5458.3, 3017.7], [5444.4, 3023.0], [5429.9, 3026.8], [5418.3, 3028.6], [5406.5, 3029.5], [5309.2, 3034.3], [5292.6, 3034.2], [5276.0, 3032.2], [5259.6, 3028.5], [5243.8, 3023.3], [5228.6, 3016.4], [5216.9, 3009.5], [5205.8, 3000.9], [5194.9, 2990.0], [5158.1, 2996.0], [5150.3, 2978.0], [5144.3, 2959.3], [5140.4, 2942.2], [5138.0, 2924.8], [5137.0, 2907.4], [5135.9, 2851.8], [5137.6, 2796.2], [5141.3, 2752.4], [5161.5, 2605.3], [5167.1, 2580.2], [5185.8, 2547.4], [5193.3, 2524.0], [5206.3, 2491.9], [5222.0, 2461.2], [5317.6, 2291.4]]}}, {"type": "Feature", "properties": {"name": "H\u1ebbm 306 Nguy\u1ec5n Th\u1ecb Minh Khai", "highway": "residential", "trusted": 1.0}, "geometry": {"type": "LineString", "coordinates": [[4175.2, 384.9], [4193.8, 365.4], [4329.0, 223.8], [4363.9, 187.4], [4418.9, 130.0]]}}, {"type": "Feature", "properties": {"name": null, "highway": "service", "trusted": 1.0}, "geometry": {"type": "LineString", "coordinates": [[5532.9, 2700.5], [5530.1, 2724.5], [5528.6, 2748.8], [5528.5, 2777.3], [5530.3, 2806.0], [5535.2, 2869.0], [5535.2, 2883.9], [5533.6, 2898.6], [5530.3, 2913.0], [5524.8, 2928.2], [5517.4, 2942.6], [5508.3, 2955.9], [5458.3, 3017.7]]}}, {"type": "Feature", "properties": {"name": null, "highway": "service", "trusted": 1.0}, "geometry": {"type": "LineString", "coordinates": [[4949.1, 1956.4], [4929.6, 1977.4]]}}, {"type": "Feature", "properties": {"name": null, "highway": "service", "trusted": 1.0}, "geometry": {"type": "LineString", "coordinates": [[5563.6, 2298.7], [5457.0, 2415.5], [5347.5, 2534.4]]}}, {"type": "Feature", "properties": {"name": null, "highway": "service", "trusted": 0.92}, "geometry": {"type": "LineString", "coordinates": [[5471.0, 2651.5], [5451.0, 2658.2], [5430.3, 2663.4], [5408.7, 2667.0], [5386.9, 2669.1], [5364.8, 2669.5], [5318.5, 2671.5], [5298.0, 2674.4], [5277.9, 2679.2], [5257.2, 2686.3], [5237.5, 2695.3], [5198.4, 2715.7], [5141.3, 2752.4]]}}, {"type": "Feature", "properties": {"name": null, "highway": "service", "trusted": 1.0}, "geometry": {"type": "LineString", "coordinates": [[5317.6, 2291.4], [5480.3, 2193.5], [5535.5, 2169.2], [5586.5, 2150.7], [5641.0, 2134.1], [5696.5, 2120.4], [5752.8, 2109.6], [5790.8, 2105.1], [5829.1, 2102.5], [5867.6, 2102.1], [5903.1, 2103.5], [5938.7, 2106.7], [5955.6, 2112.0], [5971.9, 2119.7], [5987.8, 2131.0], [6003.9, 2145.7], [6012.3, 2155.5], [6022.0, 2170.6], [6029.5, 2186.7], [6034.6, 2203.6], [6066.8, 2334.5], [6076.0, 2358.9], [6083.8, 2383.6], [6089.9, 2408.7], [6094.9, 2437.2], [6098.0, 2465.7], [6099.1, 2494.2], [6098.1, 2522.4], [6095.2, 2550.2], [6088.9, 2576.2], [6081.0, 2601.4], [6071.6, 2625.8], [6059.6, 2651.2], [6045.9, 2675.6], [6030.6, 2698.6], [6013.5, 2720.2], [5994.0, 2742.0], [5973.0, 2762.5], [5950.6, 2781.7], [5925.9, 2792.4]]}}, {"type": "Feature", "properties": {"name": null, "highway": "service", "trusted": 1.0}, "geometry": {"type": "LineString", "coordinates": [[6066.8, 2334.5], [6056.9, 2341.4], [6047.6, 2348.9], [6037.8, 2358.1], [6028.8, 2368.2], [5976.5, 2431.7], [5963.4, 2441.3], [5948.7, 2448.7], [5936.6, 2452.8], [5924.0, 2455.4], [5911.0, 2456.6], [5802.7, 2462.0], [5779.0, 2464.7], [5765.3, 2467.5], [5751.7, 2471.0]]}}, {"type": "Feature", "properties": {"name": null, "highway": "residential", "trusted": 0.0}, "geometry": {"type": "LineString", "coordinates": [[7644.9, 1465.8], [7780.1, 1588.8]]}}, {"type": "Feature", "properties": {"name": null, "highway": "service", "trusted": 0.75}, "geometry": {"type": "LineString", "coordinates": [[5205.8, 3000.9], [5202.7, 3004.2], [5196.0, 3011.1], [5155.0, 3044.1]]}}, {"type": "Feature", "properties": {"name": null, "highway": "service", "trusted": 1.0}, "geometry": {"type": "LineString", "coordinates": [[4880.4, 1897.9], [4820.4, 1846.1], [4796.1, 1844.5]]}}, {"type": "Feature", "properties": {"name": null, "highway": "service", "trusted": 1.0}, "geometry": {"type": "LineString", "coordinates": [[5317.6, 2291.4], [5300.8, 2276.7], [5282.9, 2261.2]]}}, {"type": "Feature", "properties": {"name": "H\u1ebbm 371 Hai B\u00e0 Tr\u01b0ng", "highway": "residential", "trusted": 0.0}, "geometry": {"type": "LineString", "coordinates": [[9880.0, 579.4], [9765.9, 500.0], [9682.9, 435.7], [9626.9, 396.4]]}}, {"type": "Feature", "properties": {"name": null, "highway": "service", "trusted": 1.0}, "geometry": {"type": "LineString", "coordinates": [[5222.0, 2461.2], [5347.5, 2534.4], [5461.2, 2636.0], [5471.0, 2651.5], [5482.9, 2665.8], [5496.5, 2678.5], [5504.4, 2684.2], [5510.4, 2688.5], [5525.2, 2696.8], [5532.9, 2700.5], [5540.9, 2703.2], [5551.7, 2705.3], [5562.4, 2705.8], [5573.0, 2704.4], [5583.0, 2701.4], [5596.2, 2699.9], [5609.6, 2700.8], [5622.8, 2704.1], [5635.4, 2709.8], [5646.8, 2717.5]]}}, {"type": "Feature", "properties": {"name": "H\u1ebbm C\u00f4 Giang", "highway": "residential", "trusted": 1.0}, "geometry": {"type": "LineString", "coordinates": [[1422.0, 2760.8], [1582.6, 2630.0]]}}, {"type": "Feature", "properties": {"name": "Cao B\u00e1 Qu\u00e1t", "highway": "residential", "trusted": 0.0}, "geometry": {"type": "LineString", "coordinates": [[6158.6, 5644.4], [5983.7, 5480.2], [5793.8, 5301.9], [5752.2, 5262.8]]}}, {"type": "Feature", "properties": {"name": "Hu\u1ef3nh T\u1ecbnh C\u1ee7a", "highway": "residential", "trusted": 0.0}, "geometry": {"type": "LineString", "coordinates": [[9247.0, 466.9], [9377.1, 290.2], [9421.4, 228.9], [9462.8, 169.9], [9488.9, 143.6]]}}, {"type": "Feature", "properties": {"name": "\u00d0\u1ec1 Th\u00e1m", "highway": "residential", "trusted": 1.0}, "geometry": {"type": "LineString", "coordinates": [[1284.3, 2606.3], [1258.7, 2620.0], [1124.3, 2701.2], [991.8, 2782.6], [953.5, 2815.9], [872.1, 2901.0], [855.8, 2918.9]]}}, {"type": "Feature", "properties": {"name": "H\u1ebbm 34 Tr\u1ea7n Kh\u00e1nh D\u01b0", "highway": "residential", "trusted": 0.0}, "geometry": {"type": "LineString", "coordinates": [[11119.9, 372.6], [11388.2, 328.3]]}}, {"type": "Feature", "properties": {"name": "H\u1ebbm 258 Nguy\u1ec5n C\u00f4ng Tr\u1ee9", "highway": "service", "trusted": 1.0}, "geometry": {"type": "LineString", "coordinates": [[2441.6, 3951.1], [2513.2, 3892.1], [2739.1, 3719.4]]}}, {"type": "Feature", "properties": {"name": null, "highway": "service", "trusted": 1.0}, "geometry": {"type": "LineString", "coordinates": [[1919.9, 2673.6], [1770.2, 2762.4], [1734.5, 2785.2], [1687.6, 2815.2], [1667.0, 2828.4], [1615.7, 2861.5], [1543.3, 2904.8]]}}, {"type": "Feature", "properties": {"name": null, "highway": "service", "trusted": 1.0}, "geometry": {"type": "LineString", "coordinates": [[1957.3, 2720.4], [1798.1, 2808.8], [1760.5, 2831.4], [1709.2, 2861.4], [1688.1, 2873.9], [1635.8, 2905.1], [1572.4, 2940.9]]}}, {"type": "Feature", "properties": {"name": "C\u00f4ng tr\u01b0\u1eddng Qu\u1ed1c t\u1ebf", "highway": "secondary", "trusted": 1.0}, "geometry": {"type": "LineString", "coordinates": [[7470.7, 2877.2], [7483.9, 2862.7], [7494.3, 2846.4], [7501.8, 2828.6], [7506.1, 2809.9], [7507.1, 2790.3], [7504.8, 2771.2], [7499.3, 2752.3], [7490.7, 2734.3], [7479.1, 2717.6], [7464.9, 2702.7]]}}, {"type": "Feature", "properties": {"name": null, "highway": "residential", "trusted": 1.0}, "geometry": {"type": "LineString", "coordinates": [[10607.3, 4664.8], [10491.9, 4563.9], [10518.7, 4537.6], [10568.4, 4484.5]]}}, {"type": "Feature", "properties": {"name": "\u0110\u00f4ng Du", "highway": "residential", "trusted": 0.25}, "geometry": {"type": "LineString", "coordinates": [[5411.3, 5652.7], [5504.2, 5746.2], [5543.6, 5782.4], [5619.1, 5853.2]]}}, {"type": "Feature", "properties": {"name": null, "highway": "service", "trusted": 0.0}, "geometry": {"type": "LineString", "coordinates": [[1729.5, 152.9], [1776.6, 24.5]]}}, {"type": "Feature", "properties": {"name": null, "highway": "service", "trusted": 1.0}, "geometry": {"type": "LineString", "coordinates": [[4725.3, 1782.5], [4775.9, 1826.8], [4779.0, 1829.6], [4796.1, 1844.5]]}}, {"type": "Feature", "properties": {"name": null, "highway": "service", "trusted": 0.0}, "geometry": {"type": "LineString", "coordinates": [[1493.1, 522.5], [1480.3, 579.5]]}}, {"type": "Feature", "properties": {"name": "H\u1ebbm 211 Nguy\u1ec5n Tr\u00e3i", "highway": "residential", "trusted": 0.0}, "geometry": {"type": "LineString", "coordinates": [[1844.9, 248.0], [1863.7, 213.0]]}}, {"type": "Feature", "properties": {"name": "H\u1ebbm 160 C\u1ed1ng Qu\u1ef3nh", "highway": "service", "trusted": 0.0}, "geometry": {"type": "LineString", "coordinates": [[2123.3, 809.1], [2090.5, 759.1], [2054.8, 704.9], [2007.6, 633.9]]}}, {"type": "Feature", "properties": {"name": null, "highway": "service", "trusted": 0.0}, "geometry": {"type": "LineString", "coordinates": [[7893.2, 2233.6], [7773.2, 2119.2]]}}, {"type": "Feature", "properties": {"name": "Mai Th\u1ecb L\u1ef1u", "highway": "residential", "trusted": 1.0}, "geometry": {"type": "LineString", "coordinates": [[10016.7, 3963.4], [9704.3, 4304.3]]}}, {"type": "Feature", "properties": {"name": null, "highway": "service", "trusted": 0.0}, "geometry": {"type": "LineString", "coordinates": [[1420.8, 598.3], [1445.1, 513.2]]}}, {"type": "Feature", "properties": {"name": null, "highway": "service", "trusted": 0.0}, "geometry": {"type": "LineString", "coordinates": [[9682.9, 435.7], [9779.7, 308.0]]}}, {"type": "Feature", "properties": {"name": "H\u1ebbm 245 Nguy\u1ec5n Tr\u00e3i", "highway": "residential", "trusted": 0.0}, "geometry": {"type": "LineString", "coordinates": [[1567.7, 21.3], [1539.2, 104.7], [1528.5, 143.7], [1516.1, 205.4], [1511.4, 217.4], [1499.5, 248.0], [1476.2, 327.6]]}}, {"type": "Feature", "properties": {"name": "H\u1ebbm 211 Nguy\u1ec5n Tr\u00e3i", "highway": "residential", "trusted": 0.0}, "geometry": {"type": "LineString", "coordinates": [[1863.7, 213.0], [1915.0, 70.4]]}}, {"type": "Feature", "properties": {"name": null, "highway": "service", "trusted": 0.0}, "geometry": {"type": "LineString", "coordinates": [[3603.3, 1016.8], [3565.2, 949.7]]}}, {"type": "Feature", "properties": {"name": null, "highway": "service", "trusted": 0.0}, "geometry": {"type": "LineString", "coordinates": [[3317.5, 632.0], [3289.3, 653.8]]}}, {"type": "Feature", "properties": {"name": "H\u1ebbm 137 Nguy\u1ec5n C\u01b0 Trinh", "highway": "service", "trusted": 0.0}, "geometry": {"type": "LineString", "coordinates": [[1148.3, 382.5], [1121.5, 406.3], [1112.4, 442.4], [1102.7, 508.3], [1093.8, 538.3], [1083.2, 569.7], [1066.0, 572.5], [1055.6, 590.9], [1056.3, 602.7], [1004.7, 659.9]]}}, {"type": "Feature", "properties": {"name": "H\u1ebbm 382 Nguy\u1ec5n Th\u1ecb Minh Khai", "highway": "residential", "trusted": 1.0}, "geometry": {"type": "LineString", "coordinates": [[3942.6, 122.5], [3924.6, 144.3]]}}, {"type": "Feature", "properties": {"name": null, "highway": "service", "trusted": 0.0}, "geometry": {"type": "LineString", "coordinates": [[759.8, 883.8], [700.6, 949.4]]}}, {"type": "Feature", "properties": {"name": "C\u1ed1ng Qu\u1ef3nh", "highway": "tertiary", "trusted": 0.0}, "geometry": {"type": "LineString", "coordinates": [[1037.9, 1021.6], [1052.6, 1010.9], [1169.3, 932.3], [1186.7, 920.4], [1198.8, 912.8], [1242.1, 882.6], [1313.3, 843.7], [1341.2, 830.4]]}}, {"type": "Feature", "properties": {"name": "H\u1ebbm 161A Nguy\u1ec5n V\u0103n Th\u1ee7", "highway": "service", "trusted": 1.0}, "geometry": {"type": "LineString", "coordinates": [[9253.0, 3296.8], [9133.7, 3422.1]]}}, {"type": "Feature", "properties": {"name": null, "highway": "service", "trusted": 1.0}, "geometry": {"type": "LineString", "coordinates": [[1614.6, 2148.2], [1668.9, 2158.1]]}}, {"type": "Feature", "properties": {"name": null, "highway": "service", "trusted": 1.0}, "geometry": {"type": "LineString", "coordinates": [[1668.9, 2158.1], [1665.4, 2179.7], [1653.8, 2212.7], [1643.9, 2237.8], [1596.1, 2290.1]]}}, {"type": "Feature", "properties": {"name": "H\u1ebbm 84 B\u00f9i Vi\u1ec7n", "highway": "service", "trusted": 0.0}, "geometry": {"type": "LineString", "coordinates": [[2687.7, 1680.6], [2642.5, 1703.0], [2630.3, 1695.1], [2573.1, 1718.6], [2546.9, 1729.1], [2504.8, 1746.1], [2463.4, 1768.8], [2417.0, 1793.7], [2355.1, 1816.3]]}}, {"type": "Feature", "properties": {"name": "H\u1ebbm 26 Nguy\u1ec5n B\u1ec9nh Khi\u00eam", "highway": "service", "trusted": 1.0}, "geometry": {"type": "LineString", "coordinates": [[10095.0, 4338.8], [10428.9, 4642.2], [10588.2, 4786.4]]}}, {"type": "Feature", "properties": {"name": null, "highway": "service", "trusted": 1.0}, "geometry": {"type": "LineString", "coordinates": [[10322.1, 3932.1], [10392.9, 3993.8], [10407.6, 4006.5]]}}, {"type": "Feature", "properties": {"name": null, "highway": "service", "trusted": 0.0}, "geometry": {"type": "LineString", "coordinates": [[3321.6, 958.5], [3303.0, 966.7], [3222.1, 854.9]]}}, {"type": "Feature", "properties": {"name": null, "highway": "residential", "trusted": 0.0}, "geometry": {"type": "LineString", "coordinates": [[3348.4, 1003.9], [3321.6, 958.5]]}}, {"type": "Feature", "properties": {"name": null, "highway": "service", "trusted": 0.67}, "geometry": {"type": "LineString", "coordinates": [[3671.5, 1474.5], [3623.9, 1500.1], [3623.4, 1425.7]]}}, {"type": "Feature", "properties": {"name": null, "highway": "service", "trusted": 0.75}, "geometry": {"type": "LineString", "coordinates": [[1990.6, 2198.6], [2066.4, 2165.0], [2097.1, 2149.7], [2129.2, 2086.0]]}}, {"type": "Feature", "properties": {"name": "H\u1ebbm 7 Nguy\u1ec5n Tr\u00e3i", "highway": "service", "trusted": 0.0}, "geometry": {"type": "LineString", "coordinates": [[3660.5, 1728.9], [3568.1, 1793.0], [3518.9, 1715.6], [3411.8, 1784.1]]}}, {"type": "Feature", "properties": {"name": "Nguy\u1ec5n H\u1eefu C\u1ea7u", "highway": "residential", "trusted": 0.0}, "geometry": {"type": "LineString", "coordinates": [[9980.0, 1112.6], [9923.5, 1075.8], [9845.3, 1025.7]]}}, {"type": "Feature", "properties": {"name": null, "highway": "service", "trusted": 1.0}, "geometry": {"type": "LineString", "coordinates": [[4835.1, 2016.5], [4841.1, 2019.4], [4847.7, 2020.0], [4853.9, 2018.1], [4858.7, 2014.0], [4861.4, 2008.4], [4861.5, 2002.1], [4859.2, 1996.0], [4854.7, 1991.1], [4848.7, 1988.2], [4842.1, 1987.6], [4835.9, 1989.5], [4831.1, 1993.6], [4828.4, 1999.3], [4828.2, 2005.6], [4828.8, 2007.2], [4830.6, 2011.6], [4835.1, 2016.5]]}}, {"type": "Feature", "properties": {"name": "Ng\u00f4 \u00d0\u1ee9c K\u1ebf", "highway": "residential", "trusted": 0.5}, "geometry": {"type": "LineString", "coordinates": [[3875.6, 5243.4], [4197.2, 5542.0]]}}, {"type": "Feature", "properties": {"name": "H\u1ebbm 24 Ph\u1ea1m Ng\u1ecdc Th\u1ea1ch", "highway": "residential", "trusted": 0.0}, "geometry": {"type": "LineString", "coordinates": [[7982.1, 2140.9], [8071.0, 2229.1], [8013.1, 2285.5]]}}, {"type": "Feature", "properties": {"name": "H\u1ebbm 134 B\u00f9i Th\u1ecb Xu\u00e2n", "highway": "service", "trusted": 0.0}, "geometry": {"type": "LineString", "coordinates": [[3256.7, 47.4], [3228.4, 72.1], [3135.4, 153.0]]}}, {"type": "Feature", "properties": {"name": "Nguy\u1ec5n V\u0103n Nguy\u1ec5n", "highway": "residential", "trusted": 0.0}, "geometry": {"type": "LineString", "coordinates": [[10274.9, 244.6], [10427.2, 226.4]]}}, {"type": "Feature", "properties": {"name": "H\u1ebbm 79 Nguy\u1ec5n H\u1eefu C\u1ea7u", "highway": "service", "trusted": 0.67}, "geometry": {"type": "LineString", "coordinates": [[9980.0, 1112.6], [9946.0, 1144.6], [9874.1, 1245.0], [9862.3, 1257.7], [9827.0, 1299.3], [9757.2, 1400.3]]}}, {"type": "Feature", "properties": {"name": "L\u00ea Th\u1ecb Ri\u00eang", "highway": "tertiary", "trusted": 0.65}, "geometry": {"type": "LineString", "coordinates": [[3749.7, 1758.8], [3750.4, 1716.8], [3750.8, 1693.2], [3730.1, 1523.0], [3726.8, 1447.9], [3722.6, 1383.4], [3714.6, 1320.1], [3713.0, 1310.9], [3704.8, 1264.5], [3695.0, 1212.4], [3685.0, 1166.3], [3683.8, 1162.9], [3668.5, 1100.7], [3646.3, 1032.3], [3629.2, 856.7], [3600.5, 790.9], [3524.2, 642.0]]}}, {"type": "Feature", "properties": {"name": null, "highway": "service", "trusted": 1.0}, "geometry": {"type": "LineString", "coordinates": [[6027.8, 2118.5], [6013.3, 2135.0], [6003.9, 2145.7]]}}, {"type": "Feature", "properties": {"name": "\u0110\u01b0\u1eddng Phan Ng\u1eef", "highway": "residential", "trusted": 1.0}, "geometry": {"type": "LineString", "coordinates": [[9774.0, 3155.8], [9908.1, 2988.0]]}}, {"type": "Feature", "properties": {"name": "H\u1ebbm 5 Nguy\u1ec5n Si\u00eau", "highway": "residential", "trusted": 0.5}, "geometry": {"type": "LineString", "coordinates": [[5755.7, 5410.7], [5638.8, 5552.4]]}}, {"type": "Feature", "properties": {"name": "\u0110\u01b0\u1eddng Nguy\u1ec5n Th\u00e0nh \u00dd", "highway": "residential", "trusted": 1.0}, "geometry": {"type": "LineString", "coordinates": [[9515.2, 3224.6], [9432.6, 3151.9], [9356.7, 3239.8]]}}, {"type": "Feature", "properties": {"name": "Nguy\u1ec5n Si\u00eau", "highway": "residential", "trusted": 0.0}, "geometry": {"type": "LineString", "coordinates": [[5677.9, 5336.4], [5755.7, 5410.7], [5909.0, 5556.9], [6086.1, 5725.9]]}}, {"type": "Feature", "properties": {"name": "H\u00e0n Thuy\u00ean", "highway": "residential", "trusted": 1.0}, "geometry": {"type": "LineString", "coordinates": [[6405.8, 3652.8], [6379.6, 3630.4], [6251.6, 3512.3], [6240.5, 3501.4], [6206.5, 3467.6], [6199.5, 3460.6], [6163.2, 3423.7], [6105.7, 3363.4], [6072.8, 3328.3], [5964.6, 3210.6], [5953.4, 3198.4], [5845.8, 3083.3], [5826.2, 3063.2]]}}, {"type": "Feature", "properties": {"name": null, "highway": "service", "trusted": 0.0}, "geometry": {"type": "LineString", "coordinates": [[321.3, 2344.4], [272.6, 2385.2]]}}, {"type": "Feature", "properties": {"name": null, "highway": "service", "trusted": 0.0}, "geometry": {"type": "LineString", "coordinates": [[935.5, 438.1], [933.7, 410.0], [931.1, 374.6], [915.8, 375.0], [902.0, 379.4], [881.5, 366.2], [798.4, 312.3]]}}, {"type": "Feature", "properties": {"name": "Nguy\u1ec5n Gia Thi\u1ec1u", "highway": "residential", "trusted": 0.5}, "geometry": {"type": "LineString", "coordinates": [[6031.1, 924.0], [6444.8, 495.1]]}}, {"type": "Feature", "properties": {"name": "H\u1ed3 H\u1ea3o H\u1edbn", "highway": "tertiary", "trusted": 0.0}, "geometry": {"type": "LineString", "coordinates": [[51.3, 1924.2], [74.7, 1897.7], [90.7, 1879.5], [108.5, 1859.3], [168.8, 1789.0], [176.5, 1780.1], [217.4, 1734.4], [254.6, 1696.9], [256.6, 1694.9], [309.2, 1636.7], [372.8, 1570.3], [388.6, 1553.6], [401.8, 1540.9], [407.7, 1535.2], [411.4, 1531.7], [488.2, 1458.0], [555.4, 1395.9], [570.2, 1382.2], [578.8, 1374.3], [599.6, 1357.4], [629.8, 1333.0], [643.3, 1322.0], [699.7, 1275.6], [750.4, 1233.8], [779.7, 1208.2], [790.3, 1199.4], [850.9, 1145.8], [884.9, 1123.7], [946.2, 1081.8], [968.9, 1066.4]]}}, {"type": "Feature", "properties": {"name": null, "highway": "service", "trusted": 0.0}, "geometry": {"type": "LineString", "coordinates": [[78.1, 1832.2], [92.7, 1845.4], [108.5, 1859.3]]}}, {"type": "Feature", "properties": {"name": null, "highway": "service", "trusted": 1.0}, "geometry": {"type": "LineString", "coordinates": [[4327.6, 1319.4], [4344.3, 1327.9], [4351.1, 1324.0], [4356.0, 1318.1], [4358.2, 1313.0], [4358.9, 1307.5], [4358.3, 1301.9], [4341.7, 1293.0]]}}, {"type": "Feature", "properties": {"name": "\u0110\u1eb7ng Dung", "highway": "residential", "trusted": 0.0}, "geometry": {"type": "LineString", "coordinates": [[10656.5, 792.5], [10624.9, 573.2], [10617.9, 523.0], [10598.1, 396.2], [10581.2, 267.5]]}}, {"type": "Feature", "properties": {"name": null, "highway": "service", "trusted": 0.0}, "geometry": {"type": "LineString", "coordinates": [[350.5, 2093.9], [268.1, 2015.4]]}}, {"type": "Feature", "properties": {"name": null, "highway": "service", "trusted": 1.0}, "geometry": {"type": "LineString", "coordinates": [[1710.6, 2166.5], [1705.6, 2179.7], [1734.9, 2187.6], [1749.2, 2213.4], [1774.5, 2255.3]]}}, {"type": "Feature", "properties": {"name": "H\u1ebbm 41 Nguy\u1ec5n B\u1ec9nh Khi\u00eam", "highway": "residential", "trusted": 1.0}, "geometry": {"type": "LineString", "coordinates": [[10006.5, 4436.9], [9997.5, 4428.8], [9882.7, 4326.1]]}}, {"type": "Feature", "properties": {"name": "H\u1ebbm 150 Nguy\u1ec5n Tr\u00e3i", "highway": "service", "trusted": 0.0}, "geometry": {"type": "LineString", "coordinates": [[3524.2, 642.0], [3338.2, 773.2], [3222.1, 854.9], [3110.9, 933.4]]}}, {"type": "Feature", "properties": {"name": "H\u1ebbm 23-25-27 B\u00e0 L\u00ea Ch\u00e2n", "highway": "service", "trusted": 0.0}, "geometry": {"type": "LineString", "coordinates": [[10166.8, 964.8], [10151.9, 958.4], [10124.7, 949.4], [10132.8, 920.9], [10186.1, 773.2]]}}, {"type": "Feature", "properties": {"name": "Ng\u00f4 Th\u1eddi Nhi\u1ec7m", "highway": "tertiary", "trusted": 0.0}, "geometry": {"type": "LineString", "coordinates": [[7379.1, 1417.2], [7246.5, 1284.8], [7167.1, 1205.5], [7149.6, 1188.0], [7143.5, 1181.9], [7056.0, 1093.2], [7044.6, 1082.3], [7026.1, 1065.9], [7012.9, 1052.6], [7007.2, 1046.8], [6921.7, 967.3], [6890.9, 936.5], [6823.4, 872.5], [6670.1, 722.7], [6659.0, 711.8], [6634.7, 688.1], [6615.8, 668.9], [6608.0, 661.0], [6492.3, 543.4], [6444.8, 495.1], [6285.2, 332.9], [6275.1, 322.7], [6252.4, 299.5]]}}, {"type": "Feature", "properties": {"name": null, "highway": "service", "trusted": 0.0}, "geometry": {"type": "LineString", "coordinates": [[10025.2, 722.6], [10068.9, 643.7]]}}, {"type": "Feature", "properties": {"name": "L\u00fd V\u0103n Ph\u1ee9c", "highway": "residential", "trusted": 1.0}, "geometry": {"type": "LineString", "coordinates": [[9954.0, 2351.7], [9972.5, 2329.4], [10102.3, 2175.7], [10162.3, 2106.3], [10262.4, 1990.2], [10310.6, 1935.9], [10339.3, 1907.9]]}}, {"type": "Feature", "properties": {"name": "Pasteur", "highway": "secondary", "trusted": 0.67}, "geometry": {"type": "LineString", "coordinates": [[4773.7, 4264.4], [4811.7, 4249.9], [4913.4, 4212.7], [4977.4, 4187.9], [5066.0, 4153.5], [5111.9, 4136.4], [5157.2, 4119.5], [5172.7, 4113.7], [5148.2, 4135.8], [5291.5, 4078.6], [5395.0, 4033.1], [5496.6, 3988.5]]}}, {"type": "Feature", "properties": {"name": "H\u1ebbm 65 C\u00e1ch M\u1ea1ng Th\u00e1ng 8", "highway": "service", "trusted": 1.0}, "geometry": {"type": "LineString", "coordinates": [[3861.6, 1439.0], [3939.0, 1525.4]]}}, {"type": "Feature", "properties": {"name": "H\u1ebbm 121 L\u00ea Th\u1ecb Ri\u00eang", "highway": "service", "trusted": 0.0}, "geometry": {"type": "LineString", "coordinates": [[3600.5, 790.9], [3321.6, 958.5]]}}, {"type": "Feature", "properties": {"name": "Huy\u1ec1n Quang", "highway": "residential", "trusted": 1.0}, "geometry": {"type": "LineString", "coordinates": [[10338.6, 1491.8], [10335.3, 1490.2], [10236.9, 1444.6], [10107.2, 1374.7], [10100.8, 1371.3]]}}, {"type": "Feature", "properties": {"name": null, "highway": "service", "trusted": 0.0}, "geometry": {"type": "LineString", "coordinates": [[3243.8, 1576.9], [3219.7, 1513.6], [3229.2, 1497.8]]}}, {"type": "Feature", "properties": {"name": "Chung c\u01b0 L\u00fd V\u0103n Ph\u1ee9c", "highway": "residential", "trusted": 1.0}, "geometry": {"type": "LineString", "coordinates": [[10115.9, 1841.6], [10011.5, 1961.6]]}}, {"type": "Feature", "properties": {"name": null, "highway": "service", "trusted": 0.0}, "geometry": {"type": "LineString", "coordinates": [[3296.3, 1635.5], [3248.9, 1665.5], [3180.6, 1696.7]]}}, {"type": "Feature", "properties": {"name": "H\u1ebbm 175 C\u00f4 Giang", "highway": "service", "trusted": 0.0}, "geometry": {"type": "LineString", "coordinates": [[652.0, 1856.3], [590.4, 1904.9], [566.9, 1925.3], [539.6, 1946.3], [483.1, 1989.2], [437.8, 1947.2]]}}, {"type": "Feature", "properties": {"name": "H\u1ebbm 21 V\u00f5 V\u0103n T\u1ea7n", "highway": "service", "trusted": 1.0}, "geometry": {"type": "LineString", "coordinates": [[5720.1, 1408.9], [5856.8, 1523.9], [5904.1, 1473.9], [5916.1, 1450.5], [5922.1, 1426.9]]}}, {"type": "Feature", "properties": {"name": "Nguy\u1ec5n An Ninh", "highway": "residential", "trusted": 0.5}, "geometry": {"type": "LineString", "coordinates": [[4002.1, 3185.9], [3779.6, 2847.0]]}}, {"type": "Feature", "properties": {"name": "Tr\u1ea7n Cao V\u00e2n", "highway": "tertiary", "trusted": 1.0}, "geometry": {"type": "LineString", "coordinates": [[8333.3, 3685.0], [8047.2, 3414.4]]}}, {"type": "Feature", "properties": {"name": "B\u00e0 L\u00ea Ch\u00e2n", "highway": "residential", "trusted": 0.0}, "geometry": {"type": "LineString", "coordinates": [[9822.4, 652.6], [9916.4, 685.5], [10025.2, 722.6], [10041.8, 728.3], [10186.1, 773.2], [10246.3, 791.6], [10371.4, 831.9]]}}, {"type": "Feature", "properties": {"name": "H\u1ebbm 53/86 Tr\u1ea7n Kh\u00e1nh D\u01b0", "highway": "service", "trusted": 0.0}, "geometry": {"type": "LineString", "coordinates": [[11284.7, 1385.2], [11180.8, 1399.0], [11149.4, 1404.0], [11048.7, 1422.4]]}}, {"type": "Feature", "properties": {"name": null, "highway": "service", "trusted": 1.0}, "geometry": {"type": "LineString", "coordinates": [[4879.3, 1934.6], [4858.1, 1962.5], [4854.5, 1968.5], [4851.7, 1974.9], [4849.8, 1981.4], [4848.7, 1988.2]]}}, {"type": "Feature", "properties": {"name": "H\u1ebbm 25 Ph\u00f3 \u00d0\u1ee9c Ch\u00ednh", "highway": "service", "trusted": 1.0}, "geometry": {"type": "LineString", "coordinates": [[2534.5, 4271.2], [2478.4, 4188.3], [2508.4, 4171.5]]}}, {"type": "Feature", "properties": {"name": "H\u1ebbm 1 Ph\u00f3 \u00d0\u1ee9c Ch\u00ednh", "highway": "service", "trusted": 1.0}, "geometry": {"type": "LineString", "coordinates": [[2408.1, 4340.4], [2351.6, 4243.9], [2440.7, 4195.8]]}}, {"type": "Feature", "properties": {"name": null, "highway": "service", "trusted": 0.0}, "geometry": {"type": "LineString", "coordinates": [[1753.9, 1919.3], [1738.3, 1919.8], [1722.3, 1935.3], [1712.2, 1939.6], [1694.9, 1934.1]]}}, {"type": "Feature", "properties": {"name": null, "highway": "service", "trusted": 0.25}, "geometry": {"type": "LineString", "coordinates": [[1911.1, 2140.0], [1950.6, 2026.5], [1984.9, 1985.2], [1997.0, 1970.7]]}}, {"type": "Feature", "properties": {"name": "Ph\u1ea1m Kh\u1eafc", "highway": "residential", "trusted": 1.0}, "geometry": {"type": "LineString", "coordinates": [[9631.9, 4499.2], [9568.3, 4565.1], [9520.6, 4614.1], [9454.1, 4684.6], [9440.0, 4693.6], [9425.4, 4699.0], [9355.8, 4718.0], [9342.7, 4723.1], [9330.8, 4731.0], [9319.5, 4741.0], [9240.7, 4825.3], [9179.5, 4891.6], [9104.4, 4976.3]]}}, {"type": "Feature", "properties": {"name": null, "highway": "residential", "trusted": 1.0}, "geometry": {"type": "LineString", "coordinates": [[1429.2, 2307.7], [1433.8, 2305.1], [1499.2, 2254.0], [1517.5, 2268.6], [1555.6, 2238.4]]}}, {"type": "Feature", "properties": {"name": "\u0110\u01b0\u1eddng Phan Ng\u1eef", "highway": "residential", "trusted": 1.0}, "geometry": {"type": "LineString", "coordinates": [[9908.1, 2988.0], [9973.2, 2889.9], [10013.0, 2829.8]]}}, {"type": "Feature", "properties": {"name": "H\u1ebbm 3 Ho\u00e0ng Sa", "highway": "residential", "trusted": 1.0}, "geometry": {"type": "LineString", "coordinates": [[10380.4, 5642.1], [10355.4, 5638.3], [10285.8, 5628.0], [10275.8, 5599.3]]}}, {"type": "Feature", "properties": {"name": "H\u1ebbm 3 Ho\u00e0ng Sa", "highway": "service", "trusted": 1.0}, "geometry": {"type": "LineString", "coordinates": [[10275.8, 5599.3], [10249.4, 5574.8], [10220.0, 5558.1], [10191.5, 5531.4], [10157.6, 5506.8]]}}, {"type": "Feature", "properties": {"name": "H\u1ebbm D Chung C\u01b0 Nguy\u1ec5n \u00d0\u00ecnh Chi\u1ec3u", "highway": "residential", "trusted": 1.0}, "geometry": {"type": "LineString", "coordinates": [[10376.0, 5093.0], [10362.1, 5171.9], [10358.2, 5193.7], [10352.3, 5227.2], [10348.7, 5247.8], [10342.4, 5284.0], [10336.3, 5318.2], [10333.1, 5335.8], [10328.0, 5364.1], [10310.2, 5453.2], [10275.8, 5599.3]]}}, {"type": "Feature", "properties": {"name": "L\u00ea V\u0103n H\u01b0u", "highway": "residential", "trusted": 1.0}, "geometry": {"type": "LineString", "coordinates": [[7026.9, 4484.3], [7050.1, 4458.7], [7309.1, 4165.0]]}}, {"type": "Feature", "properties": {"name": null, "highway": "service", "trusted": 1.0}, "geometry": {"type": "LineString", "coordinates": [[4154.5, 1203.4], [4161.9, 1234.8], [4166.3, 1237.1], [4288.1, 1302.6]]}}, {"type": "Feature", "properties": {"name": "Nam Qu\u1ed1c Cang", "highway": "residential", "trusted": 0.0}, "geometry": {"type": "LineString", "coordinates": [[2462.1, 283.4], [2479.2, 258.5], [2627.5, 37.7]]}}, {"type": "Feature", "properties": {"name": "H\u1ebbm 26 Tr\u01b0\u01a1ng \u00d0\u1ecbnh", "highway": "service", "trusted": 0.0}, "geometry": {"type": "LineString", "coordinates": [[3891.0, 2773.3], [4050.5, 3001.8]]}}, {"type": "Feature", "properties": {"name": null, "highway": "service", "trusted": 0.0}, "geometry": {"type": "LineString", "coordinates": [[2504.9, 1511.2], [2469.3, 1515.2], [2442.0, 1525.4]]}}, {"type": "Feature", "properties": {"name": "Nguy\u1ec5n B\u1ec9nh Khi\u00eam", "highway": "primary", "trusted": 1.0}, "geometry": {"type": "LineString", "coordinates": [[9929.4, 4522.0], [9785.3, 4689.8], [9631.4, 4870.1], [9612.3, 4892.7], [9502.9, 5021.2], [9419.7, 5115.4], [9360.0, 5182.3], [9334.7, 5210.4]]}}, {"type": "Feature", "properties": {"name": "H\u1ebbm 74 Th\u1ea1ch Th\u1ecb Thanh", "highway": "service", "trusted": 1.0}, "geometry": {"type": "LineString", "coordinates": [[10165.7, 1621.6], [10129.2, 1599.1], [10076.0, 1577.7], [10024.1, 1552.4], [10020.0, 1550.4]]}}, {"type": "Feature", "properties": {"name": "H\u1ebbm 39 Nguy\u1ec5n Tr\u00e3i", "highway": "service", "trusted": 0.0}, "geometry": {"type": "LineString", "coordinates": [[3334.7, 1725.1], [3547.5, 1566.6]]}}, {"type": "Feature", "properties": {"name": null, "highway": "service", "trusted": 0.0}, "geometry": {"type": "LineString", "coordinates": [[9030.6, 3054.2], [8978.7, 3101.9], [9084.9, 3192.1]]}}, {"type": "Feature", "properties": {"name": "Tr\u01b0\u01a1ng \u0110\u1ecbnh", "highway": "tertiary", "trusted": 0.0}, "geometry": {"type": "LineString", "coordinates": [[3779.6, 2847.0], [3832.7, 2811.9], [3891.0, 2773.3], [3952.5, 2726.6], [3974.5, 2709.9]]}}, {"type": "Feature", "properties": {"name": "\u0110\u1eb7ng Tr\u1ea7n C\u00f4n", "highway": "residential", "trusted": 0.4}, "geometry": {"type": "LineString", "coordinates": [[4237.0, 1939.6], [4130.6, 2055.6], [4057.7, 2144.7], [4049.9, 2152.9], [3993.9, 2211.2]]}}, {"type": "Feature", "properties": {"name": "Nguy\u1ec5n H\u1eefu C\u1ea3nh", "highway": "primary", "trusted": 0.5}, "geometry": {"type": "LineString", "coordinates": [[9629.8, 7622.9], [9600.8, 7550.6], [9569.5, 7495.9], [9529.1, 7425.7], [9476.7, 7357.3], [9373.0, 7328.5], [9278.0, 7256.8], [9238.0, 7234.6], [9192.2, 7209.3], [9146.5, 7190.7]]}}, {"type": "Feature", "properties": {"name": "H\u1ebbm 12 Tr\u01b0\u01a1ng \u00d0\u1ecbnh", "highway": "residential", "trusted": 1.0}, "geometry": {"type": "LineString", "coordinates": [[5353.7, 1209.3], [5527.7, 1367.7]]}}, {"type": "Feature", "properties": {"name": null, "highway": "service", "trusted": 1.0}, "geometry": {"type": "LineString", "coordinates": [[1527.3, 2465.0], [1477.4, 2392.5]]}}, {"type": "Feature", "properties": {"name": "Nguy\u1ec5n V\u0103n Giai", "highway": "tertiary", "trusted": 0.0}, "geometry": {"type": "LineString", "coordinates": [[10805.8, 3268.2], [10659.3, 3239.7]]}}, {"type": "Feature", "properties": {"name": "S\u01b0\u01a1ng Nguy\u1ec7t Anh", "highway": "residential", "trusted": 0.75}, "geometry": {"type": "LineString", "coordinates": [[3520.8, 113.0], [4203.6, 827.6], [4282.5, 895.5], [4292.9, 905.5]]}}, {"type": "Feature", "properties": {"name": "L\u00ea L\u1ee3i", "highway": "tertiary", "trusted": 1.0}, "geometry": {"type": "LineString", "coordinates": [[3940.8, 3633.9], [3986.2, 3690.6], [4153.8, 3834.1], [4286.0, 3948.8], [4298.5, 3959.8], [4320.4, 3978.7]]}}, {"type": "Feature", "properties": {"name": "H\u1ebbm 135 Tr\u1ea7n H\u01b0ng \u00d0\u1ea1o", "highway": "residential", "trusted": 0.5}, "geometry": {"type": "LineString", "coordinates": [[2388.2, 2312.2], [2338.0, 2322.8], [2216.3, 2379.4], [1934.2, 2555.0], [1889.1, 2576.9], [1857.5, 2592.3]]}}, {"type": "Feature", "properties": {"name": "H\u1ebbm 87 Nguy\u1ec5n H\u1eefu C\u1ea7u", "highway": "service", "trusted": 0.5}, "geometry": {"type": "LineString", "coordinates": [[9923.5, 1075.8], [9853.2, 1146.8], [9808.4, 1231.4], [9745.0, 1301.0]]}}, {"type": "Feature", "properties": {"name": "H\u1ebbm 202 C\u00f4 B\u1eafc", "highway": "service", "trusted": 0.0}, "geometry": {"type": "LineString", "coordinates": [[1316.5, 1918.3], [1333.1, 1904.9], [1467.6, 1800.4], [1507.2, 1770.7], [1604.7, 1887.5]]}}, {"type": "Feature", "properties": {"name": "H\u1ebbm 18Bis Nguy\u1ec5n Th\u1ecb Minh Khai", "highway": "service", "trusted": 1.0}, "geometry": {"type": "LineString", "coordinates": [[8454.4, 3899.0], [8339.9, 4014.4], [8209.3, 4147.2], [8191.4, 4165.5]]}}, {"type": "Feature", "properties": {"name": "H\u1ebbm 88 C\u00f4 B\u1eafc", "highway": "service", "trusted": 1.0}, "geometry": {"type": "LineString", "coordinates": [[1620.4, 2319.8], [1702.8, 2270.1], [1732.9, 2266.6], [1774.5, 2255.3], [1840.1, 2232.5]]}}, {"type": "Feature", "properties": {"name": "H\u1ebbm 171 C\u00f4 B\u1eafc", "highway": "service", "trusted": 0.0}, "geometry": {"type": "LineString", "coordinates": [[609.8, 1806.5], [787.0, 1649.6], [802.9, 1636.8], [849.4, 1599.3], [892.1, 1564.9], [974.2, 1509.2]]}}, {"type": "Feature", "properties": {"name": null, "highway": "service", "trusted": 1.0}, "geometry": {"type": "LineString", "coordinates": [[1602.6, 2986.0], [1660.7, 2948.0], [1703.1, 2923.4], [1711.1, 2918.2], [1731.4, 2905.1], [1746.8, 2895.7], [1784.2, 2872.7], [1794.3, 2866.4], [1822.3, 2849.0], [1933.4, 2780.4], [1981.6, 2750.8]]}}, {"type": "Feature", "properties": {"name": "H\u1ebbm 185 C\u00f4 B\u1eafc", "highway": "residential", "trusted": 0.0}, "geometry": {"type": "LineString", "coordinates": [[857.0, 1363.3], [824.8, 1383.2], [780.5, 1416.5], [724.3, 1458.0]]}}, {"type": "Feature", "properties": {"name": null, "highway": "service", "trusted": 0.0}, "geometry": {"type": "LineString", "coordinates": [[3310.2, 168.3], [3343.9, 226.5], [3370.3, 262.9]]}}, {"type": "Feature", "properties": {"name": null, "highway": "service", "trusted": 0.0}, "geometry": {"type": "LineString", "coordinates": [[11591.3, 1015.9], [11508.3, 1028.9], [11451.3, 1036.1], [11393.7, 1042.1]]}}, {"type": "Feature", "properties": {"name": null, "highway": "service", "trusted": 0.0}, "geometry": {"type": "LineString", "coordinates": [[9655.5, 853.9], [9538.5, 766.4], [9495.9, 734.6], [9533.5, 686.5]]}}, {"type": "Feature", "properties": {"name": null, "highway": "service", "trusted": 0.5}, "geometry": {"type": "LineString", "coordinates": [[9155.7, 3308.6], [9084.9, 3192.1]]}}, {"type": "Feature", "properties": {"name": "H\u1ebbm 175 V\u00f5 V\u0103n T\u1ea7n", "highway": "service", "trusted": 1.0}, "geometry": {"type": "LineString", "coordinates": [[4505.5, 153.4], [4380.9, 276.8], [4358.6, 298.9]]}}, {"type": "Feature", "properties": {"name": "H\u1ebbm 9 L\u00fd V\u0103n Ph\u1ee9c", "highway": "residential", "trusted": 1.0}, "geometry": {"type": "LineString", "coordinates": [[10262.4, 1990.2], [10258.8, 1986.5], [10115.9, 1841.6]]}}, {"type": "Feature", "properties": {"name": "\u00d0inh C\u00f4ng Tr\u00e1ng", "highway": "residential", "trusted": 0.86}, "geometry": {"type": "LineString", "coordinates": [[9991.7, 1602.5], [9941.2, 1559.5], [9876.8, 1503.5], [9757.2, 1400.3], [9704.7, 1355.9], [9601.7, 1272.8], [9441.7, 1111.8]]}}, {"type": "Feature", "properties": {"name": null, "highway": "service", "trusted": 1.0}, "geometry": {"type": "LineString", "coordinates": [[1325.5, 3120.1], [1255.6, 3056.5], [1239.4, 3046.1], [1226.8, 3046.1], [1215.9, 3054.9], [1205.6, 3068.7]]}}, {"type": "Feature", "properties": {"name": "H\u1ebbm 119 \u0110\u01b0\u1eddng \u0110i\u1ec7n Bi\u00ean Ph\u1ee7", "highway": "service", "trusted": 1.0}, "geometry": {"type": "LineString", "coordinates": [[9301.2, 3051.9], [9416.5, 2965.1], [9490.0, 2893.6]]}}, {"type": "Feature", "properties": {"name": "Tr\u1ecbnh V\u0103n C\u1ea5n", "highway": "residential", "trusted": 1.0}, "geometry": {"type": "LineString", "coordinates": [[2535.1, 3065.4], [2519.1, 3037.2], [2494.9, 3002.7], [2383.5, 2831.8], [2377.3, 2822.1], [2335.0, 2753.1], [2317.7, 2722.1]]}}, {"type": "Feature", "properties": {"name": "H\u1ebbm 60 T\u00f4n Th\u1ea5t T\u00f9ng", "highway": "service", "trusted": 0.0}, "geometry": {"type": "LineString", "coordinates": [[3213.9, 406.1], [3276.7, 477.6]]}}, {"type": "Feature", "properties": {"name": null, "highway": "service", "trusted": 1.0}, "geometry": {"type": "LineString", "coordinates": [[1205.6, 3068.7], [1146.6, 3031.2], [1058.1, 2968.3]]}}, {"type": "Feature", "properties": {"name": "H\u1ebbm 12 Nguy\u1ec5n \u00d0\u00ecnh Chi\u1ec3u", "highway": "service", "trusted": 1.0}, "geometry": {"type": "LineString", "coordinates": [[10245.3, 4644.1], [10163.1, 4742.1]]}}, {"type": "Feature", "properties": {"name": "Hu\u1ef3nh Kh\u01b0\u01a1ng Ninh", "highway": "residential", "trusted": 1.0}, "geometry": {"type": "LineString", "coordinates": [[9908.1, 2988.0], [10002.6, 3068.9], [10051.9, 3112.0], [10053.2, 3112.5], [10054.6, 3112.9]]}}, {"type": "Feature", "properties": {"name": null, "highway": "service", "trusted": 0.0}, "geometry": {"type": "LineString", "coordinates": [[1445.1, 513.2], [1456.8, 459.6], [1471.4, 402.3]]}}, {"type": "Feature", "properties": {"name": "H\u1ebbm 146 V\u00f5 Th\u1ecb S\u00e1u", "highway": "service", "trusted": 0.5}, "geometry": {"type": "LineString", "coordinates": [[8901.5, 1292.9], [8953.8, 1272.0], [9003.0, 1120.0], [9041.4, 1075.9]]}}, {"type": "Feature", "properties": {"name": "V\u00f5 V\u0103n T\u1ea7n", "highway": "secondary", "trusted": 0.83}, "geometry": {"type": "LineString", "coordinates": [[6361.3, 1759.4], [6275.7, 1674.0], [5986.6, 1487.5], [5922.1, 1426.9], [5810.6, 1326.0], [5765.8, 1284.5], [5554.6, 1097.0], [5507.4, 1055.3], [5377.0, 940.1], [5288.6, 861.7], [5170.9, 764.1], [5122.4, 726.0]]}}, {"type": "Feature", "properties": {"name": "H\u1ebbm 342 \u0110\u01b0\u1eddng V\u00f5 V\u0103n Ki\u1ec7t", "highway": "service", "trusted": 0.0}, "geometry": {"type": "LineString", "coordinates": [[271.3, 2163.1], [302.9, 2204.9], [170.2, 2310.7]]}}, {"type": "Feature", "properties": {"name": "H\u1ebbm 354 \u0110\u01b0\u1eddng V\u00f5 V\u0103n Ki\u1ec7t", "highway": "service", "trusted": 0.0}, "geometry": {"type": "LineString", "coordinates": [[245.5, 2136.9], [109.9, 2221.6]]}}, {"type": "Feature", "properties": {"name": "H\u1ebbm 187/18 C\u00f4 Giang", "highway": "service", "trusted": 0.0}, "geometry": {"type": "LineString", "coordinates": [[337.1, 1750.6], [434.8, 1845.7]]}}, {"type": "Feature", "properties": {"name": "M\u00e3 L\u1ed9", "highway": "service", "trusted": 0.0}, "geometry": {"type": "LineString", "coordinates": [[9845.3, 1025.7], [9942.6, 884.3], [10041.8, 728.3]]}}, {"type": "Feature", "properties": {"name": "Nguy\u1ec5n V\u0103n Ngh\u0129a", "highway": "service", "trusted": 0.0}, "geometry": {"type": "LineString", "coordinates": [[9758.0, 730.3], [9942.6, 884.3]]}}, {"type": "Feature", "properties": {"name": "C\u00f4ng tr\u01b0\u1eddng C\u00f4ng x\u00e3 Paris", "highway": "tertiary", "trusted": 1.0}, "geometry": {"type": "LineString", "coordinates": [[6499.4, 3551.6], [6492.2, 3559.3], [6405.8, 3652.8], [6322.1, 3745.3], [6305.3, 3764.1], [6237.8, 3840.9], [6148.9, 3941.1]]}}, {"type": "Feature", "properties": {"name": null, "highway": "service", "trusted": 1.0}, "geometry": {"type": "LineString", "coordinates": [[10338.5, 1694.3], [10332.0, 1693.2], [10315.1, 1690.3], [10262.2, 1680.8], [10242.8, 1680.7], [10215.5, 1712.7], [10204.8, 1708.5], [10197.9, 1705.8], [10193.5, 1684.8], [10203.1, 1648.1]]}}, {"type": "Feature", "properties": {"name": "C\u1ea7u \u0110i\u1ec7n Bi\u00ean Ph\u1ee7 2", "highway": "primary", "trusted": 0.5}, "geometry": {"type": "LineString", "coordinates": [[11054.8, 4374.2], [10711.7, 4028.9]]}}, {"type": "Feature", "properties": {"name": null, "highway": "service", "trusted": 1.0}, "geometry": {"type": "LineString", "coordinates": [[5265.6, 2246.2], [5253.2, 2216.1], [5008.6, 2006.9], [4949.1, 1956.4], [4898.9, 1913.6], [4880.4, 1897.9]]}}, {"type": "Feature", "properties": {"name": "H\u1ebbm 265 Ph\u1ea1m Ng\u0169 L\u00e3o", "highway": "service", "trusted": 0.0}, "geometry": {"type": "LineString", "coordinates": [[2523.3, 1344.7], [2554.2, 1405.1], [2589.4, 1472.4], [2606.3, 1499.6], [2695.8, 1464.1], [2717.4, 1455.1]]}}, {"type": "Feature", "properties": {"name": "H\u1ebbm 73 Tr\u1ea7n \u00d0\u00ecnh Xu", "highway": "service", "trusted": 0.0}, "geometry": {"type": "LineString", "coordinates": [[482.0, 802.5], [463.4, 786.5], [389.3, 732.8]]}}, {"type": "Feature", "properties": {"name": "H\u1ebbm B Chung C\u01b0 Nguy\u1ec5n \u00d0\u00ecnh Chi\u1ec3u", "highway": "residential", "trusted": 1.0}, "geometry": {"type": "LineString", "coordinates": [[10275.0, 5417.1], [10290.0, 5308.9], [10302.2, 5217.6], [10321.7, 5072.9]]}}, {"type": "Feature", "properties": {"name": "H\u1ebbm 202 Tr\u1ea7n Quang Kh\u1ea3i", "highway": "service", "trusted": 0.0}, "geometry": {"type": "LineString", "coordinates": [[10504.6, 411.7], [10461.8, 306.5], [10418.5, 324.3], [10338.0, 348.6], [10287.0, 355.5]]}}, {"type": "Feature", "properties": {"name": null, "highway": "service", "trusted": 0.0}, "geometry": {"type": "LineString", "coordinates": [[10106.4, 153.1], [10171.1, 216.3]]}}, {"type": "Feature", "properties": {"name": null, "highway": "service", "trusted": 0.0}, "geometry": {"type": "LineString", "coordinates": [[392.3, 2010.0], [396.7, 2027.4], [369.0, 2051.4], [372.0, 2056.2], [367.4, 2071.9], [350.5, 2093.9], [271.3, 2163.1]]}}, {"type": "Feature", "properties": {"name": null, "highway": "service", "trusted": 1.0}, "geometry": {"type": "LineString", "coordinates": [[9894.4, 2725.9], [9870.6, 2702.5], [9820.9, 2684.0]]}}, {"type": "Feature", "properties": {"name": null, "highway": "service", "trusted": 0.67}, "geometry": {"type": "LineString", "coordinates": [[10659.7, 3717.5], [10714.8, 3763.7], [10818.5, 3859.3]]}}, {"type": "Feature", "properties": {"name": "L\u00ea C\u00f4ng Ki\u1ec1u", "highway": "residential", "trusted": 1.0}, "geometry": {"type": "LineString", "coordinates": [[3409.2, 4288.5], [3418.4, 3793.4], [3415.2, 3751.9]]}}, {"type": "Feature", "properties": {"name": "H\u1ebbm 168 Nguy\u1ec5n C\u01b0 Trinh", "highway": "service", "trusted": 0.0}, "geometry": {"type": "LineString", "coordinates": [[1476.2, 327.6], [1383.5, 315.8], [1299.4, 302.2], [1268.6, 296.8], [1190.1, 283.1], [1138.6, 285.0]]}}, {"type": "Feature", "properties": {"name": null, "highway": "service", "trusted": 1.0}, "geometry": {"type": "LineString", "coordinates": [[4736.8, 1912.7], [4750.5, 1922.6], [4754.6, 1924.7], [4765.8, 1930.3], [4782.0, 1935.3], [4798.9, 1937.6], [4815.6, 1937.1], [4831.9, 1933.7], [4847.1, 1927.6], [4860.8, 1918.9], [4871.5, 1909.2], [4880.4, 1897.9], [4887.4, 1884.8], [4892.1, 1870.6], [4894.2, 1855.8], [4893.8, 1840.7], [4890.9, 1825.6], [4885.5, 1811.1], [4877.7, 1797.5], [4869.6, 1787.3], [4867.9, 1785.2], [4855.3, 1773.8]]}}, {"type": "Feature", "properties": {"name": "H\u1ebbm 113 V\u00f5 Th\u1ecb S\u00e1u", "highway": "service", "trusted": 0.0}, "geometry": {"type": "LineString", "coordinates": [[8669.6, 1025.2], [8622.8, 1096.8], [8566.5, 1192.4], [8531.5, 1252.6], [8483.9, 1322.5]]}}, {"type": "Feature", "properties": {"name": null, "highway": "service", "trusted": 0.0}, "geometry": {"type": "LineString", "coordinates": [[3292.4, 712.5], [3338.2, 773.2]]}}, {"type": "Feature", "properties": {"name": "\u00d0\u1ed7 Quang \u00d0\u1ea9u", "highway": "tertiary", "trusted": 0.0}, "geometry": {"type": "LineString", "coordinates": [[2504.6, 918.4], [2470.8, 939.4], [2466.3, 942.2], [2335.3, 1028.0], [2307.0, 1047.3], [2285.8, 1061.0], [2256.1, 1080.9], [2242.2, 1089.6], [2151.0, 1141.6], [2091.2, 1178.4], [2077.8, 1187.0]]}}, {"type": "Feature", "properties": {"name": "H\u1ebbm 89 Nguy\u1ec5n Tr\u00e3i", "highway": "service", "trusted": 0.0}, "geometry": {"type": "LineString", "coordinates": [[3212.4, 1275.2], [3217.3, 1285.8], [3182.5, 1309.0]]}}, {"type": "Feature", "properties": {"name": "L\u00ea Th\u1ecb H\u1ed3ng G\u1ea5m", "highway": "residential", "trusted": 0.56}, "geometry": {"type": "LineString", "coordinates": [[3063.9, 3370.6], [3047.6, 3353.0], [3000.4, 3303.9], [2973.5, 3275.8], [2915.3, 3212.5], [2840.1, 3100.7], [2811.5, 3068.0], [2792.6, 3046.1], [2732.1, 2975.1]]}}, {"type": "Feature", "properties": {"name": "H\u1ebbm 18B Nguy\u1ec5n Th\u1ecb Minh Khai", "highway": "service", "trusted": 1.0}, "geometry": {"type": "LineString", "coordinates": [[8484.4, 4052.9], [8511.3, 4080.0], [8468.8, 4125.5], [8435.5, 4156.2], [8426.1, 4162.3], [8409.3, 4173.1], [8331.4, 4248.9], [8312.1, 4267.7]]}}, {"type": "Feature", "properties": {"name": null, "highway": "service", "trusted": 1.0}, "geometry": {"type": "LineString", "coordinates": [[4637.0, 2026.7], [4654.4, 2039.7], [4676.2, 2055.9], [4697.4, 2071.8], [4715.9, 2083.8], [4739.9, 2094.8], [4754.7, 2099.9], [4774.2, 2104.2], [4793.9, 2106.3], [4807.5, 2106.3], [4815.1, 2106.3], [4837.1, 2106.5], [4862.2, 2104.8], [4892.5, 2100.4], [4907.5, 2097.4], [4922.2, 2093.5], [4943.8, 2085.8], [4964.3, 2076.2], [4983.7, 2064.6]]}}, {"type": "Feature", "properties": {"name": "Nguy\u1ec5n Th\u00e1i H\u1ecdc", "highway": "primary", "trusted": 1.0}, "geometry": {"type": "LineString", "coordinates": [[1765.4, 3047.1], [1945.9, 2935.0]]}}, {"type": "Feature", "properties": {"name": "Ph\u1ea1m Kh\u1eafc", "highway": "residential", "trusted": 1.0}, "geometry": {"type": "LineString", "coordinates": [[9631.9, 4499.2], [9650.2, 4490.5], [9695.3, 4479.5], [9739.9, 4461.3], [9805.1, 4401.4]]}}, {"type": "Feature", "properties": {"name": "H\u1ebbm 1 Tr\u01b0\u01a1ng Quy\u1ec1n", "highway": "service", "trusted": 0.0}, "geometry": {"type": "LineString", "coordinates": [[8593.1, 1841.2], [8499.1, 1738.5]]}}, {"type": "Feature", "properties": {"name": null, "highway": "service", "trusted": 1.0}, "geometry": {"type": "LineString", "coordinates": [[10310.6, 1935.9], [10306.3, 1931.7], [10125.6, 1750.7]]}}, {"type": "Feature", "properties": {"name": "H\u1ebbm 219 Tr\u1ea7n H\u01b0ng \u00d0\u1ea1o", "highway": "service", "trusted": 0.0}, "geometry": {"type": "LineString", "coordinates": [[1827.7, 1822.9], [1810.2, 1840.1], [1776.0, 1865.9], [1760.6, 1891.1], [1753.9, 1919.3]]}}, {"type": "Feature", "properties": {"name": null, "highway": "service", "trusted": 1.0}, "geometry": {"type": "LineString", "coordinates": [[964.0, 2215.5], [843.2, 2309.0]]}}, {"type": "Feature", "properties": {"name": "H\u1ebbm 33 Ph\u1ea1m Ng\u1ecdc Th\u1ea1ch", "highway": "service", "trusted": 0.0}, "geometry": {"type": "LineString", "coordinates": [[8036.8, 2083.9], [7918.3, 1970.3], [7905.0, 1957.6]]}}, {"type": "Feature", "properties": {"name": "Tr\u1ea7n Qu\u1ed1c Th\u1ea3o", "highway": "secondary", "trusted": 0.0}, "geometry": {"type": "LineString", "coordinates": [[7192.1, 108.1], [7150.8, 152.6], [7105.1, 199.9], [6977.7, 335.4]]}}, {"type": "Feature", "properties": {"name": "H\u1ebbm 233 Nguy\u1ec5n Tr\u00e3i", "highway": "residential", "trusted": 0.0}, "geometry": {"type": "LineString", "coordinates": [[1695.2, 23.3], [1677.5, 83.4], [1636.8, 208.5]]}}, {"type": "Feature", "properties": {"name": null, "highway": "service", "trusted": 1.0}, "geometry": {"type": "LineString", "coordinates": [[4796.1, 1844.5], [4802.1, 1868.0], [4860.8, 1918.9]]}}, {"type": "Feature", "properties": {"name": "V\u00f5 V\u0103n T\u1ea7n", "highway": "secondary", "trusted": 1.0}, "geometry": {"type": "LineString", "coordinates": [[4672.3, 303.2], [4647.6, 275.2]]}}, {"type": "Feature", "properties": {"name": "H\u1ebbm 140 V\u00f5 Th\u1ecb S\u00e1u", "highway": "service", "trusted": 1.0}, "geometry": {"type": "LineString", "coordinates": [[9036.7, 1423.6], [9163.1, 1269.6]]}}, {"type": "Feature", "properties": {"name": null, "highway": "service", "trusted": 1.0}, "geometry": {"type": "LineString", "coordinates": [[1586.2, 2805.0], [1615.7, 2861.5], [1635.8, 2905.1], [1660.7, 2948.0]]}}, {"type": "Feature", "properties": {"name": "Nguy\u1ec5n Phi Khanh", "highway": "residential", "trusted": 1.0}, "geometry": {"type": "LineString", "coordinates": [[10363.0, 2741.0], [10360.1, 2706.8], [10357.0, 2593.8], [10349.6, 2440.2], [10342.6, 2222.6], [10339.3, 1907.9], [10338.5, 1811.4], [10338.5, 1771.0], [10338.5, 1694.3], [10338.6, 1491.8], [10351.8, 1440.3], [10358.5, 1420.5], [10367.0, 1401.5], [10388.4, 1367.7], [10393.6, 1358.7], [10417.4, 1338.6]]}}, {"type": "Feature", "properties": {"name": "M\u1ea1c \u0110\u0129nh Chi", "highway": "tertiary", "trusted": 0.25}, "geometry": {"type": "LineString", "coordinates": [[9299.1, 2708.6], [9274.5, 2734.6], [9186.4, 2745.5], [9106.8, 2828.1], [9084.7, 2852.1], [9072.7, 2865.1], [9067.0, 2871.1], [8958.1, 2987.1]]}}, {"type": "Feature", "properties": {"name": null, "highway": "service", "trusted": 1.0}, "geometry": {"type": "LineString", "coordinates": [[631.6, 2748.3], [655.7, 2715.8], [690.9, 2675.3]]}}, {"type": "Feature", "properties": {"name": "T\u00f4n Th\u1ea5t \u0110\u1ea1m", "highway": "residential", "trusted": 1.0}, "geometry": {"type": "LineString", "coordinates": [[3628.7, 5058.8], [3657.2, 5047.6], [3722.7, 5019.6], [3807.5, 4983.2], [4227.1, 4805.1]]}}, {"type": "Feature", "properties": {"name": null, "highway": "service", "trusted": 0.0}, "geometry": {"type": "LineString", "coordinates": [[8737.7, 1092.9], [8669.2, 1176.4]]}}, {"type": "Feature", "properties": {"name": "H\u1ebbm 41 Ph\u1ea1m Ng\u1ecdc Th\u1ea1ch", "highway": "service", "trusted": 0.0}, "geometry": {"type": "LineString", "coordinates": [[8127.8, 1988.8], [7907.3, 1777.5]]}}, {"type": "Feature", "properties": {"name": null, "highway": "service", "trusted": 0.0}, "geometry": {"type": "LineString", "coordinates": [[8564.7, 2148.1], [8436.6, 2030.6], [8534.8, 1910.3]]}}, {"type": "Feature", "properties": {"name": "H\u1ebbm 171 \u0110\u01b0\u1eddng C\u00f4 B\u1eafc", "highway": "service", "trusted": 0.0}, "geometry": {"type": "LineString", "coordinates": [[814.2, 1473.8], [892.1, 1564.9], [958.5, 1652.5]]}}, {"type": "Feature", "properties": {"name": "H\u1ebbm 92 Ph\u1ea1m Ng\u1ecdc Th\u1ea1ch", "highway": "service", "trusted": 1.0}, "geometry": {"type": "LineString", "coordinates": [[8961.0, 1506.9], [8822.8, 1364.6]]}}, {"type": "Feature", "properties": {"name": "Nguy\u1ec5n Kh\u1eafc Nhu", "highway": "residential", "trusted": 0.0}, "geometry": {"type": "LineString", "coordinates": [[806.3, 2032.6], [835.7, 2010.6], [879.8, 1978.8], [1090.5, 1826.5], [1173.9, 1767.4], [1183.4, 1760.2], [1192.6, 1754.3], [1253.7, 1711.4], [1403.4, 1606.6], [1457.6, 1557.9], [1474.9, 1538.8], [1487.0, 1525.4]]}}, {"type": "Feature", "properties": {"name": "Nguy\u1ec5n V\u0103n Chi\u00eam", "highway": "residential", "trusted": 1.0}, "geometry": {"type": "LineString", "coordinates": [[7242.8, 3664.8], [7082.6, 3526.5], [7063.3, 3511.1], [6983.1, 3449.1], [6824.4, 3335.3]]}}, {"type": "Feature", "properties": {"name": null, "highway": "service", "trusted": 0.0}, "geometry": {"type": "LineString", "coordinates": [[10968.8, 166.4], [10974.9, 195.1], [11002.1, 379.9]]}}, {"type": "Feature", "properties": {"name": "H\u1ebbm 93 H\u1ed3 H\u1ea3o H\u1edbn", "highway": "service", "trusted": 0.0}, "geometry": {"type": "LineString", "coordinates": [[884.9, 1123.7], [722.6, 1010.9]]}}, {"type": "Feature", "properties": {"name": "H\u1ebbm 56 \u0110\u01b0\u1eddng Hu\u1ef3nh Kh\u01b0\u01a1ng Ninh", "highway": "service", "trusted": 1.0}, "geometry": {"type": "LineString", "coordinates": [[9693.0, 2702.6], [9654.3, 2751.6]]}}, {"type": "Feature", "properties": {"name": "L\u00ea Anh Xu\u00e2n", "highway": "residential", "trusted": 0.0}, "geometry": {"type": "LineString", "coordinates": [[3823.2, 2472.5], [3957.0, 2407.5], [4087.6, 2348.0]]}}, {"type": "Feature", "properties": {"name": null, "highway": "service", "trusted": 0.0}, "geometry": {"type": "LineString", "coordinates": [[321.3, 2344.4], [389.9, 2295.7], [425.7, 2297.7], [501.4, 2237.9], [519.5, 2222.4], [541.7, 2199.4]]}}, {"type": "Feature", "properties": {"name": "Tr\u1ea7n Quang Kh\u1ea3i", "highway": "tertiary", "trusted": 1.0}, "geometry": {"type": "LineString", "coordinates": [[10417.4, 1338.6], [10458.8, 1572.4], [10480.0, 1732.6], [10518.1, 2014.3], [10520.2, 2029.2]]}}, {"type": "Feature", "properties": {"name": "H\u1ebbm 24 Th\u1ee7 Khoa Hu\u00e2n", "highway": "service", "trusted": 0.0}, "geometry": {"type": "LineString", "coordinates": [[4468.1, 3149.9], [4515.3, 3237.5], [4585.2, 3350.7], [4656.4, 3449.0]]}}, {"type": "Feature", "properties": {"name": "Nguy\u1ec5n Huy T\u1ef1", "highway": "tertiary", "trusted": 1.0}, "geometry": {"type": "LineString", "coordinates": [[10624.3, 2992.1], [10627.8, 2947.3], [10630.9, 2864.1]]}}, {"type": "Feature", "properties": {"name": "Ng\u00f4 V\u0103n N\u0103m", "highway": "residential", "trusted": 1.0}, "geometry": {"type": "LineString", "coordinates": [[6870.0, 6089.3], [6776.1, 6109.8], [6718.8, 6215.0], [6693.8, 6261.1]]}}, {"type": "Feature", "properties": {"name": "H\u1ebbm Nguy\u1ec5n Th\u00e1i H\u1ecdc", "highway": "service", "trusted": 1.0}, "geometry": {"type": "LineString", "coordinates": [[1736.6, 2706.5], [1770.2, 2762.4], [1798.1, 2808.8], [1822.3, 2849.0], [1878.9, 2942.5]]}}, {"type": "Feature", "properties": {"name": "H\u1ebbm 187 Hai B\u00e0 Tr\u01b0ng", "highway": "service", "trusted": 0.0}, "geometry": {"type": "LineString", "coordinates": [[8472.2, 2258.9], [8452.4, 2240.6], [8368.2, 2162.5], [8320.6, 2119.1]]}}, {"type": "Feature", "properties": {"name": "H\u1ebbm 61 C\u00f4 Giang", "highway": "service", "trusted": 1.0}, "geometry": {"type": "LineString", "coordinates": [[1361.7, 2698.4], [1224.9, 2823.3]]}}, {"type": "Feature", "properties": {"name": null, "highway": "service", "trusted": 1.0}, "geometry": {"type": "LineString", "coordinates": [[1599.6, 2508.1], [1562.4, 2536.2]]}}, {"type": "Feature", "properties": {"name": "C\u00f4ng tr\u01b0\u1eddng M\u00ea Linh", "highway": "primary", "trusted": 0.0}, "geometry": {"type": "LineString", "coordinates": [[5077.3, 6155.9], [5103.6, 6147.9], [5124.0, 6138.8], [5142.3, 6124.1], [5153.1, 6109.7]]}}, {"type": "Feature", "properties": {"name": "Nguy\u1ec5n Th\u00e1i B\u00ecnh", "highway": "residential", "trusted": 1.0}, "geometry": {"type": "LineString", "coordinates": [[2751.2, 3606.9], [2730.1, 3584.2], [2622.6, 3469.3], [2596.5, 3440.9], [2540.2, 3375.7], [2529.6, 3363.4], [2506.9, 3338.8]]}}, {"type": "Feature", "properties": {"name": "Huy\u1ec1n Tr\u00e2n C\u00f4ng Ch\u00faa", "highway": "residential", "trusted": 0.56}, "geometry": {"type": "LineString", "coordinates": [[5705.8, 1814.1], [5679.3, 1840.6], [5448.0, 2083.6], [5398.3, 2137.2], [5282.9, 2261.2], [4906.6, 2662.0], [4880.1, 2690.1], [4858.9, 2712.6], [4860.4, 2769.9]]}}, {"type": "Feature", "properties": {"name": "Hai B\u00e0 Tr\u01b0ng", "highway": "primary", "trusted": 0.0}, "geometry": {"type": "LineString", "coordinates": [[5105.1, 5957.3], [5128.3, 5932.2], [5152.8, 5905.9], [5213.2, 5840.2], [5267.3, 5780.0]]}}, {"type": "Feature", "properties": {"name": null, "highway": "service", "trusted": 1.0}, "geometry": {"type": "LineString", "coordinates": [[1645.2, 2734.0], [1687.6, 2815.2], [1709.2, 2861.4], [1731.4, 2905.1]]}}, {"type": "Feature", "properties": {"name": "H\u1ebbm 40 B\u00f9i Vi\u1ec7n", "highway": "service", "trusted": 0.0}, "geometry": {"type": "LineString", "coordinates": [[2745.0, 2071.6], [2682.6, 2107.8], [2527.2, 2197.6]]}}, {"type": "Feature", "properties": {"name": "Phan B\u1ed9i Ch\u00e2u", "highway": "residential", "trusted": 0.0}, "geometry": {"type": "LineString", "coordinates": [[4405.9, 3390.0], [4378.7, 3405.9], [4191.8, 3515.3]]}}, {"type": "Feature", "properties": {"name": "T\u00f4n Th\u1ea5t T\u00f9ng", "highway": "tertiary", "trusted": 0.0}, "geometry": {"type": "LineString", "coordinates": [[2895.7, 667.1], [2868.1, 687.9], [2813.9, 732.0], [2799.3, 743.2]]}}, {"type": "Feature", "properties": {"name": "H\u1ebbm 165 Nguy\u1ec5n Th\u00e1i B\u00ecnh", "highway": "residential", "trusted": 1.0}, "geometry": {"type": "LineString", "coordinates": [[2622.6, 3469.3], [2285.8, 3769.5]]}}, {"type": "Feature", "properties": {"name": "H\u1ebbm 269 \u0110\u01b0\u1eddng Nguy\u1ec5n Tr\u00e3i", "highway": "service", "trusted": 0.0}, "geometry": {"type": "LineString", "coordinates": [[1394.8, 18.6], [1377.4, 70.7]]}}, {"type": "Feature", "properties": {"name": null, "highway": "service", "trusted": 1.0}, "geometry": {"type": "LineString", "coordinates": [[1638.4, 2772.5], [1667.0, 2828.4], [1688.1, 2873.9], [1711.1, 2918.2]]}}, {"type": "Feature", "properties": {"name": "Th\u1ea1ch Th\u1ecb Thanh", "highway": "residential", "trusted": 1.0}, "geometry": {"type": "LineString", "coordinates": [[9991.7, 1602.5], [9991.2, 1603.8], [9966.0, 1657.0], [9941.3, 1714.4], [9937.4, 1723.4], [9860.1, 1902.4], [9760.7, 2110.3], [9748.2, 2135.8]]}}, {"type": "Feature", "properties": {"name": "H\u1ebbm 26 \u00d0\u1ed7 Quang \u00d0\u1ea7u", "highway": "residential", "trusted": 0.0}, "geometry": {"type": "LineString", "coordinates": [[2242.2, 1089.6], [2282.2, 1145.4], [2329.7, 1204.1], [2341.9, 1221.1], [2391.1, 1289.5], [2401.4, 1302.6], [2393.0, 1308.2], [2408.7, 1330.8], [2389.7, 1342.1], [2400.2, 1360.5]]}}, {"type": "Feature", "properties": {"name": "T\u00f4n Th\u1ea5t T\u00f9ng", "highway": "tertiary", "trusted": 0.0}, "geometry": {"type": "LineString", "coordinates": [[2895.7, 667.1], [3005.9, 582.3], [3042.8, 551.3], [3111.0, 494.2], [3213.9, 406.1], [3307.7, 325.9]]}}, {"type": "Feature", "properties": {"name": "C\u00f4ng tr\u01b0\u1eddng Lam S\u01a1n", "highway": "residential", "trusted": 0.64}, "geometry": {"type": "LineString", "coordinates": [[5752.2, 5262.8], [5732.4, 5242.6], [5718.1, 5228.0], [5703.7, 5213.3], [5649.1, 5143.6], [5629.2, 5123.0], [5580.1, 5077.1], [5580.0, 5046.8], [5589.9, 5016.8], [5591.6, 4991.3], [5426.8, 4837.2]]}}, {"type": "Feature", "properties": {"name": null, "highway": "service", "trusted": 1.0}, "geometry": {"type": "LineString", "coordinates": [[3667.1, 1465.6], [3726.8, 1447.9]]}}, {"type": "Feature", "properties": {"name": null, "highway": "service", "trusted": 1.0}, "geometry": {"type": "LineString", "coordinates": [[3699.2, 1492.8], [3682.7, 1496.4], [3671.5, 1474.5]]}}, {"type": "Feature", "properties": {"name": null, "highway": "service", "trusted": 1.0}, "geometry": {"type": "LineString", "coordinates": [[3671.5, 1474.5], [3667.1, 1465.6]]}}, {"type": "Feature", "properties": {"name": null, "highway": "service", "trusted": 0.0}, "geometry": {"type": "LineString", "coordinates": [[2370.2, 1305.5], [2391.1, 1289.5]]}}, {"type": "Feature", "properties": {"name": "H\u1ebbm 200 C\u1ed1ng Qu\u1ef3nh", "highway": "residential", "trusted": 0.0}, "geometry": {"type": "LineString", "coordinates": [[2077.2, 556.3], [2155.5, 594.3]]}}, {"type": "Feature", "properties": {"name": "\u0110\u01b0\u1eddng Tr\u1ea7n Do\u00e3n Khanh", "highway": "residential", "trusted": 1.0}, "geometry": {"type": "LineString", "coordinates": [[9368.1, 3394.6], [9515.2, 3224.6]]}}, {"type": "Feature", "properties": {"name": "H\u1ebbm 102/7 C\u1ed1ng Qu\u1ef3nh", "highway": "service", "trusted": 0.0}, "geometry": {"type": "LineString", "coordinates": [[1742.2, 1169.5], [1687.9, 1193.6]]}}, {"type": "Feature", "properties": {"name": "Th\u00e1i V\u0103n Lung", "highway": "residential", "trusted": 0.5}, "geometry": {"type": "LineString", "coordinates": [[5849.9, 5987.7], [6086.1, 5725.9]]}}, {"type": "Feature", "properties": {"name": "C\u00e1ch M\u1ea1ng Th\u00e1ng T\u00e1m", "highway": "primary", "trusted": 1.0}, "geometry": {"type": "LineString", "coordinates": [[4442.7, 703.2], [4467.2, 664.6]]}}, {"type": "Feature", "properties": {"name": null, "highway": "service", "trusted": 0.0}, "geometry": {"type": "LineString", "coordinates": [[9538.5, 766.4], [9498.3, 815.1]]}}, {"type": "Feature", "properties": {"name": "H\u1ebbm 268 B\u00f9i Vi\u1ec7n", "highway": "service", "trusted": 0.0}, "geometry": {"type": "LineString", "coordinates": [[1856.5, 920.4], [1952.7, 872.4]]}}, {"type": "Feature", "properties": {"name": "H\u1ebbm 121 B\u00f9i Vi\u1ec7n", "highway": "service", "trusted": 0.0}, "geometry": {"type": "LineString", "coordinates": [[2194.0, 1450.5], [2155.9, 1465.4], [2133.0, 1474.3]]}}, {"type": "Feature", "properties": {"name": null, "highway": "service", "trusted": 0.0}, "geometry": {"type": "LineString", "coordinates": [[3276.5, 582.1], [3317.5, 632.0]]}}, {"type": "Feature", "properties": {"name": "H\u1ebbm 302 Hai B\u00e0 Tr\u01b0ng", "highway": "service", "trusted": 0.0}, "geometry": {"type": "LineString", "coordinates": [[9581.9, 943.3], [9636.6, 1003.7], [9658.2, 1030.8], [9707.9, 1052.2], [9696.3, 1078.0], [9766.3, 1130.4], [9796.1, 1097.7], [9853.2, 1146.8]]}}, {"type": "Feature", "properties": {"name": "H\u1ebbm 362 \u0110\u01b0\u1eddng Hai B\u00e0 Tr\u01b0ng", "highway": "service", "trusted": 0.0}, "geometry": {"type": "LineString", "coordinates": [[10340.7, 653.2], [10302.9, 647.5], [10266.9, 644.9], [10226.0, 639.8], [10168.3, 611.3]]}}, {"type": "Feature", "properties": {"name": "H\u1ebbm 109 Nguy\u1ec5n B\u1ec9nh Khi\u00eam", "highway": "residential", "trusted": 1.0}, "geometry": {"type": "LineString", "coordinates": [[10333.9, 4083.9], [10199.7, 3954.5]]}}, {"type": "Feature", "properties": {"name": "H\u1ebbm 2A \u0110\u01b0\u1eddng Nguy\u1ec5n Th\u1ecb Minh Khai", "highway": "service", "trusted": 1.0}, "geometry": {"type": "LineString", "coordinates": [[10114.0, 5548.5], [9979.1, 5728.7], [9970.2, 5738.2]]}}, {"type": "Feature", "properties": {"name": null, "highway": "service", "trusted": 0.0}, "geometry": {"type": "LineString", "coordinates": [[1175.0, 1606.8], [1253.7, 1711.4]]}}, {"type": "Feature", "properties": {"name": "Nguy\u1ec5n Tr\u00e3i", "highway": "secondary", "trusted": 0.0}, "geometry": {"type": "LineString", "coordinates": [[3699.8, 1783.4], [3674.5, 1748.4], [3671.4, 1743.9], [3660.5, 1728.9], [3614.6, 1665.5], [3547.5, 1566.6], [3477.6, 1468.1], [3445.9, 1423.5], [3431.1, 1401.9], [3377.4, 1323.7], [3326.4, 1248.2], [3316.1, 1234.2], [3307.1, 1221.4], [3299.9, 1211.0], [3270.5, 1168.0], [3268.0, 1164.2], [3265.8, 1161.0], [3219.2, 1093.1], [3211.9, 1082.5], [3207.4, 1075.8], [3115.4, 940.3], [3110.9, 933.4], [3055.3, 853.2]]}}, {"type": "Feature", "properties": {"name": "H\u1ebbm 55 Tr\u1ea7n \u00d0\u00ecnh Xu", "highway": "service", "trusted": 0.0}, "geometry": {"type": "LineString", "coordinates": [[85.4, 739.2], [139.5, 811.4], [205.8, 903.4], [244.4, 932.9], [296.0, 964.6], [350.3, 1003.7]]}}, {"type": "Feature", "properties": {"name": "Phan K\u1ebf B\u00ednh", "highway": "residential", "trusted": 1.0}, "geometry": {"type": "LineString", "coordinates": [[9536.7, 4148.9], [9702.2, 3978.1], [9775.8, 3894.1], [9784.2, 3885.1], [9848.9, 3810.1]]}}, {"type": "Feature", "properties": {"name": "H\u1ebbm 2Bis Nguy\u1ec5n Th\u1ecb Minh Khai", "highway": "service", "trusted": 1.0}, "geometry": {"type": "LineString", "coordinates": [[9815.9, 5607.1], [9823.5, 5598.3], [10070.8, 5288.1]]}}, {"type": "Feature", "properties": {"name": null, "highway": "service", "trusted": 1.0}, "geometry": {"type": "LineString", "coordinates": [[2026.1, 2331.8], [1978.4, 2342.0], [1947.6, 2353.7]]}}, {"type": "Feature", "properties": {"name": null, "highway": "service", "trusted": 1.0}, "geometry": {"type": "LineString", "coordinates": [[4514.2, 1820.4], [4522.3, 1847.0], [4532.2, 1873.1], [4543.6, 1898.8], [4556.4, 1923.6], [4570.9, 1947.8], [4586.7, 1971.1], [4598.0, 1985.4], [4614.1, 2003.4], [4621.5, 2011.7], [4637.0, 2026.7]]}}, {"type": "Feature", "properties": {"name": "H\u1ebbm 37 \u0110inh C\u00f4ng Tr\u00e1ng", "highway": "service", "trusted": 1.0}, "geometry": {"type": "LineString", "coordinates": [[9669.1, 1681.2], [9693.2, 1657.1], [9703.5, 1642.2], [9709.2, 1633.9], [9717.5, 1608.9], [9717.8, 1602.5], [9719.0, 1581.0], [9702.0, 1560.7], [9678.5, 1550.4], [9746.6, 1420.6], [9757.2, 1400.3]]}}, {"type": "Feature", "properties": {"name": "Phan V\u0103n Tr\u01b0\u1eddng", "highway": "residential", "trusted": 1.0}, "geometry": {"type": "LineString", "coordinates": [[1945.9, 2935.0], [1959.0, 2956.8], [2071.9, 3148.2], [2097.6, 3190.8], [2129.7, 3244.1], [2143.5, 3265.3]]}}, {"type": "Feature", "properties": {"name": "V\u00f5 Th\u1ecb S\u00e1u", "highway": "primary", "trusted": 0.29}, "geometry": {"type": "LineString", "coordinates": [[8901.5, 1292.9], [8845.5, 1239.0], [8787.1, 1142.1], [8737.7, 1092.9], [8712.2, 1067.6], [8669.6, 1025.2], [8492.8, 849.5]]}}, {"type": "Feature", "properties": {"name": "\u00d0\u1eb7ng T\u1ea5t", "highway": "residential", "trusted": 0.0}, "geometry": {"type": "LineString", "coordinates": [[10825.5, 766.2], [10777.7, 454.4], [10730.6, 162.8]]}}, {"type": "Feature", "properties": {"name": null, "highway": "service", "trusted": 1.0}, "geometry": {"type": "LineString", "coordinates": [[10002.5, 2604.3], [9982.5, 2574.7], [9948.6, 2543.3], [9938.9, 2534.2], [9928.5, 2520.3], [9926.9, 2505.7], [9947.7, 2479.6], [9998.3, 2425.7], [10013.5, 2409.7]]}}, {"type": "Feature", "properties": {"name": null, "highway": "service", "trusted": 0.0}, "geometry": {"type": "LineString", "coordinates": [[8716.0, 1450.8], [8707.5, 1443.1], [8705.0, 1440.8], [8677.0, 1416.1]]}}, {"type": "Feature", "properties": {"name": null, "highway": "service", "trusted": 0.0}, "geometry": {"type": "LineString", "coordinates": [[306.2, 740.0], [293.1, 761.0]]}}, {"type": "Feature", "properties": {"name": "H\u1ebbm 127 \u0110\u01b0\u1eddng \u0110i\u1ec7n Bi\u00ean Ph\u1ee7", "highway": "service", "trusted": 1.0}, "geometry": {"type": "LineString", "coordinates": [[9443.9, 2850.1], [9318.9, 2971.7]]}}, {"type": "Feature", "properties": {"name": null, "highway": "service", "trusted": 0.0}, "geometry": {"type": "LineString", "coordinates": [[9584.0, 710.0], [9538.5, 766.4]]}}, {"type": "Feature", "properties": {"name": "H\u1ebbm 42 Tr\u1ea7n \u00d0\u00ecnh Xu", "highway": "residential", "trusted": 0.0}, "geometry": {"type": "LineString", "coordinates": [[57.7, 1507.2], [59.4, 1510.0], [112.2, 1599.7]]}}, {"type": "Feature", "properties": {"name": null, "highway": "service", "trusted": 1.0}, "geometry": {"type": "LineString", "coordinates": [[4304.8, 1271.8], [4183.0, 1206.2], [4179.1, 1204.1], [4154.5, 1203.4]]}}, {"type": "Feature", "properties": {"name": "H\u1ebbm 28 \u0110\u1ed7 Quang \u0110\u1ea9u", "highway": "service", "trusted": 0.0}, "geometry": {"type": "LineString", "coordinates": [[2285.8, 1061.0], [2333.6, 1105.4], [2403.6, 1171.3], [2427.8, 1194.2], [2423.2, 1197.9], [2446.9, 1223.4], [2416.1, 1248.7], [2443.7, 1278.6]]}}, {"type": "Feature", "properties": {"name": "H\u1ebbm 47 Tr\u1ea7n Qu\u1ed1c To\u1ea3n", "highway": "service", "trusted": 0.0}, "geometry": {"type": "LineString", "coordinates": [[9247.0, 466.9], [9206.8, 515.2], [9176.9, 563.8], [9164.8, 578.5], [9140.3, 554.6], [9127.9, 544.1], [9110.7, 539.1], [9073.7, 560.4], [9026.7, 602.0], [8939.1, 741.5], [8899.9, 798.8]]}}, {"type": "Feature", "properties": {"name": "H\u1ebbm 2 H\u00e0m Nghi", "highway": "service", "trusted": 0.0}, "geometry": {"type": "LineString", "coordinates": [[3774.4, 5751.2], [3770.9, 5735.5], [3778.9, 5550.7], [3780.0, 5525.1]]}}, {"type": "Feature", "properties": {"name": "H\u1ebbm 230 Pasteur", "highway": "service", "trusted": 0.0}, "geometry": {"type": "LineString", "coordinates": [[8483.9, 1322.5], [8421.7, 1405.8], [8205.1, 1300.3], [8110.7, 1244.2]]}}, {"type": "Feature", "properties": {"name": "H\u1ebbm 245 Nguy\u1ec5n Tr\u00e3i", "highway": "service", "trusted": 0.0}, "geometry": {"type": "LineString", "coordinates": [[1471.4, 402.3], [1487.2, 335.5], [1476.2, 327.6]]}}, {"type": "Feature", "properties": {"name": "Tr\u1ea7n Nh\u1eadt Du\u1eadt", "highway": "residential", "trusted": 0.0}, "geometry": {"type": "LineString", "coordinates": [[10656.5, 792.5], [10679.7, 788.9], [10813.4, 768.1], [10825.5, 766.2], [10990.0, 741.8]]}}, {"type": "Feature", "properties": {"name": null, "highway": "service", "trusted": 1.0}, "geometry": {"type": "LineString", "coordinates": [[2687.7, 3656.7], [2739.1, 3719.4], [2776.9, 3755.8]]}}, {"type": "Feature", "properties": {"name": null, "highway": "service", "trusted": 0.0}, "geometry": {"type": "LineString", "coordinates": [[3169.4, 560.1], [3111.0, 494.2]]}}, {"type": "Feature", "properties": {"name": "Tr\u1ea7n Kh\u1eafc Ch\u00e2n", "highway": "residential", "trusted": 0.18}, "geometry": {"type": "LineString", "coordinates": [[10699.9, 1251.9], [10774.9, 1234.0], [10877.3, 1271.1], [10946.1, 1259.7], [11018.3, 1248.2], [11069.0, 1241.4], [11123.5, 1236.1], [11153.4, 1231.2], [11192.5, 1222.9], [11226.3, 1216.9], [11252.8, 1212.2]]}}, {"type": "Feature", "properties": {"name": null, "highway": "service", "trusted": 1.0}, "geometry": {"type": "LineString", "coordinates": [[935.2, 2181.2], [809.3, 2272.6]]}}, {"type": "Feature", "properties": {"name": "\u0110\u01b0\u1eddng Cao B\u00e1 Nh\u1ea1", "highway": "residential", "trusted": 0.0}, "geometry": {"type": "LineString", "coordinates": [[1186.7, 920.4], [1167.3, 907.7], [879.8, 719.4], [649.8, 568.6], [634.7, 558.6]]}}, {"type": "Feature", "properties": {"name": "H\u1ebbm 114 \u00d0\u1ec1 Th\u00e1m", "highway": "service", "trusted": 1.0}, "geometry": {"type": "LineString", "coordinates": [[1556.5, 2448.2], [1599.6, 2508.1], [1671.0, 2599.1], [1727.7, 2664.0]]}}, {"type": "Feature", "properties": {"name": "H\u1ebbm 100 Nguy\u1ec5n C\u00f4ng Tr\u1ee9", "highway": "service", "trusted": 1.0}, "geometry": {"type": "LineString", "coordinates": [[3094.7, 4779.8], [3219.2, 4719.1], [3296.4, 4673.8]]}}, {"type": "Feature", "properties": {"name": null, "highway": "service", "trusted": 1.0}, "geometry": {"type": "LineString", "coordinates": [[1623.0, 2693.9], [1605.4, 2657.8], [1582.6, 2630.0], [1550.7, 2593.5]]}}, {"type": "Feature", "properties": {"name": null, "highway": "residential", "trusted": 0.0}, "geometry": {"type": "LineString", "coordinates": [[7649.2, 1364.9], [7536.4, 1252.4]]}}, {"type": "Feature", "properties": {"name": null, "highway": "service", "trusted": 1.0}, "geometry": {"type": "LineString", "coordinates": [[4860.8, 1918.9], [4879.3, 1934.6], [4929.6, 1977.4], [4989.4, 2028.4], [5004.8, 2041.6], [5233.5, 2237.4], [5265.6, 2246.2]]}}, {"type": "Feature", "properties": {"name": "Tr\u1ea7n Qu\u00fd Kho\u00e1ch", "highway": "residential", "trusted": 0.0}, "geometry": {"type": "LineString", "coordinates": [[10990.0, 741.8], [10939.4, 425.8], [10934.6, 391.4], [10901.8, 206.9], [10893.3, 165.3]]}}, {"type": "Feature", "properties": {"name": null, "highway": "service", "trusted": 0.0}, "geometry": {"type": "LineString", "coordinates": [[1694.9, 1934.1], [1698.0, 1914.8], [1676.0, 1898.8], [1648.3, 1894.6], [1619.3, 1905.9], [1602.9, 1916.5], [1603.3, 1927.8], [1598.0, 1943.8]]}}, {"type": "Feature", "properties": {"name": "H\u1ebbm 160 V\u00f5 Th\u1ecb S\u00e1u", "highway": "service", "trusted": 0.0}, "geometry": {"type": "LineString", "coordinates": [[8899.9, 798.8], [8806.2, 951.7], [8712.2, 1067.6]]}}, {"type": "Feature", "properties": {"name": null, "highway": "service", "trusted": 0.0}, "geometry": {"type": "LineString", "coordinates": [[7736.0, 1351.9], [7583.5, 1203.0]]}}, {"type": "Feature", "properties": {"name": "Nguy\u1ec5n \u0110\u00ecnh Chi\u1ec3u", "highway": "tertiary", "trusted": 1.0}, "geometry": {"type": "LineString", "coordinates": [[10533.6, 5058.6], [10479.8, 5014.8], [10372.6, 4919.2], [10354.4, 4904.9], [10335.4, 4891.2], [10325.3, 4882.4], [10209.9, 4779.8], [10163.1, 4742.1], [10071.2, 4657.1], [9929.4, 4522.0]]}}, {"type": "Feature", "properties": {"name": "Hoa Lan", "highway": "residential", "trusted": 0.0}, "geometry": {"type": "LineString", "coordinates": [[12060.0, 1110.6], [12068.7, 1046.7], [12152.8, 838.8], [12190.1, 757.3]]}}, {"type": "Feature", "properties": {"name": "H\u1ebbm 117 Phan V\u0103n H\u00e2n", "highway": "service", "trusted": 0.0}, "geometry": {"type": "LineString", "coordinates": [[10826.7, 5544.9], [11049.7, 5589.4], [11121.0, 5603.4]]}}, {"type": "Feature", "properties": {"name": "H\u1ebbm 174/6 Phan V\u0103n H\u00e2n", "highway": "service", "trusted": 0.0}, "geometry": {"type": "LineString", "coordinates": [[11182.0, 5615.7], [11164.7, 5736.0], [11157.9, 5779.9], [11308.8, 5802.3], [11316.5, 5781.5], [11331.3, 5782.4]]}}, {"type": "Feature", "properties": {"name": "H\u1ebbm 174 Phan V\u0103n H\u00e2n", "highway": "service", "trusted": 0.0}, "geometry": {"type": "LineString", "coordinates": [[11121.0, 5603.4], [11182.0, 5615.7], [11221.6, 5623.6], [11281.1, 5629.4], [11344.0, 5635.5], [11335.7, 5723.1]]}}, {"type": "Feature", "properties": {"name": "\u0110i\u1ec7n Bi\u00ean Ph\u1ee7", "highway": "trunk", "trusted": 0.0}, "geometry": {"type": "LineString", "coordinates": [[11026.2, 4421.5], [11051.6, 4444.0], [11095.7, 4482.9], [11123.8, 4506.2], [11147.8, 4526.8], [11165.0, 4545.2], [11266.6, 4631.3]]}}, {"type": "Feature", "properties": {"name": "\u0110i\u1ec7n Bi\u00ean Ph\u1ee7", "highway": "primary", "trusted": 1.0}, "geometry": {"type": "LineString", "coordinates": [[10495.5, 3919.3], [10505.2, 3929.1], [10516.0, 3937.8], [10527.2, 3945.2], [10540.5, 3952.2], [10556.5, 3961.1], [10579.6, 3977.3], [10600.6, 3994.6], [10601.5, 3995.3], [10623.6, 4014.1], [10645.3, 4032.0], [10665.7, 4051.5]]}}, {"type": "Feature", "properties": {"name": "\u0110i\u1ec7n Bi\u00ean Ph\u1ee7", "highway": "primary", "trusted": 0.93}, "geometry": {"type": "LineString", "coordinates": [[10316.1, 3661.6], [10384.3, 3710.5], [10403.0, 3728.5], [10422.5, 3746.7], [10435.6, 3759.3], [10441.7, 3767.1], [10447.1, 3775.1], [10456.3, 3790.8], [10464.3, 3810.2], [10468.0, 3830.1], [10470.0, 3848.7], [10472.4, 3868.1], [10477.5, 3886.3], [10484.8, 3901.2], [10495.5, 3919.3]]}}, {"type": "Feature", "properties": {"name": "V\u00f5 V\u0103n Ki\u1ec7t", "highway": "trunk", "trusted": 1.0}, "geometry": {"type": "LineString", "coordinates": [[2550.1, 4600.0], [2466.1, 4545.0], [2399.8, 4494.3], [2326.4, 4446.3], [2130.7, 4332.8], [2076.8, 4299.3], [2026.2, 4262.9], [1980.3, 4226.5], [1927.5, 4179.6], [1882.9, 4130.4], [1847.7, 4081.6], [1805.9, 4018.1], [1781.1, 3975.9]]}}, {"type": "Feature", "properties": {"name": "C\u1ea7u Tr\u1ea7n Kh\u00e1nh D\u01b0", "highway": "tertiary", "trusted": 0.0}, "geometry": {"type": "LineString", "coordinates": [[11809.2, 1110.6], [11622.7, 1135.1]]}}, {"type": "Feature", "properties": {"name": null, "highway": "service", "trusted": 1.0}, "geometry": {"type": "LineString", "coordinates": [[7885.7, 5092.9], [7899.2, 5079.6], [8033.0, 4946.7], [8047.7, 4930.9]]}}, {"type": "Feature", "properties": {"name": "Hoa H\u1ed3ng", "highway": "residential", "trusted": 0.0}, "geometry": {"type": "LineString", "coordinates": [[11906.6, 1072.3], [11951.2, 980.3], [12004.4, 864.2], [12033.7, 789.2], [12152.8, 838.8], [12188.6, 854.8]]}}, {"type": "Feature", "properties": {"name": null, "highway": "service", "trusted": 1.0}, "geometry": {"type": "LineString", "coordinates": [[5699.0, 2413.6], [5703.3, 2375.8], [5705.1, 2348.4], [5704.7, 2320.6], [5702.5, 2297.3], [5698.7, 2273.9], [5697.0, 2258.1], [5696.9, 2242.3], [5698.1, 2226.7], [5701.5, 2208.8], [5706.8, 2191.5], [5714.1, 2175.1], [5727.6, 2148.9], [5742.8, 2123.7], [5752.8, 2109.6]]}}, {"type": "Feature", "properties": {"name": "H\u1ebbm 6 Ng\u00f4 Th\u1eddi Nhi\u1ec7m", "highway": "service", "trusted": 0.0}, "geometry": {"type": "LineString", "coordinates": [[6823.4, 872.5], [6978.1, 716.4]]}}, {"type": "Feature", "properties": {"name": "C\u1ea7u Kh\u00e1nh H\u1ed9i", "highway": "primary", "trusted": 0.04}, "geometry": {"type": "LineString", "coordinates": [[3397.9, 5962.5], [3356.0, 5953.6], [3316.9, 5942.5], [3279.7, 5930.4], [3238.3, 5913.4], [3193.2, 5892.3], [3150.8, 5869.8], [3091.0, 5834.8], [3058.3, 5816.8], [3026.0, 5800.5], [2994.3, 5787.9], [2962.5, 5777.0], [2929.6, 5769.0], [2898.3, 5763.5], [2864.2, 5759.2], [2830.2, 5757.4], [2800.5, 5757.4], [2764.3, 5759.5], [2729.0, 5765.6], [2698.1, 5772.2], [2669.8, 5780.0], [2642.1, 5790.0], [2616.2, 5801.2], [2588.0, 5814.9], [2532.4, 5903.8]]}}, {"type": "Feature", "properties": {"name": "Kh\u00e1nh H\u1ed9i", "highway": "secondary", "trusted": 0.0}, "geometry": {"type": "LineString", "coordinates": [[391.6, 3093.7], [328.1, 3149.3]]}}, {"type": "Feature", "properties": {"name": "H\u1ebbm 10 Tr\u1ea7n Nh\u1eadt Du\u1eadt", "highway": "residential", "trusted": 0.0}, "geometry": {"type": "LineString", "coordinates": [[11268.8, 508.6], [11368.1, 495.3], [11391.4, 493.2], [11400.7, 492.8], [11409.8, 494.7], [11417.4, 499.3], [11423.0, 506.0], [11427.2, 511.2], [11475.9, 504.6]]}}, {"type": "Feature", "properties": {"name": "H\u1ebbm 10 Tr\u1ea7n Nh\u1eadt Du\u1eadt", "highway": "residential", "trusted": 0.0}, "geometry": {"type": "LineString", "coordinates": [[11424.3, 401.3], [11255.2, 430.1], [11268.8, 508.6], [11272.9, 544.7], [11274.9, 562.8], [11290.3, 688.7]]}}, {"type": "Feature", "properties": {"name": "Nguy\u1ec5n Th\u1ecb Minh Khai", "highway": "primary", "trusted": 1.0}, "geometry": {"type": "LineString", "coordinates": [[8007.4, 3997.8], [8065.0, 4053.3], [8173.2, 4152.2], [8191.4, 4165.5], [8247.3, 4213.4], [8282.3, 4242.8], [8312.1, 4267.7], [8327.5, 4280.5], [8443.8, 4375.7], [8525.4, 4442.1], [8645.5, 4549.3], [8651.3, 4554.7], [8679.8, 4580.5]]}}, {"type": "Feature", "properties": {"name": "Nguy\u1ec5n H\u1eefu C\u1ea3nh", "highway": "primary", "trusted": 0.33}, "geometry": {"type": "LineString", "coordinates": [[9124.0, 7225.3], [9171.6, 7245.4], [9213.4, 7267.7], [9243.7, 7283.8], [9274.4, 7306.2], [9378.6, 7327.0], [9417.6, 7364.3], [9455.0, 7402.8], [9483.6, 7440.4], [9506.0, 7476.0], [9535.4, 7522.1], [9554.7, 7554.9], [9560.7, 7565.2], [9581.6, 7614.0], [9589.3, 7635.2]]}}, {"type": "Feature", "properties": {"name": "Nguy\u1ec5n H\u1eefu C\u1ea3nh", "highway": "primary", "trusted": 0.25}, "geometry": {"type": "LineString", "coordinates": [[8722.6, 7000.8], [8687.4, 6963.3], [8466.2, 6873.2], [8406.4, 6828.8]]}}, {"type": "Feature", "properties": {"name": "C\u1ea7u Th\u1ecb Ngh\u00e8 2", "highway": "primary", "trusted": 1.0}, "geometry": {"type": "LineString", "coordinates": [[9146.5, 7190.7], [9097.6, 7170.2], [8973.9, 7115.2], [8909.5, 7086.1], [8722.6, 7000.8]]}}, {"type": "Feature", "properties": {"name": "C\u1ea7u Th\u1ecb Ngh\u00e8 2", "highway": "primary", "trusted": 1.0}, "geometry": {"type": "LineString", "coordinates": [[8706.5, 7044.1], [8960.6, 7156.6], [9124.0, 7225.3]]}}, {"type": "Feature", "properties": {"name": "C\u1ea7u V\u0103n Th\u00e1nh 2", "highway": "primary", "trusted": 0.0}, "geometry": {"type": "LineString", "coordinates": [[9587.7, 8045.1], [9587.4, 8047.0], [9574.0, 8125.6], [9548.4, 8268.9], [9502.1, 8507.4]]}}, {"type": "Feature", "properties": {"name": "Nguy\u1ec5n \u0110\u00ecnh Chi\u1ec3u", "highway": "secondary", "trusted": 0.2}, "geometry": {"type": "LineString", "coordinates": [[8657.5, 3377.3], [8369.3, 3045.8], [8205.8, 2888.2], [8086.7, 2779.4], [8070.7, 2763.5]]}}, {"type": "Feature", "properties": {"name": "C\u1ea7u B\u00f9i H\u1eefu Ngh\u0129a", "highway": "tertiary", "trusted": 0.0}, "geometry": {"type": "LineString", "coordinates": [[10805.8, 3268.2], [11142.0, 3336.7]]}}, {"type": "Feature", "properties": {"name": "\u0110\u01b0\u1eddng S\u1ed1 13", "highway": "residential", "trusted": 0.0}, "geometry": {"type": "LineString", "coordinates": [[12000.8, 2102.7], [12010.9, 1887.4]]}}, {"type": "Feature", "properties": {"name": "\u0110\u01b0\u1eddng S\u1ed1 15", "highway": "residential", "trusted": 0.0}, "geometry": {"type": "LineString", "coordinates": [[11867.7, 2097.3], [11881.4, 1878.9]]}}, {"type": "Feature", "properties": {"name": "Tr\u1ea7n Nguy\u00ean \u0110\u00e1n", "highway": "tertiary", "trusted": 0.8}, "geometry": {"type": "LineString", "coordinates": [[10599.2, 2016.9], [10627.8, 2010.8], [10646.7, 2006.7], [10684.0, 2000.2], [10846.5, 2034.2]]}}, {"type": "Feature", "properties": {"name": "\u0110\u01b0\u1eddng S\u1ed1 14", "highway": "residential", "trusted": 0.0}, "geometry": {"type": "LineString", "coordinates": [[12148.8, 1898.4], [12010.9, 1887.4], [11881.4, 1878.9], [11754.6, 1870.7]]}}, {"type": "Feature", "properties": {"name": "B\u1ebfn V\u00e2n \u0110\u1ed3n", "highway": "secondary", "trusted": 1.0}, "geometry": {"type": "LineString", "coordinates": [[1229.2, 3737.0], [1244.7, 3774.5], [1250.7, 3789.6], [1258.0, 3810.8], [1272.7, 3859.2], [1289.2, 3910.2], [1303.7, 3944.9]]}}, {"type": "Feature", "properties": {"name": "\u0110o\u00e0n V\u0103n B\u01a1", "highway": "tertiary", "trusted": 0.36}, "geometry": {"type": "LineString", "coordinates": [[861.8, 5529.3], [889.5, 5486.3], [917.2, 5443.3], [943.9, 5402.0], [977.4, 5351.2], [1007.8, 5304.9], [1020.7, 5285.4], [1098.3, 5280.4], [1124.2, 5234.8], [1135.9, 5220.2], [1154.4, 5202.3]]}}, {"type": "Feature", "properties": {"name": "\u0110\u01b0\u01a1\u0300ng 12A", "highway": "residential", "trusted": 0.0}, "geometry": {"type": "LineString", "coordinates": [[21.0, 3887.8], [91.9, 3993.8]]}}, {"type": "Feature", "properties": {"name": "H\u1ebbm 93 X\u00f4 Vi\u1ebft Ngh\u1ec7 T\u0129nh", "highway": "service", "trusted": 0.0}, "geometry": {"type": "LineString", "coordinates": [[11022.1, 6778.0], [11074.7, 6709.6], [11088.1, 6666.7], [11125.1, 6570.0], [11149.7, 6560.7], [11176.1, 6509.6], [11202.2, 6419.0], [11227.9, 6429.6]]}}, {"type": "Feature", "properties": {"name": "H\u1ebbm 68 Nguy\u1ec5n V\u0103n L\u1ea1c", "highway": "service", "trusted": 0.0}, "geometry": {"type": "LineString", "coordinates": [[10682.5, 7024.7], [10733.1, 6917.0]]}}, {"type": "Feature", "properties": {"name": "Tr\u1ea7n Nguy\u00ean \u0110\u00e1n", "highway": "tertiary", "trusted": 0.0}, "geometry": {"type": "LineString", "coordinates": [[11866.0, 1716.3], [12002.0, 1704.5], [12158.6, 1703.7], [12175.5, 1705.1]]}}, {"type": "Feature", "properties": {"name": null, "highway": "service", "trusted": 0.0}, "geometry": {"type": "LineString", "coordinates": [[10928.9, 1879.1], [10975.0, 1879.2], [11121.1, 1866.9], [11127.6, 1890.1], [11183.8, 1888.2], [11189.8, 1807.1], [11287.4, 1797.4]]}}, {"type": "Feature", "properties": {"name": null, "highway": "service", "trusted": 0.0}, "geometry": {"type": "LineString", "coordinates": [[11037.6, 2023.9], [11061.6, 2030.3], [11065.4, 2081.7], [11086.9, 2084.6], [11089.5, 2097.3], [11136.8, 2099.9], [11261.6, 2092.4]]}}, {"type": "Feature", "properties": {"name": "C\u1ea7u Ho\u00e0ng Hoa Th\u00e1m", "highway": "tertiary", "trusted": 0.0}, "geometry": {"type": "LineString", "coordinates": [[11025.0, 2012.2], [11340.6, 1936.9], [11428.2, 1912.3], [11511.3, 1890.3], [11585.5, 1866.1], [11652.8, 1842.3], [11732.9, 1802.7]]}}, {"type": "Feature", "properties": {"name": null, "highway": "service", "trusted": 1.0}, "geometry": {"type": "LineString", "coordinates": [[9156.7, 5868.9], [9119.2, 5909.2], [9067.3, 5964.9], [9045.0, 5988.9]]}}, {"type": "Feature", "properties": {"name": "\u00d0inh L\u1ec5", "highway": "residential", "trusted": 1.0}, "geometry": {"type": "LineString", "coordinates": [[1378.3, 5872.7], [1367.1, 5865.9], [1355.1, 5858.6], [1216.4, 5774.8], [1202.7, 5766.7]]}}, {"type": "Feature", "properties": {"name": "H\u1ebbm 11 Phan Huy \u00d4n", "highway": "service", "trusted": 1.0}, "geometry": {"type": "MultiLineString", "coordinates": [[[10087.2, 6682.5], [10055.4, 6637.0], [10047.2, 6644.8], [10003.0, 6687.3], [10043.8, 6715.8], [10087.2, 6682.5]], [[10087.2, 6682.5], [10175.7, 6614.4]]]}}, {"type": "Feature", "properties": {"name": "H\u1ebbm 37 Ng\u00f4 T\u1ea5t T\u1ed1", "highway": "residential", "trusted": 0.0}, "geometry": {"type": "LineString", "coordinates": [[11160.1, 7519.0], [11020.3, 7493.9], [11002.5, 7489.0], [10860.0, 7449.7], [10771.5, 7427.1]]}}, {"type": "Feature", "properties": {"name": "Nguy\u1ec5n C\u00f4ng Tr\u1ee9", "highway": "residential", "trusted": 0.0}, "geometry": {"type": "LineString", "coordinates": [[10767.9, 7439.9], [10654.3, 7406.4], [10608.7, 7390.9], [10550.9, 7367.8], [10510.3, 7355.1], [10427.6, 7329.1], [10351.5, 7305.1], [10293.4, 7284.7]]}}, {"type": "Feature", "properties": {"name": "H\u1ebbm 62 Hu\u1ef3nh T\u1ecbnh C\u1ee7a", "highway": "residential", "trusted": 0.0}, "geometry": {"type": "LineString", "coordinates": [[10198.9, 7800.4], [10199.4, 7789.6], [10203.1, 7702.4], [10210.7, 7559.1], [10215.0, 7517.3], [10218.6, 7482.9], [10221.7, 7465.1], [10264.7, 7474.7]]}}, {"type": "Feature", "properties": {"name": "Tr\u1ea7n Quang Long", "highway": "residential", "trusted": 0.0}, "geometry": {"type": "LineString", "coordinates": [[9827.2, 7725.9], [9942.4, 7749.0], [9974.4, 7755.4], [10068.5, 7774.3], [10130.7, 7786.7], [10198.9, 7800.4], [10218.8, 7804.6], [10328.0, 7827.3], [10349.3, 7831.8], [10376.9, 7838.3], [10441.5, 7851.0], [10558.2, 7875.3], [10639.9, 7892.3]]}}, {"type": "Feature", "properties": {"name": null, "highway": "service", "trusted": 0.0}, "geometry": {"type": "LineString", "coordinates": [[10264.7, 7474.7], [10301.6, 7488.2], [10390.0, 7531.5], [10375.5, 7583.9], [10337.7, 7680.9]]}}, {"type": "Feature", "properties": {"name": "H\u1ed3 T\u00f9ng M\u1eadu", "highway": "residential", "trusted": 1.0}, "geometry": {"type": "LineString", "coordinates": [[4366.2, 4999.3], [4397.9, 4965.4], [4479.8, 4877.9]]}}, {"type": "Feature", "properties": {"name": "Yersin", "highway": "tertiary", "trusted": 1.0}, "geometry": {"type": "LineString", "coordinates": [[1941.9, 3381.6], [1966.5, 3367.3], [2143.5, 3265.3], [2173.0, 3248.8], [2242.4, 3207.0], [2310.1, 3169.7], [2340.8, 3153.6], [2364.8, 3140.8], [2407.9, 3122.8], [2463.0, 3099.0], [2535.1, 3065.4]]}}, {"type": "Feature", "properties": {"name": "T\u00f4n Th\u1ea5t T\u00f9ng", "highway": "tertiary", "trusted": 0.0}, "geometry": {"type": "LineString", "coordinates": [[3307.7, 325.9], [3370.3, 262.9], [3418.7, 213.7], [3445.5, 188.0], [3470.7, 162.9], [3520.8, 113.0]]}}, {"type": "Feature", "properties": {"name": "H\u1ebbm 101 Tr\u1ea7n Kh\u1eafc Ch\u00e2n", "highway": "service", "trusted": 0.0}, "geometry": {"type": "LineString", "coordinates": [[11475.3, 1173.1], [11451.3, 1036.1], [11430.1, 920.5]]}}, {"type": "Feature", "properties": {"name": "H\u1ebbm 27 \u0110i\u1ec7n Bi\u00ean Ph\u1ee7", "highway": "residential", "trusted": 0.0}, "geometry": {"type": "LineString", "coordinates": [[12139.7, 4027.7], [12127.6, 4014.9], [12107.7, 4000.3], [12090.6, 3987.7], [12044.6, 3957.7], [12030.9, 3946.2], [12016.4, 3934.2], [11978.4, 3918.5], [11928.9, 3902.4], [11912.8, 3897.1], [11892.9, 3890.7], [11807.1, 3863.0], [11771.1, 3851.4], [11690.7, 3824.8]]}}, {"type": "Feature", "properties": {"name": "H\u1ebbm 71 \u0110i\u1ec7n Bi\u00ean Ph\u1ee7", "highway": "residential", "trusted": 0.0}, "geometry": {"type": "LineString", "coordinates": [[11621.7, 4818.8], [11644.9, 4797.0], [11696.4, 4748.6], [11784.5, 4665.7], [11846.1, 4608.0], [11962.7, 4498.7]]}}, {"type": "Feature", "properties": {"name": "Ng\u00f4 T\u1ea5t T\u1ed1", "highway": "tertiary", "trusted": 0.0}, "geometry": {"type": "LineString", "coordinates": [[10871.1, 7086.5], [10835.8, 7206.2], [10818.5, 7264.9], [10786.5, 7375.2], [10778.7, 7402.3], [10771.5, 7427.1], [10767.9, 7439.9], [10733.1, 7561.1], [10730.0, 7571.1], [10726.9, 7581.2], [10698.0, 7685.6], [10692.3, 7706.4], [10665.8, 7798.0], [10662.8, 7808.4], [10651.8, 7848.6], [10639.9, 7892.3], [10611.9, 7988.2], [10589.8, 8064.5], [10561.3, 8173.5], [10557.9, 8185.7], [10524.9, 8311.2]]}}, {"type": "Feature", "properties": {"name": "C\u1ea7u Calmette", "highway": "secondary", "trusted": 1.0}, "geometry": {"type": "LineString", "coordinates": [[2356.3, 3922.4], [2361.6, 3917.2], [2383.3, 3885.7]]}}, {"type": "Feature", "properties": {"name": "C\u1ea7u \u00d4ng L\u00e3nh", "highway": "primary", "trusted": 1.0}, "geometry": {"type": "LineString", "coordinates": [[641.8, 4001.3], [704.5, 3954.7], [764.7, 3908.2], [829.9, 3851.3], [903.2, 3778.6], [1107.0, 3562.7], [1301.5, 3353.4], [1363.3, 3294.4], [1407.4, 3257.9], [1451.1, 3228.0], [1520.9, 3185.5], [1584.2, 3150.2], [1641.9, 3118.3], [1705.5, 3083.4], [1721.5, 3074.7]]}}, {"type": "Feature", "properties": {"name": "C\u1ea7u \u00d4ng L\u00e3nh", "highway": "primary", "trusted": 1.0}, "geometry": {"type": "LineString", "coordinates": [[1070.7, 3573.6], [952.7, 3696.5], [853.9, 3802.4], [744.0, 3898.5], [687.1, 3940.2], [653.5, 3963.6], [628.8, 3980.7]]}}, {"type": "Feature", "properties": {"name": "H\u1ebbm 150 B\u1ebfn V\u00e2n \u0110\u1ed3n", "highway": "secondary", "trusted": 0.92}, "geometry": {"type": "LineString", "coordinates": [[511.8, 3987.0], [599.6, 4046.5], [629.6, 4036.0], [656.7, 4016.2], [768.1, 3937.9], [797.5, 3912.8], [858.4, 3860.9], [922.3, 3793.3], [1015.2, 3694.4], [1068.6, 3632.8], [1087.3, 3611.2], [1111.3, 3585.2]]}}, {"type": "Feature", "properties": {"name": "\u0110o\u00e0n V\u0103n B\u01a1", "highway": "secondary", "trusted": 1.0}, "geometry": {"type": "LineString", "coordinates": [[1626.4, 4405.4], [1596.3, 4452.1], [1550.1, 4526.5], [1504.3, 4601.9], [1475.5, 4649.7], [1446.7, 4697.5], [1415.5, 4749.1], [1378.8, 4809.6], [1338.3, 4876.1], [1317.4, 4910.1], [1294.5, 4947.4], [1285.4, 4962.1], [1278.1, 5013.0]]}}, {"type": "Feature", "properties": {"name": "\u0110o\u00e0n V\u0103n B\u01a1", "highway": "secondary", "trusted": 1.0}, "geometry": {"type": "LineString", "coordinates": [[1298.8, 5041.0], [1326.9, 5025.6], [1339.4, 5012.6], [1404.9, 4906.9], [1466.7, 4805.0], [1493.9, 4759.7], [1497.7, 4753.3], [1508.5, 4735.4], [1537.2, 4687.1], [1546.7, 4671.1], [1553.9, 4659.0], [1580.8, 4621.1], [1662.0, 4503.0], [1692.0, 4469.8]]}}, {"type": "Feature", "properties": {"name": "H\u1ebbm 183 B\u1ebfn V\u00e2n \u0110\u1ed3n", "highway": "residential", "trusted": 0.11}, "geometry": {"type": "LineString", "coordinates": [[255.2, 3458.2], [346.5, 3393.1], [344.2, 3373.1], [344.1, 3360.2], [388.4, 3317.4], [433.9, 3278.7], [467.7, 3244.8], [498.8, 3215.5], [638.3, 3218.4]]}}, {"type": "Feature", "properties": {"name": "C\u1ea7u \u00d4ng L\u00e3nh", "highway": "primary", "trusted": 0.0}, "geometry": {"type": "LineString", "coordinates": [[369.4, 4078.3], [399.6, 4059.1], [493.7, 3998.7], [511.8, 3987.0]]}}, {"type": "Feature", "properties": {"name": null, "highway": "service", "trusted": 0.0}, "geometry": {"type": "LineString", "coordinates": [[328.1, 3149.3], [433.9, 3278.7]]}}, {"type": "Feature", "properties": {"name": "H\u1ebbm 170 B\u1ebfn V\u00e2n \u0110\u1ed3n", "highway": "residential", "trusted": 0.0}, "geometry": {"type": "LineString", "coordinates": [[214.4, 3906.5], [152.3, 3950.8], [137.3, 3961.5], [91.9, 3993.8]]}}, {"type": "Feature", "properties": {"name": null, "highway": "residential", "trusted": 0.0}, "geometry": {"type": "LineString", "coordinates": [[238.1, 3219.9], [344.1, 3360.2]]}}, {"type": "Feature", "properties": {"name": "B\u1ebfn V\u00e2n \u0110\u1ed3n", "highway": "secondary", "trusted": 0.0}, "geometry": {"type": "LineString", "coordinates": [[2747.1, 5812.4], [2751.6, 5808.5], [2756.0, 5803.9], [2759.7, 5798.2], [2762.6, 5791.9], [2764.8, 5784.5], [2765.9, 5777.7], [2766.3, 5771.6], [2765.9, 5764.9], [2764.0, 5757.0], [2761.4, 5750.3], [2758.4, 5743.7], [2754.6, 5737.6], [2750.9, 5733.3], [2746.7, 5729.0], [2742.4, 5725.6], [2737.7, 5722.2], [2730.5, 5718.4], [2724.6, 5715.5]]}}, {"type": "Feature", "properties": {"name": "V\u00f5 V\u0103n Ki\u1ec7t", "highway": "primary", "trusted": 0.0}, "geometry": {"type": "LineString", "coordinates": [[3448.7, 5970.4], [3415.4, 5939.9], [3370.6, 5926.1], [3328.8, 5914.9], [3293.3, 5903.8], [3257.3, 5888.5], [3225.5, 5870.7], [3195.0, 5847.0], [3169.4, 5818.7], [3150.0, 5784.6], [3100.6, 5651.8], [3076.5, 5632.1]]}}, {"type": "Feature", "properties": {"name": "C\u1ea7u Kh\u00e1nh H\u1ed9i", "highway": "primary", "trusted": 0.04}, "geometry": {"type": "LineString", "coordinates": [[2543.9, 5927.1], [2596.5, 5837.2], [2620.9, 5825.1], [2649.1, 5813.1], [2678.7, 5802.5], [2706.4, 5795.1], [2737.2, 5788.7], [2769.4, 5784.9], [2804.4, 5783.3], [2832.3, 5782.7], [2859.9, 5784.1], [2893.4, 5787.7], [2929.4, 5794.4], [2961.2, 5802.9], [2988.1, 5811.2], [3017.0, 5823.2], [3049.2, 5840.1], [3082.9, 5858.9], [3140.1, 5891.7], [3182.3, 5913.9], [3230.3, 5936.2], [3272.7, 5952.8], [3313.6, 5965.7], [3351.7, 5976.5], [3392.8, 5986.1]]}}, {"type": "Feature", "properties": {"name": "V\u00f5 V\u0103n Ki\u1ec7t", "highway": "primary", "trusted": 0.0}, "geometry": {"type": "LineString", "coordinates": [[3076.5, 5632.1], [3074.1, 5664.1], [3108.0, 5850.6], [3132.4, 5908.6], [3141.7, 5928.5], [3153.4, 5940.2], [3169.0, 5950.4], [3219.2, 5969.7], [3273.1, 5987.8], [3400.9, 6025.2]]}}, {"type": "Feature", "properties": {"name": "H\u1ea7m S\u00f4ng S\u00e0i G\u00f2n", "highway": "trunk", "trusted": 0.31}, "geometry": {"type": "LineString", "coordinates": [[3418.1, 8119.2], [3392.3, 7968.0], [3355.8, 7754.2], [3346.7, 7700.6], [3266.7, 7232.2], [2967.9, 5481.5], [2952.9, 5410.3], [2931.7, 5329.7], [2904.3, 5246.4], [2902.4, 5165.1], [2867.2, 5090.8], [2833.2, 5022.6], [2792.4, 4952.0]]}}, {"type": "Feature", "properties": {"name": "Ng\u00f4 T\u1ea5t T\u1ed1", "highway": "residential", "trusted": 0.0}, "geometry": {"type": "LineString", "coordinates": [[10041.8, 8885.7], [10003.3, 8890.8], [9868.5, 9026.4], [9825.4, 9069.8], [9749.6, 9143.6]]}}, {"type": "Feature", "properties": {"name": null, "highway": "service", "trusted": 1.0}, "geometry": {"type": "LineString", "coordinates": [[8533.3, 5128.9], [8466.1, 5208.8], [8452.5, 5224.3]]}}, {"type": "Feature", "properties": {"name": null, "highway": "service", "trusted": 1.0}, "geometry": {"type": "LineString", "coordinates": [[5273.5, 5526.6], [5296.3, 5494.6], [5297.1, 5490.5]]}}, {"type": "Feature", "properties": {"name": "X\u00f4 Vi\u1ebft Ngh\u1ec7 T\u0129nh", "highway": "residential", "trusted": 1.0}, "geometry": {"type": "LineString", "coordinates": [[10603.6, 6408.2], [10578.6, 6408.9], [10381.0, 6207.2], [10368.5, 6207.3]]}}, {"type": "Feature", "properties": {"name": "C\u1ea7u Th\u1ee7 Thi\u00eam", "highway": "secondary", "trusted": 0.0}, "geometry": {"type": "LineString", "coordinates": [[9526.5, 9140.1], [9510.1, 9082.5], [9496.4, 8982.7], [9495.9, 8909.8], [9504.2, 8832.2], [9541.4, 8629.1]]}}, {"type": "Feature", "properties": {"name": "Nguy\u1ec5n H\u1eefu C\u1ea3nh", "highway": "primary", "trusted": 0.0}, "geometry": {"type": "LineString", "coordinates": [[9450.0, 8735.8], [9432.7, 8767.3], [9421.7, 8799.3], [9414.3, 8856.4], [9413.2, 8865.4], [9407.0, 8930.2], [9407.0, 8994.3], [9410.5, 9044.2], [9417.5, 9105.1], [9425.7, 9138.6]]}}, {"type": "Feature", "properties": {"name": "Nguy\u1ec5n H\u1eefu C\u1ea3nh", "highway": "primary", "trusted": 0.0}, "geometry": {"type": "LineString", "coordinates": [[9502.1, 8507.4], [9477.4, 8617.1], [9450.0, 8735.8]]}}, {"type": "Feature", "properties": {"name": "H\u1ea7m chui Nguy\u1ec5n H\u1eefu C\u1ea3nh", "highway": "primary", "trusted": 0.0}, "geometry": {"type": "LineString", "coordinates": [[9488.7, 9139.6], [9487.8, 9136.3], [9475.0, 9080.5], [9468.8, 9011.8], [9465.9, 8953.3], [9469.4, 8885.3], [9476.1, 8830.9], [9485.8, 8784.2], [9525.3, 8590.7]]}}, {"type": "Feature", "properties": {"name": "C\u1ea7u Th\u1ee7 Thi\u00eam", "highway": "tertiary", "trusted": 0.0}, "geometry": {"type": "LineString", "coordinates": [[9781.6, 9144.1], [10011.0, 8912.0]]}}, {"type": "Feature", "properties": {"name": null, "highway": "residential", "trusted": 1.0}, "geometry": {"type": "LineString", "coordinates": [[916.3, 4523.9], [910.0, 4472.1], [842.9, 4292.6]]}}, {"type": "Feature", "properties": {"name": null, "highway": "service", "trusted": 0.25}, "geometry": {"type": "LineString", "coordinates": [[334.3, 5310.7], [399.9, 5261.8], [441.4, 5232.6], [481.9, 5204.1], [531.5, 5169.1], [576.6, 5137.4], [671.2, 5172.1], [710.9, 5139.6]]}}, {"type": "Feature", "properties": {"name": "L\u00ea L\u1ee3i", "highway": "tertiary", "trusted": 1.0}, "geometry": {"type": "LineString", "coordinates": [[5097.0, 4759.6], [5130.6, 4794.9], [5147.5, 4812.3], [5166.4, 4831.8], [5168.6, 4834.1], [5232.8, 4899.0], [5278.1, 4944.1], [5303.3, 4969.1]]}}, {"type": "Feature", "properties": {"name": "Ho\u00e0ng Sa", "highway": "tertiary", "trusted": 0.0}, "geometry": {"type": "LineString", "coordinates": [[11596.6, 1155.7], [11596.5, 1215.1], [11582.5, 1266.5], [11565.2, 1304.5], [11538.7, 1340.1], [11510.5, 1384.3]]}}, {"type": "Feature", "properties": {"name": "Ng\u00f4 T\u1ea5t T\u1ed1", "highway": "residential", "trusted": 0.0}, "geometry": {"type": "LineString", "coordinates": [[9812.5, 9144.6], [9850.9, 9106.6], [9867.8, 9089.8], [9886.1, 9071.8], [9994.4, 8959.9], [10029.0, 8924.1], [10041.8, 8885.7]]}}, {"type": "Feature", "properties": {"name": "Nguy\u1ec5n H\u1eefu C\u1ea3nh", "highway": "primary", "trusted": 0.0}, "geometry": {"type": "LineString", "coordinates": [[9555.6, 8554.7], [9562.3, 8519.3]]}}, {"type": "Feature", "properties": {"name": "H\u1ebbm 23 Nguy\u1ec5n H\u1eefu C\u1ea3nh", "highway": "residential", "trusted": 0.0}, "geometry": {"type": "LineString", "coordinates": [[9536.5, 8821.3], [9611.2, 8817.4], [9659.4, 8815.0]]}}, {"type": "Feature", "properties": {"name": "Nguy\u1ec5n Du", "highway": "tertiary", "trusted": 1.0}, "geometry": {"type": "LineString", "coordinates": [[6615.6, 4346.5], [6317.4, 4085.6], [6287.1, 4059.2]]}}, {"type": "Feature", "properties": {"name": "H\u1ebbm 7 Nguy\u1ec5n Th\u1ecb Minh Khai", "highway": "service", "trusted": 1.0}, "geometry": {"type": "LineString", "coordinates": [[9002.8, 4900.3], [8849.5, 5085.3], [8870.2, 5105.6], [8770.5, 5228.8]]}}, {"type": "Feature", "properties": {"name": "\u0110\u01b0\u1eddng s\u1ed1 50", "highway": "residential", "trusted": 0.0}, "geometry": {"type": "LineString", "coordinates": [[135.0, 3288.8], [32.5, 3141.3]]}}, {"type": "Feature", "properties": {"name": "\u0110\u01b0\u1eddng s\u1ed1 46", "highway": "residential", "trusted": 0.0}, "geometry": {"type": "LineString", "coordinates": [[31.8, 3362.2], [29.2, 3358.3]]}}, {"type": "Feature", "properties": {"name": "H\u1ebbm 500 \u0110o\u00e0n V\u0103n B\u01a1", "highway": "residential", "trusted": 0.0}, "geometry": {"type": "LineString", "coordinates": [[-26.0, 6931.1], [-13.7, 6937.3]]}}, {"type": "Feature", "properties": {"name": "\u0110\u01b0\u1eddng L\u00f4 J - L\u00f4 K C\u01b0 X\u00e1 V\u0129nh H\u1ed9i", "highway": "residential", "trusted": 0.0}, "geometry": {"type": "LineString", "coordinates": [[473.9, 3974.3], [315.3, 3757.2]]}}, {"type": "Feature", "properties": {"name": "\u0110\u01b0\u1eddng L\u00f4 M - L\u00f4 N C\u01b0 X\u00e1 V\u0129nh H\u1ed9i", "highway": "residential", "trusted": 0.5}, "geometry": {"type": "LineString", "coordinates": [[673.2, 4248.6], [493.7, 3998.7]]}}, {"type": "Feature", "properties": {"name": "H\u1ebbm 50 \u0110o\u00e0n v\u0103n B\u01a1", "highway": "service", "trusted": 1.0}, "geometry": {"type": "LineString", "coordinates": [[1415.5, 4749.1], [1288.0, 4652.2]]}}, {"type": "Feature", "properties": {"name": null, "highway": "service", "trusted": 1.0}, "geometry": {"type": "LineString", "coordinates": [[948.0, 4093.3], [886.5, 3934.8], [872.5, 3892.9], [858.4, 3860.9]]}}, {"type": "Feature", "properties": {"name": null, "highway": "residential", "trusted": 1.0}, "geometry": {"type": "LineString", "coordinates": [[1305.7, 4445.4], [1272.4, 4358.6], [1236.3, 4262.3], [1226.9, 4237.0]]}}, {"type": "Feature", "properties": {"name": "H\u1ebbm 40 \u0110o\u00e0n V\u0103n B\u01a1", "highway": "service", "trusted": 1.0}, "geometry": {"type": "LineString", "coordinates": [[1446.7, 4697.5], [1333.1, 4607.5], [1223.2, 4521.0]]}}, {"type": "Feature", "properties": {"name": "H\u1ebbm 68 \u0110o\u00e0n V\u0103n B\u01a1", "highway": "service", "trusted": 1.0}, "geometry": {"type": "LineString", "coordinates": [[1338.3, 4876.1], [1231.6, 4800.3], [1069.9, 4686.3]]}}, {"type": "Feature", "properties": {"name": "V\u0129nh Kh\u00e1nh", "highway": "tertiary", "trusted": 1.0}, "geometry": {"type": "LineString", "coordinates": [[902.7, 4834.5], [914.8, 4824.0], [968.3, 4777.2], [1052.7, 4703.0], [1069.9, 4686.3], [1111.5, 4639.1]]}}, {"type": "Feature", "properties": {"name": "H\u1ebbm 30 \u0110o\u00e0n V\u0103n B\u01a1", "highway": "service", "trusted": 1.0}, "geometry": {"type": "LineString", "coordinates": [[1475.5, 4649.7], [1391.4, 4584.4], [1365.3, 4564.2], [1262.3, 4485.1]]}}, {"type": "Feature", "properties": {"name": "H\u1ebbm 58 \u0110o\u00e0n V\u0103n B\u01a1", "highway": "service", "trusted": 1.0}, "geometry": {"type": "LineString", "coordinates": [[1378.8, 4809.6], [1277.6, 4734.3], [1247.1, 4711.8]]}}, {"type": "Feature", "properties": {"name": null, "highway": "service", "trusted": 1.0}, "geometry": {"type": "LineString", "coordinates": [[1205.6, 3068.7], [1146.0, 3139.2]]}}, {"type": "Feature", "properties": {"name": "Yersin", "highway": "tertiary", "trusted": 1.0}, "geometry": {"type": "LineString", "coordinates": [[1628.0, 3578.3], [1610.7, 3586.3], [1597.1, 3588.8], [1583.8, 3587.0], [1562.8, 3584.8]]}}, {"type": "Feature", "properties": {"name": "H\u1ea7m S\u00f4ng S\u00e0i G\u00f2n", "highway": "trunk", "trusted": 0.3}, "geometry": {"type": "LineString", "coordinates": [[2765.5, 4968.0], [2807.4, 5040.0], [2842.1, 5107.4], [2843.1, 5176.2], [2874.5, 5256.9], [2902.1, 5338.9], [2923.4, 5416.6], [2938.3, 5488.3], [3299.5, 7603.7], [3388.6, 8125.0]]}}, {"type": "Feature", "properties": {"name": "V\u00f5 V\u0103n Ki\u1ec7t", "highway": "primary", "trusted": 1.0}, "geometry": {"type": "LineString", "coordinates": [[1943.1, 4121.7], [1905.3, 4069.6], [1889.0, 4045.1], [1872.1, 4015.3], [1857.4, 3988.1], [1829.1, 3938.8]]}}, {"type": "Feature", "properties": {"name": "H\u1ebbm 23 L\u00ea V\u0103n Duy\u1ec7t", "highway": "residential", "trusted": 0.0}, "geometry": {"type": "LineString", "coordinates": [[11300.8, 2820.8], [11299.1, 2757.8], [11297.5, 2745.8], [11289.0, 2743.0], [11280.4, 2738.6], [11268.4, 2733.3], [11264.0, 2722.7], [11272.3, 2602.8], [11274.8, 2565.5], [11282.1, 2460.1]]}}, {"type": "Feature", "properties": {"name": "Tr\u01b0\u1eddng Sa", "highway": "tertiary", "trusted": 0.0}, "geometry": {"type": "LineString", "coordinates": [[11108.4, 3271.5], [11111.6, 3175.0], [11111.3, 3069.4], [11107.2, 3001.4], [11104.6, 2991.9], [11097.6, 2966.4], [11079.6, 2928.9], [11066.0, 2882.1]]}}, {"type": "Feature", "properties": {"name": "\u0110i\u1ec7n Bi\u00ean Ph\u1ee7", "highway": "primary", "trusted": 0.5}, "geometry": {"type": "LineString", "coordinates": [[10125.1, 3472.5], [10316.1, 3661.6]]}}, {"type": "Feature", "properties": {"name": "C\u1ea7u \u0110i\u1ec7n Bi\u00ean Ph\u1ee7 1", "highway": "primary", "trusted": 0.33}, "geometry": {"type": "LineString", "coordinates": [[10665.7, 4051.5], [10981.0, 4377.1], [11026.2, 4421.5]]}}, {"type": "Feature", "properties": {"name": "Mai Ch\u00ed Th\u1ecd", "highway": "tertiary", "trusted": 0.0}, "geometry": {"type": "LineString", "coordinates": [[3171.8, 7392.3], [3189.1, 7500.9], [3194.1, 7521.1], [3200.2, 7537.9], [3209.3, 7554.4], [3220.1, 7568.9], [3233.0, 7582.1], [3290.7, 7639.9], [3295.1, 7644.3], [3305.8, 7656.6], [3314.4, 7670.3], [3319.5, 7681.0], [3323.4, 7691.9], [3326.1, 7701.8], [3339.3, 7780.4], [3361.1, 7910.6], [3371.2, 7970.7], [3374.4, 7989.6], [3376.0, 8003.3], [3376.4, 8017.1], [3375.4, 8029.6], [3373.2, 8042.9], [3369.2, 8056.6], [3364.1, 8069.3], [3358.3, 8080.1], [3350.9, 8091.7], [3331.4, 8121.3], [3318.3, 8143.4], [3311.4, 8156.3], [3306.6, 8167.7], [3303.2, 8178.6], [3300.1, 8191.7], [3298.1, 8205.0], [3296.8, 8219.2], [3296.5, 8232.8], [3297.1, 8245.6], [3311.1, 8338.4]]}}, {"type": "Feature", "properties": {"name": "\u0110i\u1ec7n Bi\u00ean Ph\u1ee7", "highway": "primary", "trusted": 0.83}, "geometry": {"type": "LineString", "coordinates": [[10347.9, 3630.3], [10091.3, 3387.3], [10013.4, 3318.1], [10003.3, 3309.0], [9984.3, 3295.4], [9952.2, 3268.2]]}}, {"type": "Feature", "properties": {"name": "Tr\u01b0\u1eddng Sa", "highway": "tertiary", "trusted": 0.61}, "geometry": {"type": "LineString", "coordinates": [[10423.6, 6107.0], [10527.3, 5970.2], [10554.7, 5889.3], [10565.1, 5858.1], [10614.7, 5683.2], [10653.2, 5539.7], [10666.1, 5490.1], [10674.9, 5455.7], [10691.7, 5399.3], [10698.5, 5373.8], [10712.6, 5320.6], [10809.8, 5186.0], [10819.6, 5144.8], [10862.1, 4971.6], [10895.9, 4823.7], [10905.1, 4785.7], [10918.4, 4728.8], [10949.0, 4571.8]]}}, {"type": "Feature", "properties": {"name": "Hoa H\u1ed3ng", "highway": "residential", "trusted": 0.0}, "geometry": {"type": "LineString", "coordinates": [[11912.5, 1538.3], [11939.7, 1155.8]]}}, {"type": "Feature", "properties": {"name": "V\u00f5 V\u0103n Ki\u1ec7t", "highway": "primary", "trusted": 1.0}, "geometry": {"type": "LineString", "coordinates": [[2712.6, 4712.3], [2700.5, 4694.6], [2654.3, 4639.3], [2614.0, 4595.7], [2608.1, 4589.5], [2583.8, 4564.0], [2578.7, 4558.6], [2564.2, 4544.1], [2530.1, 4510.2], [2472.2, 4459.7], [2356.9, 4372.9]]}}, {"type": "Feature", "properties": {"name": "H\u1ebbm 67 X\u00f4 Vi\u1ebft Ngh\u1ec7 T\u0129nh", "highway": "service", "trusted": 0.0}, "geometry": {"type": "LineString", "coordinates": [[10895.1, 6655.6], [10951.5, 6600.5], [10969.6, 6572.9], [10998.4, 6509.2], [11092.0, 6544.6], [11125.1, 6570.0]]}}, {"type": "Feature", "properties": {"name": "H\u1ebbm 7 Nguy\u1ec5n V\u0103n L\u1ea1c", "highway": "service", "trusted": 0.0}, "geometry": {"type": "LineString", "coordinates": [[11360.5, 7254.7], [11315.2, 7357.8], [11298.6, 7394.9], [11442.6, 7459.8]]}}, {"type": "Feature", "properties": {"name": "H\u1ebbm 92/62 X\u00f4 vi\u1ebft Ngh\u1ec7 T\u0129nh", "highway": "service", "trusted": 0.0}, "geometry": {"type": "LineString", "coordinates": [[11487.4, 7799.5], [11446.6, 7765.9], [11449.4, 7744.5], [11432.3, 7729.6], [11432.4, 7715.0], [11365.8, 7679.6], [11349.4, 7670.9]]}}, {"type": "Feature", "properties": {"name": "H\u1ebbm 45 Nguy\u1ec5n V\u0103n L\u1ea1c", "highway": "service", "trusted": 0.0}, "geometry": {"type": "LineString", "coordinates": [[10964.1, 7116.1], [10942.8, 7175.9], [10921.6, 7235.5], [10886.2, 7334.4], [10863.9, 7397.1]]}}, {"type": "Feature", "properties": {"name": "H\u1ebbm 31 Nguy\u1ec5n V\u0103n L\u1ea1c", "highway": "service", "trusted": 0.0}, "geometry": {"type": "LineString", "coordinates": [[11085.9, 7158.8], [11033.4, 7284.4], [11008.4, 7345.0], [11066.1, 7370.4]]}}, {"type": "Feature", "properties": {"name": "H\u1ebbm 23 Nguy\u1ec5n V\u0103n L\u1ea1c", "highway": "service", "trusted": 0.0}, "geometry": {"type": "LineString", "coordinates": [[11233.0, 7211.3], [11190.7, 7301.2], [11171.4, 7344.8], [11162.8, 7364.3], [11140.0, 7415.8], [11155.4, 7424.6], [11135.7, 7459.6], [11169.5, 7482.4]]}}, {"type": "Feature", "properties": {"name": "H\u1ebbm 23 Nguy\u1ec5n V\u0103n L\u1ea1c", "highway": "service", "trusted": 0.0}, "geometry": {"type": "LineString", "coordinates": [[11315.2, 7357.8], [11190.7, 7301.2]]}}, {"type": "Feature", "properties": {"name": "H\u1ed3 Xu\u00e2n H\u01b0\u01a1ng", "highway": "tertiary", "trusted": 1.0}, "geometry": {"type": "LineString", "coordinates": [[5573.6, 262.7], [5452.7, 146.2]]}}, {"type": "Feature", "properties": {"name": null, "highway": "service", "trusted": 0.0}, "geometry": {"type": "LineString", "coordinates": [[190.8, 5158.6], [179.8, 5163.6], [161.6, 5171.9], [155.8, 5174.9], [149.9, 5178.0], [139.2, 5183.6], [119.7, 5202.2], [96.8, 5231.4], [91.0, 5245.5]]}}, {"type": "Feature", "properties": {"name": null, "highway": "service", "trusted": 0.0}, "geometry": {"type": "LineString", "coordinates": [[325.2, 4065.2], [298.1, 4086.6], [246.5, 4115.6], [217.7, 4127.0]]}}, {"type": "Feature", "properties": {"name": null, "highway": "service", "trusted": 0.0}, "geometry": {"type": "LineString", "coordinates": [[163.0, 4113.9], [155.0, 4098.3], [162.8, 4090.5], [175.4, 4080.1], [187.3, 4082.3], [203.1, 4101.9], [217.7, 4127.0], [208.8, 4137.2], [186.7, 4146.0], [163.0, 4113.9]]}}, {"type": "Feature", "properties": {"name": null, "highway": "service", "trusted": 0.0}, "geometry": {"type": "LineString", "coordinates": [[119.7, 5202.2], [81.9, 5174.2], [28.2, 5106.3], [2.8, 5066.0]]}}, {"type": "Feature", "properties": {"name": null, "highway": "service", "trusted": 0.0}, "geometry": {"type": "LineString", "coordinates": [[316.7, 4943.0], [286.7, 4916.7], [272.2, 4908.7], [236.2, 4891.0], [209.3, 4867.8]]}}, {"type": "Feature", "properties": {"name": null, "highway": "service", "trusted": 0.0}, "geometry": {"type": "LineString", "coordinates": [[79.1, 4991.7], [37.5, 5023.0], [3.1, 5049.6]]}}, {"type": "Feature", "properties": {"name": null, "highway": "service", "trusted": 0.0}, "geometry": {"type": "LineString", "coordinates": [[127.1, 5469.3], [81.5, 5445.4]]}}, {"type": "Feature", "properties": {"name": null, "highway": "service", "trusted": 0.0}, "geometry": {"type": "LineString", "coordinates": [[126.3, 5404.8], [155.9, 5432.4], [143.8, 5449.4], [141.3, 5452.7], [132.9, 5464.2], [127.1, 5469.3], [116.9, 5478.2], [93.9, 5501.5], [79.6, 5520.6], [71.0, 5522.3]]}}, {"type": "Feature", "properties": {"name": null, "highway": "service", "trusted": 0.0}, "geometry": {"type": "LineString", "coordinates": [[354.7, 4902.9], [331.4, 4863.5], [324.2, 4849.3], [312.3, 4835.4], [298.7, 4828.3], [270.5, 4804.6]]}}, {"type": "Feature", "properties": {"name": "H\u1ebbm 243A Ho\u00e0ng Di\u1ec7u", "highway": "service", "trusted": 0.0}, "geometry": {"type": "MultiLineString", "coordinates": [[[196.7, 5130.7], [79.1, 4991.7], [75.2, 4987.0], [45.1, 4934.6], [5.6, 4884.0]], [[5.7, 4875.8], [24.0, 4789.8], [7.4, 4765.8]]]}}, {"type": "Feature", "properties": {"name": null, "highway": "service", "trusted": 0.0}, "geometry": {"type": "LineString", "coordinates": [[318.6, 4704.7], [294.6, 4728.5], [233.9, 4767.1], [214.8, 4782.3], [195.1, 4758.0], [140.3, 4805.7], [130.2, 4832.6], [128.4, 4848.1], [124.8, 4863.5], [119.5, 4881.7]]}}, {"type": "Feature", "properties": {"name": null, "highway": "service", "trusted": 0.0}, "geometry": {"type": "LineString", "coordinates": [[517.6, 4588.3], [408.9, 4665.8], [364.7, 4695.5], [339.2, 4708.5], [318.6, 4704.7], [254.2, 4624.9]]}}, {"type": "Feature", "properties": {"name": null, "highway": "service", "trusted": 0.0}, "geometry": {"type": "LineString", "coordinates": [[149.9, 5178.0], [49.4, 5037.0], [37.5, 5023.0], [4.0, 4985.5]]}}, {"type": "Feature", "properties": {"name": null, "highway": "service", "trusted": 0.0}, "geometry": {"type": "LineString", "coordinates": [[104.4, 4940.6], [92.2, 4955.1], [86.1, 4963.6], [79.1, 4991.7]]}}, {"type": "Feature", "properties": {"name": null, "highway": "service", "trusted": 0.0}, "geometry": {"type": "LineString", "coordinates": [[162.8, 4090.5], [136.2, 4048.1], [91.9, 3993.8]]}}, {"type": "Feature", "properties": {"name": null, "highway": "service", "trusted": 0.0}, "geometry": {"type": "LineString", "coordinates": [[294.6, 4728.5], [294.1, 4759.4], [287.8, 4776.5], [284.1, 4790.9], [270.5, 4804.6], [257.5, 4815.6], [221.1, 4856.3], [209.3, 4867.8], [205.5, 4873.3], [189.8, 4892.0], [177.0, 4908.4], [162.0, 4927.7]]}}, {"type": "Feature", "properties": {"name": null, "highway": "service", "trusted": 0.0}, "geometry": {"type": "MultiLineString", "coordinates": [[[10.1, 5403.5], [-2.3, 5394.0]], [[-1.8, 5366.6], [3.2, 5366.9], [32.4, 5366.4], [53.3, 5374.9]]]}}, {"type": "Feature", "properties": {"name": null, "highway": "residential", "trusted": 0.0}, "geometry": {"type": "LineString", "coordinates": [[93.1, 4404.8], [173.7, 4515.1]]}}, {"type": "Feature", "properties": {"name": null, "highway": "residential", "trusted": 0.25}, "geometry": {"type": "LineString", "coordinates": [[624.8, 4715.7], [517.6, 4588.3], [445.2, 4495.7], [363.5, 4384.0]]}}, {"type": "Feature", "properties": {"name": null, "highway": "service", "trusted": 0.0}, "geometry": {"type": "LineString", "coordinates": [[71.0, 5522.3], [75.0, 5500.4], [81.3, 5466.0], [81.5, 5445.4], [80.9, 5417.9], [73.7, 5402.8], [61.4, 5384.1], [53.3, 5374.9], [64.8, 5342.9], [70.9, 5315.4], [69.5, 5305.1], [64.5, 5296.2], [58.3, 5289.4], [57.1, 5286.1], [57.3, 5281.7], [59.2, 5277.0], [91.0, 5245.5]]}}, {"type": "Feature", "properties": {"name": null, "highway": "service", "trusted": 0.0}, "geometry": {"type": "LineString", "coordinates": [[488.9, 4756.4], [436.9, 4697.5], [408.9, 4665.8]]}}, {"type": "Feature", "properties": {"name": "H\u1ebbm 122 \u0110\u01b0\u1eddng T\u00f4n \u0110\u1ea3n", "highway": "service", "trusted": 0.0}, "geometry": {"type": "LineString", "coordinates": [[298.1, 5452.2], [234.5, 5564.2], [229.3, 5595.9], [193.7, 5641.8], [166.5, 5681.1], [130.1, 5733.8], [107.0, 5774.3], [100.5, 5785.8], [80.5, 5815.6], [36.6, 5873.8], [22.8, 5894.0], [8.3, 5915.1], [-5.4, 5935.7], [-9.5, 5941.9], [-10.7, 5943.5]]}}, {"type": "Feature", "properties": {"name": null, "highway": "service", "trusted": 0.0}, "geometry": {"type": "LineString", "coordinates": [[140.9, 5629.4], [137.8, 5643.6], [131.7, 5653.0], [117.9, 5658.8], [107.5, 5669.8], [87.0, 5698.1]]}}, {"type": "Feature", "properties": {"name": null, "highway": "service", "trusted": 0.0}, "geometry": {"type": "LineString", "coordinates": [[73.7, 5402.8], [140.1, 5352.1], [142.9, 5348.9], [143.3, 5345.6], [142.7, 5342.0], [132.4, 5324.6], [131.5, 5321.2], [131.7, 5317.1], [133.2, 5313.6], [210.0, 5271.4]]}}, {"type": "Feature", "properties": {"name": null, "highway": "service", "trusted": 0.0}, "geometry": {"type": "LineString", "coordinates": [[284.8, 4268.6], [93.1, 4404.8], [76.4, 4418.4], [12.1, 4465.3]]}}, {"type": "Feature", "properties": {"name": null, "highway": "residential", "trusted": 0.0}, "geometry": {"type": "LineString", "coordinates": [[445.2, 4495.7], [254.2, 4624.9], [75.5, 4749.7]]}}, {"type": "Feature", "properties": {"name": null, "highway": "service", "trusted": 0.0}, "geometry": {"type": "LineString", "coordinates": [[201.7, 5502.7], [141.3, 5452.7]]}}, {"type": "Feature", "properties": {"name": null, "highway": "service", "trusted": 0.0}, "geometry": {"type": "LineString", "coordinates": [[266.3, 5001.2], [223.6, 4958.7], [207.5, 4941.3], [177.0, 4908.4]]}}, {"type": "Feature", "properties": {"name": null, "highway": "service", "trusted": 0.0}, "geometry": {"type": "LineString", "coordinates": [[-4.4, 5532.6], [6.8, 5540.6], [13.3, 5545.5], [43.5, 5568.1], [57.2, 5578.3], [77.0, 5590.3], [96.5, 5602.1], [140.9, 5629.4]]}}, {"type": "Feature", "properties": {"name": null, "highway": "service", "trusted": 0.0}, "geometry": {"type": "LineString", "coordinates": [[208.8, 4137.2], [214.2, 4170.4], [217.1, 4184.0], [173.1, 4211.6], [124.2, 4220.2]]}}, {"type": "Feature", "properties": {"name": null, "highway": "service", "trusted": 0.0}, "geometry": {"type": "LineString", "coordinates": [[43.5, 5568.1], [71.0, 5522.3]]}}, {"type": "Feature", "properties": {"name": null, "highway": "service", "trusted": 0.0}, "geometry": {"type": "LineString", "coordinates": [[130.1, 5733.8], [127.6, 5731.6], [98.6, 5706.7], [87.0, 5698.1], [83.2, 5695.3], [68.7, 5685.6], [60.2, 5672.6], [52.6, 5661.3], [53.6, 5642.4], [57.2, 5625.2], [77.0, 5590.3]]}}, {"type": "Feature", "properties": {"name": null, "highway": "service", "trusted": 0.0}, "geometry": {"type": "LineString", "coordinates": [[92.3, 3042.2], [75.4, 3052.0], [41.7, 3079.8], [33.4, 3083.7]]}}, {"type": "Feature", "properties": {"name": null, "highway": "service", "trusted": 0.0}, "geometry": {"type": "LineString", "coordinates": [[36.6, 4360.9], [13.6, 4365.2]]}}, {"type": "Feature", "properties": {"name": null, "highway": "service", "trusted": 0.0}, "geometry": {"type": "LineString", "coordinates": [[152.3, 3950.8], [49.5, 3815.4], [22.7, 3779.3]]}}, {"type": "Feature", "properties": {"name": "H\u1ebbm 122/38 V\u0129nh Kh\u00e1nh", "highway": "service", "trusted": 0.0}, "geometry": {"type": "LineString", "coordinates": [[409.7, 5696.6], [376.1, 5704.7], [278.5, 5703.3], [253.4, 5718.4]]}}, {"type": "Feature", "properties": {"name": null, "highway": "service", "trusted": 0.0}, "geometry": {"type": "LineString", "coordinates": [[186.7, 4042.6], [173.8, 4014.1], [137.3, 3961.5]]}}, {"type": "Feature", "properties": {"name": null, "highway": "service", "trusted": 0.0}, "geometry": {"type": "LineString", "coordinates": [[149.3, 5982.7], [137.6, 5974.6], [122.2, 5960.6], [106.0, 5949.2], [88.9, 5939.5], [68.4, 5924.6], [49.8, 5914.0], [42.9, 5915.6], [27.3, 5898.8], [22.8, 5894.0]]}}, {"type": "Feature", "properties": {"name": null, "highway": "service", "trusted": 0.0}, "geometry": {"type": "LineString", "coordinates": [[107.0, 5774.3], [133.4, 5788.0], [149.4, 5800.2], [171.6, 5816.0], [190.3, 5831.8], [207.7, 5845.8], [218.7, 5847.6], [225.4, 5848.7], [270.3, 5850.7], [290.2, 5784.5], [307.3, 5784.0]]}}, {"type": "Feature", "properties": {"name": null, "highway": "service", "trusted": 0.0}, "geometry": {"type": "LineString", "coordinates": [[194.6, 5932.4], [209.4, 5914.6], [220.0, 5883.0], [218.7, 5847.6]]}}, {"type": "Feature", "properties": {"name": null, "highway": "service", "trusted": 1.0}, "geometry": {"type": "LineString", "coordinates": [[745.5, 3603.9], [712.0, 3637.8], [709.3, 3648.1], [686.2, 3668.3], [661.0, 3633.6], [623.0, 3586.7]]}}, {"type": "Feature", "properties": {"name": null, "highway": "service", "trusted": 0.0}, "geometry": {"type": "LineString", "coordinates": [[76.4, 4418.4], [36.6, 4360.9], [39.9, 4348.9], [37.5, 4332.6], [30.7, 4317.9], [32.6, 4301.5], [21.6, 4280.8], [19.2, 4264.4], [26.3, 4245.2], [15.8, 4227.4]]}}, {"type": "Feature", "properties": {"name": null, "highway": "service", "trusted": 0.0}, "geometry": {"type": "LineString", "coordinates": [[22.8, 5894.0], [7.8, 5879.0], [-3.3, 5865.9], [-9.5, 5861.1]]}}, {"type": "Feature", "properties": {"name": "H\u1ebbm 122/38 V\u0129nh Kh\u00e1nh", "highway": "service", "trusted": 0.0}, "geometry": {"type": "LineString", "coordinates": [[298.3, 5770.6], [272.0, 5759.9], [264.9, 5752.1], [251.6, 5733.8], [253.4, 5718.4]]}}, {"type": "Feature", "properties": {"name": null, "highway": "service", "trusted": 0.0}, "geometry": {"type": "LineString", "coordinates": [[131.1, 2800.0], [81.1, 2860.3], [41.3, 2897.6], [36.2, 2902.1]]}}, {"type": "Feature", "properties": {"name": null, "highway": "service", "trusted": 0.75}, "geometry": {"type": "LineString", "coordinates": [[383.2, 3650.8], [486.8, 3574.6], [623.0, 3586.7], [638.1, 3576.5], [639.8, 3557.6], [635.8, 3543.8], [662.6, 3505.0], [632.4, 3475.8]]}}, {"type": "Feature", "properties": {"name": null, "highway": "service", "trusted": 0.0}, "geometry": {"type": "LineString", "coordinates": [[346.5, 3393.1], [391.5, 3438.4], [486.8, 3574.6]]}}, {"type": "Feature", "properties": {"name": "H\u1ebbm 158 X\u00f4 Vi\u1ebft Ngh\u1ec7 T\u0129nh", "highway": "residential", "trusted": 0.0}, "geometry": {"type": "LineString", "coordinates": [[12051.5, 7493.6], [12045.9, 7516.4], [12002.2, 7685.6], [11990.9, 7766.0], [11972.3, 7898.4], [11958.9, 7993.0], [11953.6, 8030.3], [11945.5, 8081.1], [11936.5, 8125.5]]}}, {"type": "Feature", "properties": {"name": "H\u1ebbm 124 X\u00f4 Vi\u1ebft Ngh\u1ec7 T\u0129nh", "highway": "residential", "trusted": 0.0}, "geometry": {"type": "LineString", "coordinates": [[11829.5, 7430.1], [11830.2, 7470.4], [11822.1, 7499.7], [11799.0, 7554.9], [11776.6, 7605.0], [11752.0, 7680.7], [11727.5, 7763.2], [11718.7, 7788.9], [11702.0, 7822.0], [11687.2, 7850.3], [11687.1, 7861.6], [11687.0, 7881.3], [11674.6, 7917.2], [11669.3, 7942.9], [11672.4, 7977.4], [11677.4, 7998.1], [11689.1, 8029.2], [11670.3, 8087.1], [11707.9, 8098.5], [11759.2, 8114.1], [11813.6, 8145.6], [11846.7, 8161.0], [11836.1, 8185.0], [11880.7, 8207.7], [11916.4, 8225.9], [11934.4, 8259.4], [11929.6, 8290.6]]}}, {"type": "Feature", "properties": {"name": "H\u1ebbm 124/35 X\u00f4 vi\u1ebft Ngh\u1ec7 T\u0129nh", "highway": "service", "trusted": 0.0}, "geometry": {"type": "LineString", "coordinates": [[11892.3, 7782.0], [11894.2, 7763.9], [11892.6, 7752.8], [11884.0, 7743.2], [11871.2, 7734.4], [11859.3, 7726.5], [11811.4, 7700.8], [11752.0, 7680.7]]}}, {"type": "Feature", "properties": {"name": "H\u1ebbm 92/20 X\u00f4 vi\u1ebft Ngh\u1ec7 T\u0129nh", "highway": "service", "trusted": 0.0}, "geometry": {"type": "LineString", "coordinates": [[11564.7, 7563.1], [11430.1, 7503.4]]}}, {"type": "Feature", "properties": {"name": "H\u1ebbm 92 X\u00f4 vi\u1ebft Ngh\u1ec7 T\u0129nh", "highway": "residential", "trusted": 0.0}, "geometry": {"type": "LineString", "coordinates": [[11527.0, 7674.2], [11551.3, 7685.8], [11502.6, 7775.7], [11487.4, 7799.5], [11466.8, 7828.3], [11453.6, 7846.9], [11448.3, 7865.7], [11434.1, 7910.3], [11426.9, 7954.9], [11416.3, 7987.4], [11426.5, 8001.3], [11404.2, 8084.2], [11384.0, 8150.3], [11373.9, 8207.6], [11366.0, 8237.7], [11364.1, 8263.5], [11357.8, 8286.4], [11350.0, 8302.8], [11339.7, 8312.8], [11333.4, 8318.8], [11315.3, 8336.7], [11298.1, 8346.8], [11278.1, 8359.2], [11209.4, 8358.2], [11197.7, 8356.5], [11169.9, 8352.6], [11120.3, 8345.6], [11109.1, 8344.0], [11073.0, 8337.3]]}}, {"type": "Feature", "properties": {"name": "H\u1ebbm 124/67 X\u00f4 vi\u1ebft Ngh\u1ec7 T\u0129nh", "highway": "service", "trusted": 0.0}, "geometry": {"type": "LineString", "coordinates": [[11813.6, 8145.6], [11838.1, 8102.3], [11836.3, 8087.3], [11826.5, 8078.3], [11835.9, 8035.5], [11847.5, 7988.6], [11862.2, 7923.4], [11687.1, 7861.6]]}}, {"type": "Feature", "properties": {"name": "H\u1ebbm 160 X\u00f4 Vi\u1ebft Ngh\u1ec7 T\u0129nh", "highway": "residential", "trusted": 0.0}, "geometry": {"type": "LineString", "coordinates": [[12076.6, 8112.7], [12064.8, 8184.2]]}}, {"type": "Feature", "properties": {"name": "H\u1ebbm 92/45 X\u00f4 vi\u1ebft Ngh\u1ec7 T\u0129nh", "highway": "service", "trusted": 0.0}, "geometry": {"type": "LineString", "coordinates": [[11487.4, 7799.5], [11542.6, 7838.1], [11563.5, 7853.7], [11577.1, 7872.8], [11588.7, 7883.6], [11608.3, 7901.9], [11615.4, 7908.4], [11642.9, 7927.0]]}}, {"type": "Feature", "properties": {"name": "H\u1ebbm 124/83 X\u00f4 vi\u1ebft Ngh\u1ec7 T\u0129nh", "highway": "service", "trusted": 0.0}, "geometry": {"type": "LineString", "coordinates": [[11826.5, 8078.3], [11787.6, 8058.9], [11766.3, 8044.1], [11732.2, 8014.4], [11709.2, 7988.9], [11672.4, 7977.4]]}}, {"type": "Feature", "properties": {"name": "Nguy\u1ec5n C\u1eedu V\u00e2n", "highway": "residential", "trusted": 0.0}, "geometry": {"type": "LineString", "coordinates": [[12116.4, 5534.8], [12111.3, 5541.8], [12070.5, 5598.2], [12068.2, 5610.2], [12061.3, 5644.3], [11929.9, 5862.4], [11907.9, 5898.9], [11861.5, 5975.9], [11761.9, 6141.1], [11707.4, 6231.7], [11672.3, 6339.5], [11642.7, 6426.6], [11629.1, 6480.2], [11615.9, 6534.1], [11612.9, 6546.0], [11599.3, 6588.1], [11552.1, 6696.4], [11517.2, 6763.1], [11423.9, 6924.3], [11375.9, 6998.0], [11338.3, 7077.8]]}}, {"type": "Feature", "properties": {"name": "H\u1ebbm 92/21 X\u00f4 vi\u1ebft Ngh\u1ec7 T\u0129nh", "highway": "residential", "trusted": 0.0}, "geometry": {"type": "LineString", "coordinates": [[11752.0, 7680.7], [11705.8, 7660.1], [11653.8, 7643.5], [11626.1, 7641.1], [11549.2, 7607.3]]}}, {"type": "Feature", "properties": {"name": "Nguy\u1ec5n H\u1eefu H\u00e0o", "highway": "tertiary", "trusted": 0.0}, "geometry": {"type": "LineString", "coordinates": [[68.5, 4589.2], [155.6, 4528.8], [173.7, 4515.1], [202.7, 4496.1], [348.6, 4394.9], [363.5, 4384.0]]}}, {"type": "Feature", "properties": {"name": "B\u00f9i Vi\u1ec7n", "highway": "residential", "trusted": 0.0}, "geometry": {"type": "LineString", "coordinates": [[2565.1, 2278.5], [2527.2, 2197.6], [2463.7, 2061.6], [2455.5, 2043.9]]}}, {"type": "Feature", "properties": {"name": "\u0110\u01b0\u1eddng C\u00f4 B\u1eafc", "highway": "residential", "trusted": 1.0}, "geometry": {"type": "LineString", "coordinates": [[2052.8, 2834.9], [2035.7, 2815.8], [1981.6, 2750.8], [1957.3, 2720.4], [1919.9, 2673.6], [1891.3, 2637.8], [1857.5, 2592.3], [1804.3, 2533.1], [1784.0, 2510.5], [1691.5, 2405.6], [1668.6, 2379.7]]}}, {"type": "Feature", "properties": {"name": "H\u00e0m Nghi", "highway": "primary", "trusted": 0.0}, "geometry": {"type": "LineString", "coordinates": [[3553.4, 5981.9], [3558.2, 5902.4], [3566.9, 5741.8], [3578.7, 5519.7], [3582.2, 5446.4], [3584.4, 5398.5]]}}, {"type": "Feature", "properties": {"name": "Nguy\u1ec5n Th\u00e1i H\u1ecdc", "highway": "primary", "trusted": 1.0}, "geometry": {"type": "LineString", "coordinates": [[2303.1, 2692.7], [2276.6, 2708.6], [2128.4, 2792.2], [2089.2, 2814.4], [2052.8, 2834.9]]}}, {"type": "Feature", "properties": {"name": "H\u1ebbm 329 Tr\u1ea7n Nh\u00e2n T\u00f4ng", "highway": "service", "trusted": 0.0}, "geometry": {"type": "LineString", "coordinates": [[720.0, 847.2], [637.1, 933.0], [607.0, 954.2]]}}, {"type": "Feature", "properties": {"name": "Ho\u00e0ng Di\u1ec7u", "highway": "secondary", "trusted": 1.0}, "geometry": {"type": "LineString", "coordinates": [[1174.1, 5184.5], [1142.3, 5144.8], [1065.0, 5048.1], [1035.1, 5010.5], [986.5, 4949.4], [972.6, 4931.9], [963.0, 4919.9], [902.7, 4834.5]]}}, {"type": "Feature", "properties": {"name": null, "highway": "service", "trusted": 0.5}, "geometry": {"type": "LineString", "coordinates": [[2303.1, 2692.7], [2299.7, 2668.4], [2286.9, 2645.4], [2249.7, 2571.8], [2232.9, 2553.0], [2223.2, 2541.9]]}}, {"type": "Feature", "properties": {"name": "Nguy\u1ec5n Th\u1ecb Ngh\u0129a", "highway": "primary", "trusted": 0.0}, "geometry": {"type": "LineString", "coordinates": [[3691.2, 1861.6], [3659.0, 1901.0], [3630.2, 1922.8], [3582.1, 1949.9], [3511.3, 1989.7], [3400.6, 2055.1], [3396.7, 2057.2]]}}, {"type": "Feature", "properties": {"name": "Nguy\u1ec5n Th\u1ecb Ngh\u0129a", "highway": "primary", "trusted": 0.0}, "geometry": {"type": "LineString", "coordinates": [[3349.2, 2121.9], [3375.8, 2105.2], [3408.0, 2086.3], [3468.1, 2050.6], [3642.9, 1946.4], [3672.3, 1923.2], [3717.0, 1886.8]]}}, {"type": "Feature", "properties": {"name": "\u0110\u01b0\u1eddng s\u1ed1 50", "highway": "residential", "trusted": 0.0}, "geometry": {"type": "LineString", "coordinates": [[413.4, 3695.5], [383.2, 3650.8], [289.7, 3510.4], [255.2, 3458.2], [234.1, 3427.7], [135.0, 3288.8]]}}, {"type": "Feature", "properties": {"name": "Hu\u1ef3nh Th\u00fac Kh\u00e1ng", "highway": "residential", "trusted": 1.0}, "geometry": {"type": "LineString", "coordinates": [[3831.6, 3557.3], [3826.8, 3646.2], [3810.1, 4092.4], [3811.1, 4106.7], [3814.7, 4119.5], [3820.8, 4130.2], [3868.9, 4191.3], [3882.1, 4211.0]]}}, {"type": "Feature", "properties": {"name": "\u0110o\u00e0n V\u0103n B\u01a1", "highway": "secondary", "trusted": 1.0}, "geometry": {"type": "LineString", "coordinates": [[1174.1, 5184.5], [1207.0, 5178.5], [1239.5, 5132.6], [1298.8, 5041.0]]}}, {"type": "Feature", "properties": {"name": "T\u00f4n Th\u1ea5t Thi\u1ec7p", "highway": "residential", "trusted": 1.0}, "geometry": {"type": "LineString", "coordinates": [[4650.0, 5063.6], [4626.7, 5038.8], [4479.8, 4877.9]]}}, {"type": "Feature", "properties": {"name": "Ho\u00e0ng Di\u1ec7u", "highway": "residential", "trusted": 1.0}, "geometry": {"type": "LineString", "coordinates": [[1850.1, 6679.8], [1853.6, 6660.7], [1853.8, 6639.9], [1851.4, 6617.9], [1848.0, 6598.4], [1843.2, 6579.4], [1837.8, 6561.2], [1831.5, 6542.8], [1754.1, 6372.3]]}}, {"type": "Feature", "properties": {"name": "\u0110\u01b0\u1eddng S\u1ed1 45", "highway": "residential", "trusted": 0.0}, "geometry": {"type": "LineString", "coordinates": [[25.8, 3575.0], [234.1, 3427.7]]}}, {"type": "Feature", "properties": {"name": "\u0110o\u00e0n V\u0103n B\u01a1", "highway": "secondary", "trusted": 1.0}, "geometry": {"type": "LineString", "coordinates": [[1278.1, 5013.0], [1270.0, 5025.8], [1186.1, 5157.7], [1174.1, 5184.5]]}}, {"type": "Feature", "properties": {"name": "T\u00f4n \u0110\u1ee9c Th\u1eafng", "highway": "primary", "trusted": 0.0}, "geometry": {"type": "LineString", "coordinates": [[4234.4, 6046.6], [4201.8, 6043.5], [4028.5, 6027.1], [3867.6, 6011.9], [3728.3, 5997.7], [3655.2, 5990.3], [3553.4, 5981.9], [3522.6, 5979.1]]}}, {"type": "Feature", "properties": {"name": "Nguy\u1ec5n H\u1eefu C\u1ea3nh", "highway": "secondary", "trusted": 0.25}, "geometry": {"type": "LineString", "coordinates": [[9115.9, 7257.6], [9155.6, 7273.6], [9190.6, 7292.0], [9223.5, 7308.3], [9256.3, 7331.5], [9358.5, 7350.5], [9397.5, 7384.6], [9430.6, 7422.0], [9438.6, 7433.4], [9444.8, 7442.4], [9480.2, 7493.2], [9508.9, 7538.2], [9525.0, 7565.7], [9533.0, 7579.2], [9545.8, 7611.0], [9556.7, 7645.1], [9563.0, 7667.3], [9572.2, 7705.1], [9578.4, 7743.3], [9605.5, 7766.0]]}}, {"type": "Feature", "properties": {"name": "Nguy\u1ec5n H\u1eefu C\u1ea3nh", "highway": "primary", "trusted": 0.0}, "geometry": {"type": "LineString", "coordinates": [[8406.4, 6828.8], [8355.5, 6808.1], [8283.9, 6777.1], [8231.0, 6755.0], [8188.3, 6733.8], [8147.9, 6708.6]]}}, {"type": "Feature", "properties": {"name": "Ph\u00fa M\u1ef9", "highway": "residential", "trusted": 0.0}, "geometry": {"type": "LineString", "coordinates": [[9606.1, 8505.2], [9474.1, 8422.2]]}}, {"type": "Feature", "properties": {"name": "Nguy\u1ec5n H\u1eefu C\u1ea3nh", "highway": "secondary", "trusted": 0.5}, "geometry": {"type": "LineString", "coordinates": [[8734.5, 6970.5], [8672.0, 6941.1], [8472.8, 6843.0], [8406.4, 6828.8]]}}, {"type": "Feature", "properties": {"name": "Nguy\u1ec5n H\u1eefu C\u1ea3nh", "highway": "secondary", "trusted": 0.33}, "geometry": {"type": "LineString", "coordinates": [[8383.1, 6893.2], [8437.3, 6939.0], [8693.2, 7070.8]]}}, {"type": "Feature", "properties": {"name": "C\u1ea7u Th\u1ecb Ngh\u00e8 2", "highway": "secondary", "trusted": 1.0}, "geometry": {"type": "LineString", "coordinates": [[8693.2, 7070.8], [8749.9, 7096.6], [9115.9, 7257.6]]}}, {"type": "Feature", "properties": {"name": "H\u1ebbm 47 Ph\u1ea1m Vi\u1ebft Ch\u00e1nh", "highway": "residential", "trusted": 0.0}, "geometry": {"type": "LineString", "coordinates": [[9829.3, 7613.3], [9702.2, 7608.1], [9678.2, 7610.0], [9657.0, 7614.5]]}}, {"type": "Feature", "properties": {"name": "L\u00ea L\u1ee3i", "highway": "tertiary", "trusted": 1.0}, "geometry": {"type": "LineString", "coordinates": [[5376.8, 4890.7], [5351.5, 4865.8], [5305.7, 4820.6], [5240.9, 4755.6], [5212.7, 4726.9], [5208.6, 4722.8], [5202.7, 4716.7], [5171.2, 4684.3]]}}, {"type": "Feature", "properties": {"name": "C\u1ea7u Th\u1ecb Ngh\u00e8 2", "highway": "secondary", "trusted": 1.0}, "geometry": {"type": "LineString", "coordinates": [[9164.0, 7160.8], [9138.1, 7151.4], [9111.2, 7140.2], [8734.5, 6970.5]]}}, {"type": "Feature", "properties": {"name": "\u0110\u01b0\u1eddng V\u00f5 Duy Ninh", "highway": "service", "trusted": 0.0}, "geometry": {"type": "LineString", "coordinates": [[10249.4, 8675.9], [10340.5, 8763.9], [10358.7, 8798.1], [10368.6, 8843.0], [10369.8, 8917.2], [10370.9, 8928.1], [10370.8, 8986.5], [10370.8, 9011.1], [10374.7, 9115.2], [10375.1, 9127.4], [10376.1, 9153.3]]}}, {"type": "Feature", "properties": {"name": "Nam K\u1ef3 Kh\u1edfi Ngh\u0129a", "highway": "primary", "trusted": 0.0}, "geometry": {"type": "LineString", "coordinates": [[7690.5, 1090.8], [7740.1, 1070.0], [7828.6, 978.0], [8175.6, 620.0], [8218.5, 576.8]]}}, {"type": "Feature", "properties": {"name": "Nam K\u1ef3 Kh\u1edfi Ngh\u0129a", "highway": "secondary", "trusted": 0.0}, "geometry": {"type": "LineString", "coordinates": [[8195.4, 553.8], [8140.7, 584.4], [7924.8, 805.3], [7709.5, 1029.9], [7690.5, 1090.8]]}}, {"type": "Feature", "properties": {"name": "H\u1ebbm 51 Ph\u00fa M\u1ef9", "highway": "residential", "trusted": 0.0}, "geometry": {"type": "LineString", "coordinates": [[9474.1, 8422.2], [9363.3, 8645.9], [9344.9, 8686.9], [9338.0, 8701.0], [9329.2, 8719.4], [9310.0, 8744.0]]}}, {"type": "Feature", "properties": {"name": "H\u1ebbm 73 Ph\u00fa M\u1ef9", "highway": "service", "trusted": 0.0}, "geometry": {"type": "LineString", "coordinates": [[9157.4, 8299.8], [9120.3, 8435.1]]}}, {"type": "Feature", "properties": {"name": "H\u1ebbm 71/32 Ph\u00fa M\u1ef9", "highway": "residential", "trusted": 0.0}, "geometry": {"type": "LineString", "coordinates": [[9192.1, 8569.4], [9071.6, 8479.4]]}}, {"type": "Feature", "properties": {"name": "H\u1ebbm 71 Ph\u00fa M\u1ef9", "highway": "residential", "trusted": 0.0}, "geometry": {"type": "LineString", "coordinates": [[9274.8, 8332.8], [9252.1, 8401.9], [9224.8, 8485.0], [9217.9, 8509.1], [9207.7, 8544.5], [9192.1, 8569.4], [9167.9, 8601.4], [9103.6, 8690.3], [9054.7, 8755.4]]}}, {"type": "Feature", "properties": {"name": "H\u1ebbm 202 Ng\u00f4 T\u1ea5t T\u1ed1", "highway": "residential", "trusted": 0.0}, "geometry": {"type": "LineString", "coordinates": [[9294.4, 9092.6], [9308.7, 9136.8]]}}, {"type": "Feature", "properties": {"name": "H\u1ebbm 212 Ng\u00f4 T\u1ea5t T\u1ed1", "highway": "residential", "trusted": 0.0}, "geometry": {"type": "LineString", "coordinates": [[9251.7, 8927.8], [9113.7, 8953.9], [8983.4, 8976.9]]}}, {"type": "Feature", "properties": {"name": "H\u1ebbm 214 Ng\u00f4 T\u1ea5t T\u1ed1", "highway": "residential", "trusted": 0.0}, "geometry": {"type": "LineString", "coordinates": [[9207.9, 8827.6], [9093.2, 8844.9], [8960.9, 8864.9]]}}, {"type": "Feature", "properties": {"name": "H\u1ebbm 204 Ng\u00f4 T\u1ea5t T\u1ed1", "highway": "residential", "trusted": 0.0}, "geometry": {"type": "LineString", "coordinates": [[9359.7, 9037.3], [9363.9, 9065.4], [9317.5, 9083.5], [9294.4, 9092.6], [9176.8, 9134.7]]}}, {"type": "Feature", "properties": {"name": "H\u1ebbm 30 Nguy\u1ec5n H\u1eefu C\u1ea3nh", "highway": "residential", "trusted": 0.0}, "geometry": {"type": "LineString", "coordinates": [[9414.3, 8856.4], [9347.8, 8847.7], [9357.7, 8794.5], [9284.8, 8784.9], [9230.7, 8772.9]]}}, {"type": "Feature", "properties": {"name": "C\u1ea7u \u00d4ng L\u00e3nh", "highway": "primary", "trusted": 0.25}, "geometry": {"type": "LineString", "coordinates": [[597.5, 3998.9], [473.9, 3974.3], [382.2, 4030.4], [351.0, 4049.5]]}}, {"type": "Feature", "properties": {"name": "Nguy\u1ec5n Th\u1ecb Minh Khai", "highway": "primary", "trusted": 1.0}, "geometry": {"type": "LineString", "coordinates": [[5198.0, 1365.7], [5226.6, 1391.0], [5349.3, 1497.0], [5377.8, 1522.3], [5447.4, 1584.4], [5548.9, 1674.1], [5705.8, 1814.1]]}}, {"type": "Feature", "properties": {"name": "Ph\u00f9ng Kh\u1eafc Khoan", "highway": "secondary", "trusted": 1.0}, "geometry": {"type": "LineString", "coordinates": [[7759.9, 3683.4], [7843.6, 3604.6], [7877.9, 3572.4], [7931.5, 3522.3], [7976.6, 3480.1], [8047.2, 3414.4]]}}, {"type": "Feature", "properties": {"name": null, "highway": "living_street", "trusted": 0.5}, "geometry": {"type": "LineString", "coordinates": [[7114.0, 5872.4], [7214.7, 5733.2]]}}, {"type": "Feature", "properties": {"name": "H\u1ebbm 10 Nguy\u1ec5n Th\u1ecb Minh Khai", "highway": "service", "trusted": 1.0}, "geometry": {"type": "LineString", "coordinates": [[9325.4, 4912.8], [9267.4, 4988.2], [9194.0, 5069.6]]}}, {"type": "Feature", "properties": {"name": null, "highway": "service", "trusted": 1.0}, "geometry": {"type": "LineString", "coordinates": [[9156.7, 5868.9], [9164.1, 5898.9], [9211.5, 5949.7], [9246.4, 5987.1], [9276.9, 6019.9], [9343.3, 6091.6], [9361.1, 6111.0], [9411.6, 6141.2]]}}, {"type": "Feature", "properties": {"name": null, "highway": "service", "trusted": 1.0}, "geometry": {"type": "LineString", "coordinates": [[9325.4, 4912.8], [9240.7, 4825.3]]}}, {"type": "Feature", "properties": {"name": null, "highway": "service", "trusted": 1.0}, "geometry": {"type": "LineString", "coordinates": [[9267.4, 4988.2], [9179.5, 4891.6]]}}, {"type": "Feature", "properties": {"name": null, "highway": "service", "trusted": 1.0}, "geometry": {"type": "LineString", "coordinates": [[8555.7, 4747.5], [8547.1, 4739.9], [8543.9, 4737.1], [8458.4, 4662.7], [8256.3, 4488.3]]}}, {"type": "Feature", "properties": {"name": "H\u1ebbm 25 \u0110\u01b0\u1eddng Nguy\u1ec5n B\u1ec9nh Khi\u00eam", "highway": "service", "trusted": 1.0}, "geometry": {"type": "LineString", "coordinates": [[9064.5, 5290.7], [8978.6, 5391.4], [8961.8, 5377.5]]}}, {"type": "Feature", "properties": {"name": "H\u1ebbm 25 Nguy\u1ec5n B\u1ec9nh Khi\u00eam", "highway": "service", "trusted": 1.0}, "geometry": {"type": "LineString", "coordinates": [[9169.3, 5394.1], [9144.9, 5369.9], [9120.4, 5345.7], [9064.5, 5290.7]]}}, {"type": "Feature", "properties": {"name": null, "highway": "service", "trusted": 1.0}, "geometry": {"type": "LineString", "coordinates": [[9064.5, 5290.7], [8995.3, 5223.7], [8984.9, 5222.4], [8971.2, 5230.1], [8957.3, 5243.5], [8932.6, 5272.9], [8918.8, 5280.8], [8908.1, 5287.9], [8898.0, 5293.5], [8887.7, 5295.9]]}}, {"type": "Feature", "properties": {"name": null, "highway": "service", "trusted": 1.0}, "geometry": {"type": "LineString", "coordinates": [[9118.9, 4160.7], [9097.6, 4149.0], [9094.0, 4130.4], [9119.7, 4106.9], [9145.3, 4108.4], [9162.8, 4123.2]]}}, {"type": "Feature", "properties": {"name": "Nam K\u1ef3 Kh\u1edfi Ngh\u0129a", "highway": "secondary", "trusted": 0.0}, "geometry": {"type": "LineString", "coordinates": [[7690.5, 1090.8], [7583.5, 1203.0], [7536.4, 1252.4], [7435.7, 1357.9], [7379.1, 1417.2], [7289.1, 1511.5], [7248.4, 1554.2], [7039.1, 1773.6]]}}, {"type": "Feature", "properties": {"name": "H\u1ebbm 5 Nguy\u1ec5n Trung Ng\u1ea1n", "highway": "residential", "trusted": 0.5}, "geometry": {"type": "LineString", "coordinates": [[7894.8, 5909.6], [7725.2, 5736.0]]}}, {"type": "Feature", "properties": {"name": "H\u1ebbm 15A \u0110\u01b0\u1eddng L\u00ea Th\u00e1nh T\u00f4n", "highway": "service", "trusted": 1.0}, "geometry": {"type": "LineString", "coordinates": [[6681.9, 5871.9], [6692.8, 5850.5]]}}, {"type": "Feature", "properties": {"name": "H\u1ebbm 15A \u0110\u01b0\u1eddng L\u00ea Th\u00e1nh T\u00f4n", "highway": "service", "trusted": 0.6}, "geometry": {"type": "LineString", "coordinates": [[6905.9, 5701.5], [6879.5, 5761.4], [6866.4, 5780.4], [6758.0, 5710.8], [6723.3, 5796.6]]}}, {"type": "Feature", "properties": {"name": "H\u1ebbm 15A \u0110\u01b0\u1eddng L\u00ea Th\u00e1nh T\u00f4n", "highway": "service", "trusted": 1.0}, "geometry": {"type": "LineString", "coordinates": [[6868.9, 5888.2], [6846.0, 5874.4], [6818.3, 5855.4], [6723.3, 5796.6]]}}, {"type": "Feature", "properties": {"name": "Nguy\u1ec5n Th\u00e1i H\u1ecdc", "highway": "primary", "trusted": 1.0}, "geometry": {"type": "LineString", "coordinates": [[1945.9, 2935.0], [2102.2, 2844.9], [2290.7, 2737.0], [2317.7, 2722.1]]}}, {"type": "Feature", "properties": {"name": null, "highway": "living_street", "trusted": 0.0}, "geometry": {"type": "LineString", "coordinates": [[7140.4, 5658.0], [7214.7, 5733.2], [7279.7, 5796.1]]}}, {"type": "Feature", "properties": {"name": null, "highway": "service", "trusted": 0.0}, "geometry": {"type": "LineString", "coordinates": [[11008.3, 9056.4], [11069.0, 9100.8]]}}, {"type": "Feature", "properties": {"name": "H\u1ebbm 117/115 Nguy\u1ec5n H\u1eefu C\u1ea3nh", "highway": "service", "trusted": 0.0}, "geometry": {"type": "LineString", "coordinates": [[11069.0, 9100.8], [11106.2, 9164.5]]}}, {"type": "Feature", "properties": {"name": "T\u00fa X\u01b0\u01a1ng", "highway": "tertiary", "trusted": 0.0}, "geometry": {"type": "LineString", "coordinates": [[7924.8, 805.3], [7597.6, 468.8], [7419.7, 285.8], [7247.7, 109.0]]}}, {"type": "Feature", "properties": {"name": null, "highway": "service", "trusted": 0.0}, "geometry": {"type": "LineString", "coordinates": [[1020.7, 5285.4], [941.5, 5236.2]]}}, {"type": "Feature", "properties": {"name": null, "highway": "service", "trusted": 0.5}, "geometry": {"type": "LineString", "coordinates": [[512.8, 4900.2], [710.9, 5139.6]]}}, {"type": "Feature", "properties": {"name": "H\u1ebbm 168 \u0110o\u00e0n V\u0103n B\u01a1", "highway": "service", "trusted": 0.0}, "geometry": {"type": "LineString", "coordinates": [[943.9, 5402.0], [762.0, 5283.4]]}}, {"type": "Feature", "properties": {"name": null, "highway": "service", "trusted": 0.0}, "geometry": {"type": "LineString", "coordinates": [[762.0, 5283.4], [753.6, 5295.2]]}}, {"type": "Feature", "properties": {"name": null, "highway": "service", "trusted": 0.0}, "geometry": {"type": "LineString", "coordinates": [[1007.8, 5304.9], [926.1, 5251.2]]}}, {"type": "Feature", "properties": {"name": null, "highway": "service", "trusted": 0.0}, "geometry": {"type": "LineString", "coordinates": [[784.2, 5245.9], [762.0, 5283.4]]}}, {"type": "Feature", "properties": {"name": null, "highway": "service", "trusted": 0.25}, "geometry": {"type": "LineString", "coordinates": [[489.0, 4933.9], [496.4, 4944.1], [671.2, 5172.1], [753.6, 5295.2]]}}, {"type": "Feature", "properties": {"name": "H\u1ebbm 158 \u0110o\u00e0n V\u0103n B\u01a1", "highway": "service", "trusted": 0.0}, "geometry": {"type": "LineString", "coordinates": [[977.4, 5351.2], [882.3, 5292.0], [788.7, 5233.9]]}}, {"type": "Feature", "properties": {"name": null, "highway": "service", "trusted": 1.0}, "geometry": {"type": "LineString", "coordinates": [[839.5, 4792.6], [729.0, 4888.8]]}}, {"type": "Feature", "properties": {"name": "H\u1ebbm 134 \u0110o\u00e0n V\u0103n B\u01a1", "highway": "service", "trusted": 0.6}, "geometry": {"type": "LineString", "coordinates": [[1098.3, 5280.4], [1023.7, 5220.8], [949.8, 5144.7], [953.9, 5149.3], [912.2, 5114.4]]}}, {"type": "Feature", "properties": {"name": "H\u1ebbm 158 \u0110o\u00e0n V\u0103n B\u01a1", "highway": "service", "trusted": 0.17}, "geometry": {"type": "LineString", "coordinates": [[751.3, 5104.9], [773.9, 5147.0], [775.1, 5148.8], [815.8, 5204.3], [788.7, 5233.9], [784.2, 5245.9]]}}, {"type": "Feature", "properties": {"name": "H\u1ebbm 128 \u0110o\u00e0n V\u0103n B\u01a1", "highway": "service", "trusted": 1.0}, "geometry": {"type": "LineString", "coordinates": [[1124.2, 5234.8], [1034.1, 5146.1], [1004.5, 5121.7], [957.2, 5072.9], [944.3, 5064.5], [885.7, 4989.0]]}}, {"type": "Feature", "properties": {"name": null, "highway": "service", "trusted": 0.43}, "geometry": {"type": "LineString", "coordinates": [[1080.8, 5109.6], [1054.3, 5126.9], [1034.1, 5146.1], [949.8, 5144.7], [911.4, 5183.3], [888.0, 5209.2], [893.6, 5213.9]]}}, {"type": "Feature", "properties": {"name": null, "highway": "service", "trusted": 1.0}, "geometry": {"type": "LineString", "coordinates": [[1015.6, 5028.9], [957.2, 5072.9], [912.2, 5114.4], [908.3, 5118.2], [875.6, 5150.1]]}}, {"type": "Feature", "properties": {"name": null, "highway": "service", "trusted": 0.33}, "geometry": {"type": "LineString", "coordinates": [[875.6, 5150.1], [911.4, 5183.3], [927.2, 5197.9]]}}, {"type": "Feature", "properties": {"name": "Nguy\u1ec5n T\u1ea5t Th\u00e0nh", "highway": "primary", "trusted": 1.0}, "geometry": {"type": "LineString", "coordinates": [[2532.4, 5903.8], [2505.8, 5920.8]]}}, {"type": "Feature", "properties": {"name": null, "highway": "service", "trusted": 0.0}, "geometry": {"type": "LineString", "coordinates": [[-43.8, 8083.4], [-39.7, 8085.9], [42.2, 8136.9], [109.6, 8176.2], [133.5, 8180.9], [124.7, 8149.3]]}}, {"type": "Feature", "properties": {"name": "Nguy\u1ec5n T\u1ea5t Th\u00e0nh", "highway": "primary", "trusted": 1.0}, "geometry": {"type": "LineString", "coordinates": [[1763.7, 6327.0], [1794.9, 6314.1], [2269.3, 6096.1], [2293.0, 6083.9], [2315.4, 6071.6], [2344.6, 6055.0], [2371.4, 6039.2]]}}, {"type": "Feature", "properties": {"name": "Th\u00e1i V\u0103n Lung", "highway": "residential", "trusted": 0.0}, "geometry": {"type": "LineString", "coordinates": [[6086.1, 5725.9], [6158.6, 5644.4], [6288.5, 5499.1], [6392.5, 5381.6], [6456.5, 5310.4]]}}, {"type": "Feature", "properties": {"name": "\u0110i\u1ec7n Bi\u00ean Ph\u1ee7", "highway": "trunk", "trusted": 0.0}, "geometry": {"type": "LineString", "coordinates": [[11296.5, 4589.8], [11292.4, 4585.2], [11256.4, 4554.4], [11203.4, 4507.8], [11095.1, 4412.6], [11065.8, 4384.3], [11054.8, 4374.2]]}}, {"type": "Feature", "properties": {"name": "T\u00f4n \u0110\u1ee9c Th\u1eafng", "highway": "primary", "trusted": 0.0}, "geometry": {"type": "LineString", "coordinates": [[3392.8, 5986.1], [3443.2, 5995.5], [3499.6, 6006.7], [3514.2, 6009.6]]}}, {"type": "Feature", "properties": {"name": null, "highway": "service", "trusted": 1.0}, "geometry": {"type": "LineString", "coordinates": [[8785.3, 3490.0], [8771.4, 3502.0], [8626.9, 3626.3]]}}, {"type": "Feature", "properties": {"name": null, "highway": "service", "trusted": 1.0}, "geometry": {"type": "LineString", "coordinates": [[8519.7, 3511.3], [8533.2, 3523.3], [8560.0, 3547.3], [8655.6, 3459.0]]}}, {"type": "Feature", "properties": {"name": null, "highway": "residential", "trusted": 0.0}, "geometry": {"type": "LineString", "coordinates": [[8524.2, 2245.5], [8660.1, 2373.3]]}}, {"type": "Feature", "properties": {"name": null, "highway": "service", "trusted": 1.0}, "geometry": {"type": "LineString", "coordinates": [[10357.0, 2593.8], [10425.0, 2582.6], [10465.0, 2579.6], [10466.8, 2600.1], [10428.6, 2620.1]]}}, {"type": "Feature", "properties": {"name": null, "highway": "service", "trusted": 0.86}, "geometry": {"type": "LineString", "coordinates": [[10627.8, 2010.8], [10637.3, 2063.8], [10708.5, 2039.8], [10715.7, 2043.3], [10709.2, 2217.6], [10722.6, 2233.5], [10854.9, 2306.7]]}}, {"type": "Feature", "properties": {"name": "H\u1ebbm 54 Tr\u1ea7n Quang Kh\u1ea3i", "highway": "service", "trusted": 1.0}, "geometry": {"type": "LineString", "coordinates": [[10709.2, 2217.6], [10650.3, 2218.8], [10635.7, 2211.8], [10561.7, 2224.1], [10554.3, 2225.4]]}}, {"type": "Feature", "properties": {"name": null, "highway": "service", "trusted": 1.0}, "geometry": {"type": "LineString", "coordinates": [[9458.3, 2774.5], [9540.6, 2865.3]]}}, {"type": "Feature", "properties": {"name": null, "highway": "service", "trusted": 1.0}, "geometry": {"type": "LineString", "coordinates": [[10002.6, 3068.9], [10086.1, 2973.9]]}}, {"type": "Feature", "properties": {"name": null, "highway": "service", "trusted": 1.0}, "geometry": {"type": "LineString", "coordinates": [[9579.9, 3714.6], [9684.7, 3805.2]]}}, {"type": "Feature", "properties": {"name": null, "highway": "service", "trusted": 1.0}, "geometry": {"type": "LineString", "coordinates": [[9508.2, 3794.6], [9573.0, 3854.7], [9621.3, 3797.4]]}}, {"type": "Feature", "properties": {"name": null, "highway": "service", "trusted": 1.0}, "geometry": {"type": "LineString", "coordinates": [[9573.0, 3854.7], [9533.2, 3901.1]]}}, {"type": "Feature", "properties": {"name": null, "highway": "service", "trusted": 1.0}, "geometry": {"type": "LineString", "coordinates": [[9775.1, 3609.2], [9844.0, 3522.8]]}}, {"type": "Feature", "properties": {"name": null, "highway": "service", "trusted": 1.0}, "geometry": {"type": "LineString", "coordinates": [[10109.1, 3860.1], [10078.9, 3830.8], [10035.1, 3786.2]]}}, {"type": "Feature", "properties": {"name": "H\u1ebbm 6 Phan K\u1ebf B\u00ednh", "highway": "residential", "trusted": 1.0}, "geometry": {"type": "LineString", "coordinates": [[9784.2, 3885.1], [9885.0, 3974.8]]}}, {"type": "Feature", "properties": {"name": null, "highway": "service", "trusted": 1.0}, "geometry": {"type": "LineString", "coordinates": [[9744.9, 4012.9], [9694.3, 4076.2]]}}, {"type": "Feature", "properties": {"name": null, "highway": "service", "trusted": 1.0}, "geometry": {"type": "LineString", "coordinates": [[9744.9, 4012.9], [9801.1, 3963.0]]}}, {"type": "Feature", "properties": {"name": "H\u1ebbm 59 Nguy\u1ec5n B\u1ec9nh Khi\u00eam", "highway": "service", "trusted": 1.0}, "geometry": {"type": "LineString", "coordinates": [[10084.9, 4351.3], [9961.2, 4241.5]]}}, {"type": "Feature", "properties": {"name": null, "highway": "service", "trusted": 1.0}, "geometry": {"type": "LineString", "coordinates": [[9941.2, 1559.5], [9934.4, 1574.8], [9912.0, 1624.6]]}}, {"type": "Feature", "properties": {"name": null, "highway": "service", "trusted": 1.0}, "geometry": {"type": "LineString", "coordinates": [[9912.0, 1624.6], [9805.3, 1546.6]]}}, {"type": "Feature", "properties": {"name": "H\u1ebbm 142 Tr\u01b0\u1eddng Sa", "highway": "service", "trusted": 0.0}, "geometry": {"type": "LineString", "coordinates": [[11099.5, 3604.5], [11142.4, 3589.9], [11212.4, 3608.8], [11277.1, 3626.2], [11302.1, 3615.5], [11320.9, 3604.7], [11344.3, 3599.8], [11363.1, 3607.8], [11386.1, 3610.5]]}}, {"type": "Feature", "properties": {"name": "H\u1ebbm 214/19 Nguy\u1ec5n V\u0103n Nguy\u1ec5n", "highway": "service", "trusted": 0.0}, "geometry": {"type": "LineString", "coordinates": [[10693.3, 174.6], [10688.2, 162.1]]}}, {"type": "Feature", "properties": {"name": "H\u1ebbm 18 Tr\u1ea7n Qu\u00fd Kho\u00e1ch", "highway": "service", "trusted": 0.0}, "geometry": {"type": "LineString", "coordinates": [[11119.9, 372.6], [11002.1, 379.9], [10934.6, 391.4]]}}, {"type": "Feature", "properties": {"name": null, "highway": "service", "trusted": 0.0}, "geometry": {"type": "LineString", "coordinates": [[10939.4, 425.8], [10777.7, 454.4]]}}, {"type": "Feature", "properties": {"name": "H\u1ebbm 27 Tr\u1ea7n Nh\u1eadt Du\u1eadt", "highway": "residential", "trusted": 0.0}, "geometry": {"type": "LineString", "coordinates": [[10825.5, 766.2], [10840.5, 871.9], [10875.5, 983.7]]}}, {"type": "Feature", "properties": {"name": null, "highway": "service", "trusted": 0.0}, "geometry": {"type": "LineString", "coordinates": [[11028.3, 973.1], [11009.4, 992.6], [11001.6, 1092.2], [11006.3, 1142.2], [11018.3, 1248.2]]}}, {"type": "Feature", "properties": {"name": "H\u1ebbm 32 \u0110\u1eb7ng Dung", "highway": "service", "trusted": 0.0}, "geometry": {"type": "LineString", "coordinates": [[10700.3, 1043.0], [10709.4, 1041.4], [10715.1, 1040.4], [10792.8, 1026.8], [10808.7, 1111.3]]}}, {"type": "Feature", "properties": {"name": null, "highway": "service", "trusted": 0.0}, "geometry": {"type": "LineString", "coordinates": [[11094.7, 1086.7], [11105.5, 1086.6], [11109.8, 1112.7], [11112.0, 1126.1], [11123.5, 1236.1]]}}, {"type": "Feature", "properties": {"name": "H\u1ebbm 27 Tr\u1ea7n Kh\u1eafc Ch\u00e2n", "highway": "service", "trusted": 0.0}, "geometry": {"type": "LineString", "coordinates": [[10877.3, 1271.1], [10854.8, 1161.5], [10926.0, 1151.2], [11006.3, 1142.2]]}}, {"type": "Feature", "properties": {"name": null, "highway": "service", "trusted": 0.0}, "geometry": {"type": "LineString", "coordinates": [[10919.0, 1056.4], [10926.0, 1151.2]]}}, {"type": "Feature", "properties": {"name": null, "highway": "service", "trusted": 0.0}, "geometry": {"type": "LineString", "coordinates": [[10926.0, 1151.2], [10946.1, 1259.7]]}}, {"type": "Feature", "properties": {"name": null, "highway": "service", "trusted": 0.0}, "geometry": {"type": "LineString", "coordinates": [[10648.0, 213.9], [10661.1, 289.7], [10663.4, 303.1]]}}, {"type": "Feature", "properties": {"name": null, "highway": "service", "trusted": 0.0}, "geometry": {"type": "LineString", "coordinates": [[10598.1, 396.2], [10504.6, 411.7], [10466.9, 425.0], [10429.9, 447.5]]}}, {"type": "Feature", "properties": {"name": null, "highway": "service", "trusted": 0.0}, "geometry": {"type": "LineString", "coordinates": [[10466.9, 425.0], [10467.3, 496.2]]}}, {"type": "Feature", "properties": {"name": "H\u1ebbm 87 \u0110\u01b0\u1eddng \u0110\u1eb7ng Dung", "highway": "service", "trusted": 0.0}, "geometry": {"type": "LineString", "coordinates": [[10617.9, 523.0], [10608.6, 525.2], [10561.1, 536.3], [10557.5, 537.1], [10500.7, 549.8]]}}, {"type": "Feature", "properties": {"name": "H\u1ebbm 16 Ph\u00f9ng Kh\u1eafc Khoan", "highway": "residential", "trusted": 0.5}, "geometry": {"type": "LineString", "coordinates": [[8232.4, 3188.0], [8373.6, 3392.6]]}}, {"type": "Feature", "properties": {"name": "H\u1ebbm 159 \u0110\u01b0\u1eddng \u0110i\u1ec7n Bi\u00ean Ph\u1ee7", "highway": "service", "trusted": 0.67}, "geometry": {"type": "LineString", "coordinates": [[9186.4, 2745.5], [9072.7, 2676.2], [9170.2, 2577.7]]}}, {"type": "Feature", "properties": {"name": null, "highway": "service", "trusted": 0.0}, "geometry": {"type": "LineString", "coordinates": [[8895.6, 2921.5], [8839.7, 2983.3], [8731.9, 2881.7]]}}, {"type": "Feature", "properties": {"name": null, "highway": "service", "trusted": 0.0}, "geometry": {"type": "LineString", "coordinates": [[8987.1, 2710.7], [8962.0, 2738.2], [9084.7, 2852.1]]}}, {"type": "Feature", "properties": {"name": null, "highway": "service", "trusted": 0.0}, "geometry": {"type": "LineString", "coordinates": [[9181.8, 2970.8], [9155.7, 2997.6]]}}, {"type": "Feature", "properties": {"name": null, "highway": "service", "trusted": 1.0}, "geometry": {"type": "LineString", "coordinates": [[9291.3, 3063.7], [9330.0, 3096.9], [9362.8, 3067.6]]}}, {"type": "Feature", "properties": {"name": "H\u1ebbm 94 \u0110\u01b0\u1eddng Nguy\u1ec5n V\u0103n Th\u1ee7", "highway": "service", "trusted": 1.0}, "geometry": {"type": "LineString", "coordinates": [[9396.7, 3418.7], [9308.2, 3506.4]]}}, {"type": "Feature", "properties": {"name": "H\u1ebbm 100 \u0110\u01b0\u1eddng Nguy\u1ec5n \u0110\u00ecnh Chi\u1ec3u", "highway": "service", "trusted": 1.0}, "geometry": {"type": "LineString", "coordinates": [[8973.2, 3308.8], [9019.0, 3353.9], [9054.7, 3381.6]]}}, {"type": "Feature", "properties": {"name": "H\u1ebbm 393 Hai B\u00e0 Tr\u01b0ng", "highway": "service", "trusted": 0.0}, "geometry": {"type": "LineString", "coordinates": [[10000.7, 281.7], [9888.3, 402.4], [9973.0, 468.0]]}}, {"type": "Feature", "properties": {"name": null, "highway": "service", "trusted": 1.0}, "geometry": {"type": "LineString", "coordinates": [[10388.9, 2836.3], [10413.6, 2841.1], [10422.5, 2859.5], [10392.4, 2894.9], [10354.0, 2924.1], [10319.8, 2998.3]]}}, {"type": "Feature", "properties": {"name": null, "highway": "service", "trusted": 0.5}, "geometry": {"type": "LineString", "coordinates": [[10879.0, 3010.5], [10627.8, 2947.3]]}}, {"type": "Feature", "properties": {"name": "H\u1ebbm 52 Nguy\u1ec5n Huy T\u1ef1", "highway": "service", "trusted": 1.0}, "geometry": {"type": "LineString", "coordinates": [[10630.9, 2864.1], [10717.1, 2857.1], [10721.5, 2824.0]]}}, {"type": "Feature", "properties": {"name": null, "highway": "service", "trusted": 1.0}, "geometry": {"type": "LineString", "coordinates": [[10741.5, 2427.4], [10596.2, 2474.1], [10587.6, 2476.9]]}}, {"type": "Feature", "properties": {"name": "H\u1ebbm 35 V\u0169 Huy T\u1ea5n", "highway": "residential", "trusted": 0.0}, "geometry": {"type": "LineString", "coordinates": [[11635.0, 1869.6], [11618.0, 2220.4]]}}, {"type": "Feature", "properties": {"name": "H\u1ebbm 43 \u0110\u1eb7ng Dung", "highway": "service", "trusted": 0.0}, "geometry": {"type": "LineString", "coordinates": [[10697.8, 1029.3], [10688.2, 1030.7], [10610.0, 1041.7], [10600.6, 1038.3], [10574.2, 1040.5]]}}, {"type": "Feature", "properties": {"name": null, "highway": "service", "trusted": 0.0}, "geometry": {"type": "LineString", "coordinates": [[10451.0, 824.9], [10454.0, 842.4], [10461.8, 887.4], [10521.9, 925.3]]}}, {"type": "Feature", "properties": {"name": null, "highway": "service", "trusted": 0.0}, "geometry": {"type": "LineString", "coordinates": [[11475.3, 1173.1], [11510.5, 1384.3]]}}, {"type": "Feature", "properties": {"name": null, "highway": "service", "trusted": 0.0}, "geometry": {"type": "LineString", "coordinates": [[11493.6, 909.4], [11498.5, 937.7], [11502.8, 966.8], [11505.2, 988.9], [11507.3, 1012.0], [11508.3, 1028.9], [11524.5, 1118.9], [11532.4, 1163.1], [11565.2, 1304.5]]}}, {"type": "Feature", "properties": {"name": "H\u1ebbm 38 Tr\u1ea7n Kh\u1eafc Ch\u00e2n", "highway": "service", "trusted": 0.0}, "geometry": {"type": "LineString", "coordinates": [[10946.1, 1259.7], [10971.6, 1407.7], [10985.0, 1479.4], [10992.9, 1520.4], [11003.6, 1615.6]]}}, {"type": "Feature", "properties": {"name": "H\u1ebbm 53/70 Tr\u1ea7n Kh\u00e1nh D\u01b0", "highway": "service", "trusted": 0.0}, "geometry": {"type": "LineString", "coordinates": [[11268.4, 1298.6], [11166.6, 1316.2], [11137.8, 1321.1], [11085.1, 1327.4], [11033.5, 1333.6]]}}, {"type": "Feature", "properties": {"name": null, "highway": "service", "trusted": 0.0}, "geometry": {"type": "LineString", "coordinates": [[11153.4, 1231.2], [11166.6, 1316.2], [11180.8, 1399.0]]}}, {"type": "Feature", "properties": {"name": null, "highway": "service", "trusted": 0.0}, "geometry": {"type": "LineString", "coordinates": [[11123.5, 1236.1], [11137.8, 1321.1], [11149.4, 1404.0]]}}, {"type": "Feature", "properties": {"name": "H\u1ebbm 50 Tr\u1ea7n Kh\u1eafc Ch\u00e2n", "highway": "service", "trusted": 0.0}, "geometry": {"type": "LineString", "coordinates": [[11018.3, 1248.2], [11033.5, 1333.6], [11048.7, 1422.4]]}}, {"type": "Feature", "properties": {"name": null, "highway": "service", "trusted": 0.0}, "geometry": {"type": "LineString", "coordinates": [[11209.0, 950.3], [11162.7, 967.8], [11179.6, 1094.6], [11192.5, 1222.9]]}}, {"type": "Feature", "properties": {"name": null, "highway": "service", "trusted": 0.0}, "geometry": {"type": "LineString", "coordinates": [[11370.8, 928.7], [11393.7, 1042.1], [11413.0, 1182.9]]}}, {"type": "Feature", "properties": {"name": null, "highway": "service", "trusted": 0.0}, "geometry": {"type": "LineString", "coordinates": [[11466.3, 1383.5], [11446.1, 1386.9]]}}, {"type": "Feature", "properties": {"name": null, "highway": "service", "trusted": 0.0}, "geometry": {"type": "LineString", "coordinates": [[11413.0, 1182.9], [11446.1, 1386.9]]}}, {"type": "Feature", "properties": {"name": "H\u1ebbm 44-46 Tr\u1ea7n Qu\u00fd Kho\u00e1ch", "highway": "service", "trusted": 0.0}, "geometry": {"type": "LineString", "coordinates": [[11086.8, 176.9], [10974.9, 195.1], [10901.8, 206.9]]}}, {"type": "Feature", "properties": {"name": "H\u1ebbm 267 \u0110i\u1ec7n Bi\u00ean Ph\u1ee7", "highway": "service", "trusted": 0.0}, "geometry": {"type": "LineString", "coordinates": [[6611.9, 316.6], [6786.3, 132.6]]}}, {"type": "Feature", "properties": {"name": "Nguy\u1ec5n C\u00f4ng Tr\u1ee9", "highway": "tertiary", "trusted": 1.0}, "geometry": {"type": "LineString", "coordinates": [[1941.9, 3381.6], [1922.5, 3363.1], [1780.8, 3212.8], [1697.8, 3120.6]]}}, {"type": "Feature", "properties": {"name": "B\u1ebfn V\u00e2n \u0110\u1ed3n", "highway": "secondary", "trusted": 1.0}, "geometry": {"type": "LineString", "coordinates": [[2242.0, 4873.1], [2213.9, 4864.9], [1895.0, 4615.4], [1771.3, 4511.6], [1709.6, 4456.4], [1643.7, 4394.1], [1603.0, 4348.1], [1567.9, 4304.8]]}}, {"type": "Feature", "properties": {"name": "Nguy\u1ec5n Th\u00e1i H\u1ecdc", "highway": "primary", "trusted": 0.0}, "geometry": {"type": "LineString", "coordinates": [[2787.7, 2399.3], [2690.9, 2451.8], [2666.5, 2464.0]]}}, {"type": "Feature", "properties": {"name": "Nguy\u1ec5n Th\u00e1i H\u1ecdc", "highway": "primary", "trusted": 0.25}, "geometry": {"type": "LineString", "coordinates": [[2602.4, 2499.2], [2585.9, 2508.8], [2566.5, 2519.3], [2382.6, 2643.6]]}}, {"type": "Feature", "properties": {"name": "Nguy\u1ec5n Th\u00e1i H\u1ecdc", "highway": "primary", "trusted": 1.0}, "geometry": {"type": "LineString", "coordinates": [[2317.7, 2722.1], [2339.8, 2708.9], [2415.4, 2665.5]]}}, {"type": "Feature", "properties": {"name": "L\u00ea L\u1ee3i", "highway": "tertiary", "trusted": 1.0}, "geometry": {"type": "LineString", "coordinates": [[3940.8, 3633.9], [3989.6, 3653.1], [4011.7, 3664.5], [4311.7, 3922.1], [4324.1, 3932.9], [4345.8, 3951.8]]}}, {"type": "Feature", "properties": {"name": "Mai Ch\u00ed Th\u1ecd", "highway": "trunk", "trusted": 0.0}, "geometry": {"type": "LineString", "coordinates": [[3388.6, 8125.0], [3419.3, 8305.7]]}}, {"type": "Feature", "properties": {"name": "V\u00f5 Th\u1ecb S\u00e1u", "highway": "primary", "trusted": 0.0}, "geometry": {"type": "LineString", "coordinates": [[8218.5, 576.8], [8195.4, 553.8]]}}, {"type": "Feature", "properties": {"name": "V\u00f5 Th\u1ecb S\u00e1u", "highway": "primary", "trusted": 0.0}, "geometry": {"type": "LineString", "coordinates": [[8195.4, 553.8], [8048.2, 407.0], [8020.5, 379.4], [7848.0, 207.4]]}}, {"type": "Feature", "properties": {"name": null, "highway": "service", "trusted": 0.0}, "geometry": {"type": "LineString", "coordinates": [[49.8, 6165.0], [121.3, 6189.8], [182.2, 6212.0]]}}, {"type": "Feature", "properties": {"name": "H\u1ebbm 330 Nguy\u1ec5n T\u1ea5t Th\u00e0nh", "highway": "service", "trusted": 0.0}, "geometry": {"type": "LineString", "coordinates": [[207.3, 7593.9], [167.1, 7563.3], [141.2, 7544.8], [123.7, 7529.2], [120.4, 7518.4], [12.0, 7444.8], [-33.4, 7412.5]]}}, {"type": "Feature", "properties": {"name": "H\u1ebbm 322 Nguy\u1ec5n T\u1ea5t Th\u00e0nh", "highway": "service", "trusted": 0.0}, "geometry": {"type": "LineString", "coordinates": [[291.5, 7457.0], [144.1, 7367.1], [45.3, 7304.3], [-33.4, 7409.0]]}}, {"type": "Feature", "properties": {"name": "H\u1ebbm 174 \u0110i\u1ec7n Bi\u00ean Ph\u1ee7", "highway": "residential", "trusted": 0.0}, "geometry": {"type": "LineString", "coordinates": [[12111.4, 5858.5], [12085.5, 5916.3]]}}, {"type": "Feature", "properties": {"name": "\u0110\u01b0\u1eddng C\u00e2y \u0110i\u1ec7p", "highway": "residential", "trusted": 1.0}, "geometry": {"type": "LineString", "coordinates": [[9481.5, 3490.3], [9474.2, 3508.7], [9290.0, 3709.4], [9173.0, 3828.8]]}}, {"type": "Feature", "properties": {"name": null, "highway": "service", "trusted": 1.0}, "geometry": {"type": "LineString", "coordinates": [[9434.1, 3036.2], [9651.3, 3229.2], [9609.8, 3280.8], [9598.2, 3295.2]]}}, {"type": "Feature", "properties": {"name": "H\u1ebbm 27 Nguy\u1ec5n B\u1ec9nh Khi\u00eam", "highway": "service", "trusted": 1.0}, "geometry": {"type": "LineString", "coordinates": [[9419.7, 5115.4], [9323.2, 5015.1]]}}, {"type": "Feature", "properties": {"name": "H\u1ebbm 29 Nguy\u1ec5n B\u1ec9nh Khi\u00eam", "highway": "residential", "trusted": 1.0}, "geometry": {"type": "LineString", "coordinates": [[9502.9, 5021.2], [9405.4, 4926.6]]}}, {"type": "Feature", "properties": {"name": null, "highway": "service", "trusted": 1.0}, "geometry": {"type": "LineString", "coordinates": [[9631.4, 4870.1], [9643.0, 4881.3], [9648.6, 4886.6], [9814.8, 5036.5], [9930.9, 5134.9]]}}, {"type": "Feature", "properties": {"name": "C\u00e1ch M\u1ea1ng Th\u00e1ng T\u00e1m", "highway": "primary", "trusted": 0.62}, "geometry": {"type": "LineString", "coordinates": [[4134.3, 1191.6], [4119.7, 1219.3], [4057.2, 1322.1], [3946.9, 1511.7], [3939.0, 1525.4], [3823.9, 1741.5], [3804.8, 1765.7], [3773.8, 1777.4]]}}, {"type": "Feature", "properties": {"name": "C\u00e1ch M\u1ea1ng Th\u00e1ng T\u00e1m", "highway": "primary", "trusted": 1.0}, "geometry": {"type": "LineString", "coordinates": [[3949.2, 1562.6], [3972.6, 1521.6], [4034.7, 1412.7], [4077.2, 1338.2], [4138.8, 1230.7], [4154.5, 1203.4]]}}, {"type": "Feature", "properties": {"name": "Tr\u1ea7n Qu\u1ed1c To\u1ea3n", "highway": "secondary", "trusted": 0.0}, "geometry": {"type": "LineString", "coordinates": [[8990.1, 321.6], [8721.3, 147.0]]}}, {"type": "Feature", "properties": {"name": "C\u00e1ch M\u1ea1ng Th\u00e1ng T\u00e1m", "highway": "primary", "trusted": 1.0}, "geometry": {"type": "LineString", "coordinates": [[4672.3, 303.2], [4690.3, 252.8], [4725.5, 190.7], [4755.5, 135.3]]}}, {"type": "Feature", "properties": {"name": "\u0110\u01b0\u1eddng Nguy\u1ec5n C\u00f4ng Hoan", "highway": "residential", "trusted": 0.0}, "geometry": {"type": "LineString", "coordinates": [[11906.6, 1072.3], [11823.4, 1054.9]]}}, {"type": "Feature", "properties": {"name": "\u0110\u01b0\u1eddng Nguy\u1ec5n C\u00f4ng Hoan", "highway": "residential", "trusted": 0.0}, "geometry": {"type": "LineString", "coordinates": [[11833.4, 1181.8], [11939.7, 1155.8]]}}, {"type": "Feature", "properties": {"name": "Hai B\u00e0 Tr\u01b0ng", "highway": "primary", "trusted": 0.0}, "geometry": {"type": "LineString", "coordinates": [[9771.1, 714.3], [9781.3, 702.1], [9822.4, 652.6], [9880.0, 579.4], [9932.2, 518.7], [9961.0, 483.0], [9973.0, 468.0], [10007.1, 428.9], [10059.9, 366.2], [10078.6, 343.7]]}}, {"type": "Feature", "properties": {"name": null, "highway": "primary", "trusted": 1.0}, "geometry": {"type": "LineString", "coordinates": [[2891.2, 5030.0], [2882.0, 5023.6], [2870.1, 5022.5], [2860.9, 5024.6], [2853.0, 5029.7], [2847.2, 5037.3], [2844.1, 5046.5], [2844.0, 5056.5], [2847.0, 5066.0]]}}, {"type": "Feature", "properties": {"name": "B\u1ebfn V\u00e2n \u0110\u1ed3n", "highway": "secondary", "trusted": 1.0}, "geometry": {"type": "LineString", "coordinates": [[2358.4, 5008.0], [2397.2, 5054.3], [2414.4, 5078.6], [2450.0, 5140.3], [2453.9, 5147.7]]}}, {"type": "Feature", "properties": {"name": "B\u1ebfn V\u00e2n \u0110\u1ed3n", "highway": "secondary", "trusted": 1.0}, "geometry": {"type": "LineString", "coordinates": [[1311.7, 3883.8], [1289.5, 3816.5], [1270.1, 3769.3], [1248.0, 3720.5], [1231.4, 3687.6], [1219.4, 3667.8], [1207.2, 3650.2], [1177.1, 3610.2], [1145.6, 3576.3]]}}, {"type": "Feature", "properties": {"name": "B\u1ebfn V\u00e2n \u0110\u1ed3n", "highway": "secondary", "trusted": 1.0}, "geometry": {"type": "LineString", "coordinates": [[1303.7, 3944.9], [1318.7, 3976.0], [1365.7, 4049.8], [1374.9, 4064.5], [1410.9, 4121.5], [1429.4, 4151.3], [1436.1, 4162.1], [1468.5, 4210.7], [1483.6, 4233.4], [1499.4, 4257.4], [1509.0, 4270.0], [1545.6, 4317.1], [1567.3, 4343.2], [1596.3, 4375.4], [1626.4, 4405.4]]}}, {"type": "Feature", "properties": {"name": null, "highway": "secondary", "trusted": 0.0}, "geometry": {"type": "LineString", "coordinates": [[2684.7, 5727.4], [2687.7, 5729.7], [2691.5, 5731.6], [2695.1, 5732.8], [2698.7, 5733.4], [2701.5, 5733.5], [2704.6, 5733.2], [2707.9, 5732.5], [2710.3, 5731.6], [2714.0, 5729.7], [2716.6, 5727.8], [2718.8, 5725.7], [2721.1, 5722.9], [2723.2, 5719.3], [2724.6, 5715.5], [2725.4, 5710.8], [2725.3, 5706.4], [2724.4, 5701.6], [2722.7, 5697.5], [2720.4, 5693.8], [2717.4, 5690.6], [2713.1, 5687.4], [2709.0, 5685.5], [2704.5, 5684.3], [2700.7, 5684.0], [2696.4, 5684.4], [2692.0, 5685.6], [2687.3, 5687.9], [2683.5, 5691.0], [2681.0, 5693.7], [2679.0, 5696.9]]}}, {"type": "Feature", "properties": {"name": "Nguy\u1ec5n Th\u1ecb Minh Khai", "highway": "primary", "trusted": 1.0}, "geometry": {"type": "LineString", "coordinates": [[4536.7, 782.7], [4588.0, 830.8], [4783.6, 1017.2], [4791.5, 1024.6], [4810.0, 1041.9]]}}, {"type": "Feature", "properties": {"name": "Phan Li\u00eam", "highway": "residential", "trusted": 1.0}, "geometry": {"type": "LineString", "coordinates": [[9883.3, 2279.5], [9751.0, 2436.8], [9561.8, 2656.4], [9458.3, 2774.5], [9441.1, 2793.2], [9435.7, 2801.5], [9431.1, 2810.3], [9426.1, 2823.5], [9426.4, 2833.5]]}}, {"type": "Feature", "properties": {"name": null, "highway": "residential", "trusted": 1.0}, "geometry": {"type": "LineString", "coordinates": [[9441.1, 2793.2], [9377.2, 2734.6], [9335.0, 2693.7], [9323.3, 2682.2], [9299.1, 2708.6]]}}, {"type": "Feature", "properties": {"name": "Nguy\u1ec5n Th\u1ecb Minh Khai", "highway": "primary", "trusted": 1.0}, "geometry": {"type": "LineString", "coordinates": [[4467.2, 664.6], [4440.3, 640.6]]}}, {"type": "Feature", "properties": {"name": "Tr\u1ecbnh V\u0103n C\u1ea5n", "highway": "residential", "trusted": 1.0}, "geometry": {"type": "LineString", "coordinates": [[2317.7, 2722.1], [2303.1, 2692.7]]}}, {"type": "Feature", "properties": {"name": "Ng\u00f4 V\u0103n S\u1edf", "highway": "residential", "trusted": 0.0}, "geometry": {"type": "LineString", "coordinates": [[555.4, 7069.5], [573.3, 7081.5], [713.1, 7204.2], [773.8, 7259.7], [846.6, 7320.3]]}}, {"type": "Feature", "properties": {"name": "L\u00ea V\u0103n Linh", "highway": "tertiary", "trusted": 1.0}, "geometry": {"type": "LineString", "coordinates": [[1191.4, 6171.2], [1203.1, 6177.2], [1236.8, 6194.3], [1507.6, 6331.5], [1516.2, 6337.8], [1524.0, 6344.7], [1530.4, 6353.1], [1535.4, 6361.6], [1539.4, 6370.8], [1549.2, 6394.7]]}}, {"type": "Feature", "properties": {"name": "L\u00ea V\u0103n Linh", "highway": "tertiary", "trusted": 1.0}, "geometry": {"type": "LineString", "coordinates": [[1572.3, 6384.8], [1563.0, 6361.8], [1558.8, 6354.5], [1554.2, 6347.3], [1548.9, 6339.9], [1543.5, 6333.4], [1537.1, 6327.0], [1530.5, 6321.5], [1434.3, 6271.5], [1358.8, 6233.0], [1245.7, 6176.2], [1213.4, 6160.0], [1201.9, 6153.7]]}}, {"type": "Feature", "properties": {"name": "H\u1ea7m S\u00f4ng S\u00e0i G\u00f2n", "highway": "trunk", "trusted": 1.0}, "geometry": {"type": "LineString", "coordinates": [[2715.2, 4820.2], [2662.5, 4740.9], [2611.0, 4671.4], [2550.1, 4600.0]]}}, {"type": "Feature", "properties": {"name": "H\u1ea7m S\u00f4ng S\u00e0i G\u00f2n", "highway": "trunk", "trusted": 1.0}, "geometry": {"type": "LineString", "coordinates": [[2589.2, 4733.7], [2637.2, 4791.4], [2680.6, 4848.9]]}}, {"type": "Feature", "properties": {"name": null, "highway": "service", "trusted": 1.0}, "geometry": {"type": "LineString", "coordinates": [[5066.0, 4153.5], [4950.0, 4036.1]]}}, {"type": "Feature", "properties": {"name": "C\u00e1ch M\u1ea1ng Th\u00e1ng T\u00e1m", "highway": "primary", "trusted": 1.0}, "geometry": {"type": "LineString", "coordinates": [[4647.6, 275.2], [4634.2, 317.0], [4607.7, 359.6], [4465.8, 607.5], [4440.3, 640.6]]}}, {"type": "Feature", "properties": {"name": "Nguy\u1ec5n Th\u1ecb Minh Khai", "highway": "primary", "trusted": 1.0}, "geometry": {"type": "LineString", "coordinates": [[4440.3, 640.6], [4420.2, 626.9], [4175.2, 384.9], [4150.0, 360.8], [4027.2, 243.0], [3924.6, 144.3]]}}, {"type": "Feature", "properties": {"name": "C\u00e1ch M\u1ea1ng Th\u00e1ng T\u00e1m", "highway": "primary", "trusted": 1.0}, "geometry": {"type": "LineString", "coordinates": [[4467.2, 664.6], [4485.1, 620.1], [4520.7, 555.4], [4592.0, 426.5], [4595.7, 419.6], [4649.2, 328.4], [4672.3, 303.2]]}}, {"type": "Feature", "properties": {"name": "Nguy\u1ec5n Th\u1ecb Minh Khai", "highway": "primary", "trusted": 1.0}, "geometry": {"type": "LineString", "coordinates": [[9970.2, 5738.2], [9815.9, 5607.1], [9801.9, 5595.4], [9692.3, 5508.1], [9522.7, 5371.4]]}}, {"type": "Feature", "properties": {"name": "C\u1ea7u Th\u1ecb Ngh\u00e8 1", "highway": "primary", "trusted": 1.0}, "geometry": {"type": "LineString", "coordinates": [[10535.0, 6308.5], [10234.3, 5992.9], [10117.7, 5877.9]]}}, {"type": "Feature", "properties": {"name": "\u0110inh Ti\u00ean Ho\u00e0ng", "highway": "primary", "trusted": 1.0}, "geometry": {"type": "LineString", "coordinates": [[8686.2, 4586.2], [8829.7, 4417.6], [8881.5, 4367.5], [9055.0, 4214.8], [9118.9, 4160.7], [9162.8, 4123.2], [9229.0, 4066.8], [9336.2, 3970.3]]}}, {"type": "Feature", "properties": {"name": "Nguy\u1ec5n T\u1ea5t Th\u00e0nh", "highway": "primary", "trusted": 0.0}, "geometry": {"type": "LineString", "coordinates": [[-39.1, 8003.3], [-42.6, 8009.0]]}}, {"type": "Feature", "properties": {"name": "T\u00f4n \u0110\u1ee9c Th\u1eafng", "highway": "primary", "trusted": 1.0}, "geometry": {"type": "LineString", "coordinates": [[6828.2, 6429.0], [6753.7, 6503.3], [6737.9, 6514.8], [6719.6, 6522.8], [6699.4, 6526.5], [6678.6, 6526.8]]}}, {"type": "Feature", "properties": {"name": "X\u00f3m Chi\u1ebfu", "highway": "tertiary", "trusted": 0.0}, "geometry": {"type": "LineString", "coordinates": [[-38.2, 7723.6], [58.9, 7784.7], [81.2, 7798.8]]}}, {"type": "Feature", "properties": {"name": "H\u1ebbm 117/5 Phan V\u0103n H\u00e2n", "highway": "service", "trusted": 0.0}, "geometry": {"type": "LineString", "coordinates": [[11049.7, 5589.4], [10977.1, 5824.5]]}}, {"type": "Feature", "properties": {"name": null, "highway": "residential", "trusted": 1.0}, "geometry": {"type": "LineString", "coordinates": [[778.0, 4174.9], [738.0, 4122.4], [670.4, 4033.2]]}}, {"type": "Feature", "properties": {"name": "L\u00ea Lai", "highway": "secondary", "trusted": 0.0}, "geometry": {"type": "LineString", "coordinates": [[3653.6, 2872.2], [3625.8, 2803.7], [3598.3, 2735.9], [3557.7, 2635.8], [3476.0, 2434.4], [3464.8, 2405.4], [3379.3, 2196.0]]}}, {"type": "Feature", "properties": {"name": "C\u00e1ch M\u1ea1ng Th\u00e1ng T\u00e1m", "highway": "primary", "trusted": 0.17}, "geometry": {"type": "LineString", "coordinates": [[3775.7, 1846.9], [3783.5, 1840.0], [3801.0, 1824.6], [3824.8, 1797.3], [3840.7, 1771.6], [3949.2, 1562.6]]}}, {"type": "Feature", "properties": {"name": "H\u1ebbm 82 V\u00f5 Th\u1ecb S\u00e1u", "highway": "service", "trusted": 1.0}, "geometry": {"type": "LineString", "coordinates": [[9678.5, 1550.4], [9534.0, 1507.6], [9521.7, 1532.5], [9520.4, 1538.4], [9512.4, 1574.2], [9509.7, 1601.7], [9510.9, 1616.2], [9486.0, 1719.0], [9448.0, 1788.1], [9433.0, 1814.8]]}}, {"type": "Feature", "properties": {"name": null, "highway": "service", "trusted": 1.0}, "geometry": {"type": "LineString", "coordinates": [[9510.9, 1616.2], [9621.4, 1644.8]]}}, {"type": "Feature", "properties": {"name": "C\u1ea7u Calmette", "highway": "secondary", "trusted": 1.0}, "geometry": {"type": "LineString", "coordinates": [[1385.1, 4896.5], [1409.9, 4856.6], [1518.9, 4674.4], [1585.4, 4567.4], [1660.1, 4460.7], [1727.6, 4384.0]]}}, {"type": "Feature", "properties": {"name": "C\u1ea7u Calmette", "highway": "secondary", "trusted": 1.0}, "geometry": {"type": "LineString", "coordinates": [[1850.4, 4246.7], [1819.3, 4267.6], [1776.2, 4301.1]]}}, {"type": "Feature", "properties": {"name": "C\u1ea7u Tr\u1ea7n Kh\u00e1nh D\u01b0", "highway": "tertiary", "trusted": 0.0}, "geometry": {"type": "LineString", "coordinates": [[11622.5, 1156.5], [11812.7, 1133.6]]}}, {"type": "Feature", "properties": {"name": "H\u1ebbm 15 \u0110\u01b0\u1eddng \u0110o\u00e0n Nh\u01b0 H\u00e0i", "highway": "residential", "trusted": 1.0}, "geometry": {"type": "LineString", "coordinates": [[2186.2, 5913.6], [2068.9, 5971.1]]}}, {"type": "Feature", "properties": {"name": "\u0110\u01b0\u1eddng B\u00f9i H\u1eefu Ngh\u0129a", "highway": "tertiary", "trusted": 0.0}, "geometry": {"type": "LineString", "coordinates": [[11679.2, 3535.4], [11451.7, 3443.3], [11269.6, 3372.6], [11142.0, 3336.7]]}}, {"type": "Feature", "properties": {"name": "H\u1ea3i Tri\u1ec1u", "highway": "residential", "trusted": 0.0}, "geometry": {"type": "LineString", "coordinates": [[3990.2, 5721.9], [3839.8, 5579.4], [3780.0, 5525.1], [3710.1, 5460.3], [3682.9, 5433.0], [3676.4, 5423.8], [3665.2, 5407.8], [3647.1, 5367.5]]}}, {"type": "Feature", "properties": {"name": "H\u1ed3 T\u00f9ng M\u1eadu", "highway": "residential", "trusted": 0.0}, "geometry": {"type": "LineString", "coordinates": [[3380.9, 5484.0], [3124.2, 5608.9], [3076.5, 5632.1]]}}, {"type": "Feature", "properties": {"name": "H\u1ed3 T\u00f9ng M\u1eadu", "highway": "residential", "trusted": 0.25}, "geometry": {"type": "LineString", "coordinates": [[4366.2, 4999.3], [4047.1, 5162.5], [3875.6, 5243.4], [3759.0, 5301.4], [3710.5, 5325.5], [3691.6, 5334.9], [3663.9, 5352.8], [3647.1, 5367.5]]}}, {"type": "Feature", "properties": {"name": "Ph\u1ea1m Ng\u0169 L\u00e3o", "highway": "secondary", "trusted": 0.0}, "geometry": {"type": "LineString", "coordinates": [[2504.6, 918.4], [2519.5, 957.4], [2522.6, 966.3], [2598.9, 1156.3], [2607.1, 1176.7], [2615.7, 1198.7], [2646.4, 1276.3], [2652.9, 1293.1], [2659.8, 1310.0], [2690.6, 1387.5], [2717.4, 1455.1], [2743.7, 1521.6], [2747.5, 1531.2], [2794.1, 1647.5], [2852.3, 1795.4], [2863.1, 1822.8]]}}, {"type": "Feature", "properties": {"name": "C\u1ea7u \u00d4ng L\u00e3nh", "highway": "secondary", "trusted": 0.0}, "geometry": {"type": "LineString", "coordinates": [[351.0, 4049.5], [325.2, 4065.2]]}}, {"type": "Feature", "properties": {"name": "B\u1ebfn Th\u01b0\u01a1ng Kh\u1ea9u", "highway": "service", "trusted": 0.0}, "geometry": {"type": "LineString", "coordinates": [[1143.3, 7332.8], [980.3, 7492.6], [831.6, 7652.7], [753.3, 7736.9], [573.6, 8008.0], [556.9, 8033.2], [431.3, 8242.2], [385.7, 8321.9], [251.1, 8557.3], [158.2, 8730.3], [53.6, 8925.2], [46.9, 8937.8], [16.3, 8993.3]]}}, {"type": "Feature", "properties": {"name": "Mai Ch\u00ed Th\u1ecd", "highway": "primary", "trusted": 0.0}, "geometry": {"type": "LineString", "coordinates": [[3475.3, 8743.0], [3477.0, 8769.1], [3474.6, 8792.5], [3468.7, 8821.7], [3460.0, 8853.5], [3456.7, 8868.7], [3455.6, 8883.4], [3456.6, 8897.0], [3475.7, 9027.3], [3479.3, 9046.8]]}}, {"type": "Feature", "properties": {"name": "C\u00f4ng tr\u01b0\u1eddng Lam S\u01a1n", "highway": "residential", "trusted": 1.0}, "geometry": {"type": "LineString", "coordinates": [[5629.2, 5123.0], [5584.9, 5176.6], [5557.8, 5209.3]]}}, {"type": "Feature", "properties": {"name": null, "highway": "service", "trusted": 1.0}, "geometry": {"type": "LineString", "coordinates": [[5785.8, 2579.0], [5770.8, 2572.4], [5753.6, 2562.7], [5739.2, 2557.0], [5724.2, 2554.4], [5707.8, 2557.8], [5690.6, 2568.9], [5674.5, 2585.1], [5660.5, 2600.1], [5652.4, 2608.9], [5638.9, 2624.7], [5625.7, 2641.4], [5622.6, 2656.3], [5624.7, 2671.6], [5629.1, 2688.1], [5636.4, 2703.3], [5646.8, 2717.5]]}}, {"type": "Feature", "properties": {"name": "Nguy\u1ec5n Th\u1ecb Minh Khai", "highway": "primary", "trusted": 1.0}, "geometry": {"type": "LineString", "coordinates": [[3861.3, 121.2], [4060.0, 316.2], [4094.0, 349.5], [4130.3, 385.1], [4153.8, 408.1], [4371.1, 621.2]]}}, {"type": "Feature", "properties": {"name": "Nguy\u1ec5n Tr\u00e3i", "highway": "secondary", "trusted": 0.0}, "geometry": {"type": "LineString", "coordinates": [[2146.0, 156.8], [2137.1, 153.2], [2083.5, 131.7], [2022.2, 108.8], [2001.3, 101.5], [1965.1, 88.7], [1915.0, 70.4], [1895.9, 63.2], [1882.8, 58.2], [1795.5, 24.8]]}}, {"type": "Feature", "properties": {"name": "C\u1ed1ng Qu\u1ef3nh", "highway": "secondary", "trusted": 0.0}, "geometry": {"type": "LineString", "coordinates": [[2246.5, 182.4], [2262.6, 140.4], [2296.2, 62.0], [2308.8, 32.8]]}}, {"type": "Feature", "properties": {"name": null, "highway": "service", "trusted": 1.0}, "geometry": {"type": "LineString", "coordinates": [[5785.8, 2579.0], [5779.0, 2575.6], [5772.8, 2571.1], [5767.4, 2565.6], [5762.0, 2557.7], [5758.4, 2549.1], [5756.6, 2540.1], [5756.5, 2521.0], [5758.4, 2502.3], [5757.6, 2491.7], [5755.3, 2481.3], [5751.7, 2471.0], [5744.4, 2457.2], [5734.7, 2444.6], [5723.1, 2432.4], [5710.3, 2421.4], [5699.0, 2413.6], [5681.7, 2403.8], [5563.6, 2298.7], [5480.3, 2193.5]]}}, {"type": "Feature", "properties": {"name": null, "highway": "service", "trusted": 1.0}, "geometry": {"type": "LineString", "coordinates": [[5694.9, 2631.8], [5681.7, 2646.4], [5670.1, 2662.5], [5660.4, 2679.8], [5652.6, 2698.3], [5646.8, 2717.5], [5643.1, 2737.5], [5641.9, 2750.0], [5642.4, 2762.7], [5644.6, 2775.4], [5648.4, 2787.7], [5653.7, 2799.4], [5660.5, 2810.5], [5668.6, 2820.7], [5681.5, 2832.6], [5695.4, 2843.1], [5710.3, 2852.1], [5726.0, 2859.5], [5746.4, 2866.5], [5767.4, 2870.7], [5788.5, 2872.0], [5808.0, 2871.7], [5827.0, 2869.1], [5845.3, 2864.1], [5862.8, 2857.0], [5877.5, 2848.8], [5891.1, 2838.9], [5903.3, 2827.6], [5915.8, 2810.8], [5925.9, 2792.4], [5933.4, 2772.8], [5938.3, 2752.0], [5940.5, 2730.6], [5939.9, 2708.8], [5936.6, 2686.9], [5932.5, 2670.7], [5926.3, 2654.9], [5918.3, 2639.8], [5908.6, 2625.7], [5898.2, 2613.6], [5886.5, 2602.7], [5873.7, 2593.1], [5862.0, 2586.6], [5849.8, 2581.6], [5837.1, 2578.2], [5822.3, 2576.3], [5807.5, 2576.1], [5785.8, 2579.0], [5765.0, 2584.6], [5745.2, 2592.9], [5726.7, 2603.6], [5709.8, 2616.6], [5694.9, 2631.8]]}}, {"type": "Feature", "properties": {"name": "Mai Ch\u00ed Th\u1ecd", "highway": "tertiary", "trusted": 0.0}, "geometry": {"type": "LineString", "coordinates": [[3676.8, 9049.8], [3624.7, 8748.6], [3618.9, 8716.7], [3502.7, 7988.2], [3499.0, 7966.0], [3400.6, 7360.8], [3392.9, 7313.0]]}}, {"type": "Feature", "properties": {"name": "H\u1ed3 T\u00f9ng M\u1eadu", "highway": "residential", "trusted": 0.0}, "geometry": {"type": "LineString", "coordinates": [[3629.6, 5365.7], [3607.9, 5353.4], [3587.7, 5341.9]]}}, {"type": "Feature", "properties": {"name": null, "highway": "service", "trusted": 0.0}, "geometry": {"type": "LineString", "coordinates": [[5046.1, 7640.2], [5024.4, 7640.3], [4859.8, 7642.9], [4850.9, 7641.5], [4846.0, 7640.6], [4841.4, 7638.1], [4838.1, 7635.3], [4836.8, 7633.6], [4835.7, 7631.3], [4835.0, 7629.0], [4834.5, 7626.1], [4834.0, 7619.1]]}}, {"type": "Feature", "properties": {"name": "Tr\u01b0\u1eddng Sa", "highway": "tertiary", "trusted": 0.0}, "geometry": {"type": "LineString", "coordinates": [[11097.4, 3569.0], [11090.2, 3480.6], [11090.0, 3399.5], [11095.7, 3350.9]]}}, {"type": "Feature", "properties": {"name": "Tr\u01b0\u1eddng Sa", "highway": "tertiary", "trusted": 0.0}, "geometry": {"type": "LineString", "coordinates": [[11052.6, 2762.8], [11053.7, 2741.6], [11058.4, 2709.6], [11057.1, 2681.4], [11043.6, 2629.8], [11040.5, 2600.3], [11043.6, 2564.6], [11053.0, 2533.3], [11063.9, 2508.4], [11073.1, 2494.0], [11103.6, 2468.2], [11147.4, 2453.8], [11220.3, 2448.9], [11282.1, 2460.1], [11366.8, 2473.1], [11415.7, 2471.9], [11447.7, 2466.3], [11452.8, 2465.5], [11500.4, 2442.3], [11534.1, 2409.4], [11546.4, 2384.3], [11552.3, 2372.3], [11556.6, 2361.0], [11564.8, 2323.6], [11565.9, 2276.5], [11562.1, 2217.9]]}}, {"type": "Feature", "properties": {"name": "Ho\u00e0ng Di\u1ec7u", "highway": "primary", "trusted": 0.0}, "geometry": {"type": "LineString", "coordinates": [[24.8, 3643.4], [114.9, 3769.4]]}}, {"type": "Feature", "properties": {"name": "Nguy\u1ec5n H\u1eefu H\u00e0o", "highway": "tertiary", "trusted": 1.0}, "geometry": {"type": "LineString", "coordinates": [[1303.7, 3944.9], [1281.6, 3958.7], [1273.3, 3962.2], [1151.3, 4012.8], [1097.6, 4031.7], [1048.5, 4049.1], [988.2, 4074.8], [948.0, 4093.3], [886.3, 4121.5], [874.9, 4128.1], [842.1, 4140.7], [815.7, 4153.2], [778.0, 4174.9]]}}, {"type": "Feature", "properties": {"name": "H\u1ebbm 135 Nguy\u1ec5n C\u1eedu V\u00e2n", "highway": "residential", "trusted": 0.0}, "geometry": {"type": "LineString", "coordinates": [[11907.9, 5898.9], [11763.5, 5831.9], [11675.9, 5808.5], [11594.8, 5787.5], [11537.9, 5773.5]]}}, {"type": "Feature", "properties": {"name": "H\u1ebbm 140 \u0110i\u1ec7n Bi\u00ean Ph\u1ee7", "highway": "service", "trusted": 0.0}, "geometry": {"type": "LineString", "coordinates": [[11789.7, 5187.8], [11773.6, 5203.5], [11764.2, 5226.5], [11737.4, 5308.2], [11747.3, 5328.2], [11727.2, 5432.6], [11723.5, 5451.9], [11709.5, 5578.9], [11628.8, 5564.9], [11569.3, 5700.8], [11537.9, 5773.5], [11532.0, 5800.9]]}}, {"type": "Feature", "properties": {"name": "H\u1ebbm 32 Nguy\u1ec5n C\u1eedu V\u00e2n", "highway": "service", "trusted": 0.0}, "geometry": {"type": "LineString", "coordinates": [[11863.0, 6461.2], [11754.6, 6397.7], [11672.3, 6339.5]]}}, {"type": "Feature", "properties": {"name": "H\u1ebbm 46 Nguy\u1ec5n C\u1eedu V\u00e2n", "highway": "residential", "trusted": 0.0}, "geometry": {"type": "LineString", "coordinates": [[11707.4, 6231.7], [11757.0, 6272.5], [11836.5, 6218.6], [11842.3, 6212.3], [11951.0, 6093.0], [12092.3, 6224.3], [12105.5, 6237.7]]}}, {"type": "Feature", "properties": {"name": "Tr\u1ea7n Quang Kh\u1ea3i", "highway": "tertiary", "trusted": 0.0}, "geometry": {"type": "LineString", "coordinates": [[10287.0, 355.5], [10327.7, 559.2], [10340.7, 653.2], [10356.0, 738.4], [10371.4, 831.9]]}}, {"type": "Feature", "properties": {"name": "Nam K\u1ef3 Kh\u1edfi Ngh\u0129a", "highway": "primary", "trusted": 0.0}, "geometry": {"type": "LineString", "coordinates": [[8195.4, 553.8], [8156.3, 600.0], [7940.9, 821.8], [7690.5, 1090.8]]}}, {"type": "Feature", "properties": {"name": null, "highway": "service", "trusted": 0.0}, "geometry": {"type": "LineString", "coordinates": [[694.6, 6538.3], [708.6, 6522.7], [736.4, 6537.2], [748.2, 6506.5], [676.4, 6466.7], [670.6, 6493.7], [689.8, 6508.2], [674.6, 6526.3]]}}, {"type": "Feature", "properties": {"name": "Pasteur", "highway": "secondary", "trusted": 0.0}, "geometry": {"type": "LineString", "coordinates": [[8492.8, 849.5], [8686.2, 640.4], [8702.5, 620.2], [8717.8, 601.8], [8792.4, 525.0], [8990.1, 321.6]]}}, {"type": "Feature", "properties": {"name": "T\u00f4n \u0110\u1ee9c Th\u1eafng", "highway": "primary", "trusted": 0.0}, "geometry": {"type": "LineString", "coordinates": [[4872.2, 6138.4], [4906.9, 6141.9], [4945.2, 6144.7], [4960.1, 6146.0], [5050.1, 6154.0], [5058.4, 6154.7], [5077.3, 6155.9]]}}, {"type": "Feature", "properties": {"name": "Hai B\u00e0 Tr\u01b0ng", "highway": "primary", "trusted": 0.0}, "geometry": {"type": "LineString", "coordinates": [[8070.7, 2763.5], [8083.1, 2749.7], [8349.0, 2436.1], [8364.5, 2417.8], [8371.6, 2409.5], [8381.8, 2396.6]]}}, {"type": "Feature", "properties": {"name": "H\u1ebbm 18A Nguy\u1ec5n Th\u1ecb Minh Khai", "highway": "residential", "trusted": 1.0}, "geometry": {"type": "LineString", "coordinates": [[8836.2, 3994.0], [8779.5, 4044.6], [8770.9, 4039.8], [8745.2, 4064.5], [8533.9, 4277.4], [8461.2, 4356.7], [8443.8, 4375.7]]}}, {"type": "Feature", "properties": {"name": null, "highway": "service", "trusted": 1.0}, "geometry": {"type": "LineString", "coordinates": [[9155.8, 3813.4], [9146.8, 3821.6], [9056.7, 3901.6], [9021.9, 3902.2], [8939.6, 3979.2]]}}, {"type": "Feature", "properties": {"name": "H\u1ebbm 62 \u0110i\u1ec7n Bi\u00ean Ph\u1ee7", "highway": "service", "trusted": 0.0}, "geometry": {"type": "LineString", "coordinates": [[11473.3, 5100.3], [11428.6, 5352.4], [11416.4, 5419.8]]}}, {"type": "Feature", "properties": {"name": "Tr\u01b0\u1eddng Sa", "highway": "residential", "trusted": 1.0}, "geometry": {"type": "LineString", "coordinates": [[9125.8, 7084.9], [9075.2, 7011.7], [9075.6, 6984.6], [9083.3, 6957.1], [9183.7, 6849.4], [9293.3, 6756.8], [9324.6, 6730.3], [9487.1, 6635.3], [9545.7, 6599.9], [9638.4, 6564.4], [9805.2, 6504.2], [9836.2, 6493.9], [9940.6, 6467.1], [9983.0, 6463.4], [10024.7, 6463.7]]}}, {"type": "Feature", "properties": {"name": "Mai Ch\u00ed Th\u1ecd", "highway": "trunk", "trusted": 0.0}, "geometry": {"type": "LineString", "coordinates": [[3589.8, 9048.5], [3584.9, 9025.5], [3570.6, 8946.5], [3554.2, 8873.5], [3533.3, 8803.9]]}}, {"type": "Feature", "properties": {"name": "Mai Ch\u00ed Th\u1ecd", "highway": "trunk", "trusted": 0.0}, "geometry": {"type": "LineString", "coordinates": [[3533.3, 8803.9], [3474.9, 8457.2]]}}, {"type": "Feature", "properties": {"name": "Mai Ch\u00ed Th\u1ecd", "highway": "primary", "trusted": 0.0}, "geometry": {"type": "LineString", "coordinates": [[3645.4, 9049.4], [3614.9, 8886.5], [3610.5, 8865.9], [3603.7, 8846.7], [3593.7, 8827.6], [3578.7, 8806.1]]}}, {"type": "Feature", "properties": {"name": "H\u1ebbm 74 Hai B\u00e0 Tr\u01b0ng", "highway": "service", "trusted": 0.0}, "geometry": {"type": "LineString", "coordinates": [[5980.9, 5270.8], [5857.6, 5162.6]]}}, {"type": "Feature", "properties": {"name": "L\u00ea Th\u00e1nh T\u00f4n", "highway": "tertiary", "trusted": 1.0}, "geometry": {"type": "LineString", "coordinates": [[5657.7, 4589.3], [5633.0, 4566.8], [5543.3, 4485.1], [5491.7, 4436.2]]}}, {"type": "Feature", "properties": {"name": "L\u00ea Th\u00e1nh T\u00f4n", "highway": "tertiary", "trusted": 0.0}, "geometry": {"type": "LineString", "coordinates": [[4216.1, 3086.6], [4184.8, 3037.9], [4175.7, 3023.6], [4068.1, 2855.8]]}}, {"type": "Feature", "properties": {"name": "C\u1ea7u Ba Son", "highway": "secondary", "trusted": 0.88}, "geometry": {"type": "LineString", "coordinates": [[6664.2, 6752.9], [6700.7, 6693.3], [6740.9, 6630.0], [6778.1, 6577.7], [6817.2, 6527.1], [6856.4, 6482.2], [6900.8, 6436.0], [7644.8, 5666.1]]}}, {"type": "Feature", "properties": {"name": "C\u1ea7u Ba Son", "highway": "secondary", "trusted": 0.7}, "geometry": {"type": "LineString", "coordinates": [[7628.5, 5650.8], [6883.3, 6420.1], [6838.7, 6467.7], [6797.5, 6515.0], [6759.1, 6563.7], [6717.5, 6623.8], [6680.5, 6682.4], [6645.3, 6741.6], [6161.6, 7609.0], [5915.2, 8041.2]]}}, {"type": "Feature", "properties": {"name": "T\u00f4n \u0110\u1ee9c Th\u1eafng", "highway": "primary", "trusted": 0.0}, "geometry": {"type": "LineString", "coordinates": [[3514.2, 6009.6], [3653.0, 6024.7], [4198.9, 6077.0], [4298.5, 6086.5], [4441.3, 6100.2], [4872.2, 6138.4]]}}, {"type": "Feature", "properties": {"name": "Nguy\u1ec5n H\u1eefu C\u1ea3nh", "highway": "primary", "trusted": 0.2}, "geometry": {"type": "LineString", "coordinates": [[8383.1, 6893.2], [8449.5, 6910.8], [8502.3, 6931.7], [8630.2, 6985.2], [8706.5, 7044.1]]}}, {"type": "Feature", "properties": {"name": "Nguy\u1ec5n Tr\u00e3i", "highway": "secondary", "trusted": 0.0}, "geometry": {"type": "LineString", "coordinates": [[2669.0, 428.0], [2631.6, 393.1], [2623.6, 386.5], [2602.0, 370.5], [2548.0, 332.8], [2515.2, 311.8], [2482.2, 293.1], [2462.1, 283.4]]}}, {"type": "Feature", "properties": {"name": "L\u00ea Lai", "highway": "secondary", "trusted": 0.0}, "geometry": {"type": "LineString", "coordinates": [[3336.7, 2091.0], [3325.2, 2061.3], [3303.5, 2006.6]]}}, {"type": "Feature", "properties": {"name": "Pasteur", "highway": "secondary", "trusted": 0.0}, "geometry": {"type": "LineString", "coordinates": [[7983.7, 1375.4], [8110.7, 1244.2], [8298.1, 1050.5], [8492.8, 849.5]]}}, {"type": "Feature", "properties": {"name": "\u0110i\u1ec7n Bi\u00ean Ph\u1ee7", "highway": "primary", "trusted": 0.0}, "geometry": {"type": "LineString", "coordinates": [[12120.0, 5302.7], [11922.7, 5119.9], [11804.8, 5003.3], [11621.7, 4818.8], [11580.8, 4782.7], [11492.3, 4704.5], [11437.5, 4655.8], [11343.7, 4611.9], [11296.5, 4589.8]]}}, {"type": "Feature", "properties": {"name": "Nguy\u1ec5n B\u1ec9nh Khi\u00eam", "highway": "primary", "trusted": 1.0}, "geometry": {"type": "LineString", "coordinates": [[9929.4, 4522.0], [10006.5, 4436.9], [10084.9, 4351.3], [10095.0, 4338.8], [10180.7, 4248.2], [10205.7, 4221.5], [10219.7, 4206.3], [10250.2, 4173.3]]}}, {"type": "Feature", "properties": {"name": "Nguy\u1ec5n \u0110\u00ecnh Chi\u1ec3u", "highway": "secondary", "trusted": 0.9}, "geometry": {"type": "LineString", "coordinates": [[6284.5, 1052.0], [6031.1, 924.0], [5910.9, 813.1], [5871.6, 776.1], [5860.8, 765.5], [5833.7, 738.9], [5807.1, 713.9], [5561.1, 481.2], [5486.0, 406.3], [5459.5, 379.8]]}}, {"type": "Feature", "properties": {"name": "Nam K\u1ef3 Kh\u1edfi Ngh\u0129a", "highway": "secondary", "trusted": 1.0}, "geometry": {"type": "LineString", "coordinates": [[6384.1, 2468.2], [6150.4, 2722.9], [6131.6, 2743.6], [6116.0, 2760.9], [6014.7, 2870.9], [5983.7, 2908.1]]}}, {"type": "Feature", "properties": {"name": null, "highway": "secondary", "trusted": 1.0}, "geometry": {"type": "LineString", "coordinates": [[3625.8, 4325.1], [3598.9, 4336.2], [3586.1, 4342.5]]}}, {"type": "Feature", "properties": {"name": "H\u00e0m Nghi", "highway": "primary", "trusted": 1.0}, "geometry": {"type": "LineString", "coordinates": [[3549.4, 4358.6], [3547.0, 4411.2], [3542.2, 4520.7], [3539.8, 4570.2], [3533.4, 4723.4], [3529.3, 4798.2]]}}, {"type": "Feature", "properties": {"name": "C\u00f4ng tr\u01b0\u1eddng M\u00ea Linh", "highway": "primary", "trusted": 0.0}, "geometry": {"type": "LineString", "coordinates": [[4818.7, 6069.5], [4822.4, 6089.6], [4835.7, 6112.7], [4853.7, 6128.4], [4872.2, 6138.4]]}}, {"type": "Feature", "properties": {"name": "C\u00f4ng tr\u01b0\u1eddng M\u00ea Linh", "highway": "primary", "trusted": 0.0}, "geometry": {"type": "LineString", "coordinates": [[5150.6, 6031.7], [5139.4, 6002.0], [5123.7, 5977.5], [5105.1, 5957.3]]}}, {"type": "Feature", "properties": {"name": "Hai B\u00e0 Tr\u01b0ng", "highway": "primary", "trusted": 0.67}, "geometry": {"type": "LineString", "coordinates": [[5411.3, 5652.7], [5526.4, 5526.5], [5677.9, 5336.4]]}}, {"type": "Feature", "properties": {"name": "Nguy\u1ec5n C\u00f4ng Tr\u1ee9", "highway": "tertiary", "trusted": 1.0}, "geometry": {"type": "LineString", "coordinates": [[3004.2, 4594.3], [2982.4, 4569.9], [2928.5, 4509.1], [2927.0, 4507.4], [2876.7, 4450.4], [2826.6, 4392.7], [2798.6, 4359.8], [2765.7, 4321.0], [2683.9, 4224.9], [2662.3, 4199.8]]}}, {"type": "Feature", "properties": {"name": "Nguy\u1ec5n Thi\u1ec7p", "highway": "residential", "trusted": 1.0}, "geometry": {"type": "LineString", "coordinates": [[5114.4, 5168.0], [4932.5, 4983.4], [4907.6, 4957.2]]}}, {"type": "Feature", "properties": {"name": "H\u00e0m Nghi", "highway": "primary", "trusted": 1.0}, "geometry": {"type": "LineString", "coordinates": [[3584.6, 3701.6], [3568.6, 3763.0], [3556.2, 4120.1], [3551.7, 4276.4], [3549.4, 4358.6]]}}, {"type": "Feature", "properties": {"name": "V\u00f5 V\u0103n Ki\u1ec7t", "highway": "primary", "trusted": 1.0}, "geometry": {"type": "LineString", "coordinates": [[2891.2, 5030.0], [2880.7, 5003.7], [2876.9, 4994.1], [2848.8, 4936.5], [2820.3, 4876.7], [2791.8, 4831.1], [2712.6, 4712.3]]}}, {"type": "Feature", "properties": {"name": "Thi S\u00e1ch", "highway": "residential", "trusted": 0.0}, "geometry": {"type": "LineString", "coordinates": [[5619.1, 5853.2], [5588.4, 5874.0], [5519.5, 5899.1], [5333.3, 5967.2], [5203.8, 6013.6], [5185.2, 6020.1], [5150.6, 6031.7]]}}, {"type": "Feature", "properties": {"name": "\u0110\u00f4ng Du", "highway": "residential", "trusted": 1.0}, "geometry": {"type": "LineString", "coordinates": [[5005.8, 5281.0], [5098.8, 5367.3], [5134.1, 5399.8], [5273.5, 5526.6], [5320.8, 5570.0], [5411.3, 5652.7]]}}, {"type": "Feature", "properties": {"name": "Nguy\u1ec5n Th\u1ecb Minh Khai", "highway": "primary", "trusted": 1.0}, "geometry": {"type": "LineString", "coordinates": [[4810.0, 1041.9], [4839.9, 1063.6], [5001.5, 1209.1], [5134.2, 1327.4], [5152.6, 1324.9]]}}, {"type": "Feature", "properties": {"name": "Nguy\u1ec5n Th\u1ecb Minh Khai", "highway": "primary", "trusted": 1.0}, "geometry": {"type": "LineString", "coordinates": [[6674.3, 2755.5], [7065.1, 3087.1]]}}, {"type": "Feature", "properties": {"name": "Pasteur", "highway": "secondary", "trusted": 0.6}, "geometry": {"type": "LineString", "coordinates": [[6674.3, 2755.5], [6985.3, 2440.1], [7034.6, 2392.0], [7256.5, 2138.6], [7332.3, 2054.0]]}}, {"type": "Feature", "properties": {"name": "V\u00f5 Th\u1ecb S\u00e1u", "highway": "primary", "trusted": 0.0}, "geometry": {"type": "LineString", "coordinates": [[8349.8, 707.3], [8218.5, 576.8]]}}, {"type": "Feature", "properties": {"name": "V\u00f5 Th\u1ecb S\u00e1u", "highway": "primary", "trusted": 0.0}, "geometry": {"type": "LineString", "coordinates": [[8492.8, 849.5], [8349.8, 707.3]]}}, {"type": "Feature", "properties": {"name": "Nguy\u1ec5n \u0110\u00ecnh Chi\u1ec3u", "highway": "secondary", "trusted": 1.0}, "geometry": {"type": "LineString", "coordinates": [[5459.5, 379.8], [5260.5, 198.0], [5203.7, 142.3]]}}, {"type": "Feature", "properties": {"name": "B\u00e0 Huy\u1ec7n Thanh Quan", "highway": "tertiary", "trusted": 0.86}, "geometry": {"type": "LineString", "coordinates": [[5739.7, 85.7], [5573.6, 262.7], [5473.0, 366.0], [5459.5, 379.8], [5297.6, 546.8], [5163.6, 684.8], [5122.4, 726.0]]}}, {"type": "Feature", "properties": {"name": "\u0110i\u1ec7n Bi\u00ean Ph\u1ee7", "highway": "primary", "trusted": 0.0}, "geometry": {"type": "LineString", "coordinates": [[7983.7, 1375.4], [8014.6, 1405.4], [8362.9, 1743.7]]}}, {"type": "Feature", "properties": {"name": "V\u00f5 V\u0103n Ki\u1ec7t", "highway": "primary", "trusted": 1.0}, "geometry": {"type": "LineString", "coordinates": [[1672.5, 3713.6], [1654.5, 3698.2], [1640.4, 3690.3], [1620.4, 3679.2]]}}, {"type": "Feature", "properties": {"name": "Ng\u00e3 n\u0103m C\u1ed1ng Qu\u1ef3nh", "highway": "secondary", "trusted": 0.0}, "geometry": {"type": "LineString", "coordinates": [[2267.4, 206.2], [2265.2, 198.3], [2260.8, 191.4], [2254.7, 186.0], [2246.5, 182.4]]}}, {"type": "Feature", "properties": {"name": "C\u00f4ng tr\u01b0\u1eddng M\u00ea Linh", "highway": "primary", "trusted": 0.0}, "geometry": {"type": "LineString", "coordinates": [[5105.1, 5957.3], [5083.3, 5938.5], [5057.0, 5923.5], [5028.8, 5913.3], [5000.8, 5908.0], [4975.5, 5906.9], [4948.5, 5911.0], [4926.0, 5917.1], [4907.2, 5924.9], [4887.7, 5937.4], [4867.5, 5955.8], [4848.2, 5979.0], [4834.2, 6002.7], [4826.3, 6024.6], [4822.2, 6044.1], [4818.7, 6069.5]]}}, {"type": "Feature", "properties": {"name": null, "highway": "service", "trusted": 1.0}, "geometry": {"type": "LineString", "coordinates": [[8605.7, 4346.4], [8541.1, 4423.3], [8525.4, 4442.1]]}}, {"type": "Feature", "properties": {"name": "Hai B\u00e0 Tr\u01b0ng", "highway": "primary", "trusted": 1.0}, "geometry": {"type": "LineString", "coordinates": [[6615.6, 4346.5], [6776.7, 4169.9], [6800.7, 4143.6], [6888.0, 4044.8], [6899.5, 4031.9], [7013.2, 3906.3], [7043.2, 3873.3]]}}, {"type": "Feature", "properties": {"name": "Hai B\u00e0 Tr\u01b0ng", "highway": "primary", "trusted": 0.67}, "geometry": {"type": "LineString", "coordinates": [[6272.8, 4723.3], [6440.7, 4550.7], [6615.6, 4346.5]]}}, {"type": "Feature", "properties": {"name": "L\u00fd T\u1ef1 Tr\u1ecdng", "highway": "tertiary", "trusted": 0.0}, "geometry": {"type": "LineString", "coordinates": [[5868.6, 4350.5], [5884.7, 4365.9], [5961.7, 4436.2], [6117.2, 4579.5], [6122.4, 4584.3], [6272.8, 4723.3]]}}, {"type": "Feature", "properties": {"name": "L\u00fd T\u1ef1 Tr\u1ecdng", "highway": "tertiary", "trusted": 0.0}, "geometry": {"type": "LineString", "coordinates": [[6655.6, 5085.2], [7123.4, 5510.7]]}}, {"type": "Feature", "properties": {"name": "Nam K\u1ef3 Kh\u1edfi Ngh\u0129a", "highway": "secondary", "trusted": 0.71}, "geometry": {"type": "LineString", "coordinates": [[5532.0, 3352.8], [5508.0, 3377.2], [5389.9, 3497.0], [5372.7, 3514.7], [5354.8, 3533.1], [5206.6, 3675.4], [5179.2, 3702.8]]}}, {"type": "Feature", "properties": {"name": "Nam K\u1ef3 Kh\u1edfi Ngh\u0129a", "highway": "secondary", "trusted": 1.0}, "geometry": {"type": "LineString", "coordinates": [[4420.8, 3977.2], [4390.1, 3990.2], [4351.7, 4006.4], [4256.5, 4045.1], [4164.6, 4086.3], [4110.6, 4110.7], [4081.0, 4123.1], [4053.1, 4134.9], [4013.0, 4151.9], [3882.1, 4211.0], [3682.9, 4298.4], [3655.4, 4311.8]]}}, {"type": "Feature", "properties": {"name": "Nguy\u1ec5n Du", "highway": "tertiary", "trusted": 0.33}, "geometry": {"type": "LineString", "coordinates": [[5532.0, 3352.8], [5502.8, 3323.8], [5383.7, 3209.4], [5212.9, 3051.5], [5155.0, 3044.1], [4951.3, 2853.8], [4860.4, 2769.9], [4834.7, 2745.7], [4804.5, 2702.6], [4642.3, 2470.9], [4502.9, 2270.2], [4473.9, 2228.5]]}}, {"type": "Feature", "properties": {"name": "Pasteur", "highway": "secondary", "trusted": 0.25}, "geometry": {"type": "LineString", "coordinates": [[5496.6, 3988.5], [5509.3, 3975.5], [5572.9, 3910.3], [5586.5, 3896.3], [5595.2, 3887.4], [5615.1, 3866.9], [5624.2, 3857.7], [5634.1, 3847.5], [5647.8, 3833.4], [5720.3, 3771.7], [5727.6, 3764.3], [5836.1, 3650.2]]}}, {"type": "Feature", "properties": {"name": "Ph\u00f9ng Kh\u1eafc Khoan", "highway": "tertiary", "trusted": 0.25}, "geometry": {"type": "LineString", "coordinates": [[8047.2, 3414.4], [8232.4, 3188.0], [8369.3, 3045.8], [8691.3, 2711.2]]}}, {"type": "Feature", "properties": {"name": "Ho\u00e0ng Di\u1ec7u", "highway": "secondary", "trusted": 1.0}, "geometry": {"type": "LineString", "coordinates": [[700.5, 4598.7], [714.0, 4618.0], [778.3, 4709.9], [839.5, 4792.6], [882.2, 4851.6], [944.3, 4938.0], [953.6, 4949.0], [1015.6, 5028.9], [1080.8, 5109.6], [1125.1, 5163.8], [1154.4, 5202.3]]}}, {"type": "Feature", "properties": {"name": "Ho\u00e0ng Di\u1ec7u", "highway": "secondary", "trusted": 0.0}, "geometry": {"type": "LineString", "coordinates": [[369.4, 4078.3], [351.0, 4049.5]]}}, {"type": "Feature", "properties": {"name": "Ho\u00e0ng Di\u1ec7u", "highway": "primary", "trusted": 0.0}, "geometry": {"type": "LineString", "coordinates": [[203.6, 3843.5], [176.5, 3806.2], [111.5, 3716.9], [47.4, 3628.8], [25.4, 3599.5]]}}, {"type": "Feature", "properties": {"name": "Nguy\u1ec5n Hu\u1ec7", "highway": "tertiary", "trusted": 0.72}, "geometry": {"type": "LineString", "coordinates": [[5087.6, 4596.8], [5067.7, 4619.2], [5017.3, 4675.7], [5002.4, 4693.7], [4941.5, 4757.3], [4843.3, 4859.0], [4832.7, 4869.9], [4665.1, 5047.9], [4650.0, 5063.6], [4546.6, 5171.7], [4531.7, 5187.4], [4281.1, 5452.3], [4197.2, 5542.0], [3990.2, 5721.9], [3874.8, 5845.0], [3856.5, 5864.6], [3761.1, 5963.6], [3728.3, 5997.7]]}}, {"type": "Feature", "properties": {"name": "Ng\u00f4 \u00d0\u1ee9c K\u1ebf", "highway": "residential", "trusted": 0.22}, "geometry": {"type": "LineString", "coordinates": [[4274.2, 5620.1], [4295.7, 5641.0], [4358.8, 5718.3], [4444.0, 5796.1], [4463.0, 5809.8], [4484.2, 5821.9], [4778.8, 5974.7], [4799.3, 5984.8], [4834.2, 6002.7]]}}, {"type": "Feature", "properties": {"name": null, "highway": "service", "trusted": 0.0}, "geometry": {"type": "LineString", "coordinates": [[2885.6, 1880.0], [2915.5, 1868.2]]}}, {"type": "Feature", "properties": {"name": null, "highway": "service", "trusted": 1.0}, "geometry": {"type": "LineString", "coordinates": [[5383.7, 3209.4], [5393.4, 3200.4], [5400.1, 3193.6], [5404.4, 3189.2], [5428.7, 3164.6], [5423.1, 3160.0], [5418.7, 3154.3], [5415.4, 3146.7], [5414.1, 3138.5], [5415.1, 3130.4], [5421.5, 3110.7], [5426.1, 3090.5], [5429.2, 3069.4], [5430.4, 3048.1], [5429.9, 3026.8]]}}, {"type": "Feature", "properties": {"name": "C\u00e2y Ba\u0300ng", "highway": "service", "trusted": 0.0}, "geometry": {"type": "LineString", "coordinates": [[3392.9, 7313.0], [3375.1, 7216.3], [3367.7, 7166.2], [3363.9, 7142.7], [3363.7, 7132.3]]}}, {"type": "Feature", "properties": {"name": "Nguy\u1ec5n Thi\u1ec7n Th\u00e0nh", "highway": "tertiary", "trusted": 0.0}, "geometry": {"type": "LineString", "coordinates": [[3171.8, 7392.3], [3199.1, 7382.4], [3392.9, 7313.0]]}}, {"type": "Feature", "properties": {"name": null, "highway": "service", "trusted": 0.0}, "geometry": {"type": "LineString", "coordinates": [[11919.2, 2099.4], [11905.9, 2243.4]]}}, {"type": "Feature", "properties": {"name": null, "highway": "service", "trusted": 0.0}, "geometry": {"type": "LineString", "coordinates": [[11834.2, 2095.0], [11823.5, 2234.2]]}}, {"type": "Feature", "properties": {"name": "H\u1ebbm 26 T\u00f4n Th\u1ea5t T\u00f9ng", "highway": "service", "trusted": 0.0}, "geometry": {"type": "LineString", "coordinates": [[3042.8, 551.3], [3107.9, 627.1], [3082.6, 649.1], [3118.9, 707.5], [3182.7, 798.6], [3222.1, 854.9]]}}, {"type": "Feature", "properties": {"name": null, "highway": "service", "trusted": 0.0}, "geometry": {"type": "LineString", "coordinates": [[3471.7, 538.6], [3363.4, 618.0]]}}, {"type": "Feature", "properties": {"name": "H\u1ebbm 129 V\u00f5 V\u0103n T\u1ea7n", "highway": "service", "trusted": 1.0}, "geometry": {"type": "LineString", "coordinates": [[5040.9, 644.5], [4918.3, 767.1]]}}, {"type": "Feature", "properties": {"name": "Nguy\u1ec5n Hu\u1ec7", "highway": "tertiary", "trusted": 0.8}, "geometry": {"type": "LineString", "coordinates": [[3867.6, 6011.9], [3891.0, 5987.7], [3936.5, 5940.2], [4274.2, 5620.1], [4295.9, 5597.0], [4611.5, 5264.9], [4680.0, 5193.4], [4742.8, 5128.0], [4897.4, 4967.7], [4907.6, 4957.2], [4913.0, 4951.5], [5068.5, 4788.9], [5078.1, 4778.7], [5097.0, 4759.6], [5171.2, 4684.3]]}}, {"type": "Feature", "properties": {"name": "H\u1ebbm 26/20 L\u00ea V\u0103n Duy\u1ec7t", "highway": "residential", "trusted": 0.0}, "geometry": {"type": "LineString", "coordinates": [[11111.6, 3175.0], [11293.0, 3184.0]]}}, {"type": "Feature", "properties": {"name": "H\u1ebbm 43 Ho\u00e0ng Di\u1ec7u", "highway": "residential", "trusted": 1.0}, "geometry": {"type": "LineString", "coordinates": [[1577.2, 5991.8], [1466.4, 6040.6], [1367.2, 6218.4], [1358.8, 6233.0]]}}, {"type": "Feature", "properties": {"name": "\u0110i\u1ec7n Bi\u00ean Ph\u1ee7", "highway": "primary", "trusted": 0.82}, "geometry": {"type": "LineString", "coordinates": [[8680.7, 2052.1], [8754.8, 2125.0], [9035.2, 2442.1], [9170.2, 2577.7], [9299.1, 2708.6], [9351.8, 2762.1], [9426.4, 2833.5], [9443.9, 2850.1], [9490.0, 2893.6], [9646.6, 3039.2], [9774.0, 3155.8]]}}, {"type": "Feature", "properties": {"name": "B\u00f9i Th\u1ecb Xu\u00e2n", "highway": "tertiary", "trusted": 1.0}, "geometry": {"type": "LineString", "coordinates": [[4046.3, 1110.0], [3975.8, 1045.2], [3854.6, 933.7]]}}, {"type": "Feature", "properties": {"name": "\u0110\u01b0\u1eddng T\u00e2n V\u0129nh", "highway": "residential", "trusted": 0.0}, "geometry": {"type": "LineString", "coordinates": [[21.8, 3834.8], [49.5, 3815.4], [82.6, 3792.1], [114.9, 3769.4]]}}, {"type": "Feature", "properties": {"name": "Chu M\u1ea1nh Trinh", "highway": "residential", "trusted": 0.5}, "geometry": {"type": "LineString", "coordinates": [[7123.4, 5510.7], [7192.3, 5437.5], [7280.4, 5343.7], [7443.0, 5215.9], [7534.0, 5122.3], [7709.9, 4938.4]]}}, {"type": "Feature", "properties": {"name": "C\u00f4 B\u1eafc", "highway": "residential", "trusted": 0.0}, "geometry": {"type": "LineString", "coordinates": [[1183.4, 1760.2], [1174.5, 1748.5], [1093.4, 1650.6], [1059.5, 1611.5], [1056.5, 1608.1], [974.2, 1509.2], [938.9, 1462.9], [933.0, 1455.7], [857.0, 1363.3], [816.6, 1314.3], [783.9, 1274.5], [750.4, 1233.8]]}}, {"type": "Feature", "properties": {"name": "\u00d0\u1ec1 Th\u00e1m", "highway": "residential", "trusted": 0.0}, "geometry": {"type": "LineString", "coordinates": [[2455.5, 2043.9], [2478.2, 2031.0], [2544.4, 1994.0], [2610.1, 1959.7], [2666.9, 1927.7], [2743.4, 1886.0], [2787.7, 1861.7], [2842.4, 1833.2], [2863.1, 1822.8]]}}, {"type": "Feature", "properties": {"name": "C\u00f4 Giang", "highway": "residential", "trusted": 0.38}, "geometry": {"type": "LineString", "coordinates": [[1284.3, 2606.3], [1259.1, 2577.7], [1189.0, 2493.7], [1180.6, 2483.3], [1044.4, 2315.2], [1016.5, 2280.6], [964.0, 2215.5], [942.0, 2189.3], [935.2, 2181.2], [918.8, 2161.8], [894.2, 2132.4], [890.2, 2127.7], [806.3, 2032.6], [791.9, 2016.1], [776.9, 1998.9], [763.1, 1983.0], [754.4, 1973.0], [719.2, 1934.4], [697.4, 1910.4], [694.6, 1907.3], [670.0, 1876.3], [652.0, 1856.3], [609.8, 1806.5], [597.8, 1793.5], [585.1, 1778.9], [573.0, 1764.5], [555.2, 1744.3], [529.3, 1715.0], [471.6, 1649.0], [442.7, 1615.6], [405.1, 1572.4], [388.6, 1553.6]]}}, {"type": "Feature", "properties": {"name": "\u0110i\u1ec7n Bi\u00ean Ph\u1ee7", "highway": "primary", "trusted": 1.0}, "geometry": {"type": "LineString", "coordinates": [[10695.4, 4011.4], [10670.2, 3983.5], [10654.9, 3960.2], [10642.7, 3937.8], [10632.1, 3915.4], [10621.8, 3889.0]]}}, {"type": "Feature", "properties": {"name": "\u0110i\u1ec7n Bi\u00ean Ph\u1ee7", "highway": "primary", "trusted": 0.0}, "geometry": {"type": "LineString", "coordinates": [[6756.8, 101.4], [6786.3, 132.6], [6897.6, 250.6], [6977.7, 335.4], [7348.7, 728.6], [7461.0, 847.6], [7690.5, 1090.8]]}}, {"type": "Feature", "properties": {"name": "\u0110i\u1ec7n Bi\u00ean Ph\u1ee7", "highway": "primary", "trusted": 1.0}, "geometry": {"type": "LineString", "coordinates": [[9774.0, 3155.8], [9902.4, 3272.0], [9904.8, 3274.2]]}}, {"type": "Feature", "properties": {"name": "\u0110inh Ti\u00ean Ho\u00e0ng", "highway": "primary", "trusted": 1.0}, "geometry": {"type": "LineString", "coordinates": [[9952.2, 3268.2], [9970.7, 3244.6]]}}, {"type": "Feature", "properties": {"name": "Nguy\u1ec5n Th\u1ecb Minh Khai", "highway": "primary", "trusted": 1.0}, "geometry": {"type": "LineString", "coordinates": [[7065.1, 3087.1], [7215.7, 3212.2], [7284.1, 3271.4], [7328.9, 3311.4], [7356.3, 3336.3], [7468.7, 3443.3]]}}, {"type": "Feature", "properties": {"name": "Nguy\u1ec5n H\u1eefu C\u1ea3nh", "highway": "secondary", "trusted": 0.32}, "geometry": {"type": "LineString", "coordinates": [[9667.0, 7906.5], [9685.9, 7858.5], [9687.1, 7820.1], [9687.7, 7802.5], [9685.8, 7752.8], [9678.3, 7706.8], [9670.7, 7671.4], [9663.2, 7636.0], [9657.0, 7614.5], [9627.8, 7537.5], [9609.4, 7500.8], [9600.8, 7483.6], [9598.4, 7476.7], [9574.1, 7433.9], [9526.8, 7368.1], [9406.4, 7315.8], [9366.6, 7281.5], [9323.4, 7246.7], [9282.9, 7219.8], [9242.3, 7197.4], [9202.4, 7175.1], [9164.0, 7160.8]]}}, {"type": "Feature", "properties": {"name": "Ho\u00e0ng Di\u1ec7u", "highway": "residential", "trusted": 0.29}, "geometry": {"type": "LineString", "coordinates": [[1850.1, 6679.8], [1838.5, 6740.5], [1727.0, 6728.8], [1520.5, 6883.8], [1427.5, 6955.3], [1407.4, 6974.2], [1372.3, 7003.2]]}}, {"type": "Feature", "properties": {"name": "H\u00e0m Nghi", "highway": "primary", "trusted": 0.0}, "geometry": {"type": "LineString", "coordinates": [[3522.6, 5979.1], [3525.4, 5900.6], [3547.2, 5518.3], [3553.3, 5409.7]]}}, {"type": "Feature", "properties": {"name": "H\u1ebbm 109 L\u00ea Qu\u1ed1c H\u01b0ng", "highway": "residential", "trusted": 1.0}, "geometry": {"type": "LineString", "coordinates": [[1864.3, 5252.2], [1805.8, 5341.4], [1730.2, 5379.5], [1661.0, 5414.5], [1544.3, 5467.7], [1448.5, 5400.2]]}}, {"type": "Feature", "properties": {"name": "H\u1ebbm 20 L\u00ea Qu\u1ed1c H\u01b0ng", "highway": "service", "trusted": 1.0}, "geometry": {"type": "LineString", "coordinates": [[1625.0, 5110.7], [1823.5, 5256.9], [1851.5, 5241.1]]}}, {"type": "Feature", "properties": {"name": "H\u1ebbm 154 L\u00ea Qu\u1ed1c H\u01b0ng", "highway": "service", "trusted": 0.5}, "geometry": {"type": "LineString", "coordinates": [[861.8, 5529.3], [1079.8, 5691.2]]}}, {"type": "Feature", "properties": {"name": "Nguy\u1ec5n C\u01b0 Trinh", "highway": "tertiary", "trusted": 0.0}, "geometry": {"type": "LineString", "coordinates": [[1559.6, 1386.1], [1565.4, 1359.9], [1496.6, 1174.5], [1466.5, 1092.3], [1446.3, 1073.7]]}}, {"type": "Feature", "properties": {"name": "Tr\u1ea7n H\u01b0ng \u0110\u1ea1o", "highway": "primary", "trusted": 0.0}, "geometry": {"type": "LineString", "coordinates": [[1616.1, 1561.4], [1543.5, 1496.0], [1527.8, 1481.3], [1509.5, 1465.2], [1435.4, 1400.1], [1366.8, 1339.8], [1315.8, 1294.9], [1276.0, 1260.0], [1263.6, 1249.1], [1251.9, 1238.8], [1180.2, 1176.9], [1107.1, 1114.6], [1048.5, 1062.6], [1034.5, 1049.9], [1017.8, 1034.7], [989.7, 1009.9], [893.8, 925.5], [794.3, 836.7], [742.0, 790.9], [618.5, 682.4], [600.7, 666.2], [577.4, 645.2], [556.3, 626.6], [455.4, 537.0], [410.8, 496.9], [388.0, 476.7], [384.1, 473.2], [370.6, 460.9], [320.1, 414.8]]}}, {"type": "Feature", "properties": {"name": "H\u1ebbm 219 Ho\u00e0ng Sa", "highway": "residential", "trusted": 0.0}, "geometry": {"type": "LineString", "coordinates": [[11563.6, 782.0], [11447.9, 800.1]]}}, {"type": "Feature", "properties": {"name": "Tr\u1ea7n B\u1ea1ch \u0110\u1eb1ng", "highway": "tertiary", "trusted": 0.0}, "geometry": {"type": "LineString", "coordinates": [[5679.0, 8598.5], [5685.5, 8602.7], [5693.4, 8607.8], [5748.1, 8643.4], [5804.0, 8682.2], [5846.0, 8711.2], [5929.7, 8774.8], [5999.2, 8832.8], [6028.6, 8859.3], [6059.9, 8887.5], [6085.6, 8912.8], [6088.6, 8915.8], [6095.0, 8922.1], [6150.2, 8976.9], [6218.9, 9049.4], [6253.9, 9089.6]]}}, {"type": "Feature", "properties": {"name": "B\u00f9i Vi\u1ec7n", "highway": "residential", "trusted": 0.0}, "geometry": {"type": "LineString", "coordinates": [[2455.5, 2043.9], [2444.4, 2018.8], [2430.7, 1987.7], [2396.4, 1909.8], [2355.1, 1816.3], [2304.9, 1702.3], [2236.2, 1546.4], [2230.4, 1533.1], [2194.0, 1450.5], [2159.7, 1372.7], [2134.5, 1315.5], [2084.3, 1201.8], [2077.8, 1187.0]]}}, {"type": "Feature", "properties": {"name": "T\u00f4n \u0110\u1ee9c Th\u1eafng", "highway": "primary", "trusted": 1.0}, "geometry": {"type": "LineString", "coordinates": [[7733.8, 5636.4], [8029.9, 5349.7]]}}, {"type": "Feature", "properties": {"name": "H\u1ebbm 183 B\u00f9i Vi\u1ec7n", "highway": "service", "trusted": 0.0}, "geometry": {"type": "LineString", "coordinates": [[2014.4, 1120.7], [1975.0, 1148.9], [1951.8, 1166.0], [1949.7, 1167.5], [1936.9, 1177.0], [1935.0, 1178.0], [1883.4, 1203.4], [1881.2, 1203.8], [1865.3, 1207.4], [1794.5, 1233.6]]}}, {"type": "Feature", "properties": {"name": "H\u1ebbm 102/7 C\u1ed1ng Qu\u1ef3nh", "highway": "service", "trusted": 0.0}, "geometry": {"type": "LineString", "coordinates": [[1794.5, 1233.6], [1789.9, 1225.4], [1768.9, 1230.6], [1742.2, 1169.5]]}}, {"type": "Feature", "properties": {"name": "H\u1ebbm 205 B\u00f9i Vi\u1ec7n", "highway": "service", "trusted": 0.0}, "geometry": {"type": "LineString", "coordinates": [[1914.8, 996.1], [1828.4, 1051.9], [1871.7, 1117.8], [1834.8, 1142.3]]}}, {"type": "Feature", "properties": {"name": "H\u1ebbm 207 B\u00f9i Vi\u1ec7n", "highway": "service", "trusted": 0.0}, "geometry": {"type": "LineString", "coordinates": [[1856.5, 920.4], [1773.3, 962.0], [1814.9, 1035.3]]}}, {"type": "Feature", "properties": {"name": "H\u1ebbm 120 Tr\u1ea7n H\u01b0ng \u0110\u1ea1o", "highway": "service", "trusted": 0.0}, "geometry": {"type": "LineString", "coordinates": [[2009.4, 1381.4], [2003.1, 1387.1], [1959.4, 1435.1], [1875.9, 1525.9], [1846.0, 1556.8], [1762.4, 1646.5], [1753.6, 1653.8]]}}, {"type": "Feature", "properties": {"name": "H\u1ebbm 102 C\u1ed1ng Qu\u1ef3nh", "highway": "service", "trusted": 0.0}, "geometry": {"type": "LineString", "coordinates": [[1569.2, 940.0], [1623.3, 1022.6], [1634.5, 1045.4], [1663.9, 1145.7], [1687.9, 1193.6], [1724.8, 1261.8], [1749.0, 1290.6], [1790.4, 1365.2], [1847.1, 1452.9], [1875.9, 1525.9]]}}, {"type": "Feature", "properties": {"name": null, "highway": "residential", "trusted": 0.0}, "geometry": {"type": "LineString", "coordinates": [[1952.7, 872.4], [1980.6, 861.5], [2033.5, 956.2]]}}, {"type": "Feature", "properties": {"name": "H\u1ebbm 353 Ph\u1ea1m Ng\u0169 L\u00e3o", "highway": "service", "trusted": 0.0}, "geometry": {"type": "LineString", "coordinates": [[2152.9, 975.6], [2143.9, 961.2], [2296.9, 831.7], [2358.8, 741.5]]}}, {"type": "Feature", "properties": {"name": null, "highway": "service", "trusted": 0.0}, "geometry": {"type": "LineString", "coordinates": [[1937.3, 1024.1], [2033.5, 956.2], [2072.5, 928.2], [2103.4, 906.0], [2143.9, 961.2]]}}, {"type": "Feature", "properties": {"name": null, "highway": "service", "trusted": 0.0}, "geometry": {"type": "LineString", "coordinates": [[1951.8, 1166.0], [1964.3, 1192.5]]}}, {"type": "Feature", "properties": {"name": "H\u1ebbm 102/7 C\u1ed1ng Qu\u1ef3nh", "highway": "service", "trusted": 0.0}, "geometry": {"type": "LineString", "coordinates": [[1742.2, 1169.5], [1774.2, 1153.9], [1781.4, 1150.4], [1797.5, 1185.9]]}}, {"type": "Feature", "properties": {"name": null, "highway": "service", "trusted": 0.0}, "geometry": {"type": "LineString", "coordinates": [[333.7, 400.2], [355.8, 374.7], [417.2, 303.7], [378.7, 195.4]]}}, {"type": "Feature", "properties": {"name": "H\u1ebbm 258 Tr\u1ea7n H\u01b0ng \u0110\u1ea1o", "highway": "service", "trusted": 0.0}, "geometry": {"type": "LineString", "coordinates": [[80.0, 178.0], [232.7, 0.7]]}}, {"type": "Feature", "properties": {"name": "H\u1ebbm 115 Tr\u1ea7n \u0110\u00ecnh Xu", "highway": "service", "trusted": 0.0}, "geometry": {"type": "LineString", "coordinates": [[666.7, 63.8], [632.5, 35.4], [620.9, 25.8], [588.5, 6.2]]}}, {"type": "Feature", "properties": {"name": null, "highway": "service", "trusted": 0.0}, "geometry": {"type": "LineString", "coordinates": [[73.9, 460.9], [131.4, 523.3], [178.0, 571.4], [219.3, 624.7]]}}, {"type": "Feature", "properties": {"name": "H\u1ebbm 345 Tr\u1ea7n H\u01b0ng \u00d0\u1ea1o", "highway": "residential", "trusted": 0.0}, "geometry": {"type": "LineString", "coordinates": [[347.9, 516.7], [219.3, 624.7], [85.4, 739.2], [69.4, 751.6]]}}, {"type": "Feature", "properties": {"name": "H\u1ebbm 345 Tr\u1ea7n H\u01b0ng \u00d0\u1ea1o", "highway": "service", "trusted": 0.0}, "geometry": {"type": "LineString", "coordinates": [[219.3, 624.7], [306.2, 740.0], [361.4, 687.6]]}}, {"type": "Feature", "properties": {"name": "H\u1ebbm 37 Tr\u1ea7n \u00d0\u00ecnh Xu", "highway": "residential", "trusted": 0.0}, "geometry": {"type": "LineString", "coordinates": [[237.8, 1180.6], [115.1, 1008.0], [66.6, 934.0]]}}, {"type": "Feature", "properties": {"name": null, "highway": "service", "trusted": 0.0}, "geometry": {"type": "LineString", "coordinates": [[72.5, 549.7], [86.3, 563.9], [133.1, 611.8], [147.6, 626.7]]}}, {"type": "Feature", "properties": {"name": null, "highway": "service", "trusted": 0.0}, "geometry": {"type": "LineString", "coordinates": [[131.4, 523.3], [86.3, 563.9]]}}, {"type": "Feature", "properties": {"name": null, "highway": "service", "trusted": 0.0}, "geometry": {"type": "LineString", "coordinates": [[178.0, 571.4], [133.1, 611.8]]}}, {"type": "Feature", "properties": {"name": "H\u1ebbm 137 C\u1ed1ng Qu\u1ef3nh", "highway": "residential", "trusted": 0.0}, "geometry": {"type": "LineString", "coordinates": [[2050.7, 603.0], [2007.1, 562.4], [1965.6, 523.4]]}}, {"type": "Feature", "properties": {"name": null, "highway": "service", "trusted": 0.0}, "geometry": {"type": "LineString", "coordinates": [[2358.8, 741.5], [2315.4, 712.8]]}}, {"type": "Feature", "properties": {"name": null, "highway": "service", "trusted": 0.0}, "geometry": {"type": "LineString", "coordinates": [[2337.7, 683.6], [2315.4, 712.8], [2236.9, 796.5]]}}, {"type": "Feature", "properties": {"name": "H\u1ebbm 373 Ph\u1ea1m Ng\u0169 L\u00e3o", "highway": "service", "trusted": 0.0}, "geometry": {"type": "LineString", "coordinates": [[2366.7, 535.9], [2337.4, 547.0], [2314.8, 536.1], [2123.3, 809.1]]}}, {"type": "Feature", "properties": {"name": "C\u1ea7u \u00d4ng L\u00e3nh", "highway": "primary", "trusted": 1.0}, "geometry": {"type": "LineString", "coordinates": [[1709.3, 3052.0], [1610.7, 3109.2], [1414.5, 3228.2], [1349.4, 3274.5], [1231.1, 3396.7], [1070.7, 3573.6]]}}, {"type": "Feature", "properties": {"name": null, "highway": "service", "trusted": 0.0}, "geometry": {"type": "LineString", "coordinates": [[2396.4, 1909.8], [2295.0, 1970.9], [2270.5, 1974.4]]}}, {"type": "Feature", "properties": {"name": "H\u1ebbm 57 B\u00f9i Vi\u1ec7n", "highway": "service", "trusted": 0.0}, "geometry": {"type": "LineString", "coordinates": [[2355.1, 1816.3], [2278.9, 1853.7], [2229.3, 1869.3], [2187.7, 1818.9], [2176.7, 1810.0], [2168.1, 1803.1], [2140.2, 1758.6]]}}, {"type": "Feature", "properties": {"name": "H\u1ebbm 100 Tr\u1ea7n H\u01b0ng \u0110\u1ea1o", "highway": "residential", "trusted": 0.0}, "geometry": {"type": "LineString", "coordinates": [[2140.2, 1758.6], [1963.6, 1841.3]]}}, {"type": "Feature", "properties": {"name": null, "highway": "service", "trusted": 0.0}, "geometry": {"type": "LineString", "coordinates": [[2278.9, 1853.7], [2211.6, 1719.5], [2140.2, 1758.6], [2106.4, 1693.0], [2084.9, 1674.8]]}}, {"type": "Feature", "properties": {"name": null, "highway": "service", "trusted": 0.0}, "geometry": {"type": "LineString", "coordinates": [[2229.3, 1869.3], [2262.6, 1898.8], [2270.4, 1919.3], [2242.4, 1936.7], [2182.9, 1883.6]]}}, {"type": "Feature", "properties": {"name": "H\u1ebbm 155 B\u00f9i Vi\u1ec7n", "highway": "service", "trusted": 0.0}, "geometry": {"type": "LineString", "coordinates": [[2159.7, 1372.7], [2153.7, 1375.2], [2094.7, 1400.1], [2079.6, 1381.0], [2062.2, 1392.3], [2035.4, 1414.3]]}}, {"type": "Feature", "properties": {"name": "H\u1ebbm 269 \u0110\u1ec1 Th\u00e1m", "highway": "service", "trusted": 0.0}, "geometry": {"type": "LineString", "coordinates": [[2714.4, 1717.5], [2741.4, 1756.9], [2756.7, 1800.1], [2787.7, 1861.7]]}}, {"type": "Feature", "properties": {"name": null, "highway": "service", "trusted": 0.0}, "geometry": {"type": "LineString", "coordinates": [[2529.1, 1798.1], [2571.9, 1779.0], [2592.8, 1769.7], [2663.2, 1747.2], [2714.4, 1717.5]]}}, {"type": "Feature", "properties": {"name": "H\u1ebbm 217 \u00d0\u1ec1 Th\u00e1m", "highway": "service", "trusted": 0.0}, "geometry": {"type": "LineString", "coordinates": [[2559.7, 1872.2], [2582.2, 1823.2], [2584.9, 1815.4], [2586.2, 1807.6], [2592.8, 1769.7], [2573.1, 1718.6]]}}, {"type": "Feature", "properties": {"name": "H\u1ebbm 219 Ph\u1ea1m Ng\u0169 L\u00e3o", "highway": "service", "trusted": 0.0}, "geometry": {"type": "LineString", "coordinates": [[2631.0, 1567.2], [2677.0, 1675.7], [2687.7, 1680.6]]}}, {"type": "Feature", "properties": {"name": "H\u1ebbm 113 \u0110\u01b0\u1eddng V\u00f5 Duy Ninh", "highway": "service", "trusted": 0.0}, "geometry": {"type": "LineString", "coordinates": [[10917.7, 9161.6], [10989.2, 9140.0]]}}, {"type": "Feature", "properties": {"name": "H\u1ebbm 28 B\u00f9i Vi\u1ec7n", "highway": "service", "trusted": 0.0}, "geometry": {"type": "LineString", "coordinates": [[2777.3, 2155.9], [2565.1, 2278.5]]}}, {"type": "Feature", "properties": {"name": "H\u1ebbm 138 B\u00f9i Th\u1ecb Xu\u00e2n", "highway": "service", "trusted": 0.0}, "geometry": {"type": "MultiLineString", "coordinates": [[[3228.4, 72.1], [3197.2, 46.5]], [[3134.0, 45.5], [3080.3, 99.9]]]}}, {"type": "Feature", "properties": {"name": "H\u1ebbm 2 H\u00e0m Nghi", "highway": "service", "trusted": 0.0}, "geometry": {"type": "LineString", "coordinates": [[3566.9, 5741.8], [3586.9, 5743.0], [3774.4, 5751.2]]}}, {"type": "Feature", "properties": {"name": "Nguy\u1ec5n B\u1ec9nh Khi\u00eam", "highway": "primary", "trusted": 1.0}, "geometry": {"type": "LineString", "coordinates": [[9322.6, 5224.5], [9306.1, 5243.0], [9215.6, 5343.4], [9169.3, 5394.1], [8937.4, 5644.6]]}}, {"type": "Feature", "properties": {"name": "C\u00f4ng tr\u01b0\u1eddng C\u00f4ng x\u00e3 Paris", "highway": "tertiary", "trusted": 1.0}, "geometry": {"type": "LineString", "coordinates": [[6287.1, 4059.2], [6369.5, 3960.3], [6375.0, 3954.1], [6434.3, 3886.9], [6458.3, 3860.4], [6554.1, 3759.1], [6648.2, 3659.8]]}}, {"type": "Feature", "properties": {"name": "H\u1ebbm 96 L\u00ea Th\u1ecb Ri\u00eang", "highway": "service", "trusted": 1.0}, "geometry": {"type": "LineString", "coordinates": [[3685.0, 1166.3], [3793.3, 1140.5], [3816.7, 1125.5], [3859.0, 1109.3], [3907.1, 1132.8]]}}, {"type": "Feature", "properties": {"name": "C\u00f4 Giang", "highway": "residential", "trusted": 1.0}, "geometry": {"type": "LineString", "coordinates": [[1650.9, 3053.8], [1602.6, 2986.0], [1596.0, 2976.7], [1572.4, 2940.9], [1543.3, 2904.8], [1499.3, 2853.2], [1486.1, 2835.4], [1453.0, 2796.5], [1422.0, 2760.8], [1361.7, 2698.4], [1299.4, 2623.6], [1284.3, 2606.3]]}}, {"type": "Feature", "properties": {"name": "H\u1ebbm 122 Tr\u1ea7n \u00d0\u00ecnh Xu", "highway": "service", "trusted": 0.0}, "geometry": {"type": "LineString", "coordinates": [[871.4, 204.1], [1018.7, 245.6], [1100.7, 261.3]]}}, {"type": "Feature", "properties": {"name": null, "highway": "service", "trusted": 0.0}, "geometry": {"type": "LineString", "coordinates": [[3118.9, 707.5], [3205.9, 635.6], [3276.5, 582.1], [3350.5, 531.8], [3451.8, 468.1]]}}, {"type": "Feature", "properties": {"name": "H\u1ebbm 46 Tr\u1ea7n \u00d0\u00ecnh Xu", "highway": "service", "trusted": 0.0}, "geometry": {"type": "LineString", "coordinates": [[388.6, 1553.6], [347.6, 1520.9], [336.5, 1516.4], [325.3, 1517.9], [313.2, 1526.4], [302.8, 1537.4], [286.3, 1556.1], [273.8, 1535.5], [258.3, 1542.6]]}}, {"type": "Feature", "properties": {"name": "H\u1ebbm 46 Tr\u1ea7n \u00d0\u00ecnh Xu", "highway": "service", "trusted": 0.0}, "geometry": {"type": "LineString", "coordinates": [[75.0, 1295.6], [100.9, 1354.9], [141.3, 1431.9], [159.5, 1424.3], [212.5, 1510.6], [236.7, 1496.8]]}}, {"type": "Feature", "properties": {"name": "H\u1ebbm 85 Tr\u1ea7n \u00d0\u00ecnh Xu", "highway": "service", "trusted": 0.0}, "geometry": {"type": "LineString", "coordinates": [[733.8, 410.3], [507.6, 240.7]]}}, {"type": "Feature", "properties": {"name": "H\u1ebbm 87 Tr\u1ea7n \u00d0\u00ecnh Xu", "highway": "service", "trusted": 0.0}, "geometry": {"type": "LineString", "coordinates": [[779.5, 341.2], [555.8, 174.4]]}}, {"type": "Feature", "properties": {"name": null, "highway": "service", "trusted": 0.0}, "geometry": {"type": "LineString", "coordinates": [[933.1, 317.4], [899.9, 300.2], [879.7, 286.3], [858.1, 265.7], [842.8, 247.6]]}}, {"type": "Feature", "properties": {"name": "H\u1ebbm 25 C\u1ed1ng Qu\u1ef3nh", "highway": "service", "trusted": 0.0}, "geometry": {"type": "LineString", "coordinates": [[1242.1, 882.6], [1119.2, 673.0]]}}, {"type": "Feature", "properties": {"name": "H\u1ebbm 15A \u0110\u01b0\u1eddng L\u00ea Th\u00e1nh T\u00f4n", "highway": "service", "trusted": 1.0}, "geometry": {"type": "LineString", "coordinates": [[6846.0, 5874.4], [6805.6, 5946.7], [6732.0, 5908.5], [6749.6, 5879.5], [6692.8, 5850.5], [6723.3, 5796.6]]}}, {"type": "Feature", "properties": {"name": "H\u1ebbm 15B \u0110\u01b0\u1eddng L\u00ea Th\u00e1nh T\u00f4n", "highway": "residential", "trusted": 0.0}, "geometry": {"type": "LineString", "coordinates": [[6661.2, 5487.9], [6645.3, 5505.6], [6591.9, 5564.1]]}}, {"type": "Feature", "properties": {"name": "H\u1ebbm 15B \u0110\u01b0\u1eddng L\u00ea Th\u00e1nh T\u00f4n", "highway": "service", "trusted": 0.5}, "geometry": {"type": "LineString", "coordinates": [[6638.4, 5899.9], [6519.5, 5842.1], [6647.3, 5605.6], [6613.1, 5580.6]]}}, {"type": "Feature", "properties": {"name": "H\u1ebbm 15B L\u00ea Th\u00e1nh T\u00f4n", "highway": "service", "trusted": 1.0}, "geometry": {"type": "LineString", "coordinates": [[6519.5, 5842.1], [6505.5, 5856.1], [6491.3, 5866.1], [6473.5, 5874.4], [6455.1, 5877.5], [6438.8, 5877.0], [6416.6, 5899.5]]}}, {"type": "Feature", "properties": {"name": "H\u1ebbm 15B L\u00ea Th\u00e1nh T\u00f4n", "highway": "service", "trusted": 1.0}, "geometry": {"type": "LineString", "coordinates": [[6438.8, 5877.0], [6384.4, 5823.1]]}}, {"type": "Feature", "properties": {"name": "H\u1ebbm 17 \u0110\u01b0\u1eddng Th\u00e1i V\u0103n Lung", "highway": "residential", "trusted": 0.0}, "geometry": {"type": "LineString", "coordinates": [[6585.7, 5559.3], [6531.2, 5515.3], [6445.4, 5434.3]]}}, {"type": "Feature", "properties": {"name": "H\u1ebbm 8A \u0110\u01b0\u1eddng Th\u00e1i V\u0103n Lung", "highway": "residential", "trusted": 0.12}, "geometry": {"type": "LineString", "coordinates": [[6531.2, 5515.3], [6430.2, 5631.4], [6356.6, 5716.5], [6328.3, 5758.0], [6225.6, 5681.9], [6265.3, 5637.0], [6343.6, 5550.1], [6445.4, 5434.3]]}}, {"type": "Feature", "properties": {"name": "H\u1ebbm 15B \u0110\u01b0\u1eddng L\u00ea Th\u00e1nh T\u00f4n", "highway": "service", "trusted": 0.33}, "geometry": {"type": "LineString", "coordinates": [[6585.7, 5559.3], [6487.4, 5678.1], [6428.3, 5763.7]]}}, {"type": "Feature", "properties": {"name": "H\u1ebbm 8A \u0110\u01b0\u1eddng Th\u00e1i V\u0103n Lung", "highway": "residential", "trusted": 0.0}, "geometry": {"type": "LineString", "coordinates": [[6288.5, 5499.1], [6296.8, 5506.8], [6343.6, 5550.1], [6430.2, 5631.4]]}}, {"type": "Feature", "properties": {"name": "H\u1ebbm 32 Cao B\u00e1 Nh\u1ea1", "highway": "service", "trusted": 0.0}, "geometry": {"type": "LineString", "coordinates": [[879.8, 719.4], [973.1, 628.9], [1004.7, 659.9]]}}, {"type": "Feature", "properties": {"name": "H\u1ebbm 139 Nguy\u1ec5n C\u01b0 Trinh", "highway": "service", "trusted": 0.0}, "geometry": {"type": "LineString", "coordinates": [[1148.3, 382.5], [1113.1, 379.9], [997.6, 355.7]]}}, {"type": "Feature", "properties": {"name": "H\u1ebbm 46 Tr\u1ea7n \u00d0\u00ecnh Xu", "highway": "service", "trusted": 0.0}, "geometry": {"type": "LineString", "coordinates": [[220.0, 1563.1], [258.3, 1542.6]]}}, {"type": "Feature", "properties": {"name": "H\u1ebbm 65 Tr\u1ea7n \u00d0\u00ecnh Xu", "highway": "service", "trusted": 0.0}, "geometry": {"type": "LineString", "coordinates": [[413.8, 909.2], [334.1, 850.6]]}}, {"type": "Feature", "properties": {"name": "H\u1ebbm 72 Tr\u1ea7n \u00d0\u00ecnh Xu", "highway": "service", "trusted": 0.0}, "geometry": {"type": "LineString", "coordinates": [[520.1, 1150.8], [486.2, 1190.4], [437.5, 1147.5], [409.1, 1175.6], [354.5, 1126.6], [356.5, 1080.7], [319.4, 1053.8]]}}, {"type": "Feature", "properties": {"name": "H\u1ebbm 15B \u0110\u01b0\u1eddng L\u00ea Th\u00e1nh T\u00f4n", "highway": "service", "trusted": 1.0}, "geometry": {"type": "LineString", "coordinates": [[6519.5, 5842.1], [6463.5, 5791.9], [6428.3, 5763.7]]}}, {"type": "Feature", "properties": {"name": "H\u1ebbm 8A Th\u00e1i V\u0103n Lung", "highway": "service", "trusted": 0.25}, "geometry": {"type": "LineString", "coordinates": [[6613.1, 5580.6], [6547.2, 5677.8], [6520.2, 5716.1], [6463.5, 5791.9]]}}, {"type": "Feature", "properties": {"name": "H\u1ebbm 117 C\u1ed1ng Qu\u1ef3nh", "highway": "service", "trusted": 0.0}, "geometry": {"type": "LineString", "coordinates": [[1862.4, 735.6], [1745.3, 560.7], [1663.6, 617.1], [1606.6, 656.4]]}}, {"type": "Feature", "properties": {"name": "H\u1ebbm 148 \u0110\u01b0\u1eddng B\u00f9i Vi\u1ec7n", "highway": "service", "trusted": 0.0}, "geometry": {"type": "LineString", "coordinates": [[2230.4, 1533.1], [2294.3, 1501.0], [2306.2, 1495.0], [2338.9, 1478.5]]}}, {"type": "Feature", "properties": {"name": "H\u1ebbm 168 \u0110\u01b0\u1eddng V\u00f5 V\u0103n T\u1ea7n", "highway": "service", "trusted": 1.0}, "geometry": {"type": "LineString", "coordinates": [[4592.3, 203.5], [4634.1, 133.4]]}}, {"type": "Feature", "properties": {"name": "C\u00f4ng vi\u00ean 23 th\u00e1ng 9", "highway": "tertiary", "trusted": 0.0}, "geometry": {"type": "LineString", "coordinates": [[2799.3, 743.2], [2772.2, 759.2], [2573.3, 876.7], [2544.2, 893.8], [2524.6, 906.0], [2504.6, 918.4]]}}, {"type": "Feature", "properties": {"name": "H\u1ebbm 165 C\u1ed1ng Qu\u1ef3nh", "highway": "residential", "trusted": 0.0}, "geometry": {"type": "LineString", "coordinates": [[2136.4, 427.1], [2056.4, 400.7], [2005.8, 388.0], [1984.5, 368.8]]}}, {"type": "Feature", "properties": {"name": null, "highway": "service", "trusted": 0.0}, "geometry": {"type": "LineString", "coordinates": [[1984.5, 368.8], [1967.5, 351.3], [1951.9, 360.5], [1937.2, 374.9], [1907.2, 373.6], [1880.6, 365.5], [1839.5, 344.2]]}}, {"type": "Feature", "properties": {"name": "H\u1ebbm 117 C\u1ed1ng Qu\u1ef3nh", "highway": "service", "trusted": 0.0}, "geometry": {"type": "LineString", "coordinates": [[1745.3, 560.7], [1700.8, 494.4]]}}, {"type": "Feature", "properties": {"name": null, "highway": "service", "trusted": 0.0}, "geometry": {"type": "LineString", "coordinates": [[1606.6, 656.4], [1587.0, 632.0]]}}, {"type": "Feature", "properties": {"name": null, "highway": "service", "trusted": 0.0}, "geometry": {"type": "LineString", "coordinates": [[2123.3, 809.1], [2068.5, 842.9]]}}, {"type": "Feature", "properties": {"name": "Nguy\u1ec5n Th\u1ecb Ngh\u0129a", "highway": "primary", "trusted": 0.0}, "geometry": {"type": "LineString", "coordinates": [[3045.1, 2287.9], [3075.2, 2271.9], [3279.8, 2163.2]]}}, {"type": "Feature", "properties": {"name": "H\u1ebbm 137/29 Tr\u1ea7n \u0110\u00ecnh Xu", "highway": "service", "trusted": 0.0}, "geometry": {"type": "LineString", "coordinates": [[708.7, 8.1], [666.7, 63.8]]}}, {"type": "Feature", "properties": {"name": null, "highway": "service", "trusted": 0.0}, "geometry": {"type": "LineString", "coordinates": [[632.4, 6.9], [620.9, 25.8]]}}, {"type": "Feature", "properties": {"name": "Tr\u1ea7n H\u01b0ng \u0110\u1ea1o", "highway": "primary", "trusted": 0.0}, "geometry": {"type": "LineString", "coordinates": [[320.1, 414.8], [238.1, 344.5], [173.3, 288.0], [153.2, 270.5], [95.5, 217.1], [77.9, 201.2]]}}, {"type": "Feature", "properties": {"name": "Tr\u1ea7n H\u01b0ng \u0110\u1ea1o", "highway": "primary", "trusted": 0.0}, "geometry": {"type": "LineString", "coordinates": [[1487.0, 1525.4], [1625.0, 1645.8], [1628.7, 1649.1], [1715.8, 1725.1], [1827.7, 1822.9], [1907.4, 1892.4], [1997.0, 1970.7], [2063.5, 2028.7], [2129.2, 2086.0], [2194.6, 2143.1], [2212.8, 2159.1], [2258.8, 2199.2], [2373.7, 2299.6], [2388.2, 2312.2], [2489.6, 2400.8], [2595.0, 2492.8], [2602.4, 2499.2]]}}, {"type": "Feature", "properties": {"name": "Ph\u1ea1m H\u1ed3ng Th\u00e1i", "highway": "primary", "trusted": 0.0}, "geometry": {"type": "LineString", "coordinates": [[3728.0, 1889.3], [3718.1, 1920.1], [3710.0, 1945.2], [3705.3, 1987.6], [3704.1, 2026.4], [3684.7, 2346.8], [3678.5, 2447.7], [3678.3, 2451.6], [3672.8, 2541.8]]}}, {"type": "Feature", "properties": {"name": "Ng\u00e3 s\u00e1u Ph\u00f9 \u0110\u1ed5ng", "highway": "primary", "trusted": 0.0}, "geometry": {"type": "LineString", "coordinates": [[3699.8, 1783.4], [3693.2, 1798.4], [3688.8, 1814.2], [3686.5, 1831.6], [3687.8, 1847.2], [3691.2, 1861.6]]}}, {"type": "Feature", "properties": {"name": "H\u1ebbm 258 Tr\u1ea7n H\u01b0ng \u0110\u1ea1o", "highway": "service", "trusted": 0.0}, "geometry": {"type": "LineString", "coordinates": [[495.8, 4.8], [557.8, 59.6]]}}, {"type": "Feature", "properties": {"name": null, "highway": "service", "trusted": 0.0}, "geometry": {"type": "LineString", "coordinates": [[271.0, 1.3], [294.6, 23.8], [206.9, 129.6]]}}, {"type": "Feature", "properties": {"name": "V\u00f5 V\u0103n Ki\u1ec7t", "highway": "trunk", "trusted": 0.0}, "geometry": {"type": "LineString", "coordinates": [[46.2, 2252.7], [106.2, 2347.6], [147.6, 2401.8], [189.1, 2455.7], [247.9, 2521.1], [311.9, 2577.9], [445.1, 2694.0]]}}, {"type": "Feature", "properties": {"name": "C\u00e1ch M\u1ea1ng Th\u00e1ng T\u00e1m", "highway": "primary", "trusted": 1.0}, "geometry": {"type": "LineString", "coordinates": [[4440.3, 640.6], [4428.7, 659.3], [4417.1, 678.0]]}}, {"type": "Feature", "properties": {"name": null, "highway": "service", "trusted": 0.0}, "geometry": {"type": "LineString", "coordinates": [[2412.8, 1370.8], [2343.4, 1401.3], [2339.6, 1396.1], [2278.7, 1430.4], [2306.2, 1495.0]]}}, {"type": "Feature", "properties": {"name": null, "highway": "tertiary", "trusted": 0.0}, "geometry": {"type": "LineString", "coordinates": [[1440.9, 978.7], [1439.6, 970.3], [1435.5, 962.8], [1429.2, 957.1], [1421.4, 953.7], [1414.4, 953.0], [1408.0, 954.0], [1402.1, 956.7], [1397.1, 960.8]]}}, {"type": "Feature", "properties": {"name": null, "highway": "service", "trusted": 0.0}, "geometry": {"type": "LineString", "coordinates": [[2341.0, 1483.3], [2353.7, 1513.6], [2385.8, 1499.1], [2369.3, 1468.2], [2429.8, 1444.0], [2482.9, 1420.5]]}}, {"type": "Feature", "properties": {"name": null, "highway": "service", "trusted": 0.0}, "geometry": {"type": "LineString", "coordinates": [[2582.2, 1823.2], [2619.3, 1813.0], [2592.8, 1769.7]]}}, {"type": "Feature", "properties": {"name": "H\u1ebbm 14 \u00d0\u1ed7 Quang \u00d0\u1ea9u", "highway": "service", "trusted": 0.0}, "geometry": {"type": "LineString", "coordinates": [[2151.0, 1141.6], [2157.5, 1152.8], [2235.6, 1326.9]]}}, {"type": "Feature", "properties": {"name": null, "highway": "service", "trusted": 0.0}, "geometry": {"type": "LineString", "coordinates": [[2286.4, 1301.7], [2294.0, 1312.1], [2340.8, 1274.1], [2348.4, 1283.6], [2370.2, 1305.5]]}}, {"type": "Feature", "properties": {"name": "h\u1ebbm c\u1ee5t", "highway": "residential", "trusted": 0.0}, "geometry": {"type": "LineString", "coordinates": [[2282.2, 1145.4], [2259.5, 1163.7]]}}, {"type": "Feature", "properties": {"name": "H\u1ebbm 283 Ph\u1ea1m Ng\u0169 L\u00e3o", "highway": "residential", "trusted": 0.0}, "geometry": {"type": "LineString", "coordinates": [[2335.3, 1028.0], [2526.5, 1208.2], [2529.7, 1206.9], [2583.8, 1186.2], [2607.1, 1176.7]]}}, {"type": "Feature", "properties": {"name": null, "highway": "service", "trusted": 0.0}, "geometry": {"type": "LineString", "coordinates": [[2333.6, 1105.4], [2282.2, 1145.4]]}}, {"type": "Feature", "properties": {"name": null, "highway": "service", "trusted": 0.0}, "geometry": {"type": "LineString", "coordinates": [[2446.9, 1223.4], [2453.4, 1218.2], [2474.5, 1239.0]]}}, {"type": "Feature", "properties": {"name": null, "highway": "service", "trusted": 0.0}, "geometry": {"type": "LineString", "coordinates": [[2341.0, 1483.3], [2338.9, 1478.5], [2333.4, 1466.9]]}}, {"type": "Feature", "properties": {"name": null, "highway": "service", "trusted": 0.0}, "geometry": {"type": "LineString", "coordinates": [[2457.0, 1326.4], [2468.7, 1318.4], [2443.7, 1278.6]]}}, {"type": "Feature", "properties": {"name": null, "highway": "service", "trusted": 0.0}, "geometry": {"type": "LineString", "coordinates": [[2536.3, 1822.5], [2496.8, 1842.7]]}}, {"type": "Feature", "properties": {"name": "H\u1ebbm 199 \u00d0\u1ec1 Th\u00e1m", "highway": "service", "trusted": 0.0}, "geometry": {"type": "LineString", "coordinates": [[2544.4, 1994.0], [2512.4, 1939.8], [2535.7, 1923.0], [2496.8, 1842.7]]}}, {"type": "Feature", "properties": {"name": null, "highway": "service", "trusted": 0.0}, "geometry": {"type": "LineString", "coordinates": [[2005.8, 1321.9], [1971.5, 1354.5], [2003.1, 1387.1]]}}, {"type": "Feature", "properties": {"name": null, "highway": "service", "trusted": 0.0}, "geometry": {"type": "LineString", "coordinates": [[1935.0, 1178.0], [1945.9, 1200.6]]}}, {"type": "Feature", "properties": {"name": null, "highway": "service", "trusted": 0.0}, "geometry": {"type": "LineString", "coordinates": [[1933.2, 1292.2], [1915.1, 1299.8], [1897.0, 1286.6], [1880.9, 1305.0], [1888.5, 1314.0], [1900.7, 1334.5], [1924.6, 1374.6], [1959.4, 1435.1]]}}, {"type": "Feature", "properties": {"name": null, "highway": "service", "trusted": 0.0}, "geometry": {"type": "LineString", "coordinates": [[1900.3, 1254.4], [1897.0, 1286.6]]}}, {"type": "Feature", "properties": {"name": null, "highway": "service", "trusted": 0.0}, "geometry": {"type": "LineString", "coordinates": [[1846.0, 1556.8], [1807.3, 1501.3], [1799.0, 1464.6], [1767.6, 1422.5], [1753.3, 1391.3]]}}, {"type": "Feature", "properties": {"name": null, "highway": "service", "trusted": 0.0}, "geometry": {"type": "LineString", "coordinates": [[1900.7, 1334.5], [1863.4, 1355.9], [1886.3, 1396.1], [1897.2, 1416.6], [1847.1, 1452.9]]}}, {"type": "Feature", "properties": {"name": null, "highway": "service", "trusted": 0.0}, "geometry": {"type": "LineString", "coordinates": [[1924.6, 1374.6], [1886.3, 1396.1]]}}, {"type": "Feature", "properties": {"name": null, "highway": "service", "trusted": 0.0}, "geometry": {"type": "LineString", "coordinates": [[1863.4, 1355.9], [1846.2, 1363.9]]}}, {"type": "Feature", "properties": {"name": null, "highway": "service", "trusted": 0.0}, "geometry": {"type": "LineString", "coordinates": [[2072.5, 928.2], [2045.2, 889.8]]}}, {"type": "Feature", "properties": {"name": "H\u1ebbm 54 Nguy\u1ec5n C\u01b0 Trinh", "highway": "service", "trusted": 0.0}, "geometry": {"type": "LineString", "coordinates": [[1496.6, 1174.5], [1569.1, 1149.6]]}}, {"type": "Feature", "properties": {"name": null, "highway": "service", "trusted": 0.0}, "geometry": {"type": "LineString", "coordinates": [[2743.4, 1886.0], [2711.5, 1822.7]]}}, {"type": "Feature", "properties": {"name": "B\u00f9i Vi\u1ec7n", "highway": "residential", "trusted": 0.0}, "geometry": {"type": "LineString", "coordinates": [[2077.8, 1187.0], [2065.2, 1174.0], [2019.6, 1127.1], [2014.4, 1120.7], [1937.3, 1024.1], [1914.8, 996.1], [1879.2, 950.4], [1856.5, 920.4], [1805.6, 853.3], [1786.9, 828.7], [1764.9, 799.7]]}}, {"type": "Feature", "properties": {"name": "H\u1ebbm 48 B\u00f9i Vi\u1ec7n", "highway": "service", "trusted": 0.0}, "geometry": {"type": "LineString", "coordinates": [[2430.7, 1987.7], [2488.6, 1957.5], [2417.0, 1793.7], [2374.2, 1677.0]]}}, {"type": "Feature", "properties": {"name": null, "highway": "service", "trusted": 0.0}, "geometry": {"type": "LineString", "coordinates": [[2403.6, 1171.3], [2373.1, 1198.0], [2369.8, 1200.6]]}}, {"type": "Feature", "properties": {"name": null, "highway": "service", "trusted": 0.0}, "geometry": {"type": "LineString", "coordinates": [[1879.3, 1250.1], [1894.8, 1244.9], [1900.3, 1254.4], [1937.6, 1238.1], [1946.8, 1245.6], [1961.9, 1235.4], [1981.4, 1262.7]]}}, {"type": "Feature", "properties": {"name": null, "highway": "service", "trusted": 0.0}, "geometry": {"type": "LineString", "coordinates": [[1981.4, 1262.7], [1972.1, 1271.5], [2005.8, 1321.9], [2033.7, 1293.9]]}}, {"type": "Feature", "properties": {"name": null, "highway": "living_street", "trusted": 0.0}, "geometry": {"type": "LineString", "coordinates": [[2016.8, 1243.7], [2029.1, 1252.4]]}}, {"type": "Feature", "properties": {"name": null, "highway": "service", "trusted": 0.0}, "geometry": {"type": "LineString", "coordinates": [[1981.4, 1262.7], [2016.8, 1243.7], [2010.7, 1226.8]]}}, {"type": "Feature", "properties": {"name": null, "highway": "service", "trusted": 0.0}, "geometry": {"type": "LineString", "coordinates": [[2353.7, 1513.6], [2381.8, 1574.7], [2364.9, 1583.8], [2374.5, 1619.5], [2357.0, 1619.5], [2374.2, 1677.0]]}}, {"type": "Feature", "properties": {"name": "Tr\u01b0\u1eddng Sa", "highway": "residential", "trusted": 0.67}, "geometry": {"type": "LineString", "coordinates": [[8998.9, 7279.5], [8999.3, 7297.2], [9122.7, 7565.3]]}}, {"type": "Feature", "properties": {"name": "C\u1ea7u Ph\u00fa An", "highway": "tertiary", "trusted": 0.0}, "geometry": {"type": "LineString", "coordinates": [[10524.9, 8311.2], [10517.2, 8329.5], [10478.3, 8404.9], [10439.0, 8473.3]]}}, {"type": "Feature", "properties": {"name": null, "highway": "service", "trusted": 1.0}, "geometry": {"type": "LineString", "coordinates": [[9411.6, 6141.2], [9382.9, 6088.8], [9368.8, 6073.6], [9306.8, 6007.2], [9276.8, 5975.1], [9245.2, 5941.5], [9184.8, 5877.3], [9156.7, 5868.9]]}}, {"type": "Feature", "properties": {"name": null, "highway": "service", "trusted": 0.0}, "geometry": {"type": "LineString", "coordinates": [[10730.0, 7571.1], [10840.1, 7610.3]]}}, {"type": "Feature", "properties": {"name": null, "highway": "service", "trusted": 0.0}, "geometry": {"type": "LineString", "coordinates": [[10857.2, 7634.7], [10865.1, 7635.8], [10872.9, 7634.3], [10879.8, 7630.3], [10885.0, 7624.2], [10887.9, 7616.8], [10888.2, 7608.9], [10886.0, 7601.2], [10881.4, 7594.7], [10875.0, 7590.0], [10867.4, 7587.6], [10859.4, 7587.9], [10852.0, 7590.7], [10845.9, 7595.8], [10841.8, 7602.6], [10840.1, 7610.3], [10841.0, 7618.2], [10844.5, 7625.5], [10850.1, 7631.2], [10857.2, 7634.7]]}}, {"type": "Feature", "properties": {"name": null, "highway": "service", "trusted": 0.0}, "geometry": {"type": "LineString", "coordinates": [[11164.3, 7726.5], [11172.2, 7727.1], [11179.8, 7725.0], [11186.3, 7720.5], [11190.8, 7714.3], [11193.1, 7707.1], [11193.0, 7699.6], [11190.5, 7692.4], [11185.9, 7686.4], [11179.6, 7682.1], [11172.3, 7680.0], [11164.7, 7680.4], [11157.4, 7683.2], [11151.3, 7688.4], [11147.4, 7695.3], [11146.0, 7703.1], [11147.3, 7711.0], [11151.1, 7718.0], [11156.9, 7723.4], [11164.3, 7726.5]]}}, {"type": "Feature", "properties": {"name": null, "highway": "service", "trusted": 0.0}, "geometry": {"type": "LineString", "coordinates": [[11104.6, 8003.2], [11109.8, 8009.2], [11116.8, 8013.2], [11124.6, 8014.6], [11132.0, 8013.5], [11138.7, 8010.2], [11144.0, 8004.8], [11147.4, 7998.1], [11148.4, 7990.7], [11147.1, 7983.3], [11143.4, 7976.6], [11138.0, 7971.5], [11130.7, 7968.1], [11122.8, 7967.4], [11115.1, 7969.4], [11108.4, 7973.8], [11103.7, 7980.2], [11101.3, 7987.8], [11101.7, 7995.7], [11104.6, 8003.2]]}}, {"type": "Feature", "properties": {"name": null, "highway": "service", "trusted": 0.0}, "geometry": {"type": "LineString", "coordinates": [[11022.6, 7665.9], [10942.9, 7641.5], [10942.6, 7606.3]]}}, {"type": "Feature", "properties": {"name": null, "highway": "service", "trusted": 0.0}, "geometry": {"type": "LineString", "coordinates": [[2619.3, 1813.0], [2678.4, 1788.3]]}}, {"type": "Feature", "properties": {"name": null, "highway": "service", "trusted": 0.0}, "geometry": {"type": "LineString", "coordinates": [[2385.8, 1499.1], [2398.8, 1528.4]]}}, {"type": "Feature", "properties": {"name": null, "highway": "service", "trusted": 0.0}, "geometry": {"type": "LineString", "coordinates": [[2429.8, 1444.0], [2445.0, 1479.3], [2469.3, 1515.2], [2512.6, 1614.3]]}}, {"type": "Feature", "properties": {"name": null, "highway": "service", "trusted": 0.0}, "geometry": {"type": "LineString", "coordinates": [[2429.8, 1444.0], [2412.8, 1370.8], [2400.2, 1360.5]]}}, {"type": "Feature", "properties": {"name": "\u0110\u01b0\u1eddng n\u1ed9i b\u1ed9 Khu du l\u1ecbch V\u0103n Th\u00e1nh", "highway": "service", "trusted": 0.0}, "geometry": {"type": "LineString", "coordinates": [[11925.1, 9077.9], [11941.1, 9055.2], [12016.1, 8948.6], [12041.5, 8927.7], [12064.3, 8910.1]]}}, {"type": "Feature", "properties": {"name": null, "highway": "service", "trusted": 0.0}, "geometry": {"type": "LineString", "coordinates": [[12041.5, 8927.7], [12063.0, 8992.3]]}}, {"type": "Feature", "properties": {"name": null, "highway": "residential", "trusted": 1.0}, "geometry": {"type": "LineString", "coordinates": [[9875.9, 6575.7], [9836.2, 6493.9]]}}, {"type": "Feature", "properties": {"name": "Ph\u00fa M\u1ef9", "highway": "residential", "trusted": 0.0}, "geometry": {"type": "LineString", "coordinates": [[9474.1, 8422.2], [9325.6, 8348.6], [9274.8, 8332.8], [9215.8, 8314.5], [9157.4, 8299.8], [9143.0, 8295.4], [9098.3, 8301.2], [9061.3, 8325.9], [9014.2, 8391.6], [8991.3, 8423.0], [8968.5, 8454.2], [8927.5, 8513.7], [8841.1, 8631.4], [8936.1, 8701.4]]}}, {"type": "Feature", "properties": {"name": "Nguy\u1ec5n Tr\u00e3i", "highway": "secondary", "trusted": 0.0}, "geometry": {"type": "LineString", "coordinates": [[2221.1, 188.4], [2146.0, 156.8]]}}, {"type": "Feature", "properties": {"name": "Nguy\u1ec5n C\u01b0 Trinh", "highway": "tertiary", "trusted": 0.0}, "geometry": {"type": "LineString", "coordinates": [[1446.3, 1073.7], [1439.6, 1055.4], [1420.0, 1003.4]]}}, {"type": "Feature", "properties": {"name": "C\u1ed1ng Qu\u1ef3nh", "highway": "tertiary", "trusted": 0.0}, "geometry": {"type": "LineString", "coordinates": [[2227.7, 234.8], [2197.0, 299.2], [2195.0, 303.6], [2141.4, 416.3], [2136.4, 427.1], [2127.0, 447.6], [2104.1, 497.4], [2077.2, 556.3], [2057.5, 594.5], [2050.7, 603.0], [2007.6, 633.9], [1967.5, 661.3], [1862.4, 735.6], [1778.1, 790.6], [1764.9, 799.7], [1741.0, 817.0], [1593.4, 923.3], [1569.2, 940.0], [1525.7, 961.5], [1503.1, 971.0], [1440.9, 978.7]]}}, {"type": "Feature", "properties": {"name": null, "highway": "service", "trusted": 1.0}, "geometry": {"type": "LineString", "coordinates": [[10429.4, 5130.8], [10414.4, 5178.5], [10409.2, 5198.2], [10400.1, 5260.8], [10395.4, 5290.8], [10388.5, 5345.5], [10382.9, 5373.6], [10381.6, 5384.9]]}}, {"type": "Feature", "properties": {"name": "V\u00f5 V\u0103n Ki\u1ec7t", "highway": "primary", "trusted": 0.67}, "geometry": {"type": "LineString", "coordinates": [[2869.4, 5082.9], [2896.7, 5128.2], [2904.7, 5173.6]]}}, {"type": "Feature", "properties": {"name": "V\u00f5 V\u0103n Ki\u1ec7t", "highway": "primary", "trusted": 0.67}, "geometry": {"type": "LineString", "coordinates": [[2904.7, 5173.6], [2918.1, 5121.5], [2900.7, 5062.8]]}}, {"type": "Feature", "properties": {"name": null, "highway": "service", "trusted": 0.6}, "geometry": {"type": "LineString", "coordinates": [[2460.7, 6519.8], [2553.2, 6491.4], [2569.8, 6483.2], [2715.5, 6341.1], [2728.3, 6335.4]]}}, {"type": "Feature", "properties": {"name": null, "highway": "service", "trusted": 0.0}, "geometry": {"type": "LineString", "coordinates": [[-23.2, 7171.4], [5.7, 7111.4]]}}, {"type": "Feature", "properties": {"name": null, "highway": "service", "trusted": 0.0}, "geometry": {"type": "LineString", "coordinates": [[2152.9, 975.6], [2256.1, 1080.9]]}}, {"type": "Feature", "properties": {"name": "H\u1ebbm 217 \u00d0\u1ec1 Th\u00e1m", "highway": "service", "trusted": 0.0}, "geometry": {"type": "LineString", "coordinates": [[2610.1, 1959.7], [2559.7, 1872.2], [2536.3, 1822.5], [2529.1, 1798.1], [2504.8, 1746.1], [2463.7, 1643.0], [2460.9, 1635.8]]}}, {"type": "Feature", "properties": {"name": "H\u1ebbm 241 Ph\u1ea1m Ng\u0169 L\u00e3o", "highway": "service", "trusted": 0.0}, "geometry": {"type": "LineString", "coordinates": [[2743.7, 1521.6], [2722.3, 1529.8], [2631.0, 1567.2], [2512.6, 1614.3], [2460.9, 1635.8], [2417.7, 1655.7]]}}, {"type": "Feature", "properties": {"name": "Nguy\u1ec5n Thi\u1ec7n Th\u00e0nh", "highway": "tertiary", "trusted": 0.0}, "geometry": {"type": "LineString", "coordinates": [[3171.8, 7392.3], [3142.2, 7402.3], [3118.2, 7410.5], [3053.4, 7432.8], [2977.8, 7467.0], [2901.5, 7504.3], [2783.3, 7564.1], [2744.8, 7585.4], [2651.6, 7641.9], [2555.5, 7700.1], [2352.2, 7852.8], [2192.1, 7995.0], [2114.3, 8071.6], [2043.3, 8148.2], [1970.6, 8231.0], [1904.8, 8317.4], [1855.8, 8388.5], [1792.1, 8488.2]]}}, {"type": "Feature", "properties": {"name": null, "highway": "service", "trusted": 1.0}, "geometry": {"type": "LineString", "coordinates": [[2281.7, 6121.9], [2294.6, 6150.0], [2425.4, 6441.1], [2443.1, 6480.5], [2460.7, 6519.8]]}}, {"type": "Feature", "properties": {"name": "H\u1ebbm 18/55 Nguy\u1ec5n C\u1eedu V\u00e2n", "highway": "residential", "trusted": 0.0}, "geometry": {"type": "LineString", "coordinates": [[12044.1, 6800.5], [12073.4, 6678.4], [12098.5, 6691.7]]}}, {"type": "Feature", "properties": {"name": "H\u1ea7m chui Nguy\u1ec5n H\u1eefu C\u1ea3nh", "highway": "primary", "trusted": 0.0}, "geometry": {"type": "LineString", "coordinates": [[9450.0, 8735.8], [9456.5, 8808.1], [9442.9, 8940.6], [9442.6, 9024.5], [9451.1, 9108.1], [9457.2, 9139.1]]}}, {"type": "Feature", "properties": {"name": null, "highway": "residential", "trusted": 0.75}, "geometry": {"type": "LineString", "coordinates": [[2281.7, 6121.9], [2384.7, 6070.0], [2584.3, 5970.0], [2631.5, 5892.3]]}}, {"type": "Feature", "properties": {"name": "C\u1ea7u s\u1ed1 17", "highway": "tertiary", "trusted": 0.0}, "geometry": {"type": "LineString", "coordinates": [[1792.1, 8488.2], [1612.2, 8766.2]]}}, {"type": "Feature", "properties": {"name": "Nguy\u1ec5n Thi\u1ec7n Th\u00e0nh", "highway": "tertiary", "trusted": 0.0}, "geometry": {"type": "LineString", "coordinates": [[1612.2, 8766.2], [1456.5, 9015.6]]}}, {"type": "Feature", "properties": {"name": "B\u00f9i Th\u1ecb Xu\u00e2n", "highway": "tertiary", "trusted": 1.0}, "geometry": {"type": "LineString", "coordinates": [[4154.5, 1203.4], [4134.3, 1191.6]]}}, {"type": "Feature", "properties": {"name": "Ph\u1ea1m Vi\u1ebft Ch\u00e1nh", "highway": "residential", "trusted": 0.25}, "geometry": {"type": "LineString", "coordinates": [[9732.9, 8103.3], [9800.9, 7990.8], [9813.0, 7931.0], [9815.3, 7915.4], [9818.9, 7835.6], [9820.8, 7794.8], [9827.2, 7725.9], [9827.5, 7710.5], [9829.3, 7613.3], [9829.8, 7575.8], [9834.2, 7507.7], [9840.7, 7415.0], [9841.6, 7402.5], [9842.0, 7396.0], [9843.7, 7344.8], [9782.3, 7255.5], [9782.8, 7214.1], [9786.0, 7152.9], [9787.6, 7135.4], [9806.6, 6861.0]]}}, {"type": "Feature", "properties": {"name": null, "highway": "service", "trusted": 0.0}, "geometry": {"type": "LineString", "coordinates": [[10287.9, 7998.2], [10408.7, 8024.6], [10589.8, 8064.5]]}}, {"type": "Feature", "properties": {"name": "H\u1ebbm 160 Ng\u00f4 T\u1ea5t T\u1ed1", "highway": "residential", "trusted": 0.0}, "geometry": {"type": "LineString", "coordinates": [[9655.6, 9142.1], [9654.9, 9141.4], [9644.0, 9071.6], [9674.0, 9042.5], [9663.0, 9001.0]]}}, {"type": "Feature", "properties": {"name": null, "highway": "service", "trusted": 1.0}, "geometry": {"type": "LineString", "coordinates": [[690.9, 2675.3], [805.5, 2532.5]]}}, {"type": "Feature", "properties": {"name": null, "highway": "service", "trusted": 1.0}, "geometry": {"type": "LineString", "coordinates": [[816.0, 2771.0], [770.3, 2823.9]]}}, {"type": "Feature", "properties": {"name": null, "highway": "service", "trusted": 0.0}, "geometry": {"type": "LineString", "coordinates": [[10130.7, 7786.7], [9995.2, 8017.4]]}}, {"type": "Feature", "properties": {"name": "Yersin", "highway": "secondary", "trusted": 0.0}, "geometry": {"type": "LineString", "coordinates": [[3226.3, 2749.5], [3197.3, 2764.1], [3136.8, 2794.3], [3097.7, 2813.9], [3075.2, 2825.1]]}}, {"type": "Feature", "properties": {"name": "H\u1ebbm 122 Phan V\u0103n H\u00e2n", "highway": "service", "trusted": 0.0}, "geometry": {"type": "LineString", "coordinates": [[11359.3, 6190.3], [11346.1, 6187.4], [11305.1, 6146.6], [11311.1, 6112.7], [11269.9, 6099.9], [11152.5, 6063.3], [11130.6, 6064.8], [11105.2, 6058.6], [11054.1, 6045.5]]}}, {"type": "Feature", "properties": {"name": "H\u1ebbm 93 X\u00f4 Vi\u1ebft Ngh\u1ec7 T\u0129nh", "highway": "service", "trusted": 0.0}, "geometry": {"type": "LineString", "coordinates": [[11176.1, 6509.6], [11236.8, 6528.4], [11262.4, 6488.6]]}}, {"type": "Feature", "properties": {"name": "H\u1ebbm 75 Nguy\u1ec5n C\u1eedu V\u00e2n", "highway": "service", "trusted": 0.0}, "geometry": {"type": "LineString", "coordinates": [[11629.1, 6480.2], [11535.8, 6453.4], [11520.5, 6439.7], [11459.2, 6382.1], [11384.5, 6328.5], [11330.8, 6303.1], [11312.5, 6291.2], [11285.0, 6286.5]]}}, {"type": "Feature", "properties": {"name": "H\u1ebbm 87/59 \u0110\u01b0\u1eddng L\u00ea V\u0103n Duy\u1ec7t", "highway": "residential", "trusted": 0.0}, "geometry": {"type": "LineString", "coordinates": [[11806.0, 2457.6], [11870.2, 2458.5], [12009.4, 2460.6], [12031.6, 2455.3]]}}, {"type": "Feature", "properties": {"name": "H\u1ebbm 87/57 \u0110\u01b0\u1eddng L\u00ea V\u0103n Duy\u1ec7t", "highway": "residential", "trusted": 0.0}, "geometry": {"type": "LineString", "coordinates": [[11809.4, 2500.3], [11869.1, 2507.4], [11953.6, 2517.4], [12031.3, 2528.3]]}}, {"type": "Feature", "properties": {"name": "H\u1ebbm 91/9 \u0110\u01b0\u1eddng L\u00ea V\u0103n Duy\u1ec7t", "highway": "residential", "trusted": 0.0}, "geometry": {"type": "LineString", "coordinates": [[12143.4, 2597.3], [12161.7, 2599.2]]}}, {"type": "Feature", "properties": {"name": "H\u1ebbm 91 \u0110\u01b0\u1eddng L\u00ea V\u0103n Duy\u1ec7t", "highway": "residential", "trusted": 0.0}, "geometry": {"type": "LineString", "coordinates": [[12164.5, 2420.3], [12147.4, 2412.2]]}}, {"type": "Feature", "properties": {"name": "H\u1ebbm 125/4 V\u1ea1n Ki\u1ebfp", "highway": "service", "trusted": 0.0}, "geometry": {"type": "LineString", "coordinates": [[12164.4, 2350.2], [12165.6, 2348.3]]}}, {"type": "Feature", "properties": {"name": "H\u1ebbm 87 \u0110\u01b0\u1eddng L\u00ea V\u0103n Duy\u1ec7t", "highway": "service", "trusted": 0.0}, "geometry": {"type": "LineString", "coordinates": [[12086.2, 2312.1], [12056.5, 2353.1], [12036.7, 2385.8], [12029.0, 2414.1], [12029.6, 2424.0], [12031.6, 2455.3], [12031.3, 2528.3], [12030.2, 2587.3]]}}, {"type": "Feature", "properties": {"name": "B\u00f9i Th\u1ecb Xu\u00e2n", "highway": "tertiary", "trusted": 0.0}, "geometry": {"type": "LineString", "coordinates": [[3307.7, 325.9], [3264.5, 280.4], [3191.4, 205.1], [3135.4, 153.0], [3080.3, 99.9], [3020.2, 43.7]]}}, {"type": "Feature", "properties": {"name": "B\u00f9i Th\u1ecb Xu\u00e2n", "highway": "tertiary", "trusted": 0.0}, "geometry": {"type": "LineString", "coordinates": [[3468.5, 483.5], [3451.8, 468.1], [3376.7, 399.0], [3307.7, 325.9]]}}, {"type": "Feature", "properties": {"name": "L\u00ea Anh Xu\u00e2n", "highway": "residential", "trusted": 0.0}, "geometry": {"type": "LineString", "coordinates": [[3690.6, 2542.9], [3672.8, 2541.8]]}}, {"type": "Feature", "properties": {"name": "Nguy\u1ec5n Th\u00e1i H\u1ecdc", "highway": "secondary", "trusted": 1.0}, "geometry": {"type": "LineString", "coordinates": [[1759.6, 3017.4], [1704.4, 3032.3], [1650.9, 3053.8], [1622.0, 3071.2], [1506.6, 3142.3], [1414.7, 3198.7], [1348.5, 3242.9], [1329.6, 3255.6], [1319.9, 3266.6]]}}, {"type": "Feature", "properties": {"name": null, "highway": "service", "trusted": 0.0}, "geometry": {"type": "LineString", "coordinates": [[11132.0, 8013.5], [11105.4, 8117.1], [11081.4, 8197.5], [11066.1, 8207.7], [11049.4, 8218.9], [11018.3, 8219.2]]}}, {"type": "Feature", "properties": {"name": "H\u1ebbm 237 Phan V\u0103n H\u00e2n", "highway": "service", "trusted": 0.0}, "geometry": {"type": "LineString", "coordinates": [[11251.0, 4876.4], [11243.6, 4874.3], [11014.6, 4809.9]]}}, {"type": "Feature", "properties": {"name": "H\u1ebbm 205 Phan V\u0103n H\u00e2n", "highway": "service", "trusted": 0.0}, "geometry": {"type": "LineString", "coordinates": [[11218.4, 5060.1], [11084.1, 5030.2], [11044.4, 5021.4], [10982.9, 5002.4], [10963.7, 4996.5]]}}, {"type": "Feature", "properties": {"name": "C\u00f4ng Tr\u01b0\u1eddng T\u1ef1 Do", "highway": "service", "trusted": 0.0}, "geometry": {"type": "LineString", "coordinates": [[10474.9, 6941.4], [10432.5, 7039.8], [10424.8, 7066.6], [10422.8, 7085.5], [10444.5, 7092.0], [10409.0, 7204.3]]}}, {"type": "Feature", "properties": {"name": "H\u1ebbm 19 Hu\u1ef3nh T\u1ecbnh C\u1ee7a", "highway": "service", "trusted": 0.0}, "geometry": {"type": "LineString", "coordinates": [[10312.3, 7210.2], [10397.9, 7233.1], [10428.1, 7241.8], [10437.5, 7234.9], [10463.9, 7240.7], [10453.4, 7270.2]]}}, {"type": "Feature", "properties": {"name": "H\u1ebbm 35 M\u00ea Linh", "highway": "service", "trusted": 1.0}, "geometry": {"type": "LineString", "coordinates": [[9563.6, 7131.6], [9557.5, 7061.7], [9546.9, 7050.9], [9507.2, 7034.9]]}}, {"type": "Feature", "properties": {"name": "H\u1ebbm 48 M\u00ea Linh", "highway": "residential", "trusted": 0.5}, "geometry": {"type": "LineString", "coordinates": [[9651.4, 7214.6], [9712.8, 7338.4]]}}, {"type": "Feature", "properties": {"name": null, "highway": "residential", "trusted": 1.0}, "geometry": {"type": "LineString", "coordinates": [[9651.4, 7214.6], [9782.8, 7214.1]]}}, {"type": "Feature", "properties": {"name": "H\u1ebbm 40 Ph\u1ea1m Vi\u1ebft Ch\u00e1nh", "highway": "residential", "trusted": 0.0}, "geometry": {"type": "LineString", "coordinates": [[9841.6, 7402.5], [9710.1, 7396.7]]}}, {"type": "Feature", "properties": {"name": "H\u1ebbm 53 Tr\u1ea7n Kh\u00e1nh D\u01b0", "highway": "residential", "trusted": 0.0}, "geometry": {"type": "LineString", "coordinates": [[11252.8, 1212.2], [11258.7, 1244.9], [11268.4, 1298.6], [11284.7, 1385.2], [11306.6, 1503.1]]}}, {"type": "Feature", "properties": {"name": "Tr\u1ea7n Kh\u1eafc Ch\u00e2n", "highway": "residential", "trusted": 0.0}, "geometry": {"type": "LineString", "coordinates": [[11354.7, 1193.1], [11413.0, 1182.9], [11475.3, 1173.1], [11532.4, 1163.1], [11596.6, 1155.7]]}}, {"type": "Feature", "properties": {"name": "X\u00f4 Vi\u1ebft Ngh\u1ec7 T\u0129nh", "highway": "primary", "trusted": 0.0}, "geometry": {"type": "LineString", "coordinates": [[11553.0, 7309.2], [11612.2, 7341.2], [11660.8, 7361.1], [11728.2, 7387.5], [11763.1, 7401.6], [11829.5, 7430.1], [11936.0, 7472.3], [11982.5, 7490.7], [12045.9, 7516.4], [12085.6, 7532.3]]}}, {"type": "Feature", "properties": {"name": "Phan V\u0103n H\u00e2n", "highway": "residential", "trusted": 1.0}, "geometry": {"type": "LineString", "coordinates": [[10603.6, 6408.2], [10619.9, 6392.7]]}}, {"type": "Feature", "properties": {"name": "Nguy\u1ec5n V\u0103n Th\u1ee7", "highway": "residential", "trusted": 1.0}, "geometry": {"type": "LineString", "coordinates": [[9848.9, 3810.1], [9648.7, 3637.8]]}}, {"type": "Feature", "properties": {"name": "M\u1ea1c \u0110\u0129nh Chi", "highway": "tertiary", "trusted": 0.5}, "geometry": {"type": "LineString", "coordinates": [[8958.1, 2987.1], [8657.5, 3377.3]]}}, {"type": "Feature", "properties": {"name": "Nguy\u1ec5n V\u0103n Th\u1ee7", "highway": "tertiary", "trusted": 0.0}, "geometry": {"type": "LineString", "coordinates": [[8691.3, 2711.2], [8607.3, 2632.0], [8371.6, 2409.5]]}}, {"type": "Feature", "properties": {"name": "V\u0169 Huy T\u1ea5n", "highway": "tertiary", "trusted": 0.0}, "geometry": {"type": "LineString", "coordinates": [[11727.4, 2227.7], [11718.8, 2314.8], [11711.7, 2386.6], [11666.5, 2845.0]]}}, {"type": "Feature", "properties": {"name": "H\u1ebbm 12 C\u00f9 Lao", "highway": "residential", "trusted": 0.0}, "geometry": {"type": "LineString", "coordinates": [[11897.4, 757.1], [11986.7, 771.8], [12033.7, 789.2]]}}, {"type": "Feature", "properties": {"name": "H\u1ebbm 64 C\u00f9 Lao", "highway": "residential", "trusted": 0.0}, "geometry": {"type": "LineString", "coordinates": [[12194.8, 455.0], [12175.7, 447.9], [12074.2, 410.7], [12009.1, 390.0], [11952.3, 369.3]]}}, {"type": "Feature", "properties": {"name": "Nguy\u1ec5n V\u0103n Giai", "highway": "tertiary", "trusted": 0.5}, "geometry": {"type": "LineString", "coordinates": [[10659.3, 3239.7], [10161.7, 3141.5]]}}, {"type": "Feature", "properties": {"name": "H\u1ebbm 236 \u0110i\u1ec7n Bi\u00ean Ph\u1ee7", "highway": "residential", "trusted": 0.0}, "geometry": {"type": "LineString", "coordinates": [[12096.2, 6446.4], [12102.3, 6450.0]]}}, {"type": "Feature", "properties": {"name": "H\u1ebbm 46/10 Nguy\u1ec5n C\u1eedu V\u00e2n", "highway": "service", "trusted": 0.0}, "geometry": {"type": "LineString", "coordinates": [[11842.3, 6212.3], [11936.7, 6328.6], [11963.0, 6355.7], [12010.8, 6383.6], [11981.0, 6450.3], [12071.6, 6497.9]]}}, {"type": "Feature", "properties": {"name": null, "highway": "service", "trusted": 0.0}, "geometry": {"type": "LineString", "coordinates": [[11843.4, 7181.1], [11885.9, 7128.4], [11910.0, 7029.9]]}}, {"type": "Feature", "properties": {"name": null, "highway": "service", "trusted": 0.0}, "geometry": {"type": "LineString", "coordinates": [[11760.8, 7378.8], [11771.6, 7349.3], [11823.3, 7207.3], [11843.4, 7181.1], [12021.9, 7201.8], [12040.5, 7132.4]]}}, {"type": "Feature", "properties": {"name": null, "highway": "service", "trusted": 0.0}, "geometry": {"type": "LineString", "coordinates": [[3974.3, 7181.2], [3972.1, 7242.4], [3954.0, 7402.6], [3952.0, 7420.1], [3931.2, 7412.9], [3892.6, 7392.9], [3783.6, 7369.1], [3745.3, 7488.5]]}}, {"type": "Feature", "properties": {"name": null, "highway": "service", "trusted": 0.4}, "geometry": {"type": "LineString", "coordinates": [[2460.7, 6519.8], [2046.1, 6726.3], [1924.8, 6712.0], [1505.9, 7000.4], [1143.3, 7332.8]]}}, {"type": "Feature", "properties": {"name": null, "highway": "service", "trusted": 1.0}, "geometry": {"type": "LineString", "coordinates": [[2384.7, 6070.0], [2395.1, 6094.1], [2450.7, 6223.3]]}}, {"type": "Feature", "properties": {"name": "H\u1ebbm 27 Nguy\u1ec5n Th\u00e1i B\u00ecnh", "highway": "service", "trusted": 1.0}, "geometry": {"type": "LineString", "coordinates": [[3320.0, 4196.7], [3186.8, 4304.2], [3130.2, 4225.4]]}}, {"type": "Feature", "properties": {"name": null, "highway": "service", "trusted": 1.0}, "geometry": {"type": "LineString", "coordinates": [[2798.6, 4359.8], [2785.7, 4370.4], [2779.4, 4375.6], [2712.2, 4431.5], [2703.4, 4445.9], [2687.9, 4485.9], [2680.3, 4500.4], [2640.1, 4550.2], [2618.6, 4576.6], [2608.1, 4589.5]]}}, {"type": "Feature", "properties": {"name": null, "highway": "service", "trusted": 1.0}, "geometry": {"type": "LineString", "coordinates": [[3007.3, 4230.1], [2826.6, 4392.7]]}}, {"type": "Feature", "properties": {"name": "H\u1ebbm 18 Nguy\u1ec5n C\u1eedu V\u00e2n", "highway": "service", "trusted": 0.0}, "geometry": {"type": "LineString", "coordinates": [[11956.5, 6778.6], [11900.1, 6762.0], [11869.5, 6753.1], [11897.2, 6624.7], [11804.6, 6592.4], [11700.7, 6559.1], [11615.9, 6534.1]]}}, {"type": "Feature", "properties": {"name": "H\u1ebbm 133 X\u00f4 Vi\u1ebft Ngh\u1ec7 T\u0129nh", "highway": "service", "trusted": 0.0}, "geometry": {"type": "LineString", "coordinates": [[11280.8, 7022.6], [11380.4, 6870.8], [11366.8, 6862.0], [11357.7, 6849.9], [11391.7, 6795.3], [11404.6, 6799.8], [11422.7, 6786.3], [11454.1, 6735.2], [11517.2, 6763.1]]}}, {"type": "Feature", "properties": {"name": "H\u1ebbm 6 Nguy\u1ec5n V\u0103n Th\u1ee7", "highway": "service", "trusted": 1.0}, "geometry": {"type": "LineString", "coordinates": [[10409.7, 4325.1], [10470.2, 4262.7]]}}, {"type": "Feature", "properties": {"name": "H\u1ebbm 117 \u0110i\u1ec7n Bi\u00ean Ph\u1ee7", "highway": "service", "trusted": 0.0}, "geometry": {"type": "LineString", "coordinates": [[11922.7, 5119.9], [11951.1, 5088.2], [11980.3, 5055.9], [12023.0, 4984.3], [12066.7, 4903.2], [12077.5, 4843.2], [12020.7, 4791.2], [11981.3, 4755.1]]}}, {"type": "Feature", "properties": {"name": "H\u1ebbm 101 \u0110i\u1ec7n Bi\u00ean Ph\u1ee7", "highway": "residential", "trusted": 0.0}, "geometry": {"type": "LineString", "coordinates": [[11804.8, 5003.3], [11825.8, 4970.6], [11856.9, 4922.5], [11914.2, 4852.8], [11925.4, 4856.5], [11960.9, 4823.5], [11973.7, 4837.5]]}}, {"type": "Feature", "properties": {"name": null, "highway": "service", "trusted": 0.0}, "geometry": {"type": "LineString", "coordinates": [[11292.4, 4585.2], [11387.7, 4437.5]]}}, {"type": "Feature", "properties": {"name": "H\u1ebbm 1 \u0110i\u1ec7n Bi\u00ean Ph\u1ee7", "highway": "service", "trusted": 0.0}, "geometry": {"type": "LineString", "coordinates": [[11081.5, 4295.1], [11098.6, 4275.3], [11136.9, 4144.0]]}}, {"type": "Feature", "properties": {"name": "H\u1ebbm 57 \u0110i\u1ec7n Bi\u00ean Ph\u1ee7", "highway": "service", "trusted": 0.0}, "geometry": {"type": "LineString", "coordinates": [[11579.8, 4458.2], [11580.4, 4455.6], [11584.5, 4436.1], [11567.6, 4392.9], [11707.3, 4249.6], [11716.0, 4257.0], [11788.6, 4170.9], [11826.2, 4137.3], [11892.6, 4077.8], [11939.3, 4031.2], [12033.0, 4123.7], [12048.3, 4151.5], [12083.2, 4182.9], [12118.7, 4154.2]]}}, {"type": "Feature", "properties": {"name": null, "highway": "service", "trusted": 1.0}, "geometry": {"type": "LineString", "coordinates": [[10527.3, 5970.2], [10535.2, 5975.1], [10579.4, 6002.8], [10596.1, 6006.5], [10661.5, 6046.3]]}}, {"type": "Feature", "properties": {"name": "H\u1ebbm 21 X\u00f4 Vi\u1ebft Ngh\u1ec7 T\u0129nh", "highway": "service", "trusted": 0.18}, "geometry": {"type": "LineString", "coordinates": [[10793.6, 6252.5], [10694.6, 6141.2], [10693.9, 6129.2], [10761.1, 6176.2], [10793.0, 6151.6], [10796.4, 6150.7], [10800.6, 6151.1], [10843.8, 6189.4], [10847.7, 6189.7], [10851.3, 6188.2], [10882.4, 6156.3]]}}, {"type": "Feature", "properties": {"name": "H\u1ebbm 18/2 Nguy\u1ec5n C\u1eedu V\u00e2n", "highway": "service", "trusted": 0.0}, "geometry": {"type": "LineString", "coordinates": [[11700.7, 6559.1], [11675.8, 6640.7]]}}, {"type": "Feature", "properties": {"name": "H\u1ebbm 35 X\u00f4 Vi\u1ebft Ngh\u1ec7 T\u0129nh", "highway": "service", "trusted": 0.0}, "geometry": {"type": "LineString", "coordinates": [[11285.0, 6286.5], [11252.8, 6339.5], [11215.9, 6363.5], [11180.1, 6394.9], [11111.6, 6363.8], [11087.3, 6351.9], [11064.6, 6340.8], [11031.2, 6323.1], [10979.9, 6398.9], [10947.6, 6455.1], [10858.8, 6419.4], [10755.5, 6523.8]]}}, {"type": "Feature", "properties": {"name": "H\u1ebbm 48/36 Tr\u01b0\u1eddng Sa", "highway": "service", "trusted": 0.0}, "geometry": {"type": "LineString", "coordinates": [[11007.8, 5213.2], [10993.9, 5248.8], [10986.2, 5272.0], [10928.1, 5251.6]]}}, {"type": "Feature", "properties": {"name": "H\u1ebbm 48 \u0110\u01b0\u1eddng Tr\u01b0\u1eddng Sa", "highway": "service", "trusted": 0.0}, "geometry": {"type": "LineString", "coordinates": [[10819.6, 5144.8], [10883.9, 5178.2], [10934.3, 5202.0], [10942.1, 5205.7], [10928.1, 5251.6]]}}, {"type": "Feature", "properties": {"name": "H\u1ebbm 106 Phan V\u0103n H\u00e2n", "highway": "service", "trusted": 0.0}, "geometry": {"type": "LineString", "coordinates": [[10964.7, 6163.7], [11067.7, 6275.5], [11031.2, 6323.1]]}}, {"type": "Feature", "properties": {"name": "H\u1ebbm 117 X\u00f4 Vi\u1ebft Ngh\u1ec7 T\u0129nh", "highway": "service", "trusted": 0.0}, "geometry": {"type": "LineString", "coordinates": [[11149.4, 6897.2], [11232.1, 6797.2], [11257.7, 6765.8], [11291.0, 6725.0], [11300.6, 6730.3], [11315.6, 6731.4], [11349.4, 6707.2], [11369.8, 6685.8], [11387.3, 6649.4], [11364.2, 6640.1], [11319.6, 6617.0], [11269.4, 6592.3]]}}, {"type": "Feature", "properties": {"name": null, "highway": "residential", "trusted": 0.0}, "geometry": {"type": "LineString", "coordinates": [[9977.0, 7511.6], [9967.6, 7712.4], [9946.8, 7730.2], [9942.4, 7749.0]]}}, {"type": "Feature", "properties": {"name": null, "highway": "residential", "trusted": 0.0}, "geometry": {"type": "LineString", "coordinates": [[10076.8, 7514.4], [10068.5, 7774.3]]}}, {"type": "Feature", "properties": {"name": null, "highway": "residential", "trusted": 0.0}, "geometry": {"type": "LineString", "coordinates": [[9834.2, 7507.7], [9916.1, 7509.9], [9977.0, 7511.6], [10076.8, 7514.4], [10090.5, 7514.7], [10169.5, 7516.3], [10215.0, 7517.3]]}}, {"type": "Feature", "properties": {"name": null, "highway": "service", "trusted": 1.0}, "geometry": {"type": "LineString", "coordinates": [[10350.5, 4843.3], [10362.8, 4825.0], [10413.1, 4775.1], [10515.6, 4773.2], [10541.7, 4800.2]]}}, {"type": "Feature", "properties": {"name": null, "highway": "service", "trusted": 1.0}, "geometry": {"type": "LineString", "coordinates": [[10325.3, 4882.4], [10350.5, 4843.3]]}}, {"type": "Feature", "properties": {"name": null, "highway": "service", "trusted": 1.0}, "geometry": {"type": "LineString", "coordinates": [[10541.7, 4800.2], [10533.8, 4838.8], [10511.5, 4898.6], [10483.7, 4924.0], [10438.9, 4922.4], [10387.9, 4870.1], [10350.5, 4843.3]]}}, {"type": "Feature", "properties": {"name": null, "highway": "service", "trusted": 0.0}, "geometry": {"type": "LineString", "coordinates": [[11520.5, 6439.7], [11460.9, 6505.7]]}}, {"type": "Feature", "properties": {"name": "H\u1ebbm 125 \u0110\u01b0\u1eddng Nguy\u1ec5n C\u1eedu V\u00e2n", "highway": "service", "trusted": 0.0}, "geometry": {"type": "LineString", "coordinates": [[11675.9, 5808.5], [11661.6, 5853.4], [11654.8, 5870.7], [11600.9, 6009.0], [11570.2, 5999.4], [11540.2, 6091.1]]}}, {"type": "Feature", "properties": {"name": "H\u1ebbm 224 Phan V\u0103n H\u00e2n", "highway": "service", "trusted": 0.0}, "geometry": {"type": "LineString", "coordinates": [[11198.7, 5171.1], [11395.7, 5203.1], [11373.4, 5344.1], [11428.6, 5352.4]]}}, {"type": "Feature", "properties": {"name": "H\u1ebbm 220 Phan V\u0103n H\u00e2n", "highway": "service", "trusted": 0.0}, "geometry": {"type": "LineString", "coordinates": [[11187.8, 5232.4], [11327.9, 5264.0], [11297.7, 5408.7]]}}, {"type": "Feature", "properties": {"name": null, "highway": "residential", "trusted": 0.4}, "geometry": {"type": "LineString", "coordinates": [[10673.2, 5928.6], [10685.7, 5952.0], [10769.1, 6031.2], [10802.0, 6034.6], [10813.2, 6000.9]]}}, {"type": "Feature", "properties": {"name": null, "highway": "residential", "trusted": 1.0}, "geometry": {"type": "LineString", "coordinates": [[10554.7, 5889.3], [10569.4, 5894.2], [10673.2, 5928.6], [10696.3, 5860.6]]}}, {"type": "Feature", "properties": {"name": null, "highway": "service", "trusted": 0.0}, "geometry": {"type": "LineString", "coordinates": [[11517.2, 6763.1], [11721.8, 6829.4]]}}, {"type": "Feature", "properties": {"name": null, "highway": "service", "trusted": 0.0}, "geometry": {"type": "LineString", "coordinates": [[11528.0, 7259.3], [11538.0, 7229.1], [11549.9, 7192.4], [11628.0, 6952.6], [11676.3, 6923.3], [11745.9, 6935.5], [11799.0, 6950.9]]}}, {"type": "Feature", "properties": {"name": "Nguy\u1ec5n Ng\u1ecdc Ph\u01b0\u01a1ng", "highway": "residential", "trusted": 1.0}, "geometry": {"type": "LineString", "coordinates": [[10368.5, 6207.3], [10360.0, 6207.3], [10201.6, 6328.9]]}}, {"type": "Feature", "properties": {"name": "H\u1ebbm 71/35 \u0110i\u1ec7n Bi\u00ean Ph\u1ee7", "highway": "service", "trusted": 0.0}, "geometry": {"type": "LineString", "coordinates": [[11962.7, 4498.7], [11716.0, 4257.0]]}}, {"type": "Feature", "properties": {"name": "H\u1ebbm 71 \u0110i\u1ec7n Bi\u00ean Ph\u1ee7", "highway": "residential", "trusted": 0.0}, "geometry": {"type": "LineString", "coordinates": [[11962.7, 4498.7], [12017.5, 4445.2], [12063.9, 4399.8], [12072.4, 4390.5], [12120.4, 4338.1], [12125.8, 4332.2], [12135.0, 4326.9]]}}, {"type": "Feature", "properties": {"name": null, "highway": "service", "trusted": 0.0}, "geometry": {"type": "LineString", "coordinates": [[11583.6, 7205.7], [11645.1, 7056.1]]}}, {"type": "Feature", "properties": {"name": null, "highway": "service", "trusted": 0.0}, "geometry": {"type": "LineString", "coordinates": [[11823.3, 7207.3], [11717.2, 7168.9]]}}, {"type": "Feature", "properties": {"name": null, "highway": "service", "trusted": 0.0}, "geometry": {"type": "LineString", "coordinates": [[11549.9, 7192.4], [11583.6, 7205.7], [11680.5, 7244.0]]}}, {"type": "Feature", "properties": {"name": null, "highway": "service", "trusted": 0.0}, "geometry": {"type": "LineString", "coordinates": [[10561.3, 8173.5], [10579.0, 8177.5], [10673.1, 8197.4], [10693.4, 8128.9], [10715.0, 8121.5]]}}, {"type": "Feature", "properties": {"name": null, "highway": "service", "trusted": 0.0}, "geometry": {"type": "LineString", "coordinates": [[10379.7, 8142.0], [10526.1, 8171.3]]}}, {"type": "Feature", "properties": {"name": null, "highway": "service", "trusted": 0.0}, "geometry": {"type": "LineString", "coordinates": [[10408.7, 8024.6], [10379.7, 8142.0], [10375.8, 8157.4], [10341.3, 8297.2]]}}, {"type": "Feature", "properties": {"name": "H\u1ebbm 66 X\u00f4 Vi\u1ebft Ngh\u1ec7 T\u0129nh", "highway": "residential", "trusted": 0.0}, "geometry": {"type": "LineString", "coordinates": [[11493.2, 7294.0], [11442.6, 7459.8], [11430.1, 7503.4], [11424.7, 7518.0], [11410.1, 7511.8], [11391.2, 7561.5], [11380.0, 7590.7], [11349.4, 7670.9], [11312.3, 7692.6], [11290.1, 7679.4], [11259.5, 7736.6], [11240.0, 7811.1], [11297.4, 7830.0], [11270.1, 7905.2], [11265.6, 7931.8], [11262.1, 7935.0], [11253.5, 7942.8], [11246.3, 7974.6], [11250.4, 8003.0], [11232.9, 8032.8], [11215.5, 8057.5], [11214.4, 8083.3], [11206.3, 8097.7], [11200.5, 8108.0], [11191.1, 8109.4], [11152.3, 8115.0], [11136.4, 8169.0], [11127.7, 8176.3], [11114.6, 8187.4], [11073.0, 8337.3]]}}, {"type": "Feature", "properties": {"name": "H\u1ebbm 15/83 V\u00f5 Duy Ninh", "highway": "service", "trusted": 0.0}, "geometry": {"type": "LineString", "coordinates": [[10975.9, 8693.6], [11002.0, 8703.5], [11099.2, 8709.4], [11213.3, 8712.9]]}}, {"type": "Feature", "properties": {"name": "H\u1ebbm 15/83 V\u00f5 Duy Ninh", "highway": "service", "trusted": 0.0}, "geometry": {"type": "LineString", "coordinates": [[10814.7, 8780.5], [10881.0, 8747.5], [10921.4, 8726.5]]}}, {"type": "Feature", "properties": {"name": "H\u1ebbm 12 Ph\u00fa M\u1ef9", "highway": "service", "trusted": 0.0}, "geometry": {"type": "LineString", "coordinates": [[9986.6, 8732.5], [10035.5, 8666.3], [10075.8, 8611.7], [10101.5, 8592.4]]}}, {"type": "Feature", "properties": {"name": "H\u1ebbm 62 Ng\u00f4 T\u1ea5t T\u1ed1", "highway": "residential", "trusted": 0.0}, "geometry": {"type": "LineString", "coordinates": [[10692.3, 7706.4], [10570.7, 7665.4], [10504.7, 7643.2], [10441.8, 7622.0], [10415.3, 7691.7]]}}, {"type": "Feature", "properties": {"name": "H\u1ebbm 49 Hu\u1ef3nh M\u1eabn \u0110\u1ea1t", "highway": "service", "trusted": 1.0}, "geometry": {"type": "LineString", "coordinates": [[9967.7, 6873.5], [9943.8, 6933.8], [9926.9, 6995.4], [9924.5, 7006.1], [9915.3, 7047.1], [9901.1, 7108.3], [9897.2, 7151.1], [9895.4, 7170.7], [9905.1, 7204.9], [9894.0, 7208.1]]}}, {"type": "Feature", "properties": {"name": "H\u1ebbm 79/20 Ph\u1ea1m Vi\u1ebft Ch\u00e1nh", "highway": "service", "trusted": 0.0}, "geometry": {"type": "LineString", "coordinates": [[10218.8, 7804.6], [10198.2, 7852.8], [10187.0, 7879.0], [10167.4, 7915.2], [10143.3, 7959.6], [10079.6, 8053.6]]}}, {"type": "Feature", "properties": {"name": "H\u1ebbm 14 Ng\u00f4 T\u1ea5t T\u1ed1", "highway": "service", "trusted": 0.0}, "geometry": {"type": "LineString", "coordinates": [[10818.5, 7264.9], [10718.3, 7231.3], [10657.5, 7211.0], [10607.6, 7195.9], [10549.6, 7178.4], [10539.4, 7200.5], [10522.4, 7237.3]]}}, {"type": "Feature", "properties": {"name": null, "highway": "service", "trusted": 0.0}, "geometry": {"type": "LineString", "coordinates": [[10806.8, 7828.8], [10814.9, 7789.4], [10753.6, 7774.0]]}}, {"type": "Feature", "properties": {"name": null, "highway": "service", "trusted": 0.0}, "geometry": {"type": "LineString", "coordinates": [[10739.7, 7817.1], [10730.1, 7859.5], [10790.5, 7873.3], [10806.8, 7828.8], [10922.5, 7866.2]]}}, {"type": "Feature", "properties": {"name": null, "highway": "service", "trusted": 0.0}, "geometry": {"type": "LineString", "coordinates": [[10665.8, 7798.0], [10739.7, 7817.1], [10753.6, 7774.0], [10784.7, 7678.0]]}}, {"type": "Feature", "properties": {"name": "H\u1ebbm 219 \u0110\u01b0\u1eddng Ng\u00f4 T\u1ea5t T\u1ed1", "highway": "residential", "trusted": 0.0}, "geometry": {"type": "LineString", "coordinates": [[9867.8, 9089.8], [9915.8, 9139.0], [10044.3, 9009.4], [10181.4, 8871.2]]}}, {"type": "Feature", "properties": {"name": "H\u1ebbm 108 V\u00f5 Duy Ninh", "highway": "service", "trusted": 0.0}, "geometry": {"type": "LineString", "coordinates": [[10096.0, 9148.9], [10095.3, 9135.5]]}}, {"type": "Feature", "properties": {"name": "H\u1ebbm 117 Nguy\u1ec5n H\u1eefu C\u1ea3nh", "highway": "service", "trusted": 0.0}, "geometry": {"type": "LineString", "coordinates": [[11318.9, 9017.7], [11300.1, 8996.2], [11278.2, 8968.1], [11267.7, 8943.5], [11261.1, 8916.2], [11259.8, 8875.3], [11270.3, 8839.7], [11302.7, 8757.4], [11317.2, 8719.0], [11315.6, 8676.1], [11302.0, 8645.3], [11206.5, 8584.9]]}}, {"type": "Feature", "properties": {"name": "Pasteur", "highway": "secondary", "trusted": 1.0}, "geometry": {"type": "LineString", "coordinates": [[3169.6, 4943.1], [3202.1, 4929.9], [3241.9, 4914.0], [3441.5, 4833.7], [3500.8, 4809.7], [3529.3, 4798.2]]}}, {"type": "Feature", "properties": {"name": "Nam K\u1ef3 Kh\u1edfi Ngh\u0129a", "highway": "secondary", "trusted": 1.0}, "geometry": {"type": "LineString", "coordinates": [[3506.1, 4378.1], [3334.9, 4454.0], [3290.6, 4473.6], [3265.1, 4484.7], [3147.4, 4536.0], [3029.4, 4584.1], [3004.2, 4594.3]]}}, {"type": "Feature", "properties": {"name": "\u0110\u01b0\u1eddng N18", "highway": "residential", "trusted": 0.0}, "geometry": {"type": "LineString", "coordinates": [[2916.1, 7889.9], [2893.9, 7850.3], [2877.0, 7820.3], [2744.8, 7585.4]]}}, {"type": "Feature", "properties": {"name": "\u0110\u01b0\u1eddng N17", "highway": "residential", "trusted": 0.0}, "geometry": {"type": "LineString", "coordinates": [[3230.0, 8081.1], [3224.7, 8052.6], [3187.2, 7825.6], [3176.9, 7763.5], [3172.8, 7738.4], [3126.4, 7459.7], [3118.2, 7410.5]]}}, {"type": "Feature", "properties": {"name": "H\u1ebbm 158 Nguy\u1ec5n C\u00f4ng Tr\u1ee9", "highway": "service", "trusted": 1.0}, "geometry": {"type": "LineString", "coordinates": [[3076.8, 4398.4], [2927.0, 4507.4]]}}, {"type": "Feature", "properties": {"name": "H\u1ebbm 62 Nguy\u1ec5n Ng\u1ecdc Ph\u01b0\u01a1ng", "highway": "residential", "trusted": 1.0}, "geometry": {"type": "LineString", "coordinates": [[9487.1, 6635.3], [9534.0, 6693.1], [9618.7, 6755.3]]}}, {"type": "Feature", "properties": {"name": "H\u1ebbm 16 \u0110inh Ti\u00ean Ho\u00e0ng", "highway": "service", "trusted": 1.0}, "geometry": {"type": "LineString", "coordinates": [[9229.0, 4066.8], [9309.6, 4144.8], [9339.6, 4176.5], [9339.6, 4207.4], [9316.6, 4242.9], [9393.2, 4320.6]]}}, {"type": "Feature", "properties": {"name": null, "highway": "service", "trusted": 0.62}, "geometry": {"type": "LineString", "coordinates": [[7834.7, 5392.6], [7691.2, 5267.1], [7682.9, 5263.3], [7676.1, 5264.3], [7591.0, 5293.4], [7589.5, 5299.9], [7591.3, 5306.9], [7754.8, 5470.4]]}}, {"type": "Feature", "properties": {"name": null, "highway": "service", "trusted": 1.0}, "geometry": {"type": "LineString", "coordinates": [[7897.5, 5422.0], [7834.7, 5392.6], [7754.8, 5470.4], [7797.7, 5518.6]]}}, {"type": "Feature", "properties": {"name": "D\u1ea1 C\u1ea7u Th\u1ecb Ngh\u00e8 2", "highway": "residential", "trusted": 0.25}, "geometry": {"type": "LineString", "coordinates": [[8348.9, 6880.0], [8377.2, 6943.5], [8436.3, 6968.2], [8528.2, 7008.3], [8595.5, 7033.6], [8683.6, 7067.4], [8719.4, 7111.5], [8774.8, 7144.1]]}}, {"type": "Feature", "properties": {"name": null, "highway": "service", "trusted": 0.0}, "geometry": {"type": "LineString", "coordinates": [[9206.7, 7784.6], [9386.9, 7712.5], [9522.1, 7658.8], [9556.7, 7645.1]]}}, {"type": "Feature", "properties": {"name": null, "highway": "service", "trusted": 0.0}, "geometry": {"type": "LineString", "coordinates": [[6923.8, 8869.1], [6960.7, 8861.8], [7335.9, 8800.8], [7368.8, 8795.4], [7381.5, 8793.2], [7393.9, 8789.7], [7409.2, 8783.3], [7423.6, 8775.0], [7513.3, 8716.3]]}}, {"type": "Feature", "properties": {"name": "H\u1ebbm 29 Ph\u00fa M\u1ef9", "highway": "residential", "trusted": 0.0}, "geometry": {"type": "LineString", "coordinates": [[9659.4, 8815.0], [9657.6, 8789.5], [9667.4, 8750.6], [9765.4, 8600.3]]}}, {"type": "Feature", "properties": {"name": null, "highway": "service", "trusted": 1.0}, "geometry": {"type": "LineString", "coordinates": [[7281.4, 4649.8], [7294.1, 4622.5], [7305.3, 4596.3]]}}, {"type": "Feature", "properties": {"name": null, "highway": "service", "trusted": 1.0}, "geometry": {"type": "LineString", "coordinates": [[7274.8, 4583.8], [7266.1, 4607.9], [7255.8, 4638.1]]}}, {"type": "Feature", "properties": {"name": null, "highway": "service", "trusted": 1.0}, "geometry": {"type": "LineString", "coordinates": [[7255.8, 4638.1], [7233.8, 4627.0], [7218.6, 4620.2], [7016.3, 4532.6]]}}, {"type": "Feature", "properties": {"name": null, "highway": "service", "trusted": 1.0}, "geometry": {"type": "LineString", "coordinates": [[6112.6, 6363.9], [6120.7, 6341.4], [6133.3, 6306.4], [6141.4, 6297.6], [6152.9, 6290.9], [6161.2, 6280.2], [6163.3, 6266.9], [6159.0, 6254.5], [6147.9, 6245.4], [6137.1, 6241.2]]}}, {"type": "Feature", "properties": {"name": null, "highway": "service", "trusted": 1.0}, "geometry": {"type": "LineString", "coordinates": [[5944.7, 6319.7], [5950.8, 6300.1], [5973.7, 6226.4], [5995.6, 6157.5], [6006.6, 6124.3], [6006.3, 6120.4], [6003.9, 6116.1], [6000.2, 6112.8], [5976.7, 6106.2]]}}, {"type": "Feature", "properties": {"name": null, "highway": "service", "trusted": 1.0}, "geometry": {"type": "LineString", "coordinates": [[6149.8, 6373.8], [6162.0, 6352.6], [6169.5, 6339.5], [6292.7, 6127.3], [6325.8, 6022.3]]}}, {"type": "Feature", "properties": {"name": "Nguy\u1ec5n Si\u00eau", "highway": "residential", "trusted": 0.8}, "geometry": {"type": "LineString", "coordinates": [[6502.4, 6092.1], [6484.3, 6076.2], [6420.2, 6019.9], [6356.3, 5964.0], [6086.1, 5725.9]]}}, {"type": "Feature", "properties": {"name": null, "highway": "service", "trusted": 0.0}, "geometry": {"type": "LineString", "coordinates": [[5899.1, 4827.8], [5912.9, 4808.4], [5917.1, 4802.4], [5910.2, 4796.1], [5779.8, 4675.8], [5772.4, 4683.3], [5757.7, 4698.2]]}}, {"type": "Feature", "properties": {"name": null, "highway": "service", "trusted": 1.0}, "geometry": {"type": "LineString", "coordinates": [[7106.1, 4940.1], [6811.7, 4671.9]]}}, {"type": "Feature", "properties": {"name": null, "highway": "service", "trusted": 0.5}, "geometry": {"type": "LineString", "coordinates": [[6765.9, 4977.5], [6732.6, 4950.1], [6685.3, 4918.9], [6624.3, 4910.3], [6561.2, 4880.2], [6483.2, 4808.3]]}}, {"type": "Feature", "properties": {"name": null, "highway": "service", "trusted": 0.0}, "geometry": {"type": "LineString", "coordinates": [[7146.3, 5241.7], [7137.9, 5302.8], [7111.7, 5351.5], [7167.4, 5413.2], [7192.3, 5437.5]]}}, {"type": "Feature", "properties": {"name": null, "highway": "service", "trusted": 1.0}, "geometry": {"type": "LineString", "coordinates": [[7300.7, 5118.5], [7538.9, 4849.7], [7571.3, 4812.5]]}}, {"type": "Feature", "properties": {"name": null, "highway": "service", "trusted": 1.0}, "geometry": {"type": "LineString", "coordinates": [[7106.1, 4940.1], [7300.7, 5118.5], [7203.1, 5223.8]]}}, {"type": "Feature", "properties": {"name": null, "highway": "service", "trusted": 1.0}, "geometry": {"type": "LineString", "coordinates": [[6942.6, 5117.8], [7106.1, 4940.1], [7255.3, 4763.8], [7173.9, 4683.3], [7116.1, 4618.4]]}}, {"type": "Feature", "properties": {"name": null, "highway": "service", "trusted": 0.8}, "geometry": {"type": "LineString", "coordinates": [[6784.4, 4958.3], [6942.6, 5117.8], [7093.8, 5244.4], [7146.3, 5241.7], [7203.1, 5223.8]]}}, {"type": "Feature", "properties": {"name": null, "highway": "service", "trusted": 0.8}, "geometry": {"type": "LineString", "coordinates": [[6498.8, 4682.2], [6784.4, 4958.3], [6765.9, 4977.5], [6707.1, 5043.9], [6655.6, 5085.2]]}}, {"type": "Feature", "properties": {"name": "H\u1ebbm 19 Nguy\u1ec5n Th\u1ecb Minh Khai", "highway": "service", "trusted": 1.0}, "geometry": {"type": "LineString", "coordinates": [[8173.2, 4152.2], [8160.5, 4164.5], [8092.1, 4230.4], [8061.8, 4239.7], [7960.9, 4348.0]]}}, {"type": "Feature", "properties": {"name": null, "highway": "service", "trusted": 1.0}, "geometry": {"type": "LineString", "coordinates": [[5320.3, 4349.4], [5293.9, 4321.5], [5199.5, 4221.5]]}}, {"type": "Feature", "properties": {"name": null, "highway": "service", "trusted": 0.0}, "geometry": {"type": "LineString", "coordinates": [[6242.8, 5144.4], [6318.7, 5050.0]]}}, {"type": "Feature", "properties": {"name": null, "highway": "service", "trusted": 0.0}, "geometry": {"type": "LineString", "coordinates": [[5917.1, 4802.4], [5928.9, 4788.7], [5956.5, 4756.7]]}}, {"type": "Feature", "properties": {"name": "Tr\u01b0\u1eddng Sa", "highway": "tertiary", "trusted": 0.0}, "geometry": {"type": "LineString", "coordinates": [[11102.9, 3305.8], [11108.4, 3271.5]]}}, {"type": "Feature", "properties": {"name": null, "highway": "service", "trusted": 0.0}, "geometry": {"type": "LineString", "coordinates": [[2314.8, 536.1], [2143.6, 455.2], [2127.0, 447.6]]}}, {"type": "Feature", "properties": {"name": "H\u1ebbm 70 Nguy\u1ec5n Tr\u00e3i", "highway": "service", "trusted": 0.0}, "geometry": {"type": "LineString", "coordinates": [[2602.0, 370.5], [2640.4, 303.9], [2674.7, 231.8], [2694.2, 190.7], [2745.1, 78.4], [2755.9, 39.7]]}}, {"type": "Feature", "properties": {"name": "H\u1ebbm 25 T\u00f4n Th\u1ea5t T\u00f9ng", "highway": "service", "trusted": 0.0}, "geometry": {"type": "LineString", "coordinates": [[3456.0, 50.5], [3520.8, 113.0]]}}, {"type": "Feature", "properties": {"name": "H\u1ebbm 211 Nguy\u1ec5n Tr\u00e3i", "highway": "residential", "trusted": 0.0}, "geometry": {"type": "LineString", "coordinates": [[1844.9, 248.0], [1765.4, 450.1]]}}, {"type": "Feature", "properties": {"name": "H\u1ebbm 212A Nguy\u1ec5n Tr\u00e3i", "highway": "service", "trusted": 0.0}, "geometry": {"type": "LineString", "coordinates": [[2028.4, 28.4], [2001.3, 101.5]]}}, {"type": "Feature", "properties": {"name": null, "highway": "service", "trusted": 0.0}, "geometry": {"type": "LineString", "coordinates": [[2050.7, 603.0], [2087.6, 649.5], [2127.2, 700.1]]}}, {"type": "Feature", "properties": {"name": null, "highway": "service", "trusted": 0.0}, "geometry": {"type": "LineString", "coordinates": [[2708.6, 472.1], [2840.3, 340.3], [2971.5, 532.0], [3005.9, 582.3]]}}, {"type": "Feature", "properties": {"name": "H\u1ebbm 12 B\u00f9i Vi\u1ec7n", "highway": "service", "trusted": 0.0}, "geometry": {"type": "LineString", "coordinates": [[2596.2, 2350.2], [2656.2, 2313.1]]}}, {"type": "Feature", "properties": {"name": null, "highway": "service", "trusted": 0.0}, "geometry": {"type": "LineString", "coordinates": [[2956.6, 1137.4], [3078.1, 1076.1], [3038.9, 997.9]]}}, {"type": "Feature", "properties": {"name": null, "highway": "service", "trusted": 0.0}, "geometry": {"type": "LineString", "coordinates": [[1910.8, 1794.7], [1930.6, 1771.3], [2016.0, 1670.4], [1961.6, 1606.0], [2051.7, 1516.2]]}}, {"type": "Feature", "properties": {"name": "H\u1ebbm 196 \u0110\u1ec1 Th\u00e1m", "highway": "service", "trusted": 0.0}, "geometry": {"type": "LineString", "coordinates": [[2100.2, 2189.5], [2124.9, 2247.6], [2162.3, 2335.5]]}}, {"type": "Feature", "properties": {"name": null, "highway": "service", "trusted": 1.0}, "geometry": {"type": "LineString", "coordinates": [[2407.9, 3122.8], [2392.5, 3100.0], [2370.8, 3067.6], [2333.9, 3012.3]]}}, {"type": "Feature", "properties": {"name": null, "highway": "service", "trusted": 1.0}, "geometry": {"type": "LineString", "coordinates": [[3028.4, 3893.6], [3061.7, 3875.5], [3229.2, 3788.4], [3254.7, 3779.9], [3337.8, 3724.7]]}}, {"type": "Feature", "properties": {"name": "H\u1ebbm 63 Ph\u00f3 \u0110\u1ee9c Ch\u00ednh", "highway": "service", "trusted": 1.0}, "geometry": {"type": "LineString", "coordinates": [[2835.0, 4096.8], [2768.2, 3994.5], [2760.4, 3981.4], [2740.0, 3950.8], [2737.7, 3947.3], [2739.5, 3946.2], [2753.4, 3934.3], [2754.7, 3932.8], [2754.8, 3930.8], [2754.7, 3929.0], [2753.5, 3926.0], [2723.2, 3885.6]]}}, {"type": "Feature", "properties": {"name": null, "highway": "service", "trusted": 1.0}, "geometry": {"type": "LineString", "coordinates": [[3124.9, 3535.5], [3063.7, 3582.6], [2994.3, 3528.1]]}}, {"type": "Feature", "properties": {"name": null, "highway": "service", "trusted": 1.0}, "geometry": {"type": "LineString", "coordinates": [[3182.1, 3494.9], [3124.9, 3535.5], [3064.8, 3462.8]]}}, {"type": "Feature", "properties": {"name": null, "highway": "service", "trusted": 0.0}, "geometry": {"type": "LineString", "coordinates": [[5071.5, 2726.4], [5111.4, 2738.2], [5141.3, 2752.4]]}}, {"type": "Feature", "properties": {"name": null, "highway": "service", "trusted": 0.0}, "geometry": {"type": "LineString", "coordinates": [[4951.3, 2853.8], [4960.6, 2844.0], [4969.9, 2834.0], [5071.5, 2726.4], [5127.0, 2623.7]]}}, {"type": "Feature", "properties": {"name": null, "highway": "service", "trusted": 0.75}, "geometry": {"type": "LineString", "coordinates": [[4707.6, 3580.7], [4815.1, 3635.7], [4870.6, 3692.0], [4910.0, 3720.1]]}}, {"type": "Feature", "properties": {"name": null, "highway": "residential", "trusted": 0.0}, "geometry": {"type": "LineString", "coordinates": [[4965.8, 3300.5], [4759.0, 3101.1]]}}, {"type": "Feature", "properties": {"name": null, "highway": "service", "trusted": 0.0}, "geometry": {"type": "LineString", "coordinates": [[4522.7, 3565.6], [4463.2, 3625.5]]}}, {"type": "Feature", "properties": {"name": "H\u1ebbm 115 Nguy\u1ec5n Du", "highway": "service", "trusted": 0.0}, "geometry": {"type": "LineString", "coordinates": [[4414.7, 2145.1], [4306.1, 2226.1], [4239.7, 2257.1], [4206.1, 2278.8]]}}, {"type": "Feature", "properties": {"name": null, "highway": "service", "trusted": 0.0}, "geometry": {"type": "LineString", "coordinates": [[3468.1, 2050.6], [3522.8, 2174.4]]}}, {"type": "Feature", "properties": {"name": null, "highway": "service", "trusted": 0.0}, "geometry": {"type": "LineString", "coordinates": [[3741.3, 2354.3], [3755.8, 2337.1], [3760.9, 2234.1]]}}, {"type": "Feature", "properties": {"name": "H\u1ebbm 99", "highway": "service", "trusted": 1.0}, "geometry": {"type": "LineString", "coordinates": [[5288.6, 861.7], [5162.2, 990.6]]}}, {"type": "Feature", "properties": {"name": null, "highway": "service", "trusted": 1.0}, "geometry": {"type": "LineString", "coordinates": [[5349.3, 1497.0], [5327.4, 1523.4], [5314.8, 1537.3], [5067.5, 1817.4], [5112.5, 1855.1]]}}, {"type": "Feature", "properties": {"name": null, "highway": "service", "trusted": 1.0}, "geometry": {"type": "LineString", "coordinates": [[3854.6, 933.7], [3954.2, 832.6], [3959.5, 826.7]]}}, {"type": "Feature", "properties": {"name": null, "highway": "service", "trusted": 1.0}, "geometry": {"type": "LineString", "coordinates": [[4372.2, 1862.8], [4475.8, 2011.4]]}}, {"type": "Feature", "properties": {"name": null, "highway": "service", "trusted": 1.0}, "geometry": {"type": "LineString", "coordinates": [[4254.8, 1871.7], [4294.5, 1908.1], [4372.2, 1862.8], [4449.3, 1806.1]]}}, {"type": "Feature", "properties": {"name": null, "highway": "service", "trusted": 1.0}, "geometry": {"type": "LineString", "coordinates": [[4215.8, 1913.4], [4230.0, 1899.3], [4254.8, 1871.7], [4169.3, 1702.7]]}}, {"type": "Feature", "properties": {"name": null, "highway": "service", "trusted": 1.0}, "geometry": {"type": "LineString", "coordinates": [[5398.3, 2137.2], [5380.9, 2122.7], [5367.7, 2111.7], [5239.3, 2005.4], [5250.1, 1967.4], [5112.5, 1855.1]]}}, {"type": "Feature", "properties": {"name": "Nam K\u1ef3 Kh\u1edfi Ngh\u0129a", "highway": "secondary", "trusted": 0.0}, "geometry": {"type": "LineString", "coordinates": [[7039.1, 1773.6], [6926.7, 1890.5], [6732.7, 2092.2]]}}, {"type": "Feature", "properties": {"name": "H\u1ebbm 151 V\u00f5 V\u0103n T\u1ea7n", "highway": "residential", "trusted": 1.0}, "geometry": {"type": "LineString", "coordinates": [[4875.6, 487.0], [4788.1, 586.5]]}}, {"type": "Feature", "properties": {"name": null, "highway": "service", "trusted": 1.0}, "geometry": {"type": "LineString", "coordinates": [[3688.7, 777.2], [3789.7, 660.7]]}}, {"type": "Feature", "properties": {"name": null, "highway": "service", "trusted": 1.0}, "geometry": {"type": "LineString", "coordinates": [[4765.9, 388.6], [4881.1, 267.0]]}}, {"type": "Feature", "properties": {"name": "H\u1ebbm 50 L\u00ea V\u0103n Duy\u1ec7t", "highway": "residential", "trusted": 0.0}, "geometry": {"type": "LineString", "coordinates": [[11503.5, 2870.0], [11506.4, 3036.0], [11515.0, 3051.3], [11516.1, 3153.5], [11517.3, 3255.0]]}}, {"type": "Feature", "properties": {"name": "H\u1ebbm 100 L\u00ea V\u0103n Duy\u1ec7t", "highway": "residential", "trusted": 0.0}, "geometry": {"type": "LineString", "coordinates": [[11975.0, 2907.7], [11974.2, 3010.7], [11967.5, 3065.2], [11965.5, 3087.5], [11960.3, 3146.0], [11952.2, 3236.0], [11950.9, 3251.5], [11945.6, 3309.8], [11944.7, 3320.7], [11940.0, 3372.5], [11936.1, 3416.4]]}}, {"type": "Feature", "properties": {"name": "H\u1ebbm 82 \u0110\u01b0\u1eddng L\u00ea V\u0103n Duy\u1ec7t", "highway": "service", "trusted": 0.0}, "geometry": {"type": "LineString", "coordinates": [[11740.9, 3067.6], [11737.6, 3114.8], [11731.7, 3230.6], [11728.9, 3285.4], [11725.3, 3355.7], [11724.9, 3363.3]]}}, {"type": "Feature", "properties": {"name": null, "highway": "service", "trusted": 0.0}, "geometry": {"type": "LineString", "coordinates": [[11297.1, 1716.9], [11258.3, 1722.9], [11241.5, 1730.4], [11199.1, 1750.3]]}}, {"type": "Feature", "properties": {"name": "H\u1ebbm 85 Tr\u1ea7n Kh\u1eafc Ch\u00e2n", "highway": "service", "trusted": 0.0}, "geometry": {"type": "LineString", "coordinates": [[11314.4, 935.9], [11354.7, 1193.1]]}}, {"type": "Feature", "properties": {"name": null, "highway": "service", "trusted": 0.0}, "geometry": {"type": "LineString", "coordinates": [[11711.7, 2386.6], [11652.4, 2379.0], [11649.2, 2389.9], [11635.4, 2389.6], [11624.0, 2517.0]]}}, {"type": "Feature", "properties": {"name": "H\u1ebbm 12/2 C\u00f9 Lao", "highway": "service", "trusted": 0.0}, "geometry": {"type": "LineString", "coordinates": [[11897.4, 757.1], [11867.0, 864.7], [11861.2, 881.4], [11816.0, 990.9]]}}, {"type": "Feature", "properties": {"name": "H\u1ebbm 52 C\u00f9 Lao", "highway": "residential", "trusted": 0.0}, "geometry": {"type": "LineString", "coordinates": [[11907.5, 498.0], [12030.9, 532.9], [12053.8, 539.4], [12114.6, 555.7], [12174.1, 598.7], [12192.5, 605.3]]}}, {"type": "Feature", "properties": {"name": "H\u1ebbm 100/8 L\u00ea V\u0103n Duy\u1ec7t", "highway": "service", "trusted": 0.0}, "geometry": {"type": "LineString", "coordinates": [[11974.2, 3010.7], [11887.2, 3000.8]]}}, {"type": "Feature", "properties": {"name": "H\u1ebbm 100/22 L\u00ea V\u0103n Duy\u1ec7t", "highway": "service", "trusted": 0.0}, "geometry": {"type": "LineString", "coordinates": [[11965.5, 3087.5], [11867.6, 3077.3]]}}, {"type": "Feature", "properties": {"name": "H\u1ebbm 100/34 L\u00ea V\u0103n Duy\u1ec7t", "highway": "service", "trusted": 0.0}, "geometry": {"type": "LineString", "coordinates": [[11960.3, 3146.0], [11880.9, 3147.7]]}}, {"type": "Feature", "properties": {"name": "H\u1ebbm 82/15 L\u00ea V\u0103n Duy\u1ec7t", "highway": "service", "trusted": 0.0}, "geometry": {"type": "LineString", "coordinates": [[11740.9, 3067.6], [11814.2, 3074.4], [11841.6, 3076.9]]}}, {"type": "Feature", "properties": {"name": "H\u1ebbm 100/40 L\u00ea V\u0103n Duy\u1ec7t", "highway": "service", "trusted": 0.0}, "geometry": {"type": "LineString", "coordinates": [[11950.9, 3251.5], [11731.7, 3230.6]]}}, {"type": "Feature", "properties": {"name": "H\u1ebbm 100/46 \u0110\u01b0\u1eddng L\u00ea V\u0103n Duy\u1ec7t", "highway": "service", "trusted": 0.0}, "geometry": {"type": "LineString", "coordinates": [[11945.6, 3309.8], [11728.9, 3285.4]]}}, {"type": "Feature", "properties": {"name": "H\u1ebbm 128/22 L\u00ea V\u0103n Duy\u1ec7t", "highway": "service", "trusted": 0.0}, "geometry": {"type": "LineString", "coordinates": [[12152.5, 3196.6], [12117.1, 3193.7]]}}, {"type": "Feature", "properties": {"name": "H\u1ebbm 100/21 L\u00ea V\u0103n Duy\u1ec7t", "highway": "service", "trusted": 0.0}, "geometry": {"type": "LineString", "coordinates": [[12117.1, 3193.7], [12107.6, 3176.6], [12081.7, 3162.4], [12005.6, 3150.7], [11960.3, 3146.0]]}}, {"type": "Feature", "properties": {"name": "H\u1ebbm 128/38 L\u00ea V\u0103n Duy\u1ec7t", "highway": "service", "trusted": 0.0}, "geometry": {"type": "LineString", "coordinates": [[12150.8, 3308.6], [12065.5, 3294.2]]}}, {"type": "Feature", "properties": {"name": "H\u1ebbm 100/31 L\u00ea V\u0103n Duy\u1ec7t", "highway": "service", "trusted": 0.0}, "geometry": {"type": "LineString", "coordinates": [[11944.7, 3320.7], [12011.6, 3344.4], [12060.3, 3353.4], [12069.9, 3355.1], [12084.0, 3357.2]]}}, {"type": "Feature", "properties": {"name": null, "highway": "service", "trusted": 0.0}, "geometry": {"type": "LineString", "coordinates": [[12065.5, 3294.2], [12060.3, 3353.4]]}}, {"type": "Feature", "properties": {"name": "H\u1ebbm 100/31/18 L\u00ea V\u0103n Duy\u1ec7t", "highway": "service", "trusted": 0.0}, "geometry": {"type": "LineString", "coordinates": [[12060.3, 3353.4], [12046.9, 3453.2]]}}, {"type": "Feature", "properties": {"name": "H\u1ebbm 100/33 L\u00ea V\u0103n Duy\u1ec7t", "highway": "service", "trusted": 0.0}, "geometry": {"type": "LineString", "coordinates": [[11936.1, 3416.4], [11942.1, 3424.0], [11957.8, 3428.3], [12046.9, 3453.2]]}}, {"type": "Feature", "properties": {"name": "H\u1ebbm 128/48 L\u00ea V\u0103n Duy\u1ec7t", "highway": "service", "trusted": 0.0}, "geometry": {"type": "LineString", "coordinates": [[12148.1, 3480.5], [12137.9, 3478.1], [12046.9, 3453.2]]}}, {"type": "Feature", "properties": {"name": "H\u1ebbm 128/48/14 L\u00ea V\u0103n Duy\u1ec7t", "highway": "service", "trusted": 0.0}, "geometry": {"type": "LineString", "coordinates": [[12148.6, 3449.4], [12144.0, 3448.5], [12137.9, 3478.1]]}}, {"type": "Feature", "properties": {"name": "H\u1ebbm 110E L\u00ea V\u0103n Duy\u1ec7t", "highway": "service", "trusted": 0.0}, "geometry": {"type": "LineString", "coordinates": [[12131.3, 2918.3], [12108.8, 3026.7], [12109.1, 3088.4]]}}, {"type": "Feature", "properties": {"name": "H\u1ebbm 26/6  L\u00ea V\u0103n Duy\u1ec7t", "highway": "service", "trusted": 0.0}, "geometry": {"type": "LineString", "coordinates": [[11313.7, 2979.7], [11261.0, 2975.3], [11247.6, 3122.8]]}}, {"type": "Feature", "properties": {"name": "H\u1ebbm 34 L\u00ea V\u0103n Duy\u1ec7t", "highway": "service", "trusted": 0.0}, "geometry": {"type": "LineString", "coordinates": [[11400.6, 2864.1], [11395.5, 2996.8], [11427.9, 2999.7], [11429.4, 3104.9], [11429.9, 3140.9], [11434.5, 3261.1]]}}, {"type": "Feature", "properties": {"name": "H\u1ebbm 34/22 L\u00ea V\u0103n Duy\u1ec7t", "highway": "service", "trusted": 0.0}, "geometry": {"type": "LineString", "coordinates": [[11429.9, 3140.9], [11377.9, 3148.3], [11379.3, 3173.4], [11350.1, 3175.5], [11347.5, 3200.6], [11314.5, 3197.7], [11293.0, 3184.0]]}}, {"type": "Feature", "properties": {"name": "H\u1ebbm 26 L\u00ea V\u0103n Duy\u1ec7t", "highway": "service", "trusted": 0.0}, "geometry": {"type": "LineString", "coordinates": [[11293.0, 3184.0], [11313.7, 2979.7], [11329.3, 2978.6], [11337.3, 2859.9]]}}, {"type": "Feature", "properties": {"name": "H\u1ebbm 26/22 L\u00ea V\u0103n Duy\u1ec7t", "highway": "service", "trusted": 0.0}, "geometry": {"type": "LineString", "coordinates": [[11293.0, 3184.0], [11290.5, 3224.9], [11269.3, 3237.6], [11184.9, 3235.0]]}}, {"type": "Feature", "properties": {"name": "H\u1ebbm 50/42 L\u00ea V\u0103n Duy\u1ec7t", "highway": "service", "trusted": 0.0}, "geometry": {"type": "LineString", "coordinates": [[11517.3, 3255.0], [11486.4, 3266.7], [11464.5, 3267.2], [11434.5, 3261.1]]}}, {"type": "Feature", "properties": {"name": "H\u1ebbm 34/28 L\u00ea V\u0103n Duy\u1ec7t", "highway": "service", "trusted": 0.0}, "geometry": {"type": "LineString", "coordinates": [[11434.5, 3261.1], [11398.9, 3258.9], [11387.3, 3288.0]]}}, {"type": "Feature", "properties": {"name": "H\u1ebbm 50/39 L\u00ea V\u0103n Duy\u1ec7t", "highway": "service", "trusted": 0.0}, "geometry": {"type": "LineString", "coordinates": [[11517.3, 3255.0], [11571.5, 3272.3], [11633.3, 3277.0], [11652.5, 3277.9], [11676.1, 3280.4], [11683.8, 3281.3]]}}, {"type": "Feature", "properties": {"name": "H\u1ebbm 82/78 L\u00ea V\u0103n Duy\u1ec7t", "highway": "service", "trusted": 0.0}, "geometry": {"type": "LineString", "coordinates": [[11724.9, 3363.3], [11662.8, 3349.8], [11630.2, 3343.2], [11633.3, 3277.0]]}}, {"type": "Feature", "properties": {"name": "H\u1ebbm 60 L\u00ea V\u0103n Duy\u1ec7t", "highway": "residential", "trusted": 0.0}, "geometry": {"type": "LineString", "coordinates": [[11592.7, 2875.2], [11593.7, 3047.5], [11594.2, 3172.5]]}}, {"type": "Feature", "properties": {"name": "H\u1ebbm 50/27 L\u00ea V\u0103n Duy\u1ec7t", "highway": "service", "trusted": 0.0}, "geometry": {"type": "LineString", "coordinates": [[11516.1, 3153.5], [11594.2, 3172.5]]}}, {"type": "Feature", "properties": {"name": "H\u1ebbm 60/25 L\u00ea V\u0103n Duy\u1ec7t", "highway": "service", "trusted": 0.0}, "geometry": {"type": "LineString", "coordinates": [[11594.2, 3172.5], [11631.5, 3173.1], [11633.4, 3050.6], [11593.7, 3047.5]]}}, {"type": "Feature", "properties": {"name": "H\u1ebbm 100/50 L\u00ea V\u0103n Duy\u1ec7t", "highway": "residential", "trusted": 0.0}, "geometry": {"type": "LineString", "coordinates": [[11940.0, 3372.5], [11725.3, 3355.7]]}}, {"type": "Feature", "properties": {"name": "H\u1ebbm 91 Ng\u00f5 11 \u0110inh Ti\u00ean Ho\u00e0ng", "highway": "service", "trusted": 0.0}, "geometry": {"type": "LineString", "coordinates": [[12163.4, 2490.3], [12147.7, 2490.1], [12145.7, 2539.8], [12143.4, 2597.3]]}}, {"type": "Feature", "properties": {"name": "H\u1ebbm 23/18 L\u00ea V\u0103n Duy\u1ec7t", "highway": "residential", "trusted": 0.0}, "geometry": {"type": "LineString", "coordinates": [[11272.3, 2602.8], [11398.2, 2613.2]]}}, {"type": "Feature", "properties": {"name": null, "highway": "service", "trusted": 0.0}, "geometry": {"type": "LineString", "coordinates": [[11274.8, 2565.5], [11440.8, 2577.1], [11447.7, 2466.3]]}}, {"type": "Feature", "properties": {"name": "H\u1ebbm 54 V\u0169 Huy T\u1ea5n", "highway": "residential", "trusted": 0.0}, "geometry": {"type": "LineString", "coordinates": [[12165.5, 2350.9], [12164.4, 2350.2], [12086.2, 2312.1], [11987.4, 2250.4], [11905.9, 2243.4], [11823.5, 2234.2], [11727.4, 2227.7]]}}, {"type": "Feature", "properties": {"name": null, "highway": "service", "trusted": 0.0}, "geometry": {"type": "LineString", "coordinates": [[11863.6, 2577.6], [11869.1, 2507.4], [11870.2, 2458.5], [11871.5, 2402.1], [11854.5, 2401.1], [11833.3, 2410.5], [11791.2, 2405.8]]}}, {"type": "Feature", "properties": {"name": "H\u1ebbm 87/61 \u0110\u01b0\u1eddng L\u00ea V\u0103n Duy\u1ec7t", "highway": "service", "trusted": 0.0}, "geometry": {"type": "LineString", "coordinates": [[12029.6, 2424.0], [11902.4, 2393.7], [11907.0, 2333.6], [11882.8, 2318.7], [11830.4, 2307.5]]}}, {"type": "Feature", "properties": {"name": "H\u1ebbm 87/24 \u0110\u01b0\u1eddng L\u00ea V\u0103n Duy\u1ec7t", "highway": "residential", "trusted": 0.0}, "geometry": {"type": "LineString", "coordinates": [[12031.3, 2528.3], [12075.3, 2533.3], [12145.7, 2539.8]]}}, {"type": "Feature", "properties": {"name": null, "highway": "service", "trusted": 0.0}, "geometry": {"type": "LineString", "coordinates": [[11805.4, 2356.5], [11847.6, 2362.0], [11854.5, 2401.1]]}}, {"type": "Feature", "properties": {"name": "H\u1ebbm 23/5 L\u00ea V\u0103n Duy\u1ec7t", "highway": "service", "trusted": 0.0}, "geometry": {"type": "LineString", "coordinates": [[11268.4, 2733.3], [11237.1, 2734.8], [11131.9, 2740.7], [11123.1, 2740.0], [11117.5, 2737.5], [11114.0, 2732.5], [11112.3, 2724.9], [11103.9, 2536.8], [11103.3, 2529.4], [11101.2, 2523.2], [11098.4, 2520.4], [11092.0, 2517.7], [11063.9, 2508.4]]}}, {"type": "Feature", "properties": {"name": null, "highway": "service", "trusted": 0.0}, "geometry": {"type": "LineString", "coordinates": [[9354.4, 515.7], [9336.3, 540.7], [9315.3, 591.1], [9288.3, 629.4], [9273.2, 656.1], [9253.5, 689.1]]}}, {"type": "Feature", "properties": {"name": null, "highway": "service", "trusted": 0.0}, "geometry": {"type": "LineString", "coordinates": [[9916.4, 685.5], [9969.5, 599.9]]}}, {"type": "Feature", "properties": {"name": "H\u1ebbm 96 V\u00f5 Th\u1ecb S\u00e1u", "highway": "service", "trusted": 1.0}, "geometry": {"type": "LineString", "coordinates": [[9327.8, 1709.2], [9343.2, 1684.0], [9365.4, 1647.6], [9396.6, 1598.4], [9417.5, 1560.8], [9432.7, 1565.4], [9497.9, 1613.2]]}}, {"type": "Feature", "properties": {"name": "H\u1ebbm 63 Nguy\u1ec5n H\u1eefu C\u1ea7u", "highway": "service", "trusted": 0.89}, "geometry": {"type": "LineString", "coordinates": [[10046.9, 1153.3], [10034.5, 1191.1], [10017.2, 1224.9], [9993.3, 1265.2], [9975.2, 1292.2], [9966.3, 1304.8], [9954.8, 1321.1], [9935.9, 1355.2], [9924.2, 1395.6]]}}, {"type": "Feature", "properties": {"name": null, "highway": "service", "trusted": 0.0}, "geometry": {"type": "LineString", "coordinates": [[9302.2, 808.5], [9535.9, 998.9]]}}, {"type": "Feature", "properties": {"name": null, "highway": "service", "trusted": 1.0}, "geometry": {"type": "LineString", "coordinates": [[10076.0, 1577.7], [10051.6, 1631.7], [10018.8, 1701.6], [10022.5, 1723.7], [10010.7, 1751.9]]}}, {"type": "Feature", "properties": {"name": null, "highway": "service", "trusted": 1.0}, "geometry": {"type": "LineString", "coordinates": [[7524.4, 2924.7], [7640.2, 2816.2]]}}, {"type": "Feature", "properties": {"name": null, "highway": "service", "trusted": 1.0}, "geometry": {"type": "LineString", "coordinates": [[7886.9, 3259.4], [7721.1, 3426.2]]}}, {"type": "Feature", "properties": {"name": null, "highway": "service", "trusted": 0.5}, "geometry": {"type": "LineString", "coordinates": [[7589.0, 2982.5], [7777.2, 2748.8]]}}, {"type": "Feature", "properties": {"name": null, "highway": "service", "trusted": 0.0}, "geometry": {"type": "LineString", "coordinates": [[8205.8, 2888.2], [8279.8, 2807.2]]}}, {"type": "Feature", "properties": {"name": "H\u1ebbm 216 \u0110\u01b0\u1eddng \u0110i\u1ec7n Bi\u00ean Ph\u1ee7", "highway": "residential", "trusted": 0.0}, "geometry": {"type": "LineString", "coordinates": [[7630.9, 691.5], [7461.0, 847.6]]}}, {"type": "Feature", "properties": {"name": null, "highway": "service", "trusted": 0.0}, "geometry": {"type": "LineString", "coordinates": [[8463.9, 1090.2], [8566.5, 1192.4], [8637.7, 1251.0]]}}, {"type": "Feature", "properties": {"name": null, "highway": "service", "trusted": 1.0}, "geometry": {"type": "LineString", "coordinates": [[8426.1, 4162.3], [8399.7, 4132.9], [8484.4, 4052.9], [8621.3, 3929.2], [8641.3, 3911.5], [8702.8, 3854.7], [8666.7, 3824.7]]}}, {"type": "Feature", "properties": {"name": "H\u1ebbm 220 Hai B\u00e0 Tr\u01b0ng", "highway": "service", "trusted": 1.0}, "geometry": {"type": "LineString", "coordinates": [[9364.2, 1545.9], [9336.1, 1522.2], [9262.1, 1457.4], [9254.8, 1451.1]]}}, {"type": "Feature", "properties": {"name": null, "highway": "service", "trusted": 0.0}, "geometry": {"type": "LineString", "coordinates": [[8626.2, 553.1], [8715.5, 456.3]]}}, {"type": "Feature", "properties": {"name": null, "highway": "service", "trusted": 0.0}, "geometry": {"type": "LineString", "coordinates": [[8702.5, 620.2], [8690.0, 610.4], [8626.2, 553.1], [8615.2, 553.8], [8582.1, 581.2], [8549.2, 615.1], [8531.0, 627.3], [8516.9, 626.2], [8470.8, 585.2], [8446.1, 559.4], [8444.5, 549.1], [8448.5, 537.1], [8591.5, 395.6], [8598.1, 379.8], [8607.3, 346.0], [8617.4, 322.5], [8632.2, 304.6], [8673.1, 247.6], [8692.0, 246.6], [8725.3, 266.5], [8799.8, 346.2], [8818.3, 339.6], [8871.2, 286.5]]}}, {"type": "Feature", "properties": {"name": null, "highway": "service", "trusted": 0.0}, "geometry": {"type": "LineString", "coordinates": [[7419.7, 285.8], [7496.3, 216.1], [7535.6, 246.8]]}}, {"type": "Feature", "properties": {"name": "H\u1ebbm 178D V\u00f5 Th\u1ecb S\u00e1u", "highway": "service", "trusted": 0.0}, "geometry": {"type": "LineString", "coordinates": [[8194.4, 253.4], [8171.6, 220.6], [8111.4, 247.7], [8135.9, 281.8], [8068.9, 343.3], [8020.5, 379.4]]}}, {"type": "Feature", "properties": {"name": null, "highway": "service", "trusted": 1.0}, "geometry": {"type": "LineString", "coordinates": [[10091.3, 3387.3], [10176.5, 3290.1]]}}, {"type": "Feature", "properties": {"name": "H\u1ebbm 27 V\u00f5 Th\u1ecb S\u00e1u", "highway": "residential", "trusted": 1.0}, "geometry": {"type": "LineString", "coordinates": [[10097.7, 2489.9], [10086.0, 2506.1], [10072.6, 2524.7], [10029.3, 2573.8], [10002.5, 2604.3]]}}, {"type": "Feature", "properties": {"name": null, "highway": "service", "trusted": 1.0}, "geometry": {"type": "LineString", "coordinates": [[9751.0, 2436.8], [9789.0, 2486.9], [9852.0, 2559.4]]}}, {"type": "Feature", "properties": {"name": null, "highway": "service", "trusted": 1.0}, "geometry": {"type": "LineString", "coordinates": [[9848.7, 2243.0], [9864.5, 2226.6], [9877.6, 2212.9], [9927.6, 2153.3], [9996.6, 2230.6]]}}, {"type": "Feature", "properties": {"name": null, "highway": "service", "trusted": 0.0}, "geometry": {"type": "LineString", "coordinates": [[9176.9, 563.8], [9221.4, 607.3], [9273.2, 656.1]]}}, {"type": "Feature", "properties": {"name": null, "highway": "service", "trusted": 1.0}, "geometry": {"type": "LineString", "coordinates": [[1247.1, 4711.8], [1288.0, 4652.2], [1333.1, 4607.5], [1365.3, 4564.2], [1397.8, 4517.5]]}}, {"type": "Feature", "properties": {"name": "H\u1ebbm 112 Ho\u00e0ng Di\u1ec7u", "highway": "service", "trusted": 1.0}, "geometry": {"type": "LineString", "coordinates": [[1306.8, 5359.8], [1384.3, 5231.3], [1239.5, 5132.6]]}}, {"type": "Feature", "properties": {"name": "H\u1ebbm 137 B\u1ebfn V\u00e2n \u0110\u1ed3n", "highway": "service", "trusted": 1.0}, "geometry": {"type": "LineString", "coordinates": [[1229.2, 3737.0], [1100.9, 3791.2], [1042.8, 3822.2]]}}, {"type": "Feature", "properties": {"name": "H\u1ebbm 150 B\u1ebfn V\u00e2n \u0110\u1ed3n", "highway": "service", "trusted": 1.0}, "geometry": {"type": "LineString", "coordinates": [[922.3, 3793.3], [937.4, 3807.2], [947.6, 3816.8], [952.6, 3814.5], [1019.5, 3755.4], [1046.4, 3729.7]]}}, {"type": "Feature", "properties": {"name": null, "highway": "service", "trusted": 1.0}, "geometry": {"type": "LineString", "coordinates": [[2413.8, 4150.7], [2400.2, 4128.7], [2306.0, 4174.0]]}}, {"type": "Feature", "properties": {"name": "H\u1ebbm 120 \u0110\u01b0\u1eddng B\u1ebfn V\u00e2n \u0110\u1ed3n", "highway": "service", "trusted": 1.0}, "geometry": {"type": "LineString", "coordinates": [[1374.9, 4064.5], [1306.1, 4097.5], [1290.6, 4078.5], [1204.3, 4120.3], [1214.0, 4152.2], [1204.5, 4161.9]]}}, {"type": "Feature", "properties": {"name": null, "highway": "service", "trusted": 1.0}, "geometry": {"type": "LineString", "coordinates": [[2312.3, 3987.4], [2357.0, 4056.4], [2266.4, 4111.1], [2266.4, 4123.1], [2256.9, 4134.7], [2237.0, 4149.0]]}}, {"type": "Feature", "properties": {"name": "H\u1ebbm 170 \u0110\u01b0\u1eddng Ho\u00e0ng Di\u1ec7u", "highway": "service", "trusted": 1.0}, "geometry": {"type": "LineString", "coordinates": [[986.5, 4949.4], [1011.7, 4925.5], [1038.8, 4895.8], [1061.1, 4869.4], [1095.1, 4824.4], [1127.0, 4772.8]]}}, {"type": "Feature", "properties": {"name": null, "highway": "service", "trusted": 1.0}, "geometry": {"type": "LineString", "coordinates": [[1065.0, 5048.1], [1093.0, 5018.9], [1151.2, 4935.7]]}}, {"type": "Feature", "properties": {"name": "C\u1ea7u \u00d4ng L\u00e3nh", "highway": "primary", "trusted": 1.0}, "geometry": {"type": "LineString", "coordinates": [[628.8, 3980.7], [622.0, 3984.4], [597.5, 3998.9]]}}, {"type": "Feature", "properties": {"name": null, "highway": "service", "trusted": 1.0}, "geometry": {"type": "LineString", "coordinates": [[1410.9, 4121.5], [1300.0, 4186.9], [1260.0, 4208.8]]}}, {"type": "Feature", "properties": {"name": null, "highway": "service", "trusted": 1.0}, "geometry": {"type": "LineString", "coordinates": [[1236.3, 4262.3], [1369.3, 4192.6], [1387.2, 4180.3], [1429.4, 4151.3]]}}, {"type": "Feature", "properties": {"name": null, "highway": "residential", "trusted": 1.0}, "geometry": {"type": "LineString", "coordinates": [[1226.9, 4237.0], [1204.5, 4161.9], [1102.4, 4207.1], [1050.8, 4232.1]]}}, {"type": "Feature", "properties": {"name": "H\u1ebbm 20 \u0110o\u00e0n V\u0103n B\u01a1", "highway": "service", "trusted": 1.0}, "geometry": {"type": "LineString", "coordinates": [[1504.3, 4601.9], [1416.5, 4529.9], [1414.6, 4528.6], [1397.8, 4517.5], [1376.3, 4500.6], [1305.7, 4445.4]]}}, {"type": "Feature", "properties": {"name": null, "highway": "service", "trusted": 1.0}, "geometry": {"type": "LineString", "coordinates": [[1359.6, 5026.9], [1354.8, 5036.8], [1355.2, 5048.9], [1370.9, 5063.7], [1402.8, 5086.0], [1413.8, 5092.5], [1423.5, 5094.2], [1430.5, 5090.5], [1436.2, 5083.5], [1440.3, 5076.9], [1442.4, 5071.0], [1443.1, 5065.6], [1442.5, 5060.9], [1437.4, 5054.7], [1396.7, 5031.1], [1385.0, 5024.5], [1376.2, 5022.1], [1369.0, 5021.9], [1365.6, 5022.3], [1363.3, 5024.0], [1359.6, 5026.9]]}}, {"type": "Feature", "properties": {"name": null, "highway": "service", "trusted": 1.0}, "geometry": {"type": "LineString", "coordinates": [[1553.9, 4659.0], [1601.0, 4689.7]]}}, {"type": "Feature", "properties": {"name": null, "highway": "service", "trusted": 1.0}, "geometry": {"type": "LineString", "coordinates": [[2053.6, 4759.8], [1971.3, 4880.6]]}}, {"type": "Feature", "properties": {"name": "\u0110\u01b0\u1eddng \u0110o\u00e0n Nh\u01b0 H\u00e0i", "highway": "residential", "trusted": 1.0}, "geometry": {"type": "LineString", "coordinates": [[2260.4, 6076.4], [2243.7, 6039.7], [2231.1, 6012.0], [2186.2, 5913.6], [2181.9, 5904.0], [2129.9, 5790.2], [2123.6, 5776.4], [2120.7, 5769.9], [2092.8, 5709.1], [2085.7, 5693.5], [2072.1, 5663.9], [2036.9, 5587.3], [2034.5, 5582.1], [1994.6, 5495.6], [1978.4, 5460.4]]}}, {"type": "Feature", "properties": {"name": "V\u00f5 V\u0103n Ki\u1ec7t", "highway": "primary", "trusted": 1.0}, "geometry": {"type": "LineString", "coordinates": [[1714.7, 3773.2], [1672.5, 3713.6]]}}, {"type": "Feature", "properties": {"name": null, "highway": "service", "trusted": 1.0}, "geometry": {"type": "LineString", "coordinates": [[1454.4, 5598.3], [1751.4, 5459.4]]}}, {"type": "Feature", "properties": {"name": null, "highway": "residential", "trusted": 0.0}, "geometry": {"type": "LineString", "coordinates": [[2631.5, 5892.3], [2790.5, 5822.8]]}}, {"type": "Feature", "properties": {"name": "H\u1ebbm 83 Ho\u00e0ng Di\u1ec7u", "highway": "service", "trusted": 1.0}, "geometry": {"type": "LineString", "coordinates": [[1299.7, 5391.3], [1266.0, 5411.0], [1252.6, 5425.6], [1237.0, 5444.3], [1224.7, 5462.3], [1219.9, 5469.4]]}}, {"type": "Feature", "properties": {"name": null, "highway": "service", "trusted": 0.67}, "geometry": {"type": "LineString", "coordinates": [[1362.3, 6363.5], [1194.1, 6282.2], [1134.4, 6249.4], [1084.0, 6343.3], [1008.2, 6270.4], [960.9, 6187.0]]}}, {"type": "Feature", "properties": {"name": null, "highway": "service", "trusted": 1.0}, "geometry": {"type": "LineString", "coordinates": [[1851.4, 6617.9], [1828.2, 6639.5], [1773.3, 6681.2]]}}, {"type": "Feature", "properties": {"name": null, "highway": "residential", "trusted": 1.0}, "geometry": {"type": "LineString", "coordinates": [[1374.4, 6493.3], [1401.3, 6570.5]]}}, {"type": "Feature", "properties": {"name": null, "highway": "service", "trusted": 1.0}, "geometry": {"type": "LineString", "coordinates": [[1661.0, 5414.5], [1645.5, 5388.7], [1676.7, 5340.4], [1687.0, 5338.6], [1730.2, 5379.5]]}}, {"type": "Feature", "properties": {"name": null, "highway": "service", "trusted": 0.0}, "geometry": {"type": "LineString", "coordinates": [[1407.4, 6974.2], [1175.1, 6741.8]]}}, {"type": "Feature", "properties": {"name": null, "highway": "service", "trusted": 0.83}, "geometry": {"type": "LineString", "coordinates": [[1924.8, 6712.0], [1950.6, 6715.4], [1946.2, 6676.7], [1994.6, 6635.7], [2008.1, 6589.4], [1983.5, 6546.5]]}}, {"type": "Feature", "properties": {"name": null, "highway": "service", "trusted": 0.0}, "geometry": {"type": "LineString", "coordinates": [[1448.5, 6793.8], [1520.5, 6883.8]]}}, {"type": "Feature", "properties": {"name": null, "highway": "service", "trusted": 0.54}, "geometry": {"type": "LineString", "coordinates": [[1692.8, 6721.9], [1600.7, 6586.3], [1586.8, 6580.9], [1573.2, 6585.0], [1500.2, 6639.5], [1459.5, 6671.9], [1411.0, 6709.8], [1293.4, 6690.0], [1284.7, 6702.2], [1287.8, 6719.0], [1388.6, 6819.0], [1398.4, 6823.2], [1409.6, 6821.9]]}}, {"type": "Feature", "properties": {"name": null, "highway": "service", "trusted": 0.5}, "geometry": {"type": "LineString", "coordinates": [[1727.0, 6728.8], [1746.7, 6746.2], [1692.8, 6721.9], [1677.5, 6737.3], [1448.5, 6793.8], [1409.6, 6821.9]]}}, {"type": "Feature", "properties": {"name": null, "highway": "service", "trusted": 1.0}, "geometry": {"type": "LineString", "coordinates": [[1245.7, 6176.2], [1236.8, 6194.3], [1194.1, 6282.2], [1176.6, 6322.3], [1154.1, 6373.4]]}}, {"type": "Feature", "properties": {"name": "H\u1ebbm 68 Ho\u00e0ng Di\u1ec7u", "highway": "residential", "trusted": 1.0}, "geometry": {"type": "LineString", "coordinates": [[1562.5, 5849.5], [1580.5, 5840.9], [1657.5, 5804.2], [1818.0, 5727.6]]}}, {"type": "Feature", "properties": {"name": null, "highway": "service", "trusted": 0.0}, "geometry": {"type": "LineString", "coordinates": [[289.7, 3510.4], [248.8, 3540.4], [244.6, 3577.7], [241.7, 3667.5], [315.3, 3757.2]]}}, {"type": "Feature", "properties": {"name": "H\u1ebbm 20 \u0110o\u00e0n V\u0103n B\u01a1", "highway": "service", "trusted": 1.0}, "geometry": {"type": "LineString", "coordinates": [[1376.3, 4500.6], [1444.7, 4402.6]]}}, {"type": "Feature", "properties": {"name": null, "highway": "service", "trusted": 1.0}, "geometry": {"type": "LineString", "coordinates": [[1272.4, 4358.6], [1336.1, 4322.9], [1379.9, 4377.8]]}}, {"type": "Feature", "properties": {"name": null, "highway": "service", "trusted": 1.0}, "geometry": {"type": "LineString", "coordinates": [[1055.5, 4066.7], [1080.3, 4135.0], [1102.4, 4207.1], [1120.4, 4252.3], [1129.8, 4283.6], [1153.6, 4342.4]]}}, {"type": "Feature", "properties": {"name": null, "highway": "residential", "trusted": 1.0}, "geometry": {"type": "LineString", "coordinates": [[842.9, 4292.6], [798.6, 4184.1]]}}, {"type": "Feature", "properties": {"name": null, "highway": "residential", "trusted": 1.0}, "geometry": {"type": "LineString", "coordinates": [[635.1, 4457.6], [727.9, 4378.1], [842.9, 4292.6]]}}, {"type": "Feature", "properties": {"name": "H\u1ebbm 188 \u0110o\u00e0n V\u0103n B\u01a1", "highway": "service", "trusted": 0.0}, "geometry": {"type": "LineString", "coordinates": [[531.5, 5169.1], [634.7, 5313.0], [640.2, 5320.7], [648.3, 5332.1], [701.2, 5371.6]]}}, {"type": "Feature", "properties": {"name": null, "highway": "service", "trusted": 0.0}, "geometry": {"type": "LineString", "coordinates": [[753.6, 5295.2], [727.3, 5332.4]]}}, {"type": "Feature", "properties": {"name": "H\u1ebbm 178 \u0110o\u00e0n V\u0103n B\u01a1", "highway": "service", "trusted": 0.0}, "geometry": {"type": "LineString", "coordinates": [[576.6, 5137.4], [727.3, 5332.4]]}}, {"type": "Feature", "properties": {"name": "H\u1ebbm 151 B\u1ebfn V\u00e2n \u0110\u1ed3n", "highway": "secondary", "trusted": 1.0}, "geometry": {"type": "LineString", "coordinates": [[1057.8, 3546.3], [1041.0, 3566.6], [1023.1, 3587.9], [948.0, 3677.6], [848.1, 3777.2], [805.6, 3815.0], [748.9, 3865.1], [629.2, 3954.4], [614.2, 3971.8], [597.5, 3998.9]]}}, {"type": "Feature", "properties": {"name": "H\u1ebbm C13 T\u00f4n \u0110\u1ea3n", "highway": "service", "trusted": 0.0}, "geometry": {"type": "LineString", "coordinates": [[453.8, 6560.1], [435.6, 6575.3], [421.4, 6575.5], [409.0, 6571.5], [386.7, 6589.6], [376.4, 6579.8], [365.2, 6600.7], [343.9, 6587.8], [291.7, 6556.4], [261.7, 6539.7], [245.3, 6565.0], [209.0, 6531.0]]}}, {"type": "Feature", "properties": {"name": "H\u1ebbm 222 \u0110o\u00e0n V\u0103n B\u01a1", "highway": "service", "trusted": 0.0}, "geometry": {"type": "LineString", "coordinates": [[605.9, 5564.5], [770.9, 5670.7]]}}, {"type": "Feature", "properties": {"name": "H\u1ebbm 450 \u0110o\u00e0n V\u0103n B\u01a1", "highway": "service", "trusted": 0.0}, "geometry": {"type": "LineString", "coordinates": [[116.2, 6710.3], [82.3, 6693.5], [71.6, 6705.3], [60.8, 6717.0], [49.3, 6731.4], [16.4, 6706.2], [-22.1, 6679.8]]}}, {"type": "Feature", "properties": {"name": null, "highway": "service", "trusted": 0.0}, "geometry": {"type": "LineString", "coordinates": [[513.4, 7096.7], [499.1, 7092.0], [339.1, 7002.1]]}}, {"type": "Feature", "properties": {"name": "H\u1ebbm 257 \u0110o\u00e0n V\u0103n B\u01a1", "highway": "service", "trusted": 0.0}, "geometry": {"type": "LineString", "coordinates": [[594.2, 5945.4], [693.6, 5996.1], [744.5, 6023.6], [779.0, 6042.2], [819.2, 6062.9], [865.9, 6087.0], [915.9, 6112.7]]}}, {"type": "Feature", "properties": {"name": "H\u1ebbm 212 \u0110o\u00e0n V\u0103n B\u01a1", "highway": "service", "trusted": 0.0}, "geometry": {"type": "LineString", "coordinates": [[640.7, 5520.3], [656.5, 5530.4], [687.6, 5559.7], [799.6, 5626.0]]}}, {"type": "Feature", "properties": {"name": "H\u1ebbm 277 \u0110o\u00e0n V\u0103n B\u01a1", "highway": "service", "trusted": 0.0}, "geometry": {"type": "LineString", "coordinates": [[537.5, 6033.6], [636.2, 6089.0], [723.7, 6135.3], [748.2, 6149.1]]}}, {"type": "Feature", "properties": {"name": null, "highway": "service", "trusted": 0.0}, "geometry": {"type": "LineString", "coordinates": [[328.0, 7397.8], [237.1, 7339.5], [129.2, 7270.6], [206.2, 7133.7]]}}, {"type": "Feature", "properties": {"name": null, "highway": "service", "trusted": 0.0}, "geometry": {"type": "LineString", "coordinates": [[16.4, 6706.2], [38.8, 6661.9], [79.0, 6579.1], [90.4, 6548.0], [113.0, 6503.7], [120.6, 6485.6], [207.5, 6533.8]]}}, {"type": "Feature", "properties": {"name": "H\u1ebbm 164 L\u00ea Qu\u1ed1c H\u01b0ng", "highway": "service", "trusted": 0.33}, "geometry": {"type": "LineString", "coordinates": [[826.3, 5584.5], [994.1, 5679.9], [1175.0, 5815.4]]}}, {"type": "Feature", "properties": {"name": "H\u1ebbm 198 \u0110o\u00e0n V\u0103n B\u01a1", "highway": "service", "trusted": 0.0}, "geometry": {"type": "LineString", "coordinates": [[861.8, 5529.3], [535.7, 5335.6], [504.0, 5320.5], [441.4, 5232.6]]}}, {"type": "Feature", "properties": {"name": null, "highway": "service", "trusted": 0.0}, "geometry": {"type": "LineString", "coordinates": [[317.3, 5973.1], [323.2, 5976.8], [389.3, 6017.6], [444.0, 6058.0], [496.8, 6096.8]]}}, {"type": "Feature", "properties": {"name": null, "highway": "service", "trusted": 0.0}, "geometry": {"type": "LineString", "coordinates": [[548.4, 5794.9], [471.5, 5906.5], [452.5, 5918.2], [443.0, 5922.4], [417.8, 5958.1], [389.3, 6017.6], [336.4, 6128.0], [340.1, 6139.5], [353.8, 6156.2], [371.0, 6168.4]]}}, {"type": "Feature", "properties": {"name": null, "highway": "service", "trusted": 0.0}, "geometry": {"type": "LineString", "coordinates": [[640.4, 5744.7], [594.9, 5822.5], [574.2, 5858.1], [539.9, 5910.7], [513.6, 5950.9], [444.0, 6058.0], [371.0, 6168.4], [359.0, 6186.4], [416.7, 6221.3]]}}, {"type": "Feature", "properties": {"name": null, "highway": "service", "trusted": 0.0}, "geometry": {"type": "LineString", "coordinates": [[970.2, 6014.9], [945.5, 6070.7], [936.5, 6085.3], [915.9, 6112.7], [907.8, 6123.5], [892.0, 6163.7], [865.1, 6190.8]]}}, {"type": "Feature", "properties": {"name": null, "highway": "service", "trusted": 0.0}, "geometry": {"type": "LineString", "coordinates": [[755.8, 5895.5], [720.8, 5951.1], [693.6, 5996.1], [667.2, 6038.8], [636.2, 6089.0]]}}, {"type": "Feature", "properties": {"name": null, "highway": "service", "trusted": 0.0}, "geometry": {"type": "LineString", "coordinates": [[709.9, 6158.5], [723.7, 6135.3], [754.4, 6084.3], [779.0, 6042.2], [805.7, 5997.3], [839.1, 5941.2]]}}, {"type": "Feature", "properties": {"name": "H\u1ebbm 204 L\u00ea Qu\u1ed1c H\u01b0ng", "highway": "service", "trusted": 0.0}, "geometry": {"type": "LineString", "coordinates": [[886.8, 5867.9], [801.3, 5815.0]]}}, {"type": "Feature", "properties": {"name": null, "highway": "service", "trusted": 0.0}, "geometry": {"type": "LineString", "coordinates": [[788.5, 6779.4], [845.8, 6832.0], [997.6, 6968.4], [1121.9, 7091.7]]}}, {"type": "Feature", "properties": {"name": "H\u1ebbm 214 Nguy\u1ec5n T\u1ea5t Th\u00e0nh", "highway": "residential", "trusted": 0.0}, "geometry": {"type": "LineString", "coordinates": [[736.0, 6735.1], [596.4, 6648.3], [561.5, 6626.6], [453.8, 6560.1]]}}, {"type": "Feature", "properties": {"name": null, "highway": "service", "trusted": 0.0}, "geometry": {"type": "LineString", "coordinates": [[446.3, 7248.2], [458.3, 7262.2], [473.4, 7280.0], [464.1, 7354.3], [570.7, 7445.3]]}}, {"type": "Feature", "properties": {"name": null, "highway": "service", "trusted": 0.0}, "geometry": {"type": "LineString", "coordinates": [[773.8, 7259.7], [763.1, 7271.7], [711.8, 7329.6], [697.2, 7344.9], [703.1, 7351.0]]}}, {"type": "Feature", "properties": {"name": null, "highway": "service", "trusted": 0.0}, "geometry": {"type": "LineString", "coordinates": [[713.1, 7204.2], [781.0, 7128.0]]}}, {"type": "Feature", "properties": {"name": null, "highway": "service", "trusted": 0.0}, "geometry": {"type": "LineString", "coordinates": [[793.8, 6253.1], [689.0, 6426.4], [670.4, 6455.8], [676.4, 6466.7]]}}, {"type": "Feature", "properties": {"name": null, "highway": "service", "trusted": 0.0}, "geometry": {"type": "LineString", "coordinates": [[793.8, 6253.1], [862.8, 6283.5], [902.9, 6306.8], [884.3, 6343.8], [866.3, 6383.5], [877.2, 6428.2], [913.3, 6455.5]]}}, {"type": "Feature", "properties": {"name": null, "highway": "service", "trusted": 0.0}, "geometry": {"type": "LineString", "coordinates": [[-55.9, 8866.4], [53.6, 8925.2]]}}, {"type": "Feature", "properties": {"name": "H\u1ebbm 178 \u0110o\u00e0n V\u0103n B\u01a1", "highway": "service", "trusted": 0.0}, "geometry": {"type": "LineString", "coordinates": [[727.3, 5332.4], [917.2, 5443.3]]}}, {"type": "Feature", "properties": {"name": "H\u1ebbm 188 \u0110o\u00e0n V\u0103n B\u01a1", "highway": "service", "trusted": 0.0}, "geometry": {"type": "LineString", "coordinates": [[701.2, 5371.6], [889.5, 5486.3]]}}, {"type": "Feature", "properties": {"name": null, "highway": "service", "trusted": 0.0}, "geometry": {"type": "LineString", "coordinates": [[-23.2, 7171.4], [36.5, 7221.1]]}}, {"type": "Feature", "properties": {"name": null, "highway": "service", "trusted": 0.0}, "geometry": {"type": "LineString", "coordinates": [[-13.4, 7491.9], [-35.0, 7517.7]]}}, {"type": "Feature", "properties": {"name": null, "highway": "service", "trusted": 0.0}, "geometry": {"type": "LineString", "coordinates": [[-36.8, 7628.7], [-32.2, 7622.2], [-16.5, 7594.0], [-36.1, 7583.9]]}}, {"type": "Feature", "properties": {"name": null, "highway": "service", "trusted": 0.0}, "geometry": {"type": "LineString", "coordinates": [[573.6, 8008.0], [326.7, 7836.6]]}}, {"type": "Feature", "properties": {"name": null, "highway": "service", "trusted": 0.0}, "geometry": {"type": "LineString", "coordinates": [[133.5, 8180.9], [262.5, 8253.0], [385.7, 8321.9]]}}, {"type": "Feature", "properties": {"name": "H\u1ebbm 551 \u0110\u01b0\u1eddng \u0110o\u00e0n V\u0103n B\u01a1", "highway": "service", "trusted": 0.0}, "geometry": {"type": "LineString", "coordinates": [[-34.5, 7481.0], [-34.3, 7481.1], [-13.4, 7491.9]]}}, {"type": "Feature", "properties": {"name": "H\u1ebbm 134 \u0110o\u00e0n V\u0103n B\u01a1", "highway": "service", "trusted": 1.0}, "geometry": {"type": "LineString", "coordinates": [[833.2, 5031.9], [908.3, 5118.2]]}}, {"type": "Feature", "properties": {"name": null, "highway": "service", "trusted": 0.0}, "geometry": {"type": "LineString", "coordinates": [[266.3, 5001.2], [270.7, 5007.1], [334.6, 5092.3], [441.4, 5232.6]]}}, {"type": "Feature", "properties": {"name": null, "highway": "service", "trusted": 0.0}, "geometry": {"type": "LineString", "coordinates": [[-19.6, 6519.5], [34.3, 6542.0], [44.4, 6525.7], [90.4, 6548.0]]}}, {"type": "Feature", "properties": {"name": null, "highway": "service", "trusted": 0.0}, "geometry": {"type": "LineString", "coordinates": [[27.4, 3475.0], [97.2, 3421.6]]}}, {"type": "Feature", "properties": {"name": null, "highway": "service", "trusted": 0.0}, "geometry": {"type": "LineString", "coordinates": [[2009.4, 1381.4], [2014.0, 1387.8], [2035.4, 1414.3]]}}, {"type": "Feature", "properties": {"name": "H\u1ebbm 110 Tr\u01b0\u1eddng Sa", "highway": "service", "trusted": 0.0}, "geometry": {"type": "LineString", "coordinates": [[11051.9, 4121.8], [11116.5, 4134.3]]}}, {"type": "Feature", "properties": {"name": "H\u1ebbm 110/5 Tr\u01b0\u1eddng Sa", "highway": "service", "trusted": 0.0}, "geometry": {"type": "LineString", "coordinates": [[11116.5, 4134.3], [11142.6, 4076.5]]}}, {"type": "Feature", "properties": {"name": null, "highway": "service", "trusted": 0.0}, "geometry": {"type": "LineString", "coordinates": [[11308.4, 4457.2], [11251.3, 4425.9], [11248.3, 4367.0], [11229.2, 4341.7], [11219.1, 4331.9], [11210.7, 4322.7], [11232.3, 4251.0]]}}, {"type": "Feature", "properties": {"name": "H\u1ebbm 27/71 \u0110\u01b0\u1eddng \u0110i\u1ec7n Bi\u00ean Ph\u1ee7", "highway": "service", "trusted": 0.0}, "geometry": {"type": "LineString", "coordinates": [[11409.2, 3979.2], [11327.5, 3961.2], [11320.5, 3961.3], [11315.5, 3962.7], [11300.3, 3974.8], [11298.3, 3976.9], [11296.4, 3979.6], [11286.4, 3998.4], [11284.1, 4000.4], [11279.8, 4001.6], [11271.3, 4002.5], [11245.0, 4093.7], [11231.4, 4159.7]]}}, {"type": "Feature", "properties": {"name": "H\u1ebbm 27/71/20 \u0110\u01b0\u1eddng \u0110i\u1ec7n Bi\u00ean Ph\u1ee7", "highway": "service", "trusted": 0.0}, "geometry": {"type": "LineString", "coordinates": [[11271.3, 4002.5], [11219.9, 3990.6], [11199.4, 4048.3]]}}, {"type": "Feature", "properties": {"name": "H\u1ebbm 27/85 \u0110i\u1ec7n Bi\u00ean Ph\u1ee7", "highway": "service", "trusted": 0.0}, "geometry": {"type": "LineString", "coordinates": [[11422.9, 3907.8], [11336.8, 3903.5]]}}, {"type": "Feature", "properties": {"name": "H\u1ebbm 27/85 \u0110i\u1ec7n Bi\u00ean Ph\u1ee7", "highway": "service", "trusted": 0.0}, "geometry": {"type": "LineString", "coordinates": [[11335.2, 3916.3], [11336.8, 3903.5], [11351.5, 3797.9], [11367.9, 3704.9], [11306.8, 3686.2]]}}, {"type": "Feature", "properties": {"name": "H\u1ebbm 122 Tr\u01b0\u1eddng Sa", "highway": "service", "trusted": 0.0}, "geometry": {"type": "LineString", "coordinates": [[11092.9, 3866.4], [11274.8, 3903.6], [11336.8, 3903.5]]}}, {"type": "Feature", "properties": {"name": "H\u1ebbm 134 Tr\u01b0\u1eddng Sa", "highway": "service", "trusted": 0.0}, "geometry": {"type": "LineString", "coordinates": [[11098.6, 3713.5], [11139.3, 3728.4], [11192.2, 3747.9], [11235.2, 3763.8], [11351.5, 3797.9]]}}, {"type": "Feature", "properties": {"name": "H\u1ebbm 27/113 \u0110i\u1ec7n Bi\u00ean Ph\u1ee7", "highway": "service", "trusted": 0.0}, "geometry": {"type": "LineString", "coordinates": [[11451.1, 3760.9], [11436.9, 3728.9], [11429.6, 3681.5]]}}, {"type": "Feature", "properties": {"name": "H\u1ebbm 27/46 \u0110\u01b0\u1eddng \u0110i\u1ec7n Bi\u00ean Ph\u1ee7", "highway": "residential", "trusted": 0.0}, "geometry": {"type": "LineString", "coordinates": [[11707.3, 4249.6], [11601.7, 4146.5], [11576.9, 4122.4], [11553.9, 4105.5]]}}, {"type": "Feature", "properties": {"name": "H\u1ebbm 27/66 \u0110i\u1ec7n Bi\u00ean Ph\u1ee7", "highway": "service", "trusted": 0.0}, "geometry": {"type": "LineString", "coordinates": [[11417.3, 3936.7], [11476.2, 3951.4], [11476.3, 4036.1], [11553.9, 4105.5]]}}, {"type": "Feature", "properties": {"name": "H\u1ebbm 27/66 \u0110\u01b0\u1eddng \u0110i\u1ec7n Bi\u00ean Ph\u1ee7", "highway": "residential", "trusted": 0.0}, "geometry": {"type": "LineString", "coordinates": [[11476.3, 4036.1], [11464.5, 4099.4]]}}, {"type": "Feature", "properties": {"name": "H\u1ebbm 27/24 \u0110i\u1ec7n Bi\u00ean Ph\u1ee7", "highway": "service", "trusted": 0.0}, "geometry": {"type": "LineString", "coordinates": [[11567.6, 4392.9], [11526.0, 4348.4], [11436.0, 4262.7], [11428.8, 4255.8], [11361.0, 4230.4]]}}, {"type": "Feature", "properties": {"name": "H\u1ebbm 37 \u0110i\u1ec7n Bi\u00ean Ph\u1ee7", "highway": "service", "trusted": 0.0}, "geometry": {"type": "LineString", "coordinates": [[11334.1, 4626.1], [11343.7, 4611.9], [11353.4, 4597.5], [11384.7, 4549.2], [11437.2, 4473.5], [11458.7, 4425.7], [11526.2, 4446.2], [11549.4, 4451.4], [11580.4, 4455.6]]}}, {"type": "Feature", "properties": {"name": "H\u1ebbm 57/55 \u0110\u01b0\u1eddng \u0110i\u1ec7n Bi\u00ean Ph\u1ee7", "highway": "residential", "trusted": 0.0}, "geometry": {"type": "LineString", "coordinates": [[11826.2, 4137.3], [11784.1, 4100.3], [11699.6, 4034.9], [11597.2, 3955.7]]}}, {"type": "Feature", "properties": {"name": "H\u1ebbm 27/46 \u0110\u01b0\u1eddng \u0110i\u1ec7n Bi\u00ean Ph\u1ee7", "highway": "residential", "trusted": 0.0}, "geometry": {"type": "LineString", "coordinates": [[11652.0, 4089.1], [11601.7, 4146.5]]}}, {"type": "Feature", "properties": {"name": "H\u1ebbm 57/55/7 \u0110\u01b0\u1eddng \u0110i\u1ec7n Bi\u00ean Ph\u1ee7", "highway": "residential", "trusted": 0.0}, "geometry": {"type": "LineString", "coordinates": [[11652.0, 4089.1], [11543.6, 3997.0]]}}, {"type": "Feature", "properties": {"name": "H\u1ebbm 27/102 \u0110i\u1ec7n Bi\u00ean Ph\u1ee7", "highway": "residential", "trusted": 0.0}, "geometry": {"type": "LineString", "coordinates": [[11559.7, 3788.9], [11540.3, 3874.9]]}}, {"type": "Feature", "properties": {"name": "H\u1ebbm 27/141 \u0110i\u1ec7n Bi\u00ean Ph\u1ee7", "highway": "service", "trusted": 0.0}, "geometry": {"type": "LineString", "coordinates": [[11586.3, 3796.6], [11607.7, 3740.0], [11637.7, 3747.3], [11652.6, 3714.0]]}}, {"type": "Feature", "properties": {"name": "H\u1ebbm 27/163 \u0110i\u1ec7n Bi\u00ean Ph\u1ee7", "highway": "service", "trusted": 0.0}, "geometry": {"type": "LineString", "coordinates": [[11771.1, 3851.4], [11804.1, 3779.0], [11820.3, 3786.1], [11842.2, 3741.7]]}}, {"type": "Feature", "properties": {"name": "H\u1ebbm 27/171 \u0110i\u1ec7n Bi\u00ean Ph\u1ee7", "highway": "service", "trusted": 0.0}, "geometry": {"type": "LineString", "coordinates": [[11807.1, 3863.0], [11855.0, 3746.2]]}}, {"type": "Feature", "properties": {"name": "H\u1ebbm 27/183 \u0110i\u1ec7n Bi\u00ean Ph\u1ee7", "highway": "service", "trusted": 0.0}, "geometry": {"type": "LineString", "coordinates": [[11892.9, 3890.7], [11926.1, 3778.2]]}}, {"type": "Feature", "properties": {"name": "H\u1ebbm 27/191 \u0110i\u1ec7n Bi\u00ean Ph\u1ee7", "highway": "service", "trusted": 0.0}, "geometry": {"type": "LineString", "coordinates": [[11928.9, 3902.4], [11978.3, 3777.2]]}}, {"type": "Feature", "properties": {"name": "H\u1ebbm 27/195 \u0110i\u1ec7n Bi\u00ean Ph\u1ee7", "highway": "service", "trusted": 0.0}, "geometry": {"type": "LineString", "coordinates": [[11978.4, 3918.5], [12039.1, 3762.5]]}}, {"type": "Feature", "properties": {"name": "H\u1ebbm 27/203 \u0110i\u1ec7n Bi\u00ean Ph\u1ee7", "highway": "service", "trusted": 0.0}, "geometry": {"type": "LineString", "coordinates": [[12030.9, 3946.2], [12104.8, 3870.3], [12124.9, 3838.8]]}}, {"type": "Feature", "properties": {"name": "H\u1ebbm 27/219 \u0110i\u1ec7n Bi\u00ean Ph\u1ee7", "highway": "service", "trusted": 0.0}, "geometry": {"type": "LineString", "coordinates": [[12107.7, 4000.3], [12124.5, 3983.2], [12125.4, 3973.8], [12140.9, 3946.0]]}}, {"type": "Feature", "properties": {"name": "H\u1ebbm 57/70 \u0110\u01b0\u1eddng \u0110i\u1ec7n Bi\u00ean Ph\u1ee7", "highway": "residential", "trusted": 0.0}, "geometry": {"type": "LineString", "coordinates": [[11892.6, 4077.8], [11946.1, 4139.6], [11964.3, 4130.4], [12050.3, 4210.8], [12083.2, 4182.9]]}}, {"type": "Feature", "properties": {"name": "H\u1ebbm 57/6 \u0110i\u1ec7n Bi\u00ean Ph\u1ee7", "highway": "service", "trusted": 0.0}, "geometry": {"type": "LineString", "coordinates": [[11559.6, 4621.4], [11613.5, 4551.8], [11643.3, 4481.7], [11647.8, 4477.1], [11728.3, 4394.4], [11679.0, 4328.3]]}}, {"type": "Feature", "properties": {"name": "H\u1ebbm 63 \u0110i\u1ec7n Bi\u00ean Ph\u1ee7", "highway": "service", "trusted": 0.0}, "geometry": {"type": "LineString", "coordinates": [[11580.8, 4782.7], [11606.0, 4758.0], [11830.1, 4538.6]]}}, {"type": "Feature", "properties": {"name": "H\u1ebbm 57/56 \u0110i\u1ec7n Bi\u00ean Ph\u1ee7", "highway": "residential", "trusted": 0.0}, "geometry": {"type": "LineString", "coordinates": [[11788.6, 4170.9], [11818.5, 4198.0], [11888.9, 4203.3]]}}, {"type": "Feature", "properties": {"name": "H\u1ebbm 71/37 \u0110i\u1ec7n Bi\u00ean Ph\u1ee7", "highway": "residential", "trusted": 0.0}, "geometry": {"type": "LineString", "coordinates": [[12017.5, 4445.2], [11921.0, 4359.4], [11947.9, 4332.3], [11920.7, 4302.7], [11945.8, 4280.7]]}}, {"type": "Feature", "properties": {"name": "H\u1ebbm 71/45 \u0110i\u1ec7n Bi\u00ean Ph\u1ee7", "highway": "residential", "trusted": 0.0}, "geometry": {"type": "LineString", "coordinates": [[12072.4, 4390.5], [12030.3, 4340.4], [12035.6, 4327.6], [12016.0, 4307.5], [12016.1, 4295.4], [11999.1, 4270.3], [12004.3, 4261.7], [11967.7, 4226.0], [11932.3, 4248.7]]}}, {"type": "Feature", "properties": {"name": "H\u1ebbm 71/51 \u0110i\u1ec7n Bi\u00ean Ph\u1ee7", "highway": "residential", "trusted": 0.0}, "geometry": {"type": "LineString", "coordinates": [[12076.3, 4287.8], [12120.4, 4338.1]]}}, {"type": "Feature", "properties": {"name": "H\u1ebbm 71/62 \u0110i\u1ec7n Bi\u00ean Ph\u1ee7", "highway": "residential", "trusted": 0.0}, "geometry": {"type": "LineString", "coordinates": [[12120.4, 4338.1], [12134.6, 4352.9]]}}, {"type": "Feature", "properties": {"name": "H\u1ebbm 71/56 \u0110i\u1ec7n Bi\u00ean Ph\u1ee7", "highway": "residential", "trusted": 0.0}, "geometry": {"type": "LineString", "coordinates": [[12063.9, 4399.8], [12133.0, 4459.5]]}}, {"type": "Feature", "properties": {"name": "H\u1ebbm 71/50 \u0110i\u1ec7n Bi\u00ean Ph\u1ee7", "highway": "residential", "trusted": 0.0}, "geometry": {"type": "LineString", "coordinates": [[12017.5, 4445.2], [12079.6, 4504.6], [12131.5, 4554.3]]}}, {"type": "Feature", "properties": {"name": "H\u1ebbm 71/50/8 \u0110i\u1ec7n Bi\u00ean Ph\u1ee7", "highway": "residential", "trusted": 0.0}, "geometry": {"type": "LineString", "coordinates": [[12079.6, 4504.6], [12029.4, 4555.4]]}}, {"type": "Feature", "properties": {"name": "H\u1ebbm 71/28 \u0110i\u1ec7n Bi\u00ean Ph\u1ee7", "highway": "residential", "trusted": 0.0}, "geometry": {"type": "LineString", "coordinates": [[11846.1, 4608.0], [11877.5, 4634.0], [11944.9, 4681.4], [11961.2, 4690.3], [12031.9, 4665.5], [12065.1, 4694.4]]}}, {"type": "Feature", "properties": {"name": "H\u1ebbm 71/6 \u0110\u01b0\u1eddng \u0110i\u1ec7n Bi\u00ean Ph\u1ee7", "highway": "residential", "trusted": 0.0}, "geometry": {"type": "LineString", "coordinates": [[11696.4, 4748.6], [11819.5, 4785.4], [11835.8, 4781.3], [11859.0, 4784.2], [11872.1, 4755.2], [11898.7, 4760.7]]}}, {"type": "Feature", "properties": {"name": "H\u1ebbm 92 Tr\u01b0\u1eddng Sa", "highway": "service", "trusted": 0.0}, "geometry": {"type": "LineString", "coordinates": [[10949.0, 4571.8], [11052.0, 4605.2], [11046.4, 4624.4], [11065.8, 4630.7], [11040.9, 4717.2]]}}, {"type": "Feature", "properties": {"name": "H\u1ebbm 88 Tr\u01b0\u1eddng Sa", "highway": "service", "trusted": 0.0}, "geometry": {"type": "LineString", "coordinates": [[10918.4, 4728.8], [11027.0, 4761.2], [11040.9, 4717.2], [11164.5, 4758.9]]}}, {"type": "Feature", "properties": {"name": "H\u1ebbm 24 \u0110i\u1ec7n Bi\u00ean Ph\u1ee7", "highway": "service", "trusted": 0.0}, "geometry": {"type": "LineString", "coordinates": [[11165.0, 4545.2], [11152.7, 4591.4], [11137.3, 4649.1], [11065.8, 4630.7]]}}, {"type": "Feature", "properties": {"name": null, "highway": "service", "trusted": 0.0}, "geometry": {"type": "LineString", "coordinates": [[11027.0, 4761.2], [11014.6, 4809.9]]}}, {"type": "Feature", "properties": {"name": "H\u1ebbm 64 Tr\u01b0\u1eddng Sa", "highway": "service", "trusted": 0.0}, "geometry": {"type": "LineString", "coordinates": [[11014.6, 4809.9], [10963.7, 4996.5], [10862.1, 4971.6]]}}, {"type": "Feature", "properties": {"name": "H\u1ebbm 48/11 \u0110\u01b0\u1eddng Tr\u01b0\u1eddng Sa", "highway": "service", "trusted": 0.0}, "geometry": {"type": "LineString", "coordinates": [[10934.3, 5202.0], [10940.9, 5185.8], [10953.0, 5156.3], [10960.8, 5159.0], [10973.4, 5128.5]]}}, {"type": "Feature", "properties": {"name": null, "highway": "service", "trusted": 0.0}, "geometry": {"type": "LineString", "coordinates": [[10942.1, 5205.7], [10948.1, 5195.9], [10973.4, 5203.5], [11004.5, 5153.7]]}}, {"type": "Feature", "properties": {"name": "H\u1ebbm 48/36 Tr\u01b0\u1eddng Sa", "highway": "service", "trusted": 0.0}, "geometry": {"type": "LineString", "coordinates": [[10993.9, 5248.8], [11030.7, 5260.1]]}}, {"type": "Feature", "properties": {"name": "H\u1ebbm 48/36/12 Tr\u01b0\u1eddng Sa", "highway": "service", "trusted": 0.0}, "geometry": {"type": "LineString", "coordinates": [[10982.3, 5290.4], [11031.6, 5303.2]]}}, {"type": "Feature", "properties": {"name": "H\u1ebbm 48/26 \u0110\u01b0\u1eddng Tr\u01b0\u1eddng Sa", "highway": "service", "trusted": 0.0}, "geometry": {"type": "LineString", "coordinates": [[10928.1, 5251.6], [10920.0, 5283.5], [10900.5, 5278.6], [10889.8, 5309.7], [10832.8, 5288.6]]}}, {"type": "Feature", "properties": {"name": "H\u1ebbm 30/1 Tr\u01b0\u1eddng Sa", "highway": "service", "trusted": 0.0}, "geometry": {"type": "LineString", "coordinates": [[10794.1, 5455.3], [10808.6, 5393.0], [10832.8, 5288.6], [10842.9, 5245.2]]}}, {"type": "Feature", "properties": {"name": "H\u1ebbm 30 Tr\u01b0\u1eddng Sa", "highway": "service", "trusted": 0.1}, "geometry": {"type": "LineString", "coordinates": [[10969.3, 5331.7], [10951.6, 5380.1], [10944.5, 5420.7], [10936.1, 5496.2], [10917.6, 5492.8], [10870.1, 5484.1], [10834.8, 5487.0], [10833.2, 5465.3], [10794.1, 5455.3], [10698.5, 5373.8]]}}, {"type": "Feature", "properties": {"name": null, "highway": "service", "trusted": 0.0}, "geometry": {"type": "LineString", "coordinates": [[10834.8, 5487.0], [10826.7, 5544.9]]}}, {"type": "Feature", "properties": {"name": null, "highway": "service", "trusted": 0.5}, "geometry": {"type": "LineString", "coordinates": [[10814.3, 5585.5], [10666.1, 5490.1]]}}, {"type": "Feature", "properties": {"name": null, "highway": "service", "trusted": 0.5}, "geometry": {"type": "LineString", "coordinates": [[10799.7, 5633.1], [10682.2, 5543.3]]}}, {"type": "Feature", "properties": {"name": "H\u1ebbm 117/57 Phan V\u0103n H\u00e2n", "highway": "service", "trusted": 0.0}, "geometry": {"type": "LineString", "coordinates": [[10786.7, 5704.7], [10844.6, 5717.7], [10853.3, 5690.4], [10882.6, 5697.4], [10896.6, 5661.1]]}}, {"type": "Feature", "properties": {"name": "H\u1ebbm 61 Phan V\u0103n H\u00e2n", "highway": "service", "trusted": 0.0}, "geometry": {"type": "LineString", "coordinates": [[11054.1, 6045.5], [10983.3, 6000.6], [10954.2, 5985.9], [10929.6, 5984.0], [10911.5, 5992.7], [10884.4, 6018.2], [10854.1, 6055.5]]}}, {"type": "Feature", "properties": {"name": "H\u1ebbm 51 Phan V\u0103n H\u00e2n", "highway": "service", "trusted": 0.0}, "geometry": {"type": "LineString", "coordinates": [[10964.7, 6163.7], [10854.1, 6055.5]]}}, {"type": "Feature", "properties": {"name": "H\u1ebbm 205/12 Phan V\u0103n H\u00e2n", "highway": "service", "trusted": 0.0}, "geometry": {"type": "LineString", "coordinates": [[11084.1, 5030.2], [11111.3, 4942.5]]}}, {"type": "Feature", "properties": {"name": "H\u1ebbm 205/20 Phan V\u0103n H\u00e2n", "highway": "service", "trusted": 0.0}, "geometry": {"type": "LineString", "coordinates": [[11044.4, 5021.4], [11064.7, 4945.9]]}}, {"type": "Feature", "properties": {"name": "H\u1ebbm 205/33 Phan V\u0103n H\u00e2n", "highway": "service", "trusted": 0.0}, "geometry": {"type": "LineString", "coordinates": [[10982.9, 5002.4], [10961.8, 5076.5]]}}, {"type": "Feature", "properties": {"name": "H\u1ebbm 189 Phan V\u0103n H\u00e2n", "highway": "service", "trusted": 0.0}, "geometry": {"type": "LineString", "coordinates": [[11200.6, 5160.3], [11097.7, 5138.4]]}}, {"type": "Feature", "properties": {"name": null, "highway": "service", "trusted": 0.0}, "geometry": {"type": "LineString", "coordinates": [[11067.7, 6275.5], [11078.0, 6286.4], [11111.2, 6259.9], [11092.7, 6226.7], [11124.4, 6196.5]]}}, {"type": "Feature", "properties": {"name": "H\u1ebbm 122/6 Phan V\u0103n H\u00e2n", "highway": "service", "trusted": 0.0}, "geometry": {"type": "LineString", "coordinates": [[11232.3, 6168.1], [11190.0, 6139.8], [11140.2, 6103.9], [11128.4, 6084.3], [11130.6, 6064.8]]}}, {"type": "Feature", "properties": {"name": "H\u1ebbm 144 Phan V\u0103n H\u00e2n", "highway": "service", "trusted": 0.0}, "geometry": {"type": "LineString", "coordinates": [[11145.1, 6003.3], [11151.2, 5977.5], [11166.9, 5914.2]]}}, {"type": "Feature", "properties": {"name": "H\u1ebbm 122 Phan V\u0103n H\u00e2n", "highway": "service", "trusted": 0.0}, "geometry": {"type": "LineString", "coordinates": [[11269.9, 6099.9], [11278.1, 6060.7], [11288.3, 6012.5], [11270.4, 6005.5]]}}, {"type": "Feature", "properties": {"name": "H\u1ebbm 122 Phan V\u0103n H\u00e2n", "highway": "service", "trusted": 0.0}, "geometry": {"type": "LineString", "coordinates": [[11278.1, 6060.7], [11337.1, 6075.4]]}}, {"type": "Feature", "properties": {"name": "H\u1ebbm 144 Phan V\u0103n H\u00e2n", "highway": "service", "trusted": 0.0}, "geometry": {"type": "LineString", "coordinates": [[11076.1, 5897.4], [11166.9, 5914.2], [11316.6, 5938.1], [11318.0, 5921.3]]}}, {"type": "Feature", "properties": {"name": "Tr\u1ea7n V\u0103n Kh\u00ea", "highway": "residential", "trusted": 0.1}, "geometry": {"type": "LineString", "coordinates": [[11642.7, 6426.6], [11409.4, 6266.8], [11390.6, 6246.7], [11374.5, 6218.7], [11359.3, 6190.3], [11357.3, 6162.0], [11361.1, 6135.7], [11379.3, 6043.6], [11372.9, 6004.0], [11360.5, 5966.2], [11335.3, 5935.2], [11318.0, 5921.3], [11300.9, 5907.7], [11266.6, 5892.2], [11175.1, 5871.7], [11082.3, 5850.9], [10977.1, 5824.5], [10953.0, 5820.3], [10780.2, 5781.5], [10633.4, 5688.5], [10614.7, 5683.2]]}}, {"type": "Feature", "properties": {"name": "H\u1ebbm 81/105 Nguy\u1ec5n C\u1eedu V\u00e2n", "highway": "service", "trusted": 0.0}, "geometry": {"type": "LineString", "coordinates": [[11376.5, 5759.2], [11409.2, 5764.5], [11532.0, 5800.9]]}}, {"type": "Feature", "properties": {"name": "H\u1ebbm 174/20 Phan V\u0103n H\u00e2n", "highway": "service", "trusted": 0.0}, "geometry": {"type": "LineString", "coordinates": [[11281.1, 5629.4], [11271.9, 5717.3], [11335.7, 5723.1]]}}, {"type": "Feature", "properties": {"name": "H\u1ebbm 178 Phan V\u0103n H\u00e2n", "highway": "service", "trusted": 0.0}, "geometry": {"type": "LineString", "coordinates": [[11127.4, 5568.7], [11363.3, 5608.5]]}}, {"type": "Feature", "properties": {"name": "H\u1ebbm 192/2 Phan V\u0103n H\u00e2n", "highway": "service", "trusted": 0.0}, "geometry": {"type": "LineString", "coordinates": [[11280.5, 5483.6], [11279.6, 5522.3], [11272.9, 5553.8]]}}, {"type": "Feature", "properties": {"name": "H\u1ebbm 192 Phan V\u0103n H\u00e2n", "highway": "service", "trusted": 0.0}, "geometry": {"type": "LineString", "coordinates": [[11371.5, 5571.5], [11386.8, 5506.5], [11280.5, 5483.6], [11146.7, 5458.9]]}}, {"type": "Feature", "properties": {"name": "H\u1ebbm 62 \u0110i\u1ec7n Bi\u00ean Ph\u1ee7", "highway": "service", "trusted": 0.0}, "geometry": {"type": "LineString", "coordinates": [[11433.2, 4844.4], [11428.0, 4871.3], [11402.4, 5004.4], [11484.3, 5018.6], [11473.3, 5100.3]]}}, {"type": "Feature", "properties": {"name": "H\u1ebbm 62/11 \u0110i\u1ec7n Bi\u00ean Ph\u1ee7", "highway": "service", "trusted": 0.0}, "geometry": {"type": "LineString", "coordinates": [[11473.3, 5100.3], [11527.8, 5114.4]]}}, {"type": "Feature", "properties": {"name": "H\u1ebbm 62/14 \u0110i\u1ec7n Bi\u00ean Ph\u1ee7", "highway": "service", "trusted": 0.0}, "geometry": {"type": "LineString", "coordinates": [[11402.4, 5004.4], [11269.2, 4978.3], [11277.3, 4941.9], [11240.7, 4934.6]]}}, {"type": "Feature", "properties": {"name": null, "highway": "service", "trusted": 0.0}, "geometry": {"type": "LineString", "coordinates": [[11331.2, 4751.0], [11324.9, 4772.9], [11292.6, 4896.5]]}}, {"type": "Feature", "properties": {"name": "H\u1ebbm 128 \u0110i\u1ec7n Bi\u00ean Ph\u1ee7", "highway": "service", "trusted": 0.0}, "geometry": {"type": "LineString", "coordinates": [[11715.0, 5115.8], [11698.0, 5132.0], [11652.9, 5175.0], [11643.1, 5187.9], [11599.9, 5245.3], [11553.7, 5228.9], [11541.3, 5367.9], [11428.6, 5352.4]]}}, {"type": "Feature", "properties": {"name": "H\u1ebbm 130 \u0110i\u1ec7n Bi\u00ean Ph\u1ee7", "highway": "service", "trusted": 0.0}, "geometry": {"type": "LineString", "coordinates": [[11736.7, 5136.7], [11722.0, 5154.7], [11691.0, 5192.7], [11664.9, 5224.4], [11631.4, 5270.6], [11627.2, 5278.6], [11618.2, 5296.0], [11594.1, 5285.3]]}}, {"type": "Feature", "properties": {"name": "H\u1ebbm 140/10 \u0110i\u1ec7n Bi\u00ean Ph\u1ee7", "highway": "service", "trusted": 0.0}, "geometry": {"type": "LineString", "coordinates": [[11737.4, 5308.2], [11719.7, 5321.9], [11700.1, 5338.8], [11672.3, 5346.7], [11620.8, 5339.2]]}}, {"type": "Feature", "properties": {"name": "H\u1ebbm 140/26 \u0110i\u1ec7n Bi\u00ean Ph\u1ee7", "highway": "service", "trusted": 0.0}, "geometry": {"type": "LineString", "coordinates": [[11727.2, 5432.6], [11611.9, 5418.4], [11608.6, 5454.3]]}}, {"type": "Feature", "properties": {"name": "H\u1ebbm 62/65 \u0110i\u1ec7n Bi\u00ean Ph\u1ee7", "highway": "service", "trusted": 0.0}, "geometry": {"type": "LineString", "coordinates": [[11416.4, 5419.8], [11533.2, 5434.4], [11608.6, 5454.3]]}}, {"type": "Feature", "properties": {"name": "H\u1ebbm 140/48 \u0110i\u1ec7n Bi\u00ean Ph\u1ee7", "highway": "service", "trusted": 0.0}, "geometry": {"type": "LineString", "coordinates": [[11628.8, 5564.9], [11518.0, 5548.8], [11507.3, 5583.8], [11476.6, 5575.8], [11459.8, 5624.2], [11436.6, 5618.7], [11430.4, 5642.5]]}}, {"type": "Feature", "properties": {"name": "H\u1ebbm 81 Nguy\u1ec5n C\u1eedu V\u00e2n", "highway": "service", "trusted": 0.0}, "geometry": {"type": "LineString", "coordinates": [[11532.0, 5800.9], [11527.6, 5819.5], [11488.5, 5983.7], [11458.7, 6108.8], [11433.7, 6213.6], [11524.7, 6265.3], [11575.3, 6294.1], [11672.3, 6339.5]]}}, {"type": "Feature", "properties": {"name": "H\u1ebbm 140/65 \u0110i\u1ec7n Bi\u00ean Ph\u1ee7", "highway": "service", "trusted": 0.0}, "geometry": {"type": "LineString", "coordinates": [[11569.3, 5700.8], [11682.4, 5745.0]]}}, {"type": "Feature", "properties": {"name": "H\u1ebbm 175 Nguy\u1ec5n C\u1eedu V\u00e2n", "highway": "residential", "trusted": 0.0}, "geometry": {"type": "LineString", "coordinates": [[12068.2, 5610.2], [12004.5, 5572.3], [11927.4, 5685.0], [11896.8, 5658.9], [11848.7, 5618.0]]}}, {"type": "Feature", "properties": {"name": "H\u1ebbm 175/7 Nguy\u1ec5n C\u1eedu V\u00e2n", "highway": "service", "trusted": 0.0}, "geometry": {"type": "LineString", "coordinates": [[11896.8, 5658.9], [11843.2, 5740.7]]}}, {"type": "Feature", "properties": {"name": "H\u1ebbm 125 Nguy\u1ec5n C\u1eedu V\u00e2n", "highway": "residential", "trusted": 0.0}, "geometry": {"type": "LineString", "coordinates": [[11861.5, 5975.9], [11654.8, 5870.7]]}}, {"type": "Feature", "properties": {"name": "H\u1ebbm 81/92 Nguy\u1ec5n C\u1eedu V\u00e2n", "highway": "service", "trusted": 0.0}, "geometry": {"type": "LineString", "coordinates": [[11527.6, 5819.5], [11605.2, 5842.0], [11570.2, 5999.4]]}}, {"type": "Feature", "properties": {"name": "H\u1ebbm 81/80 Nguy\u1ec5n C\u1eedu V\u00e2n", "highway": "service", "trusted": 0.0}, "geometry": {"type": "LineString", "coordinates": [[11458.7, 6108.8], [11515.1, 6124.2]]}}, {"type": "Feature", "properties": {"name": "H\u1ebbm 61 Nguy\u1ec5n C\u1eedu V\u00e2n", "highway": "service", "trusted": 0.0}, "geometry": {"type": "LineString", "coordinates": [[11459.2, 6382.1], [11409.0, 6454.3], [11460.9, 6505.7], [11470.3, 6515.2], [11482.8, 6557.6], [11599.3, 6588.1]]}}, {"type": "Feature", "properties": {"name": null, "highway": "service", "trusted": 0.0}, "geometry": {"type": "LineString", "coordinates": [[11482.8, 6557.6], [11486.6, 6627.8], [11480.2, 6638.8], [11467.4, 6663.5]]}}, {"type": "Feature", "properties": {"name": "H\u1ebbm 47 Nguy\u1ec5n C\u1eedu V\u00e2n", "highway": "service", "trusted": 0.0}, "geometry": {"type": "LineString", "coordinates": [[11552.1, 6696.4], [11467.4, 6663.5], [11440.5, 6636.7], [11414.7, 6604.9], [11371.6, 6569.1], [11359.6, 6568.9], [11346.8, 6577.7], [11319.6, 6617.0]]}}, {"type": "Feature", "properties": {"name": "H\u1ebbm 47/5 Nguy\u1ec5n C\u1eedu V\u00e2n", "highway": "service", "trusted": 0.0}, "geometry": {"type": "LineString", "coordinates": [[11467.4, 6663.5], [11457.0, 6680.0], [11438.0, 6680.1], [11387.3, 6649.4]]}}, {"type": "Feature", "properties": {"name": "H\u1ebbm 18/4 Nguy\u1ec5n C\u1eedu V\u00e2n", "highway": "service", "trusted": 0.0}, "geometry": {"type": "LineString", "coordinates": [[11804.6, 6592.4], [11774.7, 6677.1]]}}, {"type": "Feature", "properties": {"name": "H\u1ebbm 18/47 Nguy\u1ec5n C\u1eedu V\u00e2n", "highway": "service", "trusted": 0.0}, "geometry": {"type": "LineString", "coordinates": [[11956.5, 6778.6], [11990.9, 6648.6]]}}, {"type": "Feature", "properties": {"name": "H\u1ebbm 80 Nguy\u1ec5n C\u1eedu V\u00e2n", "highway": "service", "trusted": 0.0}, "geometry": {"type": "LineString", "coordinates": [[11929.9, 5862.4], [12015.6, 5909.4], [12049.9, 5918.6], [12085.5, 5916.3]]}}, {"type": "Feature", "properties": {"name": null, "highway": "service", "trusted": 0.0}, "geometry": {"type": "LineString", "coordinates": [[11222.1, 6782.8], [11185.8, 6755.9], [11195.7, 6738.4]]}}, {"type": "Feature", "properties": {"name": "H\u1ebbm 93/6 X\u00f4 vi\u1ebft Ngh\u1ec7 T\u0129nh", "highway": "service", "trusted": 0.0}, "geometry": {"type": "MultiLineString", "coordinates": [[[11174.6, 6695.1], [11189.8, 6670.5], [11209.4, 6675.6], [11227.4, 6688.7], [11195.7, 6738.4], [11161.4, 6719.7], [11174.6, 6695.1]], [[11174.6, 6695.1], [11088.1, 6666.7]]]}}, {"type": "Feature", "properties": {"name": "H\u1ebbm 93/6 X\u00f4 vi\u1ebft Ngh\u1ec7 T\u0129nh", "highway": "service", "trusted": 0.0}, "geometry": {"type": "LineString", "coordinates": [[11319.0, 6523.3], [11269.4, 6592.3], [11209.4, 6675.6]]}}, {"type": "Feature", "properties": {"name": "H\u1ebbm 67/15 X\u00f4 vi\u1ebft Ngh\u1ec7 T\u0129nh", "highway": "service", "trusted": 0.0}, "geometry": {"type": "LineString", "coordinates": [[10998.4, 6509.2], [11034.8, 6446.7], [11062.1, 6452.3], [11093.1, 6411.1]]}}, {"type": "Feature", "properties": {"name": "H\u1ebbm 35/63 X\u00f4 Vi\u1ebft Ngh\u1ec7 T\u0129nh", "highway": "service", "trusted": 0.0}, "geometry": {"type": "LineString", "coordinates": [[11087.3, 6351.9], [11134.5, 6314.4], [11143.2, 6307.2], [11147.5, 6294.3], [11186.4, 6268.2], [11193.3, 6265.2], [11202.4, 6264.1], [11260.1, 6287.2]]}}, {"type": "Feature", "properties": {"name": "C\u00f4ng Tr\u01b0\u1eddng H\u00f2a B\u00ecnh", "highway": "service", "trusted": 1.0}, "geometry": {"type": "LineString", "coordinates": [[10495.3, 6623.0], [10201.6, 6328.9]]}}, {"type": "Feature", "properties": {"name": "H\u1ebbm 20 Phan Huy \u00d4n", "highway": "service", "trusted": 1.0}, "geometry": {"type": "LineString", "coordinates": [[10247.5, 6715.2], [10308.9, 6650.8], [10341.1, 6612.3], [10303.0, 6573.1], [10236.1, 6511.2]]}}, {"type": "Feature", "properties": {"name": "H\u1ebbm 28 \u0110\u01b0\u1eddng Phan Huy \u00d4n", "highway": "service", "trusted": 1.0}, "geometry": {"type": "LineString", "coordinates": [[10202.6, 6652.1], [10247.8, 6617.5], [10218.6, 6572.2]]}}, {"type": "Feature", "properties": {"name": "H\u1ebbm 28/2 \u0110\u01b0\u1eddng Phan Huy \u00d4n", "highway": "service", "trusted": 1.0}, "geometry": {"type": "LineString", "coordinates": [[10247.8, 6617.5], [10303.0, 6573.1]]}}, {"type": "Feature", "properties": {"name": "H\u1ebbm 10 Phan Huy \u00d4n", "highway": "service", "trusted": 1.0}, "geometry": {"type": "LineString", "coordinates": [[10283.5, 6764.7], [10305.7, 6748.9], [10331.9, 6667.8], [10308.9, 6650.8]]}}, {"type": "Feature", "properties": {"name": "H\u1ebbm 33 Phan V\u0103n H\u00e2n", "highway": "service", "trusted": 1.0}, "geometry": {"type": "LineString", "coordinates": [[10486.7, 6639.5], [10385.4, 6607.7], [10372.4, 6633.2], [10341.1, 6612.3]]}}, {"type": "Feature", "properties": {"name": "H\u1ebbm 25 Phan V\u0103n H\u00e2n", "highway": "service", "trusted": 1.0}, "geometry": {"type": "LineString", "coordinates": [[10454.9, 6699.9], [10397.5, 6675.3]]}}, {"type": "Feature", "properties": {"name": "H\u1ebbm 16 Phan V\u0103n H\u00e2n", "highway": "service", "trusted": 0.5}, "geometry": {"type": "LineString", "coordinates": [[10424.9, 6757.1], [10631.8, 6871.2]]}}, {"type": "Feature", "properties": {"name": "H\u1ebbm 30 X\u00f4 vi\u1ebft Ngh\u1ec7 T\u0129nh", "highway": "residential", "trusted": 0.0}, "geometry": {"type": "LineString", "coordinates": [[11085.2, 6868.4], [11008.0, 6948.9], [11141.8, 7058.6]]}}, {"type": "Feature", "properties": {"name": "H\u1ebbm 24 X\u00f4 vi\u1ebft Ngh\u1ec7 T\u0129nh", "highway": "service", "trusted": 0.0}, "geometry": {"type": "LineString", "coordinates": [[11000.5, 6787.1], [10934.7, 6863.2]]}}, {"type": "Feature", "properties": {"name": "H\u1ebbm 52 X\u00f4 vi\u1ebft Ngh\u1ec7 T\u0129nh", "highway": "residential", "trusted": 0.0}, "geometry": {"type": "LineString", "coordinates": [[11292.0, 7065.6], [11221.5, 7137.4]]}}, {"type": "Feature", "properties": {"name": "H\u1ebbm 38 Phan V\u0103n H\u00e2n", "highway": "service", "trusted": 0.67}, "geometry": {"type": "LineString", "coordinates": [[10684.6, 6857.0], [10657.4, 6843.9], [10595.9, 6755.0], [10621.2, 6714.6], [10551.9, 6668.1], [10490.6, 6632.0]]}}, {"type": "Feature", "properties": {"name": "H\u1ebbm 68 Nguy\u1ec5n V\u0103n L\u1ea1c", "highway": "service", "trusted": 0.0}, "geometry": {"type": "LineString", "coordinates": [[10717.4, 6901.5], [10733.1, 6917.0], [10769.3, 6929.9], [10809.9, 6879.9], [10849.6, 6901.2]]}}, {"type": "Feature", "properties": {"name": "H\u1ebbm 69 Nguy\u1ec5n C\u00f4ng Tr\u1ee9", "highway": "service", "trusted": 0.0}, "geometry": {"type": "LineString", "coordinates": [[10427.6, 7329.1], [10453.4, 7270.2], [10569.6, 7318.0], [10550.9, 7367.8]]}}, {"type": "Feature", "properties": {"name": "H\u1ebbm 36 Nguy\u1ec5n V\u0103n L\u1ea1c", "highway": "residential", "trusted": 0.0}, "geometry": {"type": "LineString", "coordinates": [[11085.9, 7158.8], [11141.8, 7058.6]]}}, {"type": "Feature", "properties": {"name": "H\u1ebbm 6 Ng\u00f4 T\u1ea5t T\u1ed1", "highway": "residential", "trusted": 0.0}, "geometry": {"type": "LineString", "coordinates": [[10835.8, 7206.2], [10752.6, 7178.7], [10767.2, 7139.2]]}}, {"type": "Feature", "properties": {"name": "H\u1ebbm 14 Ng\u00f4 T\u1ea5t T\u1ed1", "highway": "service", "trusted": 0.0}, "geometry": {"type": "LineString", "coordinates": [[10607.6, 7195.9], [10601.2, 7216.9], [10588.2, 7213.4], [10539.4, 7200.5]]}}, {"type": "Feature", "properties": {"name": "H\u1ebbm 16 Ng\u00f4 T\u1ea5t T\u1ed1", "highway": "service", "trusted": 0.0}, "geometry": {"type": "LineString", "coordinates": [[10778.7, 7402.3], [10690.7, 7358.0]]}}, {"type": "Feature", "properties": {"name": null, "highway": "service", "trusted": 0.0}, "geometry": {"type": "LineString", "coordinates": [[10718.3, 7231.3], [10679.9, 7331.3], [10600.5, 7301.5]]}}, {"type": "Feature", "properties": {"name": null, "highway": "service", "trusted": 0.0}, "geometry": {"type": "LineString", "coordinates": [[10726.9, 7581.2], [10611.7, 7533.5], [10551.3, 7512.1], [10492.6, 7491.3], [10468.9, 7482.9], [10415.8, 7464.2]]}}, {"type": "Feature", "properties": {"name": "H\u1ebbm 66 \u0110\u01b0\u1eddng Ng\u00f4 T\u1ea5t T\u1ed1", "highway": "service", "trusted": 0.0}, "geometry": {"type": "LineString", "coordinates": [[10651.8, 7848.6], [10602.6, 7833.7], [10604.3, 7808.3], [10575.2, 7800.3], [10565.9, 7842.9], [10558.2, 7875.3]]}}, {"type": "Feature", "properties": {"name": "H\u1ebbm 72/16 Ng\u00f4 T\u1ea5t T\u1ed1", "highway": "service", "trusted": 0.0}, "geometry": {"type": "LineString", "coordinates": [[10441.5, 7851.0], [10458.8, 7771.7], [10536.4, 7790.1]]}}, {"type": "Feature", "properties": {"name": "H\u1ebbm 72/24 Ng\u00f4 T\u1ea5t T\u1ed1", "highway": "service", "trusted": 0.0}, "geometry": {"type": "LineString", "coordinates": [[10376.9, 7838.3], [10382.2, 7818.6], [10403.0, 7739.9]]}}, {"type": "Feature", "properties": {"name": "H\u1ebbm 72/26 Ng\u00f4 T\u1ea5t T\u1ed1", "highway": "service", "trusted": 0.0}, "geometry": {"type": "LineString", "coordinates": [[10349.3, 7831.8], [10370.3, 7752.5], [10318.6, 7738.9]]}}, {"type": "Feature", "properties": {"name": "Hu\u1ef3nh T\u1ecbnh C\u1ee7a", "highway": "residential", "trusted": 0.0}, "geometry": {"type": "LineString", "coordinates": [[10293.4, 7284.7], [10312.3, 7210.2], [10351.4, 7068.3], [10368.1, 7054.0], [10380.5, 7042.9], [10427.0, 6921.7]]}}, {"type": "Feature", "properties": {"name": "H\u1ebbm 45/4 Hu\u1ef3nh T\u1ecbnh C\u1ee7a", "highway": "service", "trusted": 0.0}, "geometry": {"type": "LineString", "coordinates": [[10301.6, 7488.2], [10272.4, 7612.5], [10257.3, 7630.3], [10256.3, 7664.0], [10270.4, 7673.9], [10271.8, 7685.1], [10297.8, 7703.5], [10299.0, 7738.0]]}}, {"type": "Feature", "properties": {"name": "H\u1ebbm 62/61 Hu\u1ef3nh T\u1ecbnh C\u1ee7a", "highway": "service", "trusted": 0.0}, "geometry": {"type": "LineString", "coordinates": [[10199.4, 7789.6], [10220.1, 7788.4], [10233.4, 7744.8], [10266.8, 7747.5], [10275.1, 7761.6], [10298.9, 7762.8], [10299.0, 7738.0]]}}, {"type": "Feature", "properties": {"name": "H\u1ebbm 44/1 Ng\u00f4 T\u1ea5t T\u1ed1", "highway": "service", "trusted": 0.0}, "geometry": {"type": "LineString", "coordinates": [[10611.7, 7533.5], [10585.1, 7619.3], [10570.7, 7665.4]]}}, {"type": "Feature", "properties": {"name": "H\u1ebbm 62/8 Ng\u00f4 T\u1ea5t T\u1ed1", "highway": "service", "trusted": 0.0}, "geometry": {"type": "LineString", "coordinates": [[10504.7, 7643.2], [10551.3, 7512.1]]}}, {"type": "Feature", "properties": {"name": "H\u1ebbm 44/5 Ng\u00f4 T\u1ea5t T\u1ed1", "highway": "service", "trusted": 0.0}, "geometry": {"type": "LineString", "coordinates": [[10492.6, 7491.3], [10446.6, 7609.0]]}}, {"type": "Feature", "properties": {"name": "H\u1ebbm 62 Ng\u00f4 T\u1ea5t T\u1ed1", "highway": "service", "trusted": 0.0}, "geometry": {"type": "LineString", "coordinates": [[10441.8, 7622.0], [10446.6, 7609.0], [10375.5, 7583.9]]}}, {"type": "Feature", "properties": {"name": "H\u1ebbm 82 Nguy\u1ec5n C\u00f4ng Tr\u1ee9", "highway": "service", "trusted": 0.0}, "geometry": {"type": "LineString", "coordinates": [[10510.3, 7355.1], [10487.2, 7426.5], [10468.9, 7482.9]]}}, {"type": "Feature", "properties": {"name": "H\u1ebbm 82 Nguy\u1ec5n C\u00f4ng Tr\u1ee9", "highway": "service", "trusted": 0.0}, "geometry": {"type": "LineString", "coordinates": [[10446.1, 7413.7], [10487.2, 7426.5], [10628.0, 7476.2], [10654.3, 7406.4]]}}, {"type": "Feature", "properties": {"name": "H\u1ebbm 31 Hu\u1ef3nh T\u1ecbnh C\u1ee7a", "highway": "service", "trusted": 0.0}, "geometry": {"type": "LineString", "coordinates": [[10287.6, 7323.2], [10378.5, 7361.8]]}}, {"type": "Feature", "properties": {"name": "H\u1ebbm 72 Nguy\u1ec5n C\u00f4ng Tr\u1ee9", "highway": "service", "trusted": 0.0}, "geometry": {"type": "LineString", "coordinates": [[10427.6, 7329.1], [10396.8, 7404.0]]}}, {"type": "Feature", "properties": {"name": "H\u1ebbm 56 Nguy\u1ec5n C\u00f4ng Tr\u1ee9", "highway": "service", "trusted": 0.25}, "geometry": {"type": "LineString", "coordinates": [[10151.5, 7256.4], [10211.0, 7359.3], [10146.3, 7353.2], [10085.4, 7348.5]]}}, {"type": "Feature", "properties": {"name": "H\u1ebbm 46 Nguy\u1ec5n C\u00f4ng Tr\u1ee9", "highway": "service", "trusted": 0.67}, "geometry": {"type": "LineString", "coordinates": [[10087.9, 7254.7], [10085.2, 7311.7], [10146.3, 7353.2]]}}, {"type": "Feature", "properties": {"name": "H\u1ebbm 46 Nguy\u1ec5n C\u00f4ng Tr\u1ee9", "highway": "service", "trusted": 1.0}, "geometry": {"type": "LineString", "coordinates": [[10085.2, 7311.7], [10133.8, 7309.7], [10138.1, 7256.0]]}}, {"type": "Feature", "properties": {"name": "H\u1ebbm 30 Nguy\u1ec5n C\u00f4ng Tr\u1ee9", "highway": "service", "trusted": 0.6}, "geometry": {"type": "LineString", "coordinates": [[10002.9, 7255.9], [9993.9, 7314.0], [9960.3, 7316.0], [10020.1, 7349.5], [9843.7, 7344.8]]}}, {"type": "Feature", "properties": {"name": "H\u1ebbm 25 Nguy\u1ec5n C\u00f4ng Tr\u1ee9", "highway": "service", "trusted": 1.0}, "geometry": {"type": "LineString", "coordinates": [[10002.9, 7255.9], [10012.4, 7172.0], [10017.8, 7131.6], [10053.0, 7136.0], [10050.6, 7149.6]]}}, {"type": "Feature", "properties": {"name": "H\u1ebbm 25 Nguy\u1ec5n C\u00f4ng Tr\u1ee9", "highway": "service", "trusted": 1.0}, "geometry": {"type": "LineString", "coordinates": [[10012.4, 7172.0], [10043.8, 7175.0], [10049.9, 7156.5], [10050.6, 7149.6], [10074.5, 7163.1], [10127.8, 7174.3], [10144.4, 7176.5]]}}, {"type": "Feature", "properties": {"name": "H\u1ebbm 49/40 Hu\u1ef3nh M\u1eabn \u0110\u1ea1t", "highway": "service", "trusted": 1.0}, "geometry": {"type": "LineString", "coordinates": [[9897.2, 7151.1], [9786.0, 7152.9]]}}, {"type": "Feature", "properties": {"name": "H\u1ebbm 81 Hu\u1ef3nh M\u1eabn \u0110\u1ea1t", "highway": "service", "trusted": 1.0}, "geometry": {"type": "LineString", "coordinates": [[9619.8, 6842.2], [9602.9, 6960.3], [9601.4, 6970.4], [9506.5, 6961.6]]}}, {"type": "Feature", "properties": {"name": "H\u1ebbm 81/1 Hu\u1ef3nh M\u1eabn \u0110\u1ea1t", "highway": "service", "trusted": 1.0}, "geometry": {"type": "LineString", "coordinates": [[9602.9, 6960.3], [9676.2, 6969.8]]}}, {"type": "Feature", "properties": {"name": "H\u1ebbm 23 Hu\u1ef3nh M\u1eabn \u0110\u1ea1t", "highway": "service", "trusted": 0.75}, "geometry": {"type": "LineString", "coordinates": [[10248.4, 6923.0], [10163.1, 6980.0], [10160.7, 6989.2], [10126.8, 7071.2]]}}, {"type": "Feature", "properties": {"name": "H\u1ebbm 23 Hu\u1ef3nh M\u1eabn \u0110\u1ea1t", "highway": "service", "trusted": 0.83}, "geometry": {"type": "LineString", "coordinates": [[10160.7, 6989.2], [10235.3, 7015.6], [10141.0, 7072.1], [10128.2, 7113.2], [10139.1, 7129.5], [10127.8, 7174.3]]}}, {"type": "Feature", "properties": {"name": "H\u1ebbm 37 Hu\u1ef3nh M\u1eabn \u0110\u1ea1t", "highway": "service", "trusted": 1.0}, "geometry": {"type": "LineString", "coordinates": [[10112.8, 6888.0], [10103.1, 6966.9], [10085.9, 6966.3], [10075.3, 6977.5], [10062.0, 7043.4], [10070.9, 7058.1], [10078.4, 7059.8], [10126.8, 7071.2], [10141.0, 7072.1]]}}, {"type": "Feature", "properties": {"name": null, "highway": "service", "trusted": 1.0}, "geometry": {"type": "LineString", "coordinates": [[10078.4, 7059.8], [10053.0, 7136.0]]}}, {"type": "Feature", "properties": {"name": null, "highway": "service", "trusted": 1.0}, "geometry": {"type": "LineString", "coordinates": [[10103.1, 6966.9], [10163.1, 6980.0]]}}, {"type": "Feature", "properties": {"name": "H\u1ebbm 10 Hu\u1ef3nh T\u1ecbnh C\u1ee7a", "highway": "service", "trusted": 0.0}, "geometry": {"type": "LineString", "coordinates": [[10368.1, 7054.0], [10265.0, 7021.9], [10235.3, 7015.6]]}}, {"type": "Feature", "properties": {"name": "H\u1ebbm 21 Nguy\u1ec5n Ng\u1ecdc Ph\u01b0\u01a1ng", "highway": "service", "trusted": 1.0}, "geometry": {"type": "LineString", "coordinates": [[9856.6, 6591.4], [9940.4, 6608.9], [9926.7, 6664.1], [9847.2, 6653.2], [9856.6, 6591.4]]}}, {"type": "Feature", "properties": {"name": "H\u1ebbm 54 Nguy\u1ec5n Ng\u1ecdc Ph\u01b0\u01a1ng", "highway": "service", "trusted": 1.0}, "geometry": {"type": "LineString", "coordinates": [[9655.9, 6604.3], [9627.1, 6650.4], [9650.2, 6666.4], [9624.7, 6705.3], [9642.1, 6739.2]]}}, {"type": "Feature", "properties": {"name": "H\u1ebbm 105 Nguy\u1ec5n Ng\u1ecdc Ph\u01b0\u01a1ng", "highway": "service", "trusted": 1.0}, "geometry": {"type": "LineString", "coordinates": [[9508.1, 6817.0], [9440.2, 6966.8]]}}, {"type": "Feature", "properties": {"name": "H\u1ebbm 17 M\u00ea Linh", "highway": "service", "trusted": 1.0}, "geometry": {"type": "LineString", "coordinates": [[9461.8, 7037.9], [9401.2, 7037.8], [9295.4, 7039.4]]}}, {"type": "Feature", "properties": {"name": "H\u1ebbm 17 M\u00ea Linh", "highway": "service", "trusted": 1.0}, "geometry": {"type": "LineString", "coordinates": [[9401.2, 7037.8], [9405.2, 7129.9]]}}, {"type": "Feature", "properties": {"name": "H\u1ebbm 32 \u0110\u01b0\u1eddng M\u00ea Linh", "highway": "service", "trusted": 0.5}, "geometry": {"type": "LineString", "coordinates": [[9489.3, 7134.3], [9488.8, 7182.9], [9550.7, 7347.3], [9526.8, 7368.1]]}}, {"type": "Feature", "properties": {"name": "H\u1ebbm 40 Ph\u1ea1m Vi\u1ebft Ch\u00e1nh", "highway": "residential", "trusted": 0.0}, "geometry": {"type": "LineString", "coordinates": [[9702.0, 7538.9], [9627.8, 7537.5]]}}, {"type": "Feature", "properties": {"name": "H\u1ebbm 48/2 M\u00ea Linh", "highway": "service", "trusted": 1.0}, "geometry": {"type": "LineString", "coordinates": [[9651.4, 7214.6], [9581.4, 7215.8], [9580.5, 7235.2], [9543.1, 7236.6]]}}, {"type": "Feature", "properties": {"name": "H\u1ebbm 40/8 Ph\u1ea1m Vi\u1ebft Ch\u00e1nh", "highway": "service", "trusted": 0.5}, "geometry": {"type": "LineString", "coordinates": [[9712.8, 7338.4], [9666.8, 7337.2], [9600.0, 7300.2], [9532.9, 7301.7]]}}, {"type": "Feature", "properties": {"name": null, "highway": "service", "trusted": 0.0}, "geometry": {"type": "LineString", "coordinates": [[9607.0, 7382.0], [9600.9, 7436.3], [9598.4, 7476.7]]}}, {"type": "Feature", "properties": {"name": null, "highway": "service", "trusted": 0.0}, "geometry": {"type": "LineString", "coordinates": [[9707.1, 7441.5], [9610.7, 7436.6]]}}, {"type": "Feature", "properties": {"name": "H\u1ebbm 40 Ph\u1ea1m Vi\u1ebft Ch\u00e1nh", "highway": "residential", "trusted": 0.0}, "geometry": {"type": "LineString", "coordinates": [[9712.8, 7338.4], [9711.4, 7375.5], [9710.1, 7396.7], [9707.1, 7441.5], [9702.0, 7538.9], [9702.2, 7608.1]]}}, {"type": "Feature", "properties": {"name": "H\u1ebbm 32/2 M\u00ea Linh", "highway": "service", "trusted": 1.0}, "geometry": {"type": "LineString", "coordinates": [[9488.8, 7182.9], [9429.1, 7182.6], [9417.6, 7214.0]]}}, {"type": "Feature", "properties": {"name": "H\u1ebbm 78 Ph\u1ea1m Vi\u1ebft Ch\u00e1nh", "highway": "service", "trusted": 0.0}, "geometry": {"type": "LineString", "coordinates": [[9818.9, 7835.6], [9703.4, 7822.0], [9687.1, 7820.1]]}}, {"type": "Feature", "properties": {"name": "H\u1ebbm 88 Ph\u1ea1m Vi\u1ebft Ch\u00e1nh", "highway": "service", "trusted": 0.0}, "geometry": {"type": "LineString", "coordinates": [[9813.0, 7931.0], [9735.4, 7913.1]]}}, {"type": "Feature", "properties": {"name": "H\u1ebbm 93 Ph\u1ea1m Vi\u1ebft Ch\u00e1nh", "highway": "residential", "trusted": 0.0}, "geometry": {"type": "LineString", "coordinates": [[9813.0, 7931.0], [9897.2, 7952.9]]}}, {"type": "Feature", "properties": {"name": "H\u1ebbm 85 \u0110\u01b0\u1eddng Ph\u1ea1m Vi\u1ebft Ch\u00e1nh", "highway": "residential", "trusted": 0.0}, "geometry": {"type": "LineString", "coordinates": [[9995.2, 8017.4], [10079.6, 8053.6], [10220.7, 8114.0]]}}, {"type": "Feature", "properties": {"name": null, "highway": "service", "trusted": 0.0}, "geometry": {"type": "LineString", "coordinates": [[10143.3, 7959.6], [10171.9, 7981.5], [10208.1, 8035.2], [10219.3, 8038.4], [10235.9, 8021.4], [10251.3, 7975.2], [10212.0, 7937.2], [10202.9, 7940.8], [10167.4, 7915.2]]}}, {"type": "Feature", "properties": {"name": "H\u1ebbm 79/20/1 Ph\u1ea1m Vi\u1ebft Ch\u00e1nh", "highway": "residential", "trusted": 0.0}, "geometry": {"type": "LineString", "coordinates": [[10198.2, 7852.8], [10267.0, 7881.8], [10249.4, 7933.3]]}}, {"type": "Feature", "properties": {"name": "H\u1ebbm 77 Ng\u00f4 T\u1ea5t T\u1ed1", "highway": "service", "trusted": 0.0}, "geometry": {"type": "LineString", "coordinates": [[10611.9, 7988.2], [10792.1, 8026.6], [10796.5, 8018.9], [10868.0, 8034.9], [10890.8, 8040.0]]}}, {"type": "Feature", "properties": {"name": "H\u1ebbm 45/7 Nguy\u1ec5n V\u0103n L\u1ea1c", "highway": "service", "trusted": 0.0}, "geometry": {"type": "LineString", "coordinates": [[10921.6, 7235.5], [11033.4, 7284.4], [11171.4, 7344.8]]}}, {"type": "Feature", "properties": {"name": "H\u1ebbm 37/1 Ng\u00f4 T\u1ea5t T\u1ed1", "highway": "service", "trusted": 0.0}, "geometry": {"type": "LineString", "coordinates": [[10860.0, 7449.7], [10871.4, 7398.3]]}}, {"type": "Feature", "properties": {"name": "H\u1ebbm 37/2 Ng\u00f4 T\u1ea5t T\u1ed1", "highway": "service", "trusted": 0.0}, "geometry": {"type": "LineString", "coordinates": [[10860.0, 7449.7], [10835.9, 7536.2]]}}, {"type": "Feature", "properties": {"name": "H\u1ebbm 37/4 \u0110\u01b0\u1eddng Ng\u00f4 T\u1ea5t T\u1ed1", "highway": "service", "trusted": 0.0}, "geometry": {"type": "LineString", "coordinates": [[11002.5, 7489.0], [10992.1, 7542.8], [11041.8, 7560.8], [11043.7, 7544.5], [11190.1, 7604.2]]}}, {"type": "Feature", "properties": {"name": "H\u1ebbm 37/13 Ng\u00f4 T\u1ea5t T\u1ed1", "highway": "service", "trusted": 0.0}, "geometry": {"type": "LineString", "coordinates": [[11339.1, 7556.5], [11169.5, 7482.4], [11160.1, 7519.0]]}}, {"type": "Feature", "properties": {"name": "H\u1ebbm 29 Ng\u00f4 T\u1ea5t T\u1ed1", "highway": "service", "trusted": 0.0}, "geometry": {"type": "LineString", "coordinates": [[10923.2, 7373.3], [10895.8, 7405.1], [10871.4, 7398.3], [10863.9, 7397.1], [10786.5, 7375.2]]}}, {"type": "Feature", "properties": {"name": "H\u1ebbm 45/1 Nguy\u1ec5n V\u0103n L\u1ea1c", "highway": "service", "trusted": 0.0}, "geometry": {"type": "LineString", "coordinates": [[10942.8, 7175.9], [10998.5, 7197.5]]}}, {"type": "Feature", "properties": {"name": "H\u1ebbm 45/11 Nguy\u1ec5n V\u0103n L\u1ea1c", "highway": "service", "trusted": 0.0}, "geometry": {"type": "LineString", "coordinates": [[10886.2, 7334.4], [10946.6, 7356.1]]}}, {"type": "Feature", "properties": {"name": "H\u1ebbm 23/4 Nguy\u1ec5n V\u0103n L\u1ea1c", "highway": "service", "trusted": 0.0}, "geometry": {"type": "LineString", "coordinates": [[11140.0, 7415.8], [11097.1, 7391.8]]}}, {"type": "Feature", "properties": {"name": null, "highway": "service", "trusted": 0.0}, "geometry": {"type": "LineString", "coordinates": [[11298.6, 7394.9], [11290.4, 7395.8], [11272.1, 7387.3], [11257.6, 7380.5], [11235.7, 7426.7], [11175.3, 7395.8], [11181.7, 7373.2], [11162.8, 7364.3]]}}, {"type": "Feature", "properties": {"name": null, "highway": "service", "trusted": 0.0}, "geometry": {"type": "LineString", "coordinates": [[11272.1, 7387.3], [11254.4, 7426.4], [11279.2, 7441.5]]}}, {"type": "Feature", "properties": {"name": "H\u1ebbm 66/26 X\u00f4 vi\u1ebft Ngh\u1ec7 T\u0129nh", "highway": "service", "trusted": 0.0}, "geometry": {"type": "LineString", "coordinates": [[11380.0, 7590.7], [11334.7, 7570.2], [11311.9, 7622.3], [11295.0, 7614.1]]}}, {"type": "Feature", "properties": {"name": "H\u1ebbm 84 \u0110\u01b0\u1eddng X\u00f4 Vi\u1ebft Ngh\u1ec7 T\u0129nh", "highway": "service", "trusted": 0.0}, "geometry": {"type": "LineString", "coordinates": [[11612.2, 7341.2], [11545.3, 7479.6], [11521.9, 7469.4]]}}, {"type": "Feature", "properties": {"name": "H\u1ebbm 66/37 X\u00f4 vi\u1ebft Ngh\u1ec7 T\u0129nh", "highway": "service", "trusted": 0.0}, "geometry": {"type": "LineString", "coordinates": [[11391.2, 7561.5], [11448.7, 7586.3], [11420.7, 7658.9]]}}, {"type": "Feature", "properties": {"name": "H\u1ebbm 66/89 X\u00f4 vi\u1ebft Ngh\u1ec7 T\u0129nh", "highway": "service", "trusted": 0.0}, "geometry": {"type": "LineString", "coordinates": [[11297.4, 7830.0], [11344.1, 7853.2], [11351.7, 7885.3], [11335.7, 7926.1]]}}, {"type": "Feature", "properties": {"name": null, "highway": "service", "trusted": 0.0}, "geometry": {"type": "LineString", "coordinates": [[11344.1, 7853.2], [11377.1, 7804.2]]}}, {"type": "Feature", "properties": {"name": "H\u1ebbm 66/107 X\u00f4 vi\u1ebft Ngh\u1ec7 T\u0129nh", "highway": "service", "trusted": 0.0}, "geometry": {"type": "LineString", "coordinates": [[11262.1, 7935.0], [11338.2, 7960.8], [11416.3, 7987.4]]}}, {"type": "Feature", "properties": {"name": "H\u1ebbm 66/86 X\u00f4 vi\u1ebft Ngh\u1ec7 T\u0129nh", "highway": "service", "trusted": 0.0}, "geometry": {"type": "LineString", "coordinates": [[11262.1, 7935.0], [11227.0, 7921.2], [11229.1, 7900.4], [11205.1, 7890.3]]}}, {"type": "Feature", "properties": {"name": "H\u1ebbm 66/107 X\u00f4 vi\u1ebft Ngh\u1ec7 T\u0129nh", "highway": "service", "trusted": 0.0}, "geometry": {"type": "LineString", "coordinates": [[11338.2, 7960.8], [11292.7, 8079.3]]}}, {"type": "Feature", "properties": {"name": "H\u1ebbm 66/137 X\u00f4 vi\u1ebft Ngh\u1ec7 T\u0129nh", "highway": "service", "trusted": 0.0}, "geometry": {"type": "LineString", "coordinates": [[11206.3, 8097.7], [11278.0, 8121.4]]}}, {"type": "Feature", "properties": {"name": "H\u1ebbm 66/143 X\u00f4 vi\u1ebft Ngh\u1ec7 T\u0129nh", "highway": "service", "trusted": 0.0}, "geometry": {"type": "LineString", "coordinates": [[11191.1, 8109.4], [11188.7, 8132.5], [11211.3, 8149.1]]}}, {"type": "Feature", "properties": {"name": "H\u1ebbm 66/159 X\u00f4 vi\u1ebft Ngh\u1ec7 T\u0129nh", "highway": "service", "trusted": 0.0}, "geometry": {"type": "LineString", "coordinates": [[11127.7, 8176.3], [11178.5, 8193.8], [11237.5, 8214.0]]}}, {"type": "Feature", "properties": {"name": "H\u1ebbm 92/117 X\u00f4 vi\u1ebft Ngh\u1ec7 T\u0129nh", "highway": "service", "trusted": 0.0}, "geometry": {"type": "LineString", "coordinates": [[11339.7, 8312.8], [11413.5, 8322.9], [11454.6, 8328.6], [11458.7, 8304.6], [11418.8, 8300.1]]}}, {"type": "Feature", "properties": {"name": "H\u1ebbm 92/117 X\u00f4 vi\u1ebft Ngh\u1ec7 T\u0129nh", "highway": "service", "trusted": 0.0}, "geometry": {"type": "LineString", "coordinates": [[11413.5, 8322.9], [11418.8, 8300.1], [11428.5, 8257.9]]}}, {"type": "Feature", "properties": {"name": "H\u1ebbm 92/131 X\u00f4 vi\u1ebft Ngh\u1ec7 T\u0129nh", "highway": "service", "trusted": 0.0}, "geometry": {"type": "LineString", "coordinates": [[11197.7, 8356.5], [11200.7, 8404.4], [11226.1, 8403.4]]}}, {"type": "Feature", "properties": {"name": "H\u1ebbm 92/135 X\u00f4 vi\u1ebft Ngh\u1ec7 T\u0129nh", "highway": "service", "trusted": 0.0}, "geometry": {"type": "LineString", "coordinates": [[11169.9, 8352.6], [11165.6, 8390.8], [11128.5, 8387.0]]}}, {"type": "Feature", "properties": {"name": "H\u1ebbm 92/143 X\u00f4 vi\u1ebft Ngh\u1ec7 T\u0129nh", "highway": "service", "trusted": 0.0}, "geometry": {"type": "LineString", "coordinates": [[11120.3, 8345.6], [11108.8, 8410.8]]}}, {"type": "Feature", "properties": {"name": "H\u1ebbm 92/67 X\u00f4 vi\u1ebft Ngh\u1ec7 T\u0129nh", "highway": "service", "trusted": 0.0}, "geometry": {"type": "LineString", "coordinates": [[11426.5, 8001.3], [11535.9, 8041.8]]}}, {"type": "Feature", "properties": {"name": "H\u1ebbm 92/68 X\u00f4 vi\u1ebft Ngh\u1ec7 T\u0129nh", "highway": "service", "trusted": 0.0}, "geometry": {"type": "LineString", "coordinates": [[11453.6, 7846.9], [11377.1, 7804.2], [11372.6, 7797.6], [11385.8, 7777.6], [11345.1, 7743.8], [11365.8, 7679.6]]}}, {"type": "Feature", "properties": {"name": "H\u1ebbm 92/45 X\u00f4 vi\u1ebft Ngh\u1ec7 T\u0129nh", "highway": "service", "trusted": 0.0}, "geometry": {"type": "LineString", "coordinates": [[11608.3, 7901.9], [11572.9, 7974.5], [11549.6, 8036.8], [11535.9, 8041.8], [11486.2, 8213.1]]}}, {"type": "Feature", "properties": {"name": "H\u1ebbm 92/49 X\u00f4 vi\u1ebft Ngh\u1ec7 T\u0129nh", "highway": "service", "trusted": 0.0}, "geometry": {"type": "LineString", "coordinates": [[11466.8, 7828.3], [11491.3, 7852.8], [11468.2, 7887.6], [11506.3, 7918.8]]}}, {"type": "Feature", "properties": {"name": "H\u1ebbm 92/45/8 X\u00f4 vi\u1ebft Ngh\u1ec7 T\u0129nh", "highway": "service", "trusted": 0.0}, "geometry": {"type": "LineString", "coordinates": [[11506.3, 7918.8], [11534.7, 7875.0], [11529.6, 7863.2], [11542.6, 7838.1]]}}, {"type": "Feature", "properties": {"name": "H\u1ebbm 110 X\u00f4 vi\u1ebft Ngh\u1ec7 T\u0129nh", "highway": "service", "trusted": 0.0}, "geometry": {"type": "LineString", "coordinates": [[11763.1, 7401.6], [11745.9, 7454.7], [11725.2, 7483.2], [11722.9, 7499.1]]}}, {"type": "Feature", "properties": {"name": "H\u1ebbm 110 X\u00f4 vi\u1ebft Ngh\u1ec7 T\u0129nh", "highway": "service", "trusted": 0.0}, "geometry": {"type": "LineString", "coordinates": [[11745.9, 7454.7], [11762.6, 7460.5], [11734.8, 7527.8], [11799.0, 7554.9]]}}, {"type": "Feature", "properties": {"name": "H\u1ebbm 124/22 X\u00f4 vi\u1ebft Ngh\u1ec7 T\u0129nh", "highway": "service", "trusted": 0.0}, "geometry": {"type": "LineString", "coordinates": [[11776.6, 7605.0], [11736.2, 7590.1], [11705.8, 7660.1]]}}, {"type": "Feature", "properties": {"name": "H\u1ebbm 92/7 X\u00f4 vi\u1ebft Ngh\u1ec7 T\u0129nh", "highway": "service", "trusted": 0.0}, "geometry": {"type": "LineString", "coordinates": [[11582.6, 7516.4], [11672.2, 7559.0]]}}, {"type": "Feature", "properties": {"name": "H\u1ebbm 104 X\u00f4 vi\u1ebft Ngh\u1ec7 T\u0129nh", "highway": "service", "trusted": 0.0}, "geometry": {"type": "LineString", "coordinates": [[11728.2, 7387.5], [11691.3, 7464.8]]}}, {"type": "Feature", "properties": {"name": null, "highway": "service", "trusted": 0.0}, "geometry": {"type": "LineString", "coordinates": [[11626.1, 7641.1], [11594.0, 7722.7]]}}, {"type": "Feature", "properties": {"name": "H\u1ebbm 92/45/15 X\u00f4 vi\u1ebft Ngh\u1ec7 T\u0129nh", "highway": "service", "trusted": 0.0}, "geometry": {"type": "LineString", "coordinates": [[11588.7, 7883.6], [11631.1, 7800.8]]}}, {"type": "Feature", "properties": {"name": "H\u1ebbm 124/82 X\u00f4 vi\u1ebft Ngh\u1ec7 T\u0129nh", "highway": "service", "trusted": 0.0}, "geometry": {"type": "LineString", "coordinates": [[11613.2, 7983.4], [11642.9, 7927.0]]}}, {"type": "Feature", "properties": {"name": "H\u1ebbm 92/45/41 X\u00f4 vi\u1ebft Ngh\u1ec7 T\u0129nh", "highway": "service", "trusted": 0.0}, "geometry": {"type": "LineString", "coordinates": [[11549.6, 8036.8], [11625.7, 8072.2]]}}, {"type": "Feature", "properties": {"name": "H\u1ebbm 124/106 \u0110\u01b0\u1eddng X\u00f4 Vi\u1ebft Ngh\u1ec7 T\u0129nh", "highway": "service", "trusted": 0.0}, "geometry": {"type": "LineString", "coordinates": [[11707.9, 8098.5], [11670.6, 8275.1], [11633.3, 8297.4]]}}, {"type": "Feature", "properties": {"name": "H\u1ebbm 124/106/35 \u0110\u01b0\u1eddng X\u00f4 Vi\u1ebft Ngh\u1ec7 T\u0129nh", "highway": "service", "trusted": 0.0}, "geometry": {"type": "LineString", "coordinates": [[11670.6, 8275.1], [11688.6, 8282.4], [11734.1, 8300.8], [11740.1, 8295.0], [11754.3, 8301.7], [11753.5, 8325.2]]}}, {"type": "Feature", "properties": {"name": "H\u1ebbm 124/67/21 X\u00f4 vi\u1ebft Ngh\u1ec7 T\u0129nh", "highway": "service", "trusted": 0.0}, "geometry": {"type": "LineString", "coordinates": [[11862.2, 7923.4], [11867.2, 7901.1], [11874.6, 7862.9], [11813.0, 7844.5]]}}, {"type": "Feature", "properties": {"name": "H\u1ebbm 124/67/43 X\u00f4 vi\u1ebft Ngh\u1ec7 T\u0129nh", "highway": "service", "trusted": 0.0}, "geometry": {"type": "LineString", "coordinates": [[11838.1, 8102.3], [11894.5, 8123.3]]}}, {"type": "Feature", "properties": {"name": "H\u1ebbm 140 X\u00f4 vi\u1ebft Ngh\u1ec7 T\u0129nh", "highway": "residential", "trusted": 0.0}, "geometry": {"type": "LineString", "coordinates": [[11936.0, 7472.3], [11904.6, 7558.5]]}}, {"type": "Feature", "properties": {"name": "H\u1ebbm 150 X\u00f4 vi\u1ebft Ngh\u1ec7 T\u0129nh", "highway": "residential", "trusted": 0.0}, "geometry": {"type": "LineString", "coordinates": [[11982.5, 7490.7], [11912.7, 7678.8], [11900.9, 7670.9]]}}, {"type": "Feature", "properties": {"name": "H\u1ebbm 158/42 X\u00f4 vi\u1ebft Ngh\u1ec7 T\u0129nh", "highway": "service", "trusted": 0.0}, "geometry": {"type": "LineString", "coordinates": [[11990.9, 7766.0], [11921.5, 7721.0], [11901.2, 7706.6], [11912.7, 7678.8]]}}, {"type": "Feature", "properties": {"name": "H\u1ebbm 158/23 X\u00f4 vi\u1ebft Ngh\u1ec7 T\u0129nh", "highway": "service", "trusted": 0.0}, "geometry": {"type": "LineString", "coordinates": [[11958.9, 7993.0], [12021.4, 8005.2], [12043.3, 8009.5], [12017.4, 8145.3]]}}, {"type": "Feature", "properties": {"name": "H\u1ebbm 160/24 X\u00f4 vi\u1ebft Ngh\u1ec7 T\u0129nh", "highway": "service", "trusted": 0.0}, "geometry": {"type": "LineString", "coordinates": [[12079.7, 7913.9], [12034.8, 7907.4], [11972.3, 7898.4]]}}, {"type": "Feature", "properties": {"name": "H\u1ebbm 160/24 X\u00f4 vi\u1ebft Ngh\u1ec7 T\u0129nh", "highway": "service", "trusted": 0.0}, "geometry": {"type": "LineString", "coordinates": [[12034.8, 7907.4], [12021.4, 8005.2]]}}, {"type": "Feature", "properties": {"name": "H\u1ebbm 82 \u0110\u01b0\u1eddng Ng\u00f4 T\u1ea5t T\u1ed1", "highway": "residential", "trusted": 0.0}, "geometry": {"type": "LineString", "coordinates": [[10367.8, 8549.4], [10294.0, 8477.7], [10270.8, 8478.8]]}}, {"type": "Feature", "properties": {"name": "H\u1ebbm 94 \u0110\u01b0\u1eddng Ng\u00f4 T\u1ea5t T\u1ed1", "highway": "residential", "trusted": 0.0}, "geometry": {"type": "LineString", "coordinates": [[10306.1, 8615.2], [10232.9, 8537.4]]}}, {"type": "Feature", "properties": {"name": "H\u1ebbm 98 \u0110\u01b0\u1eddng Ng\u00f4 T\u1ea5t T\u1ed1", "highway": "service", "trusted": 0.0}, "geometry": {"type": "LineString", "coordinates": [[10259.1, 8665.5], [10128.8, 8550.1], [10154.5, 8522.0], [10135.2, 8502.3]]}}, {"type": "Feature", "properties": {"name": "H\u1ebbm 100 Ng\u00f4 T\u1ea5t T\u1ed1", "highway": "service", "trusted": 0.0}, "geometry": {"type": "LineString", "coordinates": [[10225.6, 8699.9], [10101.5, 8592.4]]}}, {"type": "Feature", "properties": {"name": "H\u1ebbm 167/2 Ng\u00f4 T\u1ea5t T\u1ed1", "highway": "residential", "trusted": 0.0}, "geometry": {"type": "LineString", "coordinates": [[10181.4, 8871.2], [10202.2, 8888.0], [10233.6, 8890.7]]}}, {"type": "Feature", "properties": {"name": null, "highway": "service", "trusted": 0.0}, "geometry": {"type": "LineString", "coordinates": [[9994.4, 8959.9], [10013.4, 8978.8], [10044.3, 9009.4]]}}, {"type": "Feature", "properties": {"name": "H\u1ebbm 221 Ng\u00f4 T\u1ea5t T\u1ed1", "highway": "residential", "trusted": 0.0}, "geometry": {"type": "LineString", "coordinates": [[9850.9, 9106.6], [9888.1, 9144.6], [9889.1, 9145.7]]}}, {"type": "Feature", "properties": {"name": "H\u1ebbm 221/2 Ng\u00f4 T\u1ea5t T\u1ed1", "highway": "residential", "trusted": 0.0}, "geometry": {"type": "LineString", "coordinates": [[9888.1, 9144.6], [9887.0, 9145.7]]}}, {"type": "Feature", "properties": {"name": null, "highway": "service", "trusted": 0.0}, "geometry": {"type": "LineString", "coordinates": [[9868.5, 9026.4], [9776.1, 8946.1], [9747.0, 8978.6]]}}, {"type": "Feature", "properties": {"name": "H\u1ebbm 27 Nguy\u1ec5n H\u1eefu C\u1ea3nh", "highway": "residential", "trusted": 0.0}, "geometry": {"type": "LineString", "coordinates": [[9654.9, 9141.4], [9602.1, 9126.5], [9544.1, 9114.5]]}}, {"type": "Feature", "properties": {"name": "H\u1ebbm 204/41 Ng\u00f4 T\u1ea5t T\u1ed1", "highway": "residential", "trusted": 0.0}, "geometry": {"type": "LineString", "coordinates": [[9317.5, 9083.5], [9291.0, 8999.2]]}}, {"type": "Feature", "properties": {"name": null, "highway": "service", "trusted": 0.0}, "geometry": {"type": "LineString", "coordinates": [[9093.2, 8844.9], [9113.7, 8953.9]]}}, {"type": "Feature", "properties": {"name": "Ng\u00f4 T\u1ea5t T\u1ed1", "highway": "residential", "trusted": 0.0}, "geometry": {"type": "LineString", "coordinates": [[8936.1, 8701.4], [8960.9, 8864.9], [8983.4, 8976.9], [9027.8, 9131.5], [9028.3, 9132.5]]}}, {"type": "Feature", "properties": {"name": "H\u1ebbm 71/1 Ph\u00fa M\u1ef9", "highway": "service", "trusted": 0.0}, "geometry": {"type": "LineString", "coordinates": [[9252.1, 8401.9], [9369.4, 8444.4]]}}, {"type": "Feature", "properties": {"name": "H\u1ebbm 71/5 Ph\u00fa M\u1ef9", "highway": "residential", "trusted": 0.0}, "geometry": {"type": "LineString", "coordinates": [[9217.9, 8509.1], [9315.4, 8538.2]]}}, {"type": "Feature", "properties": {"name": "H\u1ebbm 71/7 Ph\u00fa M\u1ef9", "highway": "residential", "trusted": 0.0}, "geometry": {"type": "LineString", "coordinates": [[9273.1, 8662.1], [9167.9, 8601.4]]}}, {"type": "Feature", "properties": {"name": "H\u1ebbm 71/9 Ph\u00fa M\u1ef9", "highway": "residential", "trusted": 0.0}, "geometry": {"type": "LineString", "coordinates": [[9230.7, 8772.9], [9103.6, 8690.3]]}}, {"type": "Feature", "properties": {"name": "H\u1ebbm 40 Ph\u00fa M\u1ef9", "highway": "residential", "trusted": 0.0}, "geometry": {"type": "LineString", "coordinates": [[9683.0, 8551.1], [9740.0, 8453.2]]}}, {"type": "Feature", "properties": {"name": "H\u1ebbm 30 Ph\u00fa M\u1ef9", "highway": "service", "trusted": 0.0}, "geometry": {"type": "LineString", "coordinates": [[9870.8, 8663.3], [9920.4, 8601.2], [9938.0, 8598.8], [9967.1, 8623.4], [10025.5, 8553.4], [10040.8, 8535.2]]}}, {"type": "Feature", "properties": {"name": "H\u1ebbm 30/29 Ph\u00fa M\u1ef9", "highway": "residential", "trusted": 0.0}, "geometry": {"type": "LineString", "coordinates": [[10025.5, 8553.4], [9985.7, 8501.1]]}}, {"type": "Feature", "properties": {"name": null, "highway": "service", "trusted": 0.0}, "geometry": {"type": "LineString", "coordinates": [[9967.1, 8623.4], [10035.5, 8666.3]]}}, {"type": "Feature", "properties": {"name": "H\u1ebbm 142 Ng\u00f4 T\u1ea5t T\u1ed1", "highway": "residential", "trusted": 0.0}, "geometry": {"type": "LineString", "coordinates": [[9659.4, 8815.0], [9702.9, 8870.9], [9732.4, 8926.0], [9747.0, 8978.6], [9751.8, 8997.3], [9755.7, 9014.9], [9825.4, 9069.8]]}}, {"type": "Feature", "properties": {"name": "H\u1ebbm 25 Nguy\u1ec5n H\u1eefu C\u1ea3nh", "highway": "residential", "trusted": 0.0}, "geometry": {"type": "LineString", "coordinates": [[9525.5, 8941.4], [9597.7, 8948.3], [9611.2, 8817.4]]}}, {"type": "Feature", "properties": {"name": "H\u1ebbm 30 Nguy\u1ec5n H\u1eefu C\u1ea3nh", "highway": "residential", "trusted": 0.0}, "geometry": {"type": "LineString", "coordinates": [[9347.8, 8847.7], [9339.9, 8874.3], [9333.2, 8951.5]]}}, {"type": "Feature", "properties": {"name": "H\u1ebbm 115 \u0110\u01b0\u1eddng Ng\u00f4 T\u1ea5t T\u1ed1", "highway": "service", "trusted": 0.0}, "geometry": {"type": "LineString", "coordinates": [[10414.6, 8499.4], [10476.7, 8550.0], [10449.9, 8629.0]]}}, {"type": "Feature", "properties": {"name": "H\u1ebbm 139 \u0110\u01b0\u1eddng Ng\u00f4 T\u1ea5t T\u1ed1", "highway": "service", "trusted": 0.0}, "geometry": {"type": "LineString", "coordinates": [[10322.4, 8597.9], [10386.8, 8656.5], [10428.5, 8677.3], [10449.9, 8629.0], [10546.9, 8649.1]]}}, {"type": "Feature", "properties": {"name": "H\u1ebbm 139/2 Ng\u00f4 T\u1ea5t T\u1ed1", "highway": "service", "trusted": 0.0}, "geometry": {"type": "LineString", "coordinates": [[10386.8, 8656.5], [10358.1, 8693.5]]}}, {"type": "Feature", "properties": {"name": "H\u1ebbm 139 Ng\u00f4 T\u1ea5t T\u1ed1", "highway": "service", "trusted": 0.0}, "geometry": {"type": "LineString", "coordinates": [[10597.2, 8625.9], [10554.7, 8620.1], [10546.9, 8649.1], [10546.1, 8660.3], [10573.0, 8663.7]]}}, {"type": "Feature", "properties": {"name": "H\u1ebbm 15/49 V\u00f5 Duy Ninh", "highway": "service", "trusted": 0.0}, "geometry": {"type": "LineString", "coordinates": [[10630.3, 8781.4], [10639.4, 8676.7]]}}, {"type": "Feature", "properties": {"name": "H\u1ebbm 107 \u0110\u01b0\u1eddng Ng\u00f4 T\u1ea5t T\u1ed1", "highway": "service", "trusted": 0.0}, "geometry": {"type": "LineString", "coordinates": [[10414.6, 8499.4], [10422.8, 8497.4], [10425.7, 8494.9], [10430.5, 8490.1], [10454.0, 8467.0], [10459.4, 8464.4], [10474.2, 8466.8], [10553.6, 8486.0], [10661.8, 8510.1], [10666.4, 8498.2], [10698.5, 8503.9], [10697.6, 8519.6], [10777.6, 8529.8], [10788.8, 8525.4], [10823.6, 8534.7], [10887.3, 8551.6]]}}, {"type": "Feature", "properties": {"name": null, "highway": "service", "trusted": 0.0}, "geometry": {"type": "LineString", "coordinates": [[10697.6, 8519.6], [10691.7, 8595.1], [10720.1, 8602.3], [10717.4, 8649.4], [10769.7, 8655.4]]}}, {"type": "Feature", "properties": {"name": "H\u1ebbm 107/48 Ng\u00f4 T\u1ea5t T\u1ed1", "highway": "residential", "trusted": 0.0}, "geometry": {"type": "LineString", "coordinates": [[10823.6, 8534.7], [10820.5, 8570.4], [10811.8, 8599.6]]}}, {"type": "Feature", "properties": {"name": "H\u1ebbm 15/83 V\u00f5 Duy Ninh", "highway": "service", "trusted": 0.0}, "geometry": {"type": "LineString", "coordinates": [[10975.9, 8693.6], [10981.2, 8610.5], [11004.1, 8609.6], [11024.1, 8618.3], [11126.6, 8604.8], [11206.5, 8584.9], [11269.1, 8567.8], [11297.9, 8560.0], [11365.0, 8557.5], [11419.2, 8541.6], [11530.9, 8516.8], [11607.1, 8507.7], [11681.2, 8500.8]]}}, {"type": "Feature", "properties": {"name": "H\u1ebbm 15/83 V\u00f5 Duy Ninh", "highway": "service", "trusted": 0.0}, "geometry": {"type": "LineString", "coordinates": [[10921.4, 8726.5], [10975.9, 8693.6]]}}, {"type": "Feature", "properties": {"name": "H\u1ebbm 15/83 V\u00f5 Duy Ninh", "highway": "service", "trusted": 0.0}, "geometry": {"type": "LineString", "coordinates": [[11099.2, 8709.4], [11101.4, 8736.9], [11109.0, 8771.5], [11121.1, 8819.3], [11126.5, 8846.5]]}}, {"type": "Feature", "properties": {"name": "H\u1ebbm 15/83 V\u00f5 Duy Ninh", "highway": "service", "trusted": 0.0}, "geometry": {"type": "LineString", "coordinates": [[11176.7, 8849.3], [11126.5, 8846.5], [11087.8, 8847.6], [11087.5, 8876.4], [11103.5, 8923.5], [11192.4, 8916.6], [11194.3, 8900.7], [11210.2, 8899.7], [11212.6, 8915.6], [11261.1, 8916.2]]}}, {"type": "Feature", "properties": {"name": "H\u1ebbm 15/20 V\u00f5 Duy Ninh", "highway": "service", "trusted": 0.0}, "geometry": {"type": "LineString", "coordinates": [[10510.1, 8777.4], [10509.3, 8817.9], [10492.2, 8864.0]]}}, {"type": "Feature", "properties": {"name": "H\u1ebbm 15/32 \u0110\u01b0\u1eddng V\u00f5 Duy Ninh", "highway": "service", "trusted": 0.0}, "geometry": {"type": "LineString", "coordinates": [[10574.6, 8780.5], [10574.3, 8879.4], [10575.5, 8881.6], [10577.2, 8883.5], [10580.1, 8886.0], [10581.4, 8888.0], [10582.3, 8890.4], [10584.1, 8910.5], [10583.0, 8952.8], [10584.6, 8958.6], [10587.2, 8962.5], [10592.0, 8966.8], [10593.7, 8969.7], [10594.2, 8973.2], [10594.0, 9019.0], [10683.9, 9032.1]]}}, {"type": "Feature", "properties": {"name": "H\u1ebbm 15/32 V\u00f5 Duy Ninh", "highway": "service", "trusted": 0.0}, "geometry": {"type": "LineString", "coordinates": [[10574.3, 8879.4], [10680.4, 8879.3]]}}, {"type": "Feature", "properties": {"name": "H\u1ebbm 15/56 V\u00f5 Duy Ninh", "highway": "service", "trusted": 0.0}, "geometry": {"type": "LineString", "coordinates": [[10734.5, 8783.1], [10733.0, 8836.9]]}}, {"type": "Feature", "properties": {"name": "H\u1ebbm 15/56 V\u00f5 Duy Ninh", "highway": "service", "trusted": 0.0}, "geometry": {"type": "LineString", "coordinates": [[10680.4, 8879.3], [10684.2, 8836.8], [10733.0, 8836.9], [10782.8, 8843.3], [10782.9, 8893.3], [10772.1, 8895.4], [10773.0, 8930.0]]}}, {"type": "Feature", "properties": {"name": "H\u1ebbm 15/83/6 V\u00f5 Duy Ninh", "highway": "service", "trusted": 0.0}, "geometry": {"type": "LineString", "coordinates": [[10881.0, 8747.5], [10901.9, 8800.6]]}}, {"type": "Feature", "properties": {"name": "H\u1ebbm 39 V\u00f5 Duy Ninh", "highway": "service", "trusted": 0.0}, "geometry": {"type": "LineString", "coordinates": [[10369.8, 8917.2], [10440.6, 8924.6], [10458.2, 8948.8], [10476.6, 8997.8], [10474.9, 9025.4]]}}, {"type": "Feature", "properties": {"name": "H\u1ebbm 39 V\u00f5 Duy Ninh", "highway": "service", "trusted": 0.0}, "geometry": {"type": "LineString", "coordinates": [[10458.2, 8948.8], [10495.5, 8948.9], [10500.0, 8907.4]]}}, {"type": "Feature", "properties": {"name": "H\u1ebbm 75 \u0110\u01b0\u1eddng V\u00f5 Duy Ninh", "highway": "service", "trusted": 0.0}, "geometry": {"type": "LineString", "coordinates": [[10375.1, 9127.4], [10405.2, 9123.9], [10421.0, 9115.9], [10453.5, 9112.8], [10636.5, 9095.2], [10756.3, 9081.9]]}}, {"type": "Feature", "properties": {"name": "H\u1ebbm 81 \u0110\u01b0\u1eddng V\u00f5 Duy Ninh", "highway": "service", "trusted": 0.0}, "geometry": {"type": "LineString", "coordinates": [[10709.5, 9158.4], [10750.5, 9148.5]]}}, {"type": "Feature", "properties": {"name": "H\u1ebbm 113 V\u00f5 Duy Ninh", "highway": "service", "trusted": 0.0}, "geometry": {"type": "LineString", "coordinates": [[10979.4, 9112.2], [10989.2, 9140.0], [10997.0, 9162.8]]}}, {"type": "Feature", "properties": {"name": "H\u1ebbm 2 V\u00f5 Duy Ninh", "highway": "service", "trusted": 0.0}, "geometry": {"type": "LineString", "coordinates": [[10370.9, 8928.1], [10282.8, 8925.3], [10265.4, 8936.2]]}}, {"type": "Feature", "properties": {"name": "H\u1ebbm 8/17 V\u00f5 Duy Ninh", "highway": "service", "trusted": 0.0}, "geometry": {"type": "LineString", "coordinates": [[10241.5, 8951.8], [10268.7, 9016.0]]}}, {"type": "Feature", "properties": {"name": "H\u1ebbm 8 V\u00f5 Duy Ninh", "highway": "service", "trusted": 0.0}, "geometry": {"type": "LineString", "coordinates": [[10370.8, 8986.5], [10327.1, 8981.3], [10289.9, 8965.8], [10265.4, 8936.2], [10241.5, 8951.8], [10231.6, 8958.2], [10197.1, 8969.7], [10189.6, 8969.9], [10165.7, 8970.7], [10140.2, 8983.1], [10047.0, 9071.9]]}}, {"type": "Feature", "properties": {"name": "H\u1ebbm 8/27 V\u00f5 Duy Ninh", "highway": "service", "trusted": 0.0}, "geometry": {"type": "LineString", "coordinates": [[10189.6, 8969.9], [10189.6, 9055.7], [10218.0, 9056.8]]}}, {"type": "Feature", "properties": {"name": "H\u1ebbm 2 V\u00f5 Duy Ninh", "highway": "service", "trusted": 0.0}, "geometry": {"type": "LineString", "coordinates": [[10282.8, 8925.3], [10228.9, 8923.7]]}}, {"type": "Feature", "properties": {"name": "H\u1ebbm 30 V\u00f5 Duy Ninh", "highway": "service", "trusted": 0.0}, "geometry": {"type": "LineString", "coordinates": [[10374.7, 9115.2], [10302.6, 9121.6], [10170.3, 9133.3], [10095.3, 9135.5], [10062.5, 9142.8], [10060.7, 9148.4]]}}, {"type": "Feature", "properties": {"name": "H\u1ebbm 30/6 V\u00f5 Duy Ninh", "highway": "service", "trusted": 0.0}, "geometry": {"type": "LineString", "coordinates": [[10303.3, 9062.6], [10302.6, 9121.6]]}}, {"type": "Feature", "properties": {"name": "H\u1ebbm 30/5 V\u00f5 Duy Ninh", "highway": "service", "trusted": 0.0}, "geometry": {"type": "LineString", "coordinates": [[10302.6, 9121.6], [10307.5, 9152.2]]}}, {"type": "Feature", "properties": {"name": "H\u1ebbm 30/27 V\u00f5 Duy Ninh", "highway": "service", "trusted": 0.0}, "geometry": {"type": "LineString", "coordinates": [[10170.3, 9133.3], [10172.6, 9150.1]]}}, {"type": "Feature", "properties": {"name": "H\u1ebbm 117/138 Nguy\u1ec5n H\u1eefu C\u1ea3nh", "highway": "service", "trusted": 0.0}, "geometry": {"type": "LineString", "coordinates": [[11318.9, 9017.7], [11376.2, 8992.7], [11451.6, 9097.5]]}}, {"type": "Feature", "properties": {"name": "H\u1ebbm 117/138 Nguy\u1ec5n H\u1eefu C\u1ea3nh", "highway": "service", "trusted": 0.0}, "geometry": {"type": "LineString", "coordinates": [[11302.7, 8757.4], [11344.0, 8771.6], [11531.9, 9026.4]]}}, {"type": "Feature", "properties": {"name": "H\u1ebbm 602/128 \u0110i\u1ec7n Bi\u00ean Ph\u1ee7", "highway": "service", "trusted": 0.0}, "geometry": {"type": "LineString", "coordinates": [[11539.5, 9171.2], [11548.6, 9166.3], [11514.9, 9107.1]]}}, {"type": "Feature", "properties": {"name": "\u0110\u01b0\u1eddng n\u1ed9i b\u1ed9 Khu du l\u1ecbch V\u0103n Th\u00e1nh", "highway": "service", "trusted": 0.0}, "geometry": {"type": "LineString", "coordinates": [[12070.8, 8486.8], [12049.3, 8474.1]]}}, {"type": "Feature", "properties": {"name": "H\u1ebbm 204 L\u00ea Qu\u1ed1c H\u01b0ng", "highway": "service", "trusted": 0.0}, "geometry": {"type": "LineString", "coordinates": [[886.8, 5867.9], [1000.3, 5934.3]]}}, {"type": "Feature", "properties": {"name": null, "highway": "service", "trusted": 0.0}, "geometry": {"type": "LineString", "coordinates": [[150.2, 7686.6], [66.4, 7638.2], [79.0, 7614.8], [17.1, 7581.2], [41.3, 7527.4]]}}, {"type": "Feature", "properties": {"name": null, "highway": "service", "trusted": 0.0}, "geometry": {"type": "LineString", "coordinates": [[-52.0, 8619.4], [158.2, 8730.3]]}}, {"type": "Feature", "properties": {"name": null, "highway": "service", "trusted": 0.0}, "geometry": {"type": "LineString", "coordinates": [[-19.6, 8421.0], [251.1, 8557.3]]}}, {"type": "Feature", "properties": {"name": null, "highway": "service", "trusted": 0.0}, "geometry": {"type": "LineString", "coordinates": [[627.4, 6497.7], [688.8, 6404.1]]}}, {"type": "Feature", "properties": {"name": "H\u1ebbm 83 L\u00ea V\u0103n Linh", "highway": "service", "trusted": 0.0}, "geometry": {"type": "LineString", "coordinates": [[720.8, 5951.1], [805.7, 5997.3], [892.9, 6040.7], [945.5, 6070.7]]}}, {"type": "Feature", "properties": {"name": null, "highway": "service", "trusted": 0.0}, "geometry": {"type": "LineString", "coordinates": [[833.5, 6125.9], [853.8, 6105.6], [865.9, 6087.0], [886.9, 6052.7], [892.9, 6040.7], [920.4, 5985.8]]}}, {"type": "Feature", "properties": {"name": "H\u1ebbm 232 \u0110o\u00e0n V\u0103n B\u01a1", "highway": "service", "trusted": 0.0}, "geometry": {"type": "LineString", "coordinates": [[746.0, 5709.3], [617.3, 5635.2], [598.4, 5619.0], [497.5, 5532.8], [506.2, 5510.2], [476.1, 5493.8]]}}, {"type": "Feature", "properties": {"name": null, "highway": "service", "trusted": 0.0}, "geometry": {"type": "LineString", "coordinates": [[13.3, 5545.5], [-4.9, 5567.1]]}}, {"type": "Feature", "properties": {"name": null, "highway": "service", "trusted": 0.0}, "geometry": {"type": "LineString", "coordinates": [[-12.9, 7870.1], [-41.2, 7915.4]]}}, {"type": "Feature", "properties": {"name": null, "highway": "service", "trusted": 0.0}, "geometry": {"type": "LineString", "coordinates": [[25.4, 7893.6], [11.9, 7884.9], [-12.9, 7870.1], [-18.0, 7856.3], [16.0, 7803.5], [11.8, 7793.1], [-38.9, 7766.2]]}}, {"type": "Feature", "properties": {"name": null, "highway": "service", "trusted": 0.0}, "geometry": {"type": "LineString", "coordinates": [[262.5, 8253.0], [168.0, 8405.0]]}}, {"type": "Feature", "properties": {"name": null, "highway": "service", "trusted": 0.0}, "geometry": {"type": "LineString", "coordinates": [[620.7, 7460.0], [703.1, 7539.3], [723.6, 7553.3], [831.6, 7652.7]]}}, {"type": "Feature", "properties": {"name": null, "highway": "service", "trusted": 0.0}, "geometry": {"type": "LineString", "coordinates": [[144.1, 7367.1], [92.3, 7433.1]]}}, {"type": "Feature", "properties": {"name": "Nguy\u1ec5n H\u1eefu H\u00e0o", "highway": "tertiary", "trusted": 0.0}, "geometry": {"type": "LineString", "coordinates": [[9.4, 4639.8], [61.5, 4605.8], [68.5, 4589.2]]}}, {"type": "Feature", "properties": {"name": "Nguy\u1ec5n H\u1eefu H\u00e0o", "highway": "tertiary", "trusted": 0.0}, "geometry": {"type": "LineString", "coordinates": [[68.5, 4589.2], [53.3, 4590.0], [9.7, 4617.5]]}}, {"type": "Feature", "properties": {"name": "H\u1ebbm 61 Tr\u1ea7n Qu\u1ed1c Th\u1ea3o", "highway": "residential", "trusted": 0.0}, "geometry": {"type": "LineString", "coordinates": [[6798.5, 522.0], [6716.0, 436.8]]}}, {"type": "Feature", "properties": {"name": null, "highway": "service", "trusted": 0.0}, "geometry": {"type": "MultiLineString", "coordinates": [[[6140.1, 417.3], [6114.7, 390.7], [6070.8, 348.9]], [[6070.8, 348.9], [6017.3, 404.4], [5955.4, 341.6], [6052.7, 244.6], [6112.8, 306.9], [6070.8, 348.9]]]}}, {"type": "Feature", "properties": {"name": null, "highway": "service", "trusted": 0.0}, "geometry": {"type": "LineString", "coordinates": [[6413.7, 116.1], [6522.1, 232.9]]}}, {"type": "Feature", "properties": {"name": null, "highway": "service", "trusted": 1.0}, "geometry": {"type": "LineString", "coordinates": [[5550.5, 783.0], [5457.1, 867.5]]}}, {"type": "Feature", "properties": {"name": null, "highway": "service", "trusted": 1.0}, "geometry": {"type": "LineString", "coordinates": [[5705.6, 858.0], [5798.1, 941.9]]}}, {"type": "Feature", "properties": {"name": null, "highway": "residential", "trusted": 0.0}, "geometry": {"type": "LineString", "coordinates": [[6642.0, 1808.0], [6684.1, 1846.9]]}}, {"type": "Feature", "properties": {"name": null, "highway": "residential", "trusted": 0.0}, "geometry": {"type": "LineString", "coordinates": [[6539.3, 1918.8], [6642.0, 1808.0], [6675.6, 1774.1]]}}, {"type": "Feature", "properties": {"name": null, "highway": "service", "trusted": 1.0}, "geometry": {"type": "LineString", "coordinates": [[5604.9, 1411.5], [5558.2, 1464.5], [5644.8, 1543.6]]}}, {"type": "Feature", "properties": {"name": null, "highway": "service", "trusted": 0.0}, "geometry": {"type": "LineString", "coordinates": [[2022.2, 108.8], [1959.5, 282.9]]}}, {"type": "Feature", "properties": {"name": null, "highway": "service", "trusted": 0.0}, "geometry": {"type": "LineString", "coordinates": [[1965.1, 88.7], [1959.1, 104.7], [1904.5, 255.8], [1893.8, 264.4], [1877.6, 261.7], [1868.9, 260.0]]}}, {"type": "Feature", "properties": {"name": null, "highway": "service", "trusted": 0.0}, "geometry": {"type": "LineString", "coordinates": [[1252.1, 573.7], [1320.8, 544.3], [1327.7, 541.4], [1356.5, 532.6]]}}, {"type": "Feature", "properties": {"name": null, "highway": "service", "trusted": 0.0}, "geometry": {"type": "LineString", "coordinates": [[1891.1, 515.5], [1873.5, 507.5], [1839.0, 523.4]]}}, {"type": "Feature", "properties": {"name": null, "highway": "service", "trusted": 0.0}, "geometry": {"type": "LineString", "coordinates": [[1967.5, 661.3], [1935.4, 607.3], [1914.4, 552.0], [1891.1, 515.5]]}}, {"type": "Feature", "properties": {"name": null, "highway": "service", "trusted": 0.0}, "geometry": {"type": "LineString", "coordinates": [[1387.0, 1435.2], [1303.8, 1503.2], [1241.3, 1546.2], [1225.0, 1555.5], [1197.6, 1529.3], [1196.6, 1517.2], [1199.9, 1503.5], [1208.2, 1497.0], [1331.9, 1408.6], [1344.0, 1398.9]]}}, {"type": "Feature", "properties": {"name": null, "highway": "service", "trusted": 1.0}, "geometry": {"type": "LineString", "coordinates": [[1453.0, 2796.5], [1261.2, 2964.9]]}}, {"type": "Feature", "properties": {"name": null, "highway": "service", "trusted": 0.0}, "geometry": {"type": "LineString", "coordinates": [[1715.8, 1725.1], [1636.4, 1802.4]]}}, {"type": "Feature", "properties": {"name": null, "highway": "service", "trusted": 0.0}, "geometry": {"type": "LineString", "coordinates": [[1365.2, 1980.3], [1381.8, 1965.9], [1467.2, 1899.7]]}}, {"type": "Feature", "properties": {"name": null, "highway": "service", "trusted": 0.0}, "geometry": {"type": "LineString", "coordinates": [[239.8, 420.9], [210.2, 453.0], [204.9, 469.3], [191.0, 485.4]]}}, {"type": "Feature", "properties": {"name": null, "highway": "service", "trusted": 0.0}, "geometry": {"type": "LineString", "coordinates": [[811.5, 929.0], [751.8, 972.5]]}}, {"type": "Feature", "properties": {"name": "H\u1ebbm 48 Tr\u1ea7n \u00d0\u00ecnh Xu", "highway": "service", "trusted": 0.0}, "geometry": {"type": "LineString", "coordinates": [[143.9, 1257.1], [220.4, 1338.1], [230.1, 1350.3], [259.7, 1385.8], [328.3, 1474.9]]}}, {"type": "Feature", "properties": {"name": "H\u1ebbm 331 Tr\u1ea7n Nh\u00e2n T\u00f4ng", "highway": "service", "trusted": 0.0}, "geometry": {"type": "LineString", "coordinates": [[638.7, 773.9], [593.6, 826.6], [577.6, 846.9], [565.3, 860.8], [572.2, 871.4], [547.9, 904.6]]}}, {"type": "Feature", "properties": {"name": "H\u1ebbm 120 Tr\u1ea7n \u00d0\u00ecnh Xu", "highway": "service", "trusted": 0.0}, "geometry": {"type": "LineString", "coordinates": [[743.2, 398.8], [804.7, 434.5], [828.9, 468.9], [855.0, 499.5], [831.5, 540.4], [817.1, 563.0]]}}, {"type": "Feature", "properties": {"name": null, "highway": "service", "trusted": 0.25}, "geometry": {"type": "LineString", "coordinates": [[525.3, 2611.1], [540.9, 2604.9], [551.1, 2608.7], [655.7, 2715.8]]}}, {"type": "Feature", "properties": {"name": null, "highway": "service", "trusted": 0.0}, "geometry": {"type": "LineString", "coordinates": [[506.8, 2640.0], [517.7, 2623.4], [525.3, 2611.1]]}}, {"type": "Feature", "properties": {"name": null, "highway": "service", "trusted": 0.2}, "geometry": {"type": "LineString", "coordinates": [[659.5, 2315.1], [519.9, 2310.9], [509.2, 2322.6], [506.1, 2329.6], [505.2, 2336.5], [507.1, 2342.9], [511.6, 2348.2], [622.0, 2447.0], [535.1, 2412.0], [519.7, 2431.1]]}}, {"type": "Feature", "properties": {"name": null, "highway": "service", "trusted": 0.0}, "geometry": {"type": "LineString", "coordinates": [[423.1, 2507.7], [446.7, 2469.8], [474.0, 2433.2], [481.9, 2414.4], [476.0, 2402.7], [465.8, 2395.7]]}}, {"type": "Feature", "properties": {"name": null, "highway": "service", "trusted": 0.0}, "geometry": {"type": "LineString", "coordinates": [[482.1, 2101.9], [398.2, 2161.7], [365.3, 2192.1], [359.1, 2211.0], [363.9, 2246.3], [389.9, 2295.7]]}}, {"type": "Feature", "properties": {"name": null, "highway": "service", "trusted": 1.0}, "geometry": {"type": "LineString", "coordinates": [[686.0, 2570.3], [784.7, 2468.4], [659.5, 2315.1]]}}, {"type": "Feature", "properties": {"name": null, "highway": "service", "trusted": 0.75}, "geometry": {"type": "LineString", "coordinates": [[519.7, 2431.1], [624.5, 2535.9], [652.6, 2566.4], [686.0, 2570.3]]}}, {"type": "Feature", "properties": {"name": null, "highway": "service", "trusted": 0.0}, "geometry": {"type": "LineString", "coordinates": [[249.1, 3211.2], [103.2, 3042.4]]}}, {"type": "Feature", "properties": {"name": null, "highway": "service", "trusted": 1.0}, "geometry": {"type": "LineString", "coordinates": [[826.0, 3368.7], [812.1, 3411.5], [786.4, 3446.3], [760.0, 3492.4], [811.1, 3549.9]]}}, {"type": "Feature", "properties": {"name": null, "highway": "service", "trusted": 0.0}, "geometry": {"type": "LineString", "coordinates": [[533.2, 3666.8], [504.7, 3686.2], [475.1, 3706.2], [448.4, 3710.1], [413.4, 3695.5]]}}, {"type": "Feature", "properties": {"name": null, "highway": "service", "trusted": 0.0}, "geometry": {"type": "LineString", "coordinates": [[75.0, 1295.6], [61.4, 1272.0]]}}, {"type": "Feature", "properties": {"name": null, "highway": "residential", "trusted": 1.0}, "geometry": {"type": "LineString", "coordinates": [[1401.3, 6570.5], [1432.8, 6554.2], [1495.7, 6521.4], [1507.9, 6539.2]]}}, {"type": "Feature", "properties": {"name": null, "highway": "service", "trusted": 1.0}, "geometry": {"type": "LineString", "coordinates": [[1432.8, 6554.2], [1443.8, 6577.3], [1464.7, 6567.2]]}}, {"type": "Feature", "properties": {"name": "H\u1ebbm 75 Nguy\u1ec5n T\u1ea5t Th\u00e0nh", "highway": "service", "trusted": 1.0}, "geometry": {"type": "LineString", "coordinates": [[1375.9, 6616.2], [1347.5, 6630.3], [1322.8, 6642.6]]}}, {"type": "Feature", "properties": {"name": "H\u1ebbm 75 Nguy\u1ec5n T\u1ea5t Th\u00e0nh", "highway": "residential", "trusted": 1.0}, "geometry": {"type": "LineString", "coordinates": [[1347.5, 6630.3], [1331.6, 6598.5], [1270.1, 6629.5]]}}, {"type": "Feature", "properties": {"name": "M\u1ea1c Th\u1ecb B\u01b0\u1edfi", "highway": "residential", "trusted": 1.0}, "geometry": {"type": "LineString", "coordinates": [[4888.1, 5404.2], [4820.0, 5336.1], [4680.0, 5193.4]]}}, {"type": "Feature", "properties": {"name": "H\u00e0m Nghi", "highway": "primary", "trusted": 0.5}, "geometry": {"type": "LineString", "coordinates": [[3553.9, 5092.9], [3551.7, 5156.1], [3513.9, 5372.3], [3510.6, 5425.2]]}}, {"type": "Feature", "properties": {"name": "H\u00e0m Nghi", "highway": "primary", "trusted": 0.5}, "geometry": {"type": "LineString", "coordinates": [[3519.3, 5106.9], [3517.5, 5155.2], [3480.7, 5370.8], [3477.3, 5437.2]]}}, {"type": "Feature", "properties": {"name": "V\u00f5 V\u0103n Ki\u1ec7t", "highway": "trunk", "trusted": 1.0}, "geometry": {"type": "LineString", "coordinates": [[1744.7, 3999.9], [1769.1, 4037.8], [1815.4, 4100.2], [1853.2, 4148.5], [1903.4, 4201.4], [1957.9, 4250.0], [2006.6, 4289.3], [2060.8, 4326.0], [2116.9, 4360.8], [2214.8, 4417.5], [2313.8, 4475.5], [2369.9, 4510.5], [2423.4, 4551.5], [2451.9, 4582.7]]}}, {"type": "Feature", "properties": {"name": "V\u00f5 V\u0103n Ki\u1ec7t", "highway": "primary", "trusted": 1.0}, "geometry": {"type": "LineString", "coordinates": [[2184.1, 4282.8], [2078.9, 4221.3]]}}, {"type": "Feature", "properties": {"name": "V\u00f5 V\u0103n Ki\u1ec7t", "highway": "trunk", "trusted": 1.0}, "geometry": {"type": "LineString", "coordinates": [[1490.8, 3641.4], [1578.5, 3736.2], [1694.5, 3920.4], [1711.9, 3948.1], [1744.7, 3999.9]]}}, {"type": "Feature", "properties": {"name": "Nguy\u1ec5n Th\u00e1i H\u1ecdc", "highway": "secondary", "trusted": 1.0}, "geometry": {"type": "LineString", "coordinates": [[1378.6, 3330.4], [1391.6, 3316.5], [1406.0, 3301.3], [1414.2, 3292.5], [1453.7, 3262.3], [1536.1, 3212.6], [1545.9, 3206.7], [1553.3, 3202.5], [1697.8, 3120.6], [1765.4, 3047.1]]}}, {"type": "Feature", "properties": {"name": "\u0110inh Ti\u00ean Ho\u00e0ng", "highway": "primary", "trusted": 1.0}, "geometry": {"type": "LineString", "coordinates": [[8338.4, 5005.9], [8350.9, 4991.3], [8441.5, 4886.7], [8455.8, 4869.7], [8475.5, 4845.9], [8555.7, 4747.5], [8572.2, 4726.1], [8589.9, 4703.5]]}}, {"type": "Feature", "properties": {"name": null, "highway": "service", "trusted": 1.0}, "geometry": {"type": "LineString", "coordinates": [[8745.2, 4064.5], [8733.5, 4054.6], [8689.4, 4017.7], [8659.8, 3991.1], [8635.9, 3970.9]]}}, {"type": "Feature", "properties": {"name": null, "highway": "service", "trusted": 1.0}, "geometry": {"type": "LineString", "coordinates": [[4820.0, 5336.1], [4763.2, 5397.4]]}}, {"type": "Feature", "properties": {"name": "H\u1ebbm 15 V\u0169 Huy T\u1ea5n", "highway": "service", "trusted": 0.0}, "geometry": {"type": "LineString", "coordinates": [[11718.8, 2314.8], [11669.4, 2311.1], [11668.3, 2283.6], [11652.6, 2267.9], [11654.7, 2222.9]]}}, {"type": "Feature", "properties": {"name": null, "highway": "residential", "trusted": 0.0}, "geometry": {"type": "LineString", "coordinates": [[11727.4, 2227.7], [11654.7, 2222.9], [11618.0, 2220.4]]}}, {"type": "Feature", "properties": {"name": "H\u1ebbm 87/28 \u0110inh Ti\u00ean Ho\u00e0ng", "highway": "residential", "trusted": 0.0}, "geometry": {"type": "LineString", "coordinates": [[12031.6, 2455.3], [12075.2, 2457.3]]}}, {"type": "Feature", "properties": {"name": "Tr\u01b0\u01a1ng \u0110\u1ecbnh", "highway": "tertiary", "trusted": 0.57}, "geometry": {"type": "LineString", "coordinates": [[5198.0, 1365.7], [5225.3, 1339.7], [5353.7, 1209.3], [5458.4, 1104.2], [5507.4, 1055.3], [5649.9, 913.4], [5670.7, 892.8], [5705.6, 858.0], [5791.1, 778.3], [5806.7, 764.8], [5833.7, 738.9], [5854.8, 717.1], [6004.5, 557.0], [6140.1, 417.3], [6225.3, 329.0], [6233.9, 320.2], [6252.4, 299.5], [6260.3, 290.8], [6380.1, 151.5], [6413.7, 116.1], [6432.4, 96.4]]}}, {"type": "Feature", "properties": {"name": "Nguy\u1ec5n Th\u1ecb Minh Khai", "highway": "primary", "trusted": 1.0}, "geometry": {"type": "LineString", "coordinates": [[9678.5, 5523.7], [10042.6, 5835.0], [10097.1, 5888.3], [10110.6, 5901.9]]}}, {"type": "Feature", "properties": {"name": "L\u00ea Qu\u00fd \u0110\u00f4n", "highway": "tertiary", "trusted": 0.0}, "geometry": {"type": "LineString", "coordinates": [[6678.2, 1428.5], [6872.9, 1225.3], [6992.6, 1100.7], [6997.7, 1095.4], [7026.1, 1065.9], [7032.3, 1058.7], [7036.8, 1053.9], [7192.1, 892.1], [7348.7, 728.6], [7597.6, 468.8], [7848.0, 207.4]]}}, {"type": "Feature", "properties": {"name": "\u0110\u1ed3ng Kh\u1edfi", "highway": "tertiary", "trusted": 0.75}, "geometry": {"type": "LineString", "coordinates": [[4888.1, 5404.2], [4787.6, 5509.6], [4694.5, 5605.5], [4674.1, 5626.6], [4669.9, 5631.0], [4610.0, 5692.3], [4485.7, 5786.6], [4463.0, 5809.8]]}}, {"type": "Feature", "properties": {"name": "Hai B\u00e0 Tr\u01b0ng", "highway": "primary", "trusted": 0.08}, "geometry": {"type": "LineString", "coordinates": [[7468.7, 3443.3], [7762.8, 3128.5], [7787.0, 3101.6], [7821.8, 3060.3], [7852.7, 3023.5], [7874.9, 2997.0], [7895.6, 2972.2], [7916.7, 2947.1], [7938.3, 2921.4], [7976.9, 2875.4], [8056.5, 2780.4], [8070.7, 2763.5]]}}, {"type": "Feature", "properties": {"name": "M\u1ea1c \u0110\u0129nh Chi", "highway": "tertiary", "trusted": 1.0}, "geometry": {"type": "LineString", "coordinates": [[8333.3, 3685.0], [8277.2, 3738.8], [8174.4, 3838.4], [8111.4, 3898.2], [8007.4, 3997.8]]}}, {"type": "Feature", "properties": {"name": "M\u1ea1c \u0110\u0129nh Chi", "highway": "tertiary", "trusted": 1.0}, "geometry": {"type": "LineString", "coordinates": [[8007.4, 3997.8], [7793.6, 4211.2], [7780.3, 4224.6], [7748.1, 4257.3], [7677.5, 4330.9], [7602.7, 4409.0], [7564.8, 4449.0]]}}, {"type": "Feature", "properties": {"name": "H\u1ebbm 68 C\u00f9 Lao", "highway": "residential", "trusted": 0.0}, "geometry": {"type": "LineString", "coordinates": [[11965.2, 341.4], [12007.3, 355.2], [12012.2, 343.3]]}}, {"type": "Feature", "properties": {"name": "H\u1ebbm 36 C\u00f9 Lao", "highway": "residential", "trusted": 0.0}, "geometry": {"type": "LineString", "coordinates": [[11877.6, 594.3], [11987.5, 625.0], [12013.0, 632.1], [12144.7, 669.0]]}}, {"type": "Feature", "properties": {"name": "H\u1ebbm 36/15 C\u00f9 Lao", "highway": "residential", "trusted": 0.0}, "geometry": {"type": "LineString", "coordinates": [[11987.5, 625.0], [12000.1, 596.0], [12014.5, 585.8], [12030.9, 532.9]]}}, {"type": "Feature", "properties": {"name": "H\u1ebbm 36/16 C\u00f9 Lao", "highway": "residential", "trusted": 0.0}, "geometry": {"type": "LineString", "coordinates": [[12013.0, 632.1], [12004.9, 670.6], [12051.2, 683.2]]}}, {"type": "Feature", "properties": {"name": "H\u1ebbm 12/4 C\u00f9 Lao", "highway": "service", "trusted": 0.0}, "geometry": {"type": "LineString", "coordinates": [[11986.7, 771.8], [11971.7, 849.3]]}}, {"type": "Feature", "properties": {"name": null, "highway": "service", "trusted": 0.0}, "geometry": {"type": "LineString", "coordinates": [[11798.4, 868.7], [11861.2, 881.4]]}}, {"type": "Feature", "properties": {"name": null, "highway": "service", "trusted": 0.0}, "geometry": {"type": "LineString", "coordinates": [[11867.0, 864.7], [11933.0, 884.8]]}}, {"type": "Feature", "properties": {"name": null, "highway": "service", "trusted": 0.0}, "geometry": {"type": "LineString", "coordinates": [[11944.6, 851.9], [11933.0, 884.8], [11915.7, 933.9]]}}, {"type": "Feature", "properties": {"name": "Nguy\u1ec5n V\u0103n L\u1ea1c", "highway": "tertiary", "trusted": 0.0}, "geometry": {"type": "LineString", "coordinates": [[11493.2, 7294.0], [11553.0, 7309.2]]}}, {"type": "Feature", "properties": {"name": "Pasteur", "highway": "secondary", "trusted": 1.0}, "geometry": {"type": "LineString", "coordinates": [[6105.7, 3363.4], [6136.3, 3331.1], [6181.9, 3282.8], [6197.0, 3266.7], [6203.0, 3260.3], [6252.9, 3208.5]]}}, {"type": "Feature", "properties": {"name": "Alexandre de Rhodes", "highway": "residential", "trusted": 1.0}, "geometry": {"type": "LineString", "coordinates": [[6400.1, 3044.7], [6360.8, 3003.3], [6259.8, 2888.8], [6249.7, 2876.7], [6149.6, 2763.3], [6131.6, 2743.6]]}}, {"type": "Feature", "properties": {"name": "Pasteur", "highway": "secondary", "trusted": 1.0}, "geometry": {"type": "LineString", "coordinates": [[6400.1, 3044.7], [6536.2, 2903.4], [6575.5, 2860.9], [6674.3, 2755.5]]}}, {"type": "Feature", "properties": {"name": "Ph\u1ea1m Ng\u0169 L\u00e3o", "highway": "secondary", "trusted": 0.0}, "geometry": {"type": "LineString", "coordinates": [[3035.2, 2262.2], [3045.1, 2287.9]]}}, {"type": "Feature", "properties": {"name": "Tr\u1ea7n H\u01b0ng \u0110\u1ea1o", "highway": "primary", "trusted": 0.0}, "geometry": {"type": "LineString", "coordinates": [[1541.6, 1466.3], [1523.1, 1449.9], [1449.4, 1385.6], [1379.2, 1324.6], [1328.9, 1280.2], [1289.1, 1245.0], [1264.4, 1223.2], [1194.0, 1161.0], [1122.2, 1097.0], [1064.7, 1045.5], [1050.6, 1032.9], [1037.9, 1021.6], [1004.6, 992.2], [908.4, 907.4], [772.9, 788.5], [756.0, 774.1], [630.1, 663.2], [616.2, 650.7], [589.1, 626.5], [568.8, 608.5], [552.7, 594.3], [468.4, 519.5], [423.8, 480.5], [397.4, 457.2], [333.7, 400.2]]}}, {"type": "Feature", "properties": {"name": "Ph\u1ea1m Ng\u0169 L\u00e3o", "highway": "secondary", "trusted": 0.0}, "geometry": {"type": "LineString", "coordinates": [[3045.1, 2287.9], [3061.1, 2328.0], [3220.1, 2734.1], [3226.3, 2749.5]]}}, {"type": "Feature", "properties": {"name": "H\u1ebbm 85 Ho\u00e0ng Di\u1ec7u", "highway": "residential", "trusted": 0.0}, "geometry": {"type": "LineString", "coordinates": [[203.6, 3843.5], [315.3, 3757.2], [413.4, 3695.5]]}}, {"type": "Feature", "properties": {"name": "Nguy\u1ec5n C\u00f4ng Tr\u1ee9", "highway": "tertiary", "trusted": 1.0}, "geometry": {"type": "LineString", "coordinates": [[2662.3, 4199.8], [2542.0, 4063.0], [2518.3, 4036.5], [2441.6, 3951.1], [2419.8, 3926.9], [2407.8, 3913.4], [2383.3, 3885.7]]}}, {"type": "Feature", "properties": {"name": null, "highway": "service", "trusted": 1.0}, "geometry": {"type": "LineString", "coordinates": [[662.6, 3505.0], [732.0, 3557.3]]}}, {"type": "Feature", "properties": {"name": "H\u1ebbm 170 B\u1ebfn V\u00e2n \u0110\u1ed3n", "highway": "service", "trusted": 1.0}, "geometry": {"type": "LineString", "coordinates": [[632.4, 3475.8], [661.7, 3448.3], [654.0, 3440.0], [685.9, 3413.0], [663.9, 3387.3], [735.7, 3297.8]]}}, {"type": "Feature", "properties": {"name": null, "highway": "residential", "trusted": 1.0}, "geometry": {"type": "LineString", "coordinates": [[2068.9, 5971.1], [2013.8, 5841.4]]}}, {"type": "Feature", "properties": {"name": null, "highway": "service", "trusted": 1.0}, "geometry": {"type": "LineString", "coordinates": [[1840.4, 5624.5], [1869.0, 5709.7]]}}, {"type": "Feature", "properties": {"name": null, "highway": "service", "trusted": 1.0}, "geometry": {"type": "LineString", "coordinates": [[1854.6, 5716.2], [1883.9, 5788.5], [1919.2, 5876.1]]}}, {"type": "Feature", "properties": {"name": "H\u1ebbm 43 \u0110o\u00e0n Nh\u01b0 H\u00e0i", "highway": "service", "trusted": 1.0}, "geometry": {"type": "LineString", "coordinates": [[2013.8, 5841.4], [2001.0, 5799.0], [2013.5, 5793.1], [2008.6, 5766.6], [2008.8, 5753.5]]}}, {"type": "Feature", "properties": {"name": "H\u1ebbm 43 \u0110o\u00e0n Nh\u01b0 H\u00e0i", "highway": "service", "trusted": 1.0}, "geometry": {"type": "LineString", "coordinates": [[2092.8, 5709.1], [2008.8, 5753.5]]}}, {"type": "Feature", "properties": {"name": "H\u1ebbm 65 \u0110o\u00e0n Nh\u01b0 H\u00e0i", "highway": "service", "trusted": 1.0}, "geometry": {"type": "LineString", "coordinates": [[1936.6, 5628.3], [1945.0, 5648.8], [1953.5, 5668.3], [1967.2, 5691.7], [1981.4, 5702.8], [1990.6, 5711.8], [2008.8, 5753.5]]}}, {"type": "Feature", "properties": {"name": null, "highway": "service", "trusted": 1.0}, "geometry": {"type": "LineString", "coordinates": [[1908.6, 5596.0], [1912.3, 5603.0], [1926.4, 5633.8]]}}, {"type": "Feature", "properties": {"name": "H\u1ebbm 65 \u0110o\u00e0n Nh\u01b0 H\u00e0i", "highway": "service", "trusted": 1.0}, "geometry": {"type": "LineString", "coordinates": [[2034.5, 5582.1], [1936.6, 5628.3], [1926.4, 5633.8], [1921.2, 5636.2], [1927.4, 5651.8], [1917.5, 5656.7], [1925.3, 5677.4]]}}, {"type": "Feature", "properties": {"name": "H\u1ebbm 79 Ho\u00e0ng Di\u1ec7u", "highway": "service", "trusted": 1.0}, "geometry": {"type": "LineString", "coordinates": [[1529.3, 5770.7], [1547.4, 5762.1], [1624.9, 5725.1], [1835.7, 5625.8], [1840.4, 5624.5], [1847.1, 5622.7], [1877.9, 5608.0], [1879.7, 5609.5], [1908.6, 5596.0], [1907.8, 5591.5], [1920.5, 5585.6]]}}, {"type": "Feature", "properties": {"name": "H\u1ebbm 469/100 \u0110o\u00e0n V\u0103n B\u01a1", "highway": "service", "trusted": 0.0}, "geometry": {"type": "LineString", "coordinates": [[146.7, 6979.5], [178.3, 6997.2], [189.4, 7003.0], [182.9, 7016.8], [187.1, 7021.8], [192.0, 7030.2], [183.9, 7049.8], [446.6, 7205.2]]}}, {"type": "Feature", "properties": {"name": null, "highway": "service", "trusted": 0.0}, "geometry": {"type": "LineString", "coordinates": [[201.4, 6960.9], [159.2, 6953.6], [137.6, 6940.8], [132.4, 6937.7], [104.1, 6919.8]]}}, {"type": "Feature", "properties": {"name": null, "highway": "residential", "trusted": 0.0}, "geometry": {"type": "LineString", "coordinates": [[84.5, 7035.8], [115.7, 7032.3], [146.7, 6979.5], [159.2, 6953.6]]}}, {"type": "Feature", "properties": {"name": null, "highway": "service", "trusted": 0.0}, "geometry": {"type": "LineString", "coordinates": [[230.4, 6911.7], [211.3, 6901.8], [175.6, 6890.9], [164.7, 6886.5], [151.2, 6881.1], [123.4, 6860.5], [106.8, 6843.9], [88.0, 6828.2], [61.8, 6812.3]]}}, {"type": "Feature", "properties": {"name": null, "highway": "service", "trusted": 0.0}, "geometry": {"type": "LineString", "coordinates": [[271.6, 6842.7], [230.4, 6911.7], [201.4, 6960.9]]}}, {"type": "Feature", "properties": {"name": null, "highway": "service", "trusted": 0.0}, "geometry": {"type": "LineString", "coordinates": [[223.2, 6764.7], [276.5, 6794.0], [285.1, 6804.0], [279.5, 6841.0]]}}, {"type": "Feature", "properties": {"name": null, "highway": "service", "trusted": 0.0}, "geometry": {"type": "LineString", "coordinates": [[249.7, 6717.0], [284.5, 6660.9], [310.2, 6675.1], [324.7, 6637.7], [343.9, 6587.8]]}}, {"type": "Feature", "properties": {"name": "H\u1ebbm 280 Nguy\u1ec5n T\u1ea5t Thanh", "highway": "service", "trusted": 0.0}, "geometry": {"type": "LineString", "coordinates": [[356.7, 6788.4], [516.0, 6891.0], [509.1, 6904.5], [499.7, 6916.7], [480.9, 6907.0], [392.3, 6864.5], [370.1, 6850.4], [364.0, 6859.7], [350.2, 6861.7], [296.1, 6837.5], [279.5, 6841.0], [271.6, 6842.7], [261.3, 6837.1], [196.3, 6808.0], [101.4, 6739.0]]}}, {"type": "Feature", "properties": {"name": "H\u1ebbm C13 \u0110\u01b0\u1eddng T\u00f4n \u0110\u1ea3n", "highway": "service", "trusted": 0.0}, "geometry": {"type": "LineString", "coordinates": [[435.6, 6575.3], [377.6, 6672.0], [331.5, 6748.8]]}}, {"type": "Feature", "properties": {"name": "H\u1ebbm C13 \u0110\u01b0\u1eddng T\u00f4n \u0110\u1ea3n", "highway": "service", "trusted": 0.0}, "geometry": {"type": "LineString", "coordinates": [[453.8, 6560.1], [464.2, 6546.9], [532.0, 6440.5]]}}, {"type": "Feature", "properties": {"name": "H\u1ebbm 120 L\u00ea Qu\u1ed1c H\u01b0ng", "highway": "service", "trusted": 0.67}, "geometry": {"type": "LineString", "coordinates": [[1303.9, 5585.2], [1191.4, 5511.3], [977.4, 5351.2]]}}, {"type": "Feature", "properties": {"name": "H\u1ebbm 110 L\u00ea Qu\u1ed1c H\u01b0ng", "highway": "service", "trusted": 1.0}, "geometry": {"type": "LineString", "coordinates": [[1224.7, 5462.3], [1129.9, 5401.3]]}}, {"type": "Feature", "properties": {"name": "H\u1ebbm 83 Ho\u00e0ng Di\u1ec7u", "highway": "service", "trusted": 1.0}, "geometry": {"type": "LineString", "coordinates": [[1160.7, 5554.6], [1155.1, 5562.0], [1079.8, 5691.2]]}}, {"type": "Feature", "properties": {"name": "H\u1ebbm 130 L\u00ea Qu\u1ed1c H\u01b0ng", "highway": "service", "trusted": 0.67}, "geometry": {"type": "LineString", "coordinates": [[943.9, 5402.0], [1160.7, 5554.6], [1274.2, 5638.7]]}}, {"type": "Feature", "properties": {"name": "H\u1ebbm 194 L\u00ea Qu\u1ed1c H\u01b0ng", "highway": "service", "trusted": 0.33}, "geometry": {"type": "LineString", "coordinates": [[1095.5, 5947.3], [831.3, 5762.7], [746.0, 5709.3]]}}, {"type": "Feature", "properties": {"name": "H\u1ebbm 184 L\u00ea Qu\u1ed1c H\u01b0ng", "highway": "service", "trusted": 0.33}, "geometry": {"type": "LineString", "coordinates": [[834.9, 5706.4], [856.9, 5720.3], [1122.3, 5902.8]]}}, {"type": "Feature", "properties": {"name": "H\u1ebbm 174 L\u00ea Qu\u1ed1c H\u01b0ng", "highway": "service", "trusted": 0.33}, "geometry": {"type": "LineString", "coordinates": [[799.6, 5626.0], [1009.0, 5750.1], [1148.1, 5860.2]]}}, {"type": "Feature", "properties": {"name": "H\u1ebbm 208 \u0110o\u00e0n V\u0103n B\u01a1", "highway": "service", "trusted": 0.0}, "geometry": {"type": "LineString", "coordinates": [[579.6, 5433.9], [826.3, 5584.5]]}}, {"type": "Feature", "properties": {"name": "Pasteur", "highway": "secondary", "trusted": 1.0}, "geometry": {"type": "LineString", "coordinates": [[6252.9, 3208.5], [6287.1, 3169.6], [6367.5, 3081.6], [6400.1, 3044.7]]}}, {"type": "Feature", "properties": {"name": "Ho\u00e0ng Sa", "highway": "tertiary", "trusted": 0.16}, "geometry": {"type": "LineString", "coordinates": [[11307.6, 1964.2], [11319.5, 2079.5], [11322.4, 2127.0], [11303.2, 2175.2], [11271.5, 2211.5], [11266.5, 2213.9], [11236.4, 2228.5], [11190.5, 2235.5], [11150.4, 2233.2], [11029.2, 2217.9], [10970.4, 2229.1], [10911.3, 2259.9], [10854.9, 2306.7], [10830.7, 2334.9], [10740.9, 2353.5], [10738.3, 2394.4], [10741.5, 2427.4], [10828.4, 2611.1], [10852.7, 2751.6]]}}, {"type": "Feature", "properties": {"name": "Ho\u00e0ng Sa", "highway": "tertiary", "trusted": 0.0}, "geometry": {"type": "LineString", "coordinates": [[11538.8, 650.7], [11563.6, 782.0], [11583.3, 890.1]]}}, {"type": "Feature", "properties": {"name": "Ho\u00e0ng Sa", "highway": "tertiary", "trusted": 0.0}, "geometry": {"type": "LineString", "coordinates": [[11454.2, 1479.3], [11477.8, 1469.3], [11529.3, 1400.6], [11584.7, 1315.5], [11614.6, 1233.0], [11622.5, 1156.5]]}}, {"type": "Feature", "properties": {"name": "H\u1ebbm 103 Nguy\u1ec5n C\u01b0 Trinh", "highway": "service", "trusted": 0.0}, "geometry": {"type": "LineString", "coordinates": [[1233.7, 600.3], [1210.4, 606.3], [1175.0, 620.1], [1159.1, 621.5], [1149.7, 620.8], [1131.2, 630.9], [1089.9, 658.6]]}}, {"type": "Feature", "properties": {"name": "H\u1ebbm 319 Nguy\u1ec5n C\u00f4ng Tr\u1ee9", "highway": "service", "trusted": 1.0}, "geometry": {"type": "LineString", "coordinates": [[1912.1, 3647.7], [1999.5, 3582.7], [2027.7, 3612.7], [2100.6, 3553.6]]}}, {"type": "Feature", "properties": {"name": null, "highway": "service", "trusted": 1.0}, "geometry": {"type": "LineString", "coordinates": [[1714.7, 3773.2], [1836.8, 3690.8], [1869.2, 3669.4], [1832.8, 3614.4]]}}, {"type": "Feature", "properties": {"name": "Nguy\u1ec5n Du", "highway": "tertiary", "trusted": 1.0}, "geometry": {"type": "LineString", "coordinates": [[7392.7, 4631.3], [7305.3, 4596.3], [7274.8, 4583.8], [7026.9, 4484.3], [6977.7, 4465.3], [6898.9, 4436.4], [6615.6, 4346.5]]}}, {"type": "Feature", "properties": {"name": "Nguy\u1ec5n Trung Ng\u1ea1n", "highway": "residential", "trusted": 0.0}, "geometry": {"type": "LineString", "coordinates": [[7600.3, 5638.5], [7280.4, 5343.7]]}}, {"type": "Feature", "properties": {"name": "T\u00f4n \u0110\u1ee9c Th\u1eafng", "highway": "primary", "trusted": 0.8}, "geometry": {"type": "LineString", "coordinates": [[7997.6, 5324.4], [7966.7, 5355.1], [7897.5, 5422.0], [7797.7, 5518.6], [7666.0, 5590.2]]}}, {"type": "Feature", "properties": {"name": "T\u00f4n \u0110\u1ee9c Th\u1eafng", "highway": "primary", "trusted": 0.0}, "geometry": {"type": "LineString", "coordinates": [[7442.7, 5806.2], [7318.9, 5936.6], [7273.9, 5984.0], [7251.4, 5999.7]]}}, {"type": "Feature", "properties": {"name": null, "highway": "service", "trusted": 0.0}, "geometry": {"type": "LineString", "coordinates": [[10222.9, 503.9], [10237.2, 535.9], [10268.0, 547.0], [10327.7, 559.2]]}}, {"type": "Feature", "properties": {"name": "H\u1ebbm 6 C\u00e1ch M\u1ea1ng Th\u00e1ng 8", "highway": "residential", "trusted": 0.0}, "geometry": {"type": "LineString", "coordinates": [[4051.6, 2000.7], [3935.0, 1833.7], [3916.9, 1807.8], [3853.3, 1777.2], [3840.7, 1771.6]]}}, {"type": "Feature", "properties": {"name": "Phan Chu Trinh", "highway": "residential", "trusted": 0.33}, "geometry": {"type": "LineString", "coordinates": [[4002.1, 3185.9], [4177.9, 3108.1], [4216.1, 3086.6]]}}, {"type": "Feature", "properties": {"name": "\u0110\u01b0\u1eddng Nguy\u1ec5n C\u00f4ng Hoan", "highway": "residential", "trusted": 0.0}, "geometry": {"type": "LineString", "coordinates": [[11833.8, 1134.6], [11877.4, 1142.5], [11939.7, 1155.8], [11987.2, 1158.9], [12013.2, 1152.7], [12032.0, 1147.6], [12041.6, 1114.4]]}}, {"type": "Feature", "properties": {"name": "Aqua 4", "highway": "residential", "trusted": 0.0}, "geometry": {"type": "LineString", "coordinates": [[8846.4, 8114.3], [8808.0, 8173.4], [8749.5, 8193.1], [8682.4, 8167.3], [8623.1, 8135.4], [8561.5, 8112.1], [8506.5, 8108.7], [8431.0, 8150.7], [8427.2, 8152.9]]}}, {"type": "Feature", "properties": {"name": "Riverview 9", "highway": "residential", "trusted": 0.0}, "geometry": {"type": "LineString", "coordinates": [[7800.3, 6798.5], [7775.3, 6824.7], [7734.1, 6867.8], [7674.7, 6929.9], [7629.0, 6977.7], [7610.7, 6996.9], [7609.3, 7003.1]]}}, {"type": "Feature", "properties": {"name": "Aqua 1", "highway": "residential", "trusted": 0.22}, "geometry": {"type": "LineString", "coordinates": [[8344.7, 7705.3], [8536.7, 7508.1], [8565.4, 7480.1], [8584.6, 7461.5], [8635.0, 7402.2], [8673.4, 7364.4], [8721.3, 7312.9], [8723.7, 7268.1], [8779.2, 7211.7]]}}, {"type": "Feature", "properties": {"name": "Aqua 4", "highway": "residential", "trusted": 0.08}, "geometry": {"type": "LineString", "coordinates": [[8779.2, 7211.7], [8849.5, 7366.1], [8854.4, 7414.8], [8872.1, 7590.8], [8882.2, 7714.1], [8889.7, 7804.6], [8896.1, 7882.6], [8890.5, 7948.7], [8879.2, 7990.3], [8869.8, 8025.0], [8865.2, 8041.9], [8846.4, 8114.3]]}}, {"type": "Feature", "properties": {"name": null, "highway": "service", "trusted": 0.0}, "geometry": {"type": "LineString", "coordinates": [[8427.2, 8152.9], [8320.3, 8248.6]]}}, {"type": "Feature", "properties": {"name": "V\u0129nh Kh\u00e1nh", "highway": "tertiary", "trusted": 1.0}, "geometry": {"type": "LineString", "coordinates": [[1111.5, 4639.1], [1087.9, 4646.7], [1065.3, 4645.6], [1056.4, 4641.6], [1030.5, 4629.5], [988.3, 4594.9], [939.0, 4536.3], [916.3, 4523.9], [877.7, 4514.2], [827.2, 4513.6], [773.4, 4530.6], [744.6, 4546.8], [737.6, 4555.2], [721.8, 4574.0]]}}, {"type": "Feature", "properties": {"name": "H\u1ebbm 61 C\u00f4 Giang", "highway": "service", "trusted": 1.0}, "geometry": {"type": "LineString", "coordinates": [[1224.9, 2823.3], [1188.0, 2861.6], [1175.6, 2876.4], [1133.9, 2926.1]]}}, {"type": "Feature", "properties": {"name": null, "highway": "residential", "trusted": 1.0}, "geometry": {"type": "LineString", "coordinates": [[1226.9, 4237.0], [1129.8, 4283.6], [1080.4, 4308.5]]}}, {"type": "Feature", "properties": {"name": null, "highway": "service", "trusted": 1.0}, "geometry": {"type": "LineString", "coordinates": [[729.0, 4888.8], [833.2, 5031.9]]}}, {"type": "Feature", "properties": {"name": null, "highway": "service", "trusted": 0.0}, "geometry": {"type": "LineString", "coordinates": [[701.2, 5371.6], [727.3, 5332.4]]}}, {"type": "Feature", "properties": {"name": "\u0110\u01b0\u1eddng Nguy\u1ec5n C\u00f4ng Hoan", "highway": "residential", "trusted": 0.0}, "geometry": {"type": "LineString", "coordinates": [[12041.6, 1114.4], [12018.3, 1075.7], [11996.7, 1066.2], [11976.0, 1061.6], [11948.1, 1062.9], [11906.6, 1072.3], [11830.7, 1099.8]]}}, {"type": "Feature", "properties": {"name": "Tr\u1ea7n Qu\u1ed1c Th\u1ea3o", "highway": "tertiary", "trusted": 0.5}, "geometry": {"type": "LineString", "coordinates": [[6284.5, 1052.0], [5922.1, 1426.9]]}}, {"type": "Feature", "properties": {"name": "Tr\u1ea7n Qu\u1ed1c Th\u1ea3o", "highway": "tertiary", "trusted": 0.0}, "geometry": {"type": "LineString", "coordinates": [[6977.7, 335.4], [6798.5, 522.0], [6658.5, 663.9], [6646.4, 676.2], [6634.7, 688.1], [6617.5, 706.1], [6605.4, 718.8], [6510.9, 817.6], [6284.5, 1052.0]]}}, {"type": "Feature", "properties": {"name": "\u0110\u01b0\u1eddng S\u1ed1 1", "highway": "service", "trusted": 1.0}, "geometry": {"type": "LineString", "coordinates": [[2192.8, 5359.1], [2184.2, 5336.3], [2148.5, 5230.2]]}}, {"type": "Feature", "properties": {"name": "Riverview 3", "highway": "residential", "trusted": 0.0}, "geometry": {"type": "LineString", "coordinates": [[8536.7, 7508.1], [8426.9, 7400.8], [8410.4, 7384.7], [8343.9, 7321.8], [8288.1, 7269.0], [8243.3, 7226.6], [8125.9, 7115.7], [8004.3, 7000.7], [7800.3, 6798.5]]}}, {"type": "Feature", "properties": {"name": "Tr\u1ea7n H\u01b0ng \u0110\u1ea1o", "highway": "primary", "trusted": 0.0}, "geometry": {"type": "LineString", "coordinates": [[1620.8, 1608.0], [1644.4, 1628.9], [1731.3, 1705.9], [1843.3, 1805.3], [1924.2, 1877.1], [2011.0, 1954.0], [2077.3, 2012.8], [2143.6, 2071.6]]}}, {"type": "Feature", "properties": {"name": "C\u00f4ng tr\u01b0\u1eddng M\u00ea Linh", "highway": "primary", "trusted": 0.0}, "geometry": {"type": "LineString", "coordinates": [[5153.1, 6109.7], [5154.7, 6070.3], [5150.6, 6031.7]]}}, {"type": "Feature", "properties": {"name": "Aqua 3", "highway": "residential", "trusted": 0.0}, "geometry": {"type": "LineString", "coordinates": [[8872.1, 7590.8], [8643.7, 7824.1]]}}, {"type": "Feature", "properties": {"name": "Nguy\u1ec5n Th\u1ecb Minh Khai", "highway": "primary", "trusted": 1.0}, "geometry": {"type": "LineString", "coordinates": [[4831.5, 1020.3], [4813.0, 1002.5], [4626.5, 828.6], [4572.5, 777.8], [4487.7, 696.6], [4467.2, 664.6]]}}, {"type": "Feature", "properties": {"name": null, "highway": "residential", "trusted": 0.0}, "geometry": {"type": "LineString", "coordinates": [[10504.3, 3330.6], [10441.1, 3407.8], [10505.7, 3470.6]]}}, {"type": "Feature", "properties": {"name": "Tr\u1ea7n H\u01b0ng \u0110\u1ea1o", "highway": "primary", "trusted": 0.0}, "geometry": {"type": "LineString", "coordinates": [[2628.6, 2491.0], [2653.7, 2514.3], [2665.7, 2525.3]]}}, {"type": "Feature", "properties": {"name": "Tr\u1ea7n H\u01b0ng \u0110\u1ea1o", "highway": "primary", "trusted": 0.0}, "geometry": {"type": "LineString", "coordinates": [[2680.3, 2536.2], [2743.4, 2592.5], [2815.8, 2657.2], [2940.5, 2768.4], [2959.7, 2785.6], [3029.0, 2847.5]]}}, {"type": "Feature", "properties": {"name": "Tr\u1ea7n H\u01b0ng \u0110\u1ea1o", "highway": "primary", "trusted": 0.0}, "geometry": {"type": "LineString", "coordinates": [[2650.6, 2474.5], [2631.2, 2456.5], [2543.1, 2377.6]]}}, {"type": "Feature", "properties": {"name": "Tr\u1ea7n H\u01b0ng \u0110\u1ea1o", "highway": "primary", "trusted": 0.0}, "geometry": {"type": "LineString", "coordinates": [[2686.6, 2507.7], [2650.6, 2474.5]]}}, {"type": "Feature", "properties": {"name": "H\u00e0m Nghi", "highway": "primary", "trusted": 1.0}, "geometry": {"type": "LineString", "coordinates": [[3586.1, 4342.5], [3581.5, 4412.0], [3574.4, 4521.0], [3567.3, 4724.4], [3566.3, 4779.9]]}}, {"type": "Feature", "properties": {"name": null, "highway": "residential", "trusted": 0.0}, "geometry": {"type": "LineString", "coordinates": [[3350.9, 8091.7], [3316.4, 8073.3], [3304.8, 8068.9], [3295.0, 8066.5], [3284.6, 8065.1], [3272.6, 8064.6], [3262.4, 8064.7]]}}, {"type": "Feature", "properties": {"name": "Tr\u1ea7n B\u1ea1ch \u0110\u1eb1ng", "highway": "tertiary", "trusted": 0.0}, "geometry": {"type": "LineString", "coordinates": [[2874.7, 8637.0], [2841.2, 8661.3], [2790.6, 8695.8], [2742.6, 8732.9], [2681.9, 8781.0], [2637.7, 8819.3], [2596.9, 8855.6]]}}, {"type": "Feature", "properties": {"name": "\u0110inh Ti\u00ean Ho\u00e0ng", "highway": "primary", "trusted": 1.0}, "geometry": {"type": "LineString", "coordinates": [[10362.7, 2767.0], [10363.0, 2741.0]]}}, {"type": "Feature", "properties": {"name": "C\u1ea7u B\u00f4ng", "highway": "primary", "trusted": 0.5}, "geometry": {"type": "LineString", "coordinates": [[10700.2, 2760.4], [11146.1, 2841.9]]}}, {"type": "Feature", "properties": {"name": "\u0110inh Ti\u00ean Ho\u00e0ng", "highway": "primary", "trusted": 1.0}, "geometry": {"type": "LineString", "coordinates": [[10362.7, 2767.0], [10404.6, 2766.1], [10416.6, 2765.8], [10589.9, 2762.3], [10594.3, 2762.2], [10630.4, 2761.6]]}}, {"type": "Feature", "properties": {"name": "Nguy\u1ec5n V\u0103n Giai", "highway": "tertiary", "trusted": 1.0}, "geometry": {"type": "LineString", "coordinates": [[10034.0, 3163.4], [10063.6, 3157.6], [10090.6, 3151.7], [10110.7, 3147.5], [10132.8, 3145.3], [10161.7, 3141.5]]}}, {"type": "Feature", "properties": {"name": "Ng\u00f4 T\u1ea5t T\u1ed1", "highway": "tertiary", "trusted": 0.0}, "geometry": {"type": "LineString", "coordinates": [[10011.0, 8912.0], [10041.8, 8885.7]]}}, {"type": "Feature", "properties": {"name": "\u0110\u01b0\u1eddng D11", "highway": "residential", "trusted": 0.0}, "geometry": {"type": "LineString", "coordinates": [[3176.9, 7763.5], [3142.6, 7778.8], [3095.3, 7799.8], [3026.6, 7832.2], [2963.4, 7864.1], [2916.1, 7889.9], [2875.4, 7913.4], [2805.3, 7954.4], [2759.0, 7981.2], [2712.7, 8010.2], [2650.1, 8051.5], [2635.4, 8061.7], [2607.5, 8081.1], [2570.8, 8108.2], [2555.7, 8119.3], [2484.8, 8172.2], [2418.7, 8225.6], [2354.0, 8280.4], [2317.6, 8312.8], [2285.4, 8341.5]]}}, {"type": "Feature", "properties": {"name": "\u0110\u01b0\u1eddng N19", "highway": "residential", "trusted": 0.0}, "geometry": {"type": "LineString", "coordinates": [[2352.2, 7852.8], [2384.8, 7878.8], [2398.9, 7890.3], [2467.4, 7945.9], [2507.1, 7980.3], [2546.8, 8018.7], [2580.2, 8052.3], [2607.5, 8081.1], [2639.1, 8116.8], [2650.6, 8129.9], [2697.6, 8186.9], [2742.5, 8245.3], [2757.6, 8267.4], [2781.5, 8302.1], [2829.6, 8377.8], [2856.0, 8426.2], [2881.7, 8473.5], [2898.8, 8508.3]]}}, {"type": "Feature", "properties": {"name": null, "highway": "residential", "trusted": 0.0}, "geometry": {"type": "LineString", "coordinates": [[3230.0, 8081.1], [3192.3, 8096.8], [3151.1, 8114.6], [3024.6, 8170.6], [3015.9, 8174.5], [2967.8, 8198.7], [2954.4, 8205.5], [2927.9, 8218.9], [2853.3, 8259.1], [2781.5, 8302.1], [2749.7, 8322.2], [2718.8, 8341.8], [2646.2, 8389.9], [2589.5, 8430.4], [2532.1, 8475.3], [2497.8, 8503.0]]}}, {"type": "Feature", "properties": {"name": null, "highway": "service", "trusted": 0.0}, "geometry": {"type": "LineString", "coordinates": [[9375.1, 141.8], [9365.8, 188.5]]}}, {"type": "Feature", "properties": {"name": "Kh\u00e1nh H\u1ed9i", "highway": "secondary", "trusted": 0.0}, "geometry": {"type": "LineString", "coordinates": [[135.0, 3288.8], [31.8, 3362.2], [29.1, 3364.2]]}}, {"type": "Feature", "properties": {"name": "H\u1ebbm 87 \u0110\u01b0\u1eddng L\u00ea V\u0103n Duy\u1ec7t", "highway": "service", "trusted": 0.0}, "geometry": {"type": "LineString", "coordinates": [[11846.4, 2860.3], [11853.7, 2742.0], [11848.3, 2677.6], [11844.6, 2576.5], [11863.6, 2577.6], [12030.2, 2587.3], [12122.5, 2594.7], [12143.4, 2597.3]]}}, {"type": "Feature", "properties": {"name": null, "highway": "primary", "trusted": 0.0}, "geometry": {"type": "LineString", "coordinates": [[11975.0, 2907.7], [11976.5, 2868.7]]}}, {"type": "Feature", "properties": {"name": "L\u00fd T\u1ef1 Tr\u1ecdng", "highway": "tertiary", "trusted": 0.17}, "geometry": {"type": "LineString", "coordinates": [[4861.0, 3410.8], [4928.8, 3473.9], [5013.7, 3550.6], [5024.8, 3560.4], [5180.4, 3645.0], [5179.2, 3702.8]]}}, {"type": "Feature", "properties": {"name": "\u0110\u01b0\u1eddng L\u01b0\u01a1ng H\u1eefu Kh\u00e1nh", "highway": "residential", "trusted": 0.0}, "geometry": {"type": "LineString", "coordinates": [[2889.8, 41.7], [2869.5, 66.0], [2823.9, 120.8], [2778.4, 175.3], [2735.8, 228.4], [2716.9, 262.3], [2703.2, 294.6], [2698.5, 305.7], [2686.1, 342.8], [2676.7, 381.6], [2669.0, 428.0]]}}, {"type": "Feature", "properties": {"name": "Nguy\u1ec5n T\u1ea5t Th\u00e0nh", "highway": "primary", "trusted": 1.0}, "geometry": {"type": "LineString", "coordinates": [[2505.8, 5920.8], [2361.4, 6018.8]]}}, {"type": "Feature", "properties": {"name": "Nguy\u1ec5n T\u1ea5t Th\u00e0nh", "highway": "primary", "trusted": 1.0}, "geometry": {"type": "LineString", "coordinates": [[2361.4, 6018.8], [2328.9, 6038.9], [2308.3, 6050.7], [2285.7, 6063.6], [2260.4, 6076.4]]}}, {"type": "Feature", "properties": {"name": "T\u00f4n \u0110\u1ee9c Th\u1eafng", "highway": "primary", "trusted": 0.0}, "geometry": {"type": "LineString", "coordinates": [[3435.9, 6030.5], [3450.0, 6030.8], [3478.0, 6024.8], [3504.9, 6013.4], [3514.2, 6009.6]]}}, {"type": "Feature", "properties": {"name": "Nguy\u1ec5n T\u1ea5t Th\u00e0nh", "highway": "primary", "trusted": 1.0}, "geometry": {"type": "LineString", "coordinates": [[2517.0, 5944.3], [2543.9, 5927.1]]}}, {"type": "Feature", "properties": {"name": "Nguy\u1ec5n T\u1ea5t Th\u00e0nh", "highway": "primary", "trusted": 1.0}, "geometry": {"type": "LineString", "coordinates": [[2371.4, 6039.2], [2402.0, 6020.7], [2517.0, 5944.3]]}}, {"type": "Feature", "properties": {"name": "C\u00f4ng tr\u01b0\u1eddng M\u00ea Linh", "highway": "residential", "trusted": 0.0}, "geometry": {"type": "LineString", "coordinates": [[5128.3, 5932.2], [5106.5, 5915.3], [5102.7, 5912.8], [5081.1, 5898.3], [5045.5, 5881.4], [5032.4, 5878.0], [5004.1, 5873.2]]}}, {"type": "Feature", "properties": {"name": "C\u00f4ng tr\u01b0\u1eddng M\u00ea Linh", "highway": "residential", "trusted": 0.0}, "geometry": {"type": "LineString", "coordinates": [[4865.0, 5907.8], [4836.2, 5933.7], [4814.8, 5960.4], [4802.1, 5980.4], [4799.3, 5984.8], [4787.5, 6016.3], [4779.9, 6047.4], [4774.5, 6077.2], [4771.4, 6095.3]]}}, {"type": "Feature", "properties": {"name": "H\u1ed3 T\u00f9ng M\u1eadu", "highway": "residential", "trusted": 0.0}, "geometry": {"type": "LineString", "coordinates": [[3584.4, 5398.5], [3602.8, 5399.4], [3637.9, 5382.1], [3647.1, 5367.5]]}}, {"type": "Feature", "properties": {"name": "H\u00e0m Nghi", "highway": "primary", "trusted": 1.0}, "geometry": {"type": "LineString", "coordinates": [[3655.4, 4311.8], [3656.6, 4274.2], [3658.3, 4228.7], [3678.6, 3728.6], [3651.2, 3673.9]]}}, {"type": "Feature", "properties": {"name": "Ph\u1ea1m H\u1ed3ng Th\u00e1i", "highway": "primary", "trusted": 0.0}, "geometry": {"type": "LineString", "coordinates": [[3670.3, 2911.5], [3675.7, 2819.6], [3688.7, 2578.9], [3690.6, 2542.9], [3706.6, 2305.7]]}}, {"type": "Feature", "properties": {"name": "Nam K\u1ef3 Kh\u1edfi Ngh\u0129a", "highway": "secondary", "trusted": 1.0}, "geometry": {"type": "LineString", "coordinates": [[2818.2, 4671.2], [2745.5, 4699.6], [2712.6, 4712.3]]}}, {"type": "Feature", "properties": {"name": "B\u1ebfn V\u00e2n \u0110\u1ed3n", "highway": "secondary", "trusted": 0.0}, "geometry": {"type": "LineString", "coordinates": [[39.2, 2705.1], [76.6, 2746.8], [131.1, 2800.0], [185.6, 2844.7]]}}, {"type": "Feature", "properties": {"name": null, "highway": "service", "trusted": 0.0}, "geometry": {"type": "LineString", "coordinates": [[271.8, 2915.4], [249.1, 2943.6], [181.3, 3026.6], [172.7, 3031.6], [165.1, 3034.8], [148.3, 3036.8], [133.9, 3033.6], [123.3, 3033.8], [103.2, 3042.4], [98.6, 3042.2], [92.3, 3042.2]]}}, {"type": "Feature", "properties": {"name": "B\u1ebfn V\u00e2n \u0110\u1ed3n", "highway": "secondary", "trusted": 0.0}, "geometry": {"type": "LineString", "coordinates": [[460.1, 3020.0], [434.4, 2998.1], [386.5, 2959.3], [326.2, 2912.5], [241.2, 2848.4], [199.5, 2816.4], [155.1, 2784.0], [102.3, 2741.2], [62.4, 2704.7], [39.6, 2680.9]]}}, {"type": "Feature", "properties": {"name": "B\u1ebfn V\u00e2n \u0110\u1ed3n", "highway": "secondary", "trusted": 0.0}, "geometry": {"type": "LineString", "coordinates": [[319.9, 2953.3], [380.1, 3000.2]]}}, {"type": "Feature", "properties": {"name": "B\u1ebfn V\u00e2n \u0110\u1ed3n", "highway": "secondary", "trusted": 0.0}, "geometry": {"type": "LineString", "coordinates": [[185.6, 2844.7], [271.8, 2915.4], [319.9, 2953.3]]}}, {"type": "Feature", "properties": {"name": "B\u1ebfn V\u00e2n \u0110\u1ed3n", "highway": "secondary", "trusted": 1.0}, "geometry": {"type": "LineString", "coordinates": [[1111.3, 3585.2], [1132.5, 3600.0], [1153.1, 3619.8], [1173.4, 3642.3], [1193.0, 3668.7], [1229.2, 3737.0]]}}, {"type": "Feature", "properties": {"name": "B\u1ebfn V\u00e2n \u0110\u1ed3n", "highway": "secondary", "trusted": 1.0}, "geometry": {"type": "LineString", "coordinates": [[1057.8, 3546.3], [1111.3, 3585.2]]}}, {"type": "Feature", "properties": {"name": "B\u1ebfn V\u00e2n \u0110\u1ed3n", "highway": "secondary", "trusted": 0.75}, "geometry": {"type": "LineString", "coordinates": [[504.0, 3098.7], [638.3, 3218.4], [735.7, 3297.8], [826.0, 3368.7]]}}, {"type": "Feature", "properties": {"name": "B\u1ebfn V\u00e2n \u0110\u1ed3n", "highway": "secondary", "trusted": 1.0}, "geometry": {"type": "LineString", "coordinates": [[1145.6, 3576.3], [1080.0, 3513.5]]}}, {"type": "Feature", "properties": {"name": "B\u1ebfn V\u00e2n \u0110\u1ed3n", "highway": "secondary", "trusted": 0.82}, "geometry": {"type": "LineString", "coordinates": [[1080.0, 3513.5], [1068.0, 3502.7], [1047.1, 3484.7], [1024.6, 3466.4], [1002.9, 3452.0], [976.2, 3434.4], [952.3, 3418.5], [920.2, 3395.2], [686.1, 3208.5], [492.9, 3045.0], [460.1, 3020.0]]}}, {"type": "Feature", "properties": {"name": "V\u0129nh Kh\u00e1nh", "highway": "tertiary", "trusted": 1.0}, "geometry": {"type": "LineString", "coordinates": [[1396.0, 4362.1], [1414.8, 4354.1], [1435.4, 4335.5], [1462.0, 4311.6], [1490.1, 4286.7], [1509.0, 4270.0], [1529.7, 4252.7]]}}, {"type": "Feature", "properties": {"name": "V\u0129nh Kh\u00e1nh", "highway": "tertiary", "trusted": 1.0}, "geometry": {"type": "LineString", "coordinates": [[1520.5, 4239.0], [1499.4, 4257.4], [1481.3, 4274.1], [1443.8, 4309.3], [1407.7, 4343.7], [1396.0, 4362.1]]}}, {"type": "Feature", "properties": {"name": "B\u1ebfn V\u00e2n \u0110\u1ed3n", "highway": "secondary", "trusted": 0.0}, "geometry": {"type": "LineString", "coordinates": [[2700.7, 5684.0], [2692.8, 5668.6], [2632.7, 5557.2]]}}, {"type": "Feature", "properties": {"name": null, "highway": "service", "trusted": 1.0}, "geometry": {"type": "LineString", "coordinates": [[1809.1, 4573.7], [1792.2, 4600.1], [1775.4, 4626.8]]}}, {"type": "Feature", "properties": {"name": "B\u1ebfn V\u00e2n \u0110\u1ed3n", "highway": "secondary", "trusted": 1.0}, "geometry": {"type": "LineString", "coordinates": [[1626.4, 4405.4], [1692.0, 4469.8]]}}, {"type": "Feature", "properties": {"name": "B\u1ebfn V\u00e2n \u0110\u1ed3n", "highway": "secondary", "trusted": 1.0}, "geometry": {"type": "LineString", "coordinates": [[1692.0, 4469.8], [1730.3, 4505.8], [1782.8, 4551.5], [1809.1, 4573.7], [1853.4, 4607.0], [1922.4, 4660.5], [1954.5, 4684.6], [2027.4, 4739.8], [2053.6, 4759.8], [2190.9, 4868.2], [2205.3, 4879.9], [2230.1, 4900.1], [2298.1, 4954.3], [2358.4, 5008.0]]}}, {"type": "Feature", "properties": {"name": null, "highway": "tertiary", "trusted": 1.0}, "geometry": {"type": "LineString", "coordinates": [[2500.5, 5248.1], [2518.7, 5240.0]]}}, {"type": "Feature", "properties": {"name": "B\u1ebfn V\u00e2n \u0110\u1ed3n", "highway": "secondary", "trusted": 1.0}, "geometry": {"type": "LineString", "coordinates": [[2518.7, 5240.0], [2506.1, 5210.4]]}}, {"type": "Feature", "properties": {"name": "B\u1ebfn V\u00e2n \u0110\u1ed3n", "highway": "secondary", "trusted": 1.0}, "geometry": {"type": "LineString", "coordinates": [[2453.9, 5147.7], [2469.7, 5180.6], [2480.2, 5202.6], [2487.9, 5218.7], [2500.5, 5248.1]]}}, {"type": "Feature", "properties": {"name": "B\u1ebfn V\u00e2n \u0110\u1ed3n", "highway": "secondary", "trusted": 0.8}, "geometry": {"type": "LineString", "coordinates": [[2500.5, 5248.1], [2515.3, 5281.4], [2539.3, 5336.2], [2594.0, 5462.1], [2613.0, 5565.8]]}}, {"type": "Feature", "properties": {"name": "B\u1ebfn V\u00e2n \u0110\u1ed3n", "highway": "secondary", "trusted": 1.0}, "geometry": {"type": "LineString", "coordinates": [[2506.1, 5210.4], [2498.9, 5193.5], [2473.0, 5133.5]]}}, {"type": "Feature", "properties": {"name": "B\u1ebfn V\u00e2n \u0110\u1ed3n", "highway": "secondary", "trusted": 1.0}, "geometry": {"type": "LineString", "coordinates": [[2473.0, 5133.5], [2437.1, 5066.0], [2403.6, 5017.3], [2360.2, 4970.5], [2314.2, 4931.1], [2242.0, 4873.1]]}}, {"type": "Feature", "properties": {"name": null, "highway": "service", "trusted": 1.0}, "geometry": {"type": "LineString", "coordinates": [[2132.3, 5387.5], [2140.0, 5406.3], [2143.3, 5414.5], [2150.2, 5431.3], [2083.9, 5461.4]]}}, {"type": "Feature", "properties": {"name": "Ho\u00e0ng Di\u1ec7u", "highway": "secondary", "trusted": 1.0}, "geometry": {"type": "LineString", "coordinates": [[1493.8, 5688.4], [1478.5, 5653.3], [1454.4, 5598.3], [1412.3, 5505.6], [1405.3, 5491.7], [1397.7, 5479.3]]}}, {"type": "Feature", "properties": {"name": "Ho\u00e0ng Di\u1ec7u", "highway": "secondary", "trusted": 1.0}, "geometry": {"type": "LineString", "coordinates": [[1466.2, 5710.3], [1489.0, 5778.3], [1505.7, 5818.6], [1577.2, 5991.8]]}}, {"type": "Feature", "properties": {"name": "Ho\u00e0ng Di\u1ec7u", "highway": "secondary", "trusted": 1.0}, "geometry": {"type": "LineString", "coordinates": [[1577.2, 5991.8], [1597.4, 6040.7], [1697.9, 6277.7], [1703.3, 6290.2], [1717.4, 6323.9]]}}, {"type": "Feature", "properties": {"name": null, "highway": "tertiary", "trusted": 1.0}, "geometry": {"type": "LineString", "coordinates": [[1466.2, 5710.3], [1475.0, 5701.4], [1484.1, 5694.2], [1493.8, 5688.4]]}}, {"type": "Feature", "properties": {"name": "Ho\u00e0ng Di\u1ec7u", "highway": "secondary", "trusted": 1.0}, "geometry": {"type": "LineString", "coordinates": [[1562.5, 5849.5], [1529.3, 5770.7], [1524.5, 5759.1], [1493.8, 5688.4]]}}, {"type": "Feature", "properties": {"name": "Ho\u00e0ng Di\u1ec7u", "highway": "secondary", "trusted": 1.0}, "geometry": {"type": "LineString", "coordinates": [[1756.0, 6308.0], [1742.1, 6275.3], [1692.8, 6160.0], [1635.3, 6023.8], [1629.1, 6008.9], [1562.5, 5849.5]]}}, {"type": "Feature", "properties": {"name": "Nguy\u1ec5n T\u1ea5t Th\u00e0nh", "highway": "primary", "trusted": 1.0}, "geometry": {"type": "LineString", "coordinates": [[1717.4, 6323.9], [1685.4, 6337.1], [1619.9, 6364.3]]}}, {"type": "Feature", "properties": {"name": null, "highway": "service", "trusted": 1.0}, "geometry": {"type": "LineString", "coordinates": [[1505.7, 5818.6], [1432.1, 5950.3], [1363.2, 6066.2]]}}, {"type": "Feature", "properties": {"name": "Nguy\u1ec5n T\u1ea5t Th\u00e0nh", "highway": "primary", "trusted": 1.0}, "geometry": {"type": "LineString", "coordinates": [[1620.7, 6389.5], [1677.5, 6362.8], [1692.8, 6355.5], [1724.9, 6342.1]]}}, {"type": "Feature", "properties": {"name": "Nguy\u1ec5n T\u1ea5t Th\u00e0nh", "highway": "primary", "trusted": 1.0}, "geometry": {"type": "LineString", "coordinates": [[2260.4, 6076.4], [1804.5, 6287.8], [1787.4, 6294.9], [1756.0, 6308.0]]}}, {"type": "Feature", "properties": {"name": "Nguy\u1ec5n T\u1ea5t Th\u00e0nh", "highway": "primary", "trusted": 1.0}, "geometry": {"type": "LineString", "coordinates": [[1724.9, 6342.1], [1763.7, 6327.0]]}}, {"type": "Feature", "properties": {"name": "V\u00f5 V\u0103n Ki\u1ec7t", "highway": "primary", "trusted": 1.0}, "geometry": {"type": "LineString", "coordinates": [[1378.6, 3330.4], [1348.4, 3296.5], [1319.9, 3266.6]]}}, {"type": "Feature", "properties": {"name": "V\u00f5 V\u0103n Ki\u1ec7t", "highway": "primary", "trusted": 1.0}, "geometry": {"type": "LineString", "coordinates": [[1419.6, 3377.9], [1402.3, 3357.5], [1378.6, 3330.4]]}}, {"type": "Feature", "properties": {"name": "V\u00f5 V\u0103n Ki\u1ec7t", "highway": "primary", "trusted": 1.0}, "geometry": {"type": "LineString", "coordinates": [[1620.4, 3679.2], [1605.1, 3654.5], [1592.4, 3633.7], [1562.8, 3584.8], [1512.4, 3512.2], [1506.8, 3503.9], [1462.5, 3438.4], [1419.6, 3377.9]]}}, {"type": "Feature", "properties": {"name": "V\u00f5 V\u0103n Ki\u1ec7t", "highway": "primary", "trusted": 1.0}, "geometry": {"type": "LineString", "coordinates": [[1829.1, 3938.8], [1714.7, 3773.2]]}}, {"type": "Feature", "properties": {"name": "V\u00f5 V\u0103n Ki\u1ec7t", "highway": "trunk", "trusted": 0.58}, "geometry": {"type": "LineString", "coordinates": [[1297.4, 3286.8], [1285.1, 3276.9], [1214.6, 3228.7], [1049.2, 3119.0], [937.7, 3038.1], [835.6, 2961.3], [734.2, 2876.5], [337.4, 2555.3], [253.8, 2472.2], [154.9, 2355.0], [90.7, 2258.9], [47.3, 2182.7]]}}, {"type": "Feature", "properties": {"name": "V\u00f5 V\u0103n Ki\u1ec7t", "highway": "primary", "trusted": 0.31}, "geometry": {"type": "LineString", "coordinates": [[855.8, 2918.9], [749.3, 2848.1], [664.4, 2773.5], [631.6, 2748.3], [506.8, 2640.0], [414.0, 2562.3], [389.6, 2542.5], [316.0, 2477.3], [247.4, 2406.3], [170.2, 2310.7], [109.9, 2221.6], [51.2, 2121.3], [48.3, 2116.8]]}}, {"type": "Feature", "properties": {"name": "Nguy\u1ec5n T\u1ea5t Th\u00e0nh", "highway": "primary", "trusted": 0.0}, "geometry": {"type": "LineString", "coordinates": [[555.4, 7069.5], [574.4, 7038.5], [623.3, 6958.3]]}}, {"type": "Feature", "properties": {"name": "Nguy\u1ec5n T\u1ea5t Th\u00e0nh", "highway": "primary", "trusted": 0.75}, "geometry": {"type": "LineString", "coordinates": [[831.9, 6639.7], [864.8, 6616.8], [1139.2, 6592.2], [1154.4, 6585.0], [1374.4, 6493.3], [1437.5, 6466.5], [1564.3, 6414.0], [1620.7, 6389.5]]}}, {"type": "Feature", "properties": {"name": "Ng\u00f4 V\u0103n S\u1edf", "highway": "residential", "trusted": 0.0}, "geometry": {"type": "LineString", "coordinates": [[536.5, 7059.1], [555.4, 7069.5]]}}, {"type": "Feature", "properties": {"name": "Nguy\u1ec5n T\u1ea5t Th\u00e0nh", "highway": "primary", "trusted": 0.0}, "geometry": {"type": "LineString", "coordinates": [[816.4, 6613.0], [788.7, 6649.4], [748.9, 6714.1], [736.0, 6735.1], [670.1, 6842.1], [601.2, 6954.9], [555.7, 7027.9], [536.5, 7059.1]]}}, {"type": "Feature", "properties": {"name": "Nguy\u1ec5n T\u1ea5t Th\u00e0nh", "highway": "primary", "trusted": 0.0}, "geometry": {"type": "LineString", "coordinates": [[513.4, 7096.7], [456.1, 7189.7], [446.6, 7205.2], [398.1, 7283.9], [328.0, 7397.8], [291.5, 7457.0], [207.3, 7593.9], [189.7, 7622.5], [150.2, 7686.6], [96.6, 7773.7], [81.2, 7798.8]]}}, {"type": "Feature", "properties": {"name": "Nguy\u1ec5n T\u1ea5t Th\u00e0nh", "highway": "primary", "trusted": 0.0}, "geometry": {"type": "LineString", "coordinates": [[102.1, 7812.1], [117.7, 7786.5], [446.3, 7248.2], [532.5, 7107.0], [555.4, 7069.5]]}}, {"type": "Feature", "properties": {"name": "X\u00f3m Chi\u1ebfu", "highway": "tertiary", "trusted": 0.0}, "geometry": {"type": "LineString", "coordinates": [[81.2, 7798.8], [102.1, 7812.1]]}}, {"type": "Feature", "properties": {"name": "\u0110\u01b0\u1eddng Nguy\u1ec5n T\u1ea5t Th\u00e0nh", "highway": "primary", "trusted": 0.0}, "geometry": {"type": "LineString", "coordinates": [[81.2, 7798.8], [63.0, 7829.7], [25.4, 7893.6], [-39.1, 8003.3]]}}, {"type": "Feature", "properties": {"name": "Nguy\u1ec5n T\u1ea5t Th\u00e0nh", "highway": "primary", "trusted": 0.0}, "geometry": {"type": "LineString", "coordinates": [[-43.3, 8050.1], [83.0, 7843.3], [91.4, 7829.5], [102.1, 7812.1]]}}, {"type": "Feature", "properties": {"name": "Tr\u1ea7n H\u01b0ng \u0110\u1ea1o", "highway": "primary", "trusted": 0.0}, "geometry": {"type": "LineString", "coordinates": [[333.7, 400.2], [251.8, 328.6], [187.1, 272.0], [168.2, 256.0], [107.8, 202.5], [80.0, 178.0], [78.3, 176.5]]}}, {"type": "Feature", "properties": {"name": "Tr\u1ea7n H\u01b0ng \u0110\u1ea1o", "highway": "primary", "trusted": 0.0}, "geometry": {"type": "LineString", "coordinates": [[548.1, 693.4], [563.2, 705.4], [638.7, 773.9], [720.0, 847.2], [747.5, 872.6], [759.8, 883.8], [811.5, 929.0], [859.1, 970.8], [942.7, 1043.6], [953.6, 1053.1], [968.9, 1066.4], [995.7, 1090.8], [1050.3, 1140.5], [1151.4, 1229.4], [1215.0, 1285.3], [1225.9, 1294.9], [1237.0, 1304.6], [1306.8, 1365.4], [1330.7, 1388.3], [1344.0, 1398.9]]}}, {"type": "Feature", "properties": {"name": "Tr\u1ea7n H\u01b0ng \u0110\u1ea1o", "highway": "primary", "trusted": 0.0}, "geometry": {"type": "LineString", "coordinates": [[77.3, 240.3], [137.6, 293.8], [155.7, 309.0], [218.8, 365.5], [299.7, 438.0]]}}, {"type": "Feature", "properties": {"name": "T\u00f4n \u0110\u1ea3n", "highway": "tertiary", "trusted": 0.0}, "geometry": {"type": "LineString", "coordinates": [[341.9, 6337.7], [367.2, 6350.5], [404.5, 6369.3], [475.3, 6408.8], [532.0, 6440.5], [601.9, 6482.2], [627.4, 6497.7], [674.6, 6526.3], [694.6, 6538.3], [793.8, 6596.8], [816.4, 6613.0]]}}, {"type": "Feature", "properties": {"name": null, "highway": "service", "trusted": 0.0}, "geometry": {"type": "LineString", "coordinates": [[363.5, 4384.0], [284.8, 4268.6], [217.1, 4184.0]]}}, {"type": "Feature", "properties": {"name": null, "highway": "residential", "trusted": 0.0}, "geometry": {"type": "LineString", "coordinates": [[173.7, 4515.1], [254.2, 4624.9]]}}, {"type": "Feature", "properties": {"name": null, "highway": "service", "trusted": 1.0}, "geometry": {"type": "LineString", "coordinates": [[1155.2, 4031.5], [1174.1, 4097.0]]}}, {"type": "Feature", "properties": {"name": null, "highway": "service", "trusted": 1.0}, "geometry": {"type": "LineString", "coordinates": [[1097.6, 4031.7], [1077.0, 3977.9], [1070.1, 3973.0], [1060.5, 3973.1], [1040.8, 3980.9], [1036.0, 3986.5], [1034.1, 3995.0], [1035.4, 4004.1], [1048.5, 4049.1]]}}, {"type": "Feature", "properties": {"name": "H\u1ebbm 63 Nguy\u1ec5n H\u1eefu H\u00e0o", "highway": "residential", "trusted": 1.0}, "geometry": {"type": "LineString", "coordinates": [[993.8, 4090.8], [1050.8, 4232.1], [1080.4, 4308.5]]}}, {"type": "Feature", "properties": {"name": "B\u1ebfn V\u00e2n \u0110\u1ed3n", "highway": "secondary", "trusted": 1.0}, "geometry": {"type": "LineString", "coordinates": [[1567.9, 4304.8], [1544.0, 4273.2], [1529.7, 4252.7], [1520.5, 4239.0]]}}, {"type": "Feature", "properties": {"name": "B\u1ebfn V\u00e2n \u0110\u1ed3n", "highway": "secondary", "trusted": 1.0}, "geometry": {"type": "LineString", "coordinates": [[1520.5, 4239.0], [1504.8, 4217.2], [1419.5, 4088.3], [1372.7, 4017.0], [1344.7, 3968.2], [1311.7, 3883.8]]}}, {"type": "Feature", "properties": {"name": null, "highway": "service", "trusted": 1.0}, "geometry": {"type": "LineString", "coordinates": [[2072.1, 5663.9], [2093.8, 5652.7], [2099.7, 5649.7], [2134.9, 5631.6]]}}, {"type": "Feature", "properties": {"name": null, "highway": "service", "trusted": 1.0}, "geometry": {"type": "LineString", "coordinates": [[1434.3, 6271.5], [1442.7, 6256.2], [1486.4, 6175.6], [1511.5, 6189.1], [1515.6, 6196.0], [1523.2, 6202.1], [1545.0, 6209.8]]}}, {"type": "Feature", "properties": {"name": "Ho\u00e0ng Di\u1ec7u", "highway": "secondary", "trusted": 1.0}, "geometry": {"type": "LineString", "coordinates": [[1375.7, 5497.7], [1378.6, 5507.3], [1385.3, 5522.0], [1451.4, 5666.6], [1466.2, 5710.3]]}}, {"type": "Feature", "properties": {"name": null, "highway": "service", "trusted": 1.0}, "geometry": {"type": "LineString", "coordinates": [[1774.6, 4893.5], [1707.0, 4840.2]]}}, {"type": "Feature", "properties": {"name": null, "highway": "service", "trusted": 1.0}, "geometry": {"type": "LineString", "coordinates": [[1954.5, 4684.6], [1929.4, 4721.2], [1928.3, 4728.1], [1931.7, 4735.2], [1989.9, 4779.4], [1997.0, 4780.2], [2002.6, 4776.2], [2027.4, 4739.8]]}}, {"type": "Feature", "properties": {"name": null, "highway": "service", "trusted": 1.0}, "geometry": {"type": "LineString", "coordinates": [[2192.8, 5359.1], [2205.8, 5389.3], [2214.2, 5408.9], [2305.6, 5622.1]]}}, {"type": "Feature", "properties": {"name": null, "highway": "service", "trusted": 1.0}, "geometry": {"type": "LineString", "coordinates": [[1242.7, 5313.5], [1194.6, 5355.9], [1182.7, 5374.9]]}}, {"type": "Feature", "properties": {"name": "H\u1ebbm 83 Ho\u00e0ng Di\u1ec7u", "highway": "service", "trusted": 1.0}, "geometry": {"type": "LineString", "coordinates": [[1116.8, 5330.9], [1182.7, 5374.9], [1252.6, 5425.6]]}}, {"type": "Feature", "properties": {"name": "C\u1ea7u Calmette", "highway": "secondary", "trusted": 1.0}, "geometry": {"type": "LineString", "coordinates": [[1361.9, 4882.7], [1278.1, 5013.0]]}}, {"type": "Feature", "properties": {"name": "C\u1ea7u Calmette", "highway": "secondary", "trusted": 1.0}, "geometry": {"type": "LineString", "coordinates": [[1298.8, 5041.0], [1384.6, 4897.3], [1385.1, 4896.5]]}}, {"type": "Feature", "properties": {"name": null, "highway": "service", "trusted": 1.0}, "geometry": {"type": "LineString", "coordinates": [[1035.1, 5010.5], [1092.5, 4952.9]]}}, {"type": "Feature", "properties": {"name": "C\u1ea7u \u00d4ng L\u00e3nh", "highway": "primary", "trusted": 0.5}, "geometry": {"type": "LineString", "coordinates": [[511.8, 3987.0], [641.8, 4001.3]]}}, {"type": "Feature", "properties": {"name": null, "highway": "service", "trusted": 1.0}, "geometry": {"type": "LineString", "coordinates": [[797.5, 3912.8], [813.4, 3935.3], [832.9, 3969.3], [886.3, 4121.5]]}}, {"type": "Feature", "properties": {"name": null, "highway": "residential", "trusted": 1.0}, "geometry": {"type": "LineString", "coordinates": [[715.8, 4003.1], [815.7, 4153.2]]}}, {"type": "Feature", "properties": {"name": null, "highway": "service", "trusted": 1.0}, "geometry": {"type": "LineString", "coordinates": [[1114.5, 3859.7], [1240.1, 3794.9], [1250.7, 3789.6]]}}, {"type": "Feature", "properties": {"name": "H\u1ebbm 50 \u0110o\u00e0n V\u0103n B\u01a1", "highway": "service", "trusted": 1.0}, "geometry": {"type": "LineString", "coordinates": [[1288.0, 4652.2], [1173.9, 4566.3]]}}, {"type": "Feature", "properties": {"name": "V\u0129nh Kh\u00e1nh", "highway": "tertiary", "trusted": 1.0}, "geometry": {"type": "LineString", "coordinates": [[1069.9, 4686.3], [1068.7, 4669.0], [1066.1, 4656.9], [1056.4, 4641.6]]}}, {"type": "Feature", "properties": {"name": null, "highway": "service", "trusted": 1.0}, "geometry": {"type": "LineString", "coordinates": [[827.2, 4513.6], [750.4, 4404.3]]}}, {"type": "Feature", "properties": {"name": null, "highway": "service", "trusted": 1.0}, "geometry": {"type": "LineString", "coordinates": [[1185.5, 4555.6], [1162.4, 4516.6], [1142.2, 4462.5]]}}, {"type": "Feature", "properties": {"name": null, "highway": "service", "trusted": 0.0}, "geometry": {"type": "LineString", "coordinates": [[190.7, 4986.2], [237.5, 5048.0]]}}, {"type": "Feature", "properties": {"name": null, "highway": "service", "trusted": 0.0}, "geometry": {"type": "LineString", "coordinates": [[397.6, 4859.8], [349.6, 4794.6]]}}, {"type": "Feature", "properties": {"name": "Ho\u00e0ng Di\u1ec7u", "highway": "primary", "trusted": 0.0}, "geometry": {"type": "LineString", "coordinates": [[325.2, 4065.2], [344.3, 4094.3]]}}, {"type": "Feature", "properties": {"name": null, "highway": "service", "trusted": 0.0}, "geometry": {"type": "LineString", "coordinates": [[246.4, 6098.5], [196.0, 6058.0], [113.5, 6057.0]]}}, {"type": "Feature", "properties": {"name": null, "highway": "service", "trusted": 0.0}, "geometry": {"type": "LineString", "coordinates": [[371.6, 5877.0], [298.6, 5825.7]]}}, {"type": "Feature", "properties": {"name": null, "highway": "service", "trusted": 0.0}, "geometry": {"type": "LineString", "coordinates": [[256.6, 5367.0], [334.3, 5310.7]]}}, {"type": "Feature", "properties": {"name": "\u0110o\u00e0n V\u0103n B\u01a1", "highway": "tertiary", "trusted": 0.0}, "geometry": {"type": "LineString", "coordinates": [[341.9, 6337.7], [399.7, 6247.8], [416.7, 6221.3], [475.5, 6129.9], [496.8, 6096.8], [510.5, 6075.4], [537.5, 6033.6], [564.5, 5991.5], [567.4, 5987.0], [594.2, 5945.4], [650.6, 5857.7], [659.8, 5843.3], [746.0, 5709.3], [770.9, 5670.7], [799.6, 5626.0], [826.3, 5584.5], [861.8, 5529.3]]}}, {"type": "Feature", "properties": {"name": null, "highway": "service", "trusted": 0.0}, "geometry": {"type": "LineString", "coordinates": [[204.9, 6277.1], [242.0, 6209.6]]}}, {"type": "Feature", "properties": {"name": "\u0110o\u00e0n V\u0103n B\u01a1", "highway": "tertiary", "trusted": 0.0}, "geometry": {"type": "LineString", "coordinates": [[321.0, 6328.1], [209.0, 6531.0], [207.5, 6533.8]]}}, {"type": "Feature", "properties": {"name": null, "highway": "service", "trusted": 0.0}, "geometry": {"type": "LineString", "coordinates": [[191.0, 6271.0], [162.8, 6330.5]]}}, {"type": "Feature", "properties": {"name": "Tr\u1ea7n H\u01b0ng \u0110\u1ea1o", "highway": "primary", "trusted": 0.0}, "geometry": {"type": "LineString", "coordinates": [[2543.1, 2377.6], [2389.3, 2242.2], [2294.0, 2158.3], [2269.7, 2136.8], [2230.2, 2102.1], [2203.0, 2078.1], [2100.2, 1987.7], [1949.0, 1854.6], [1899.3, 1810.7], [1847.6, 1765.2], [1796.0, 1719.7], [1739.5, 1670.0], [1671.1, 1609.8], [1663.8, 1603.4], [1616.1, 1561.4]]}}, {"type": "Feature", "properties": {"name": "Tr\u1ea7n H\u01b0ng \u0110\u1ea1o", "highway": "primary", "trusted": 0.0}, "geometry": {"type": "LineString", "coordinates": [[2665.7, 2525.3], [2675.4, 2532.5], [2680.3, 2536.2]]}}, {"type": "Feature", "properties": {"name": "Nguy\u1ec5n Th\u00e1i H\u1ecdc", "highway": "primary", "trusted": 0.0}, "geometry": {"type": "LineString", "coordinates": [[2728.4, 2470.5], [2735.1, 2466.7], [2998.8, 2313.7], [3012.8, 2305.6], [3045.1, 2287.9]]}}, {"type": "Feature", "properties": {"name": "Nguy\u1ec5n Th\u00e1i H\u1ecdc", "highway": "primary", "trusted": 0.0}, "geometry": {"type": "LineString", "coordinates": [[2612.4, 2538.7], [2641.4, 2535.3]]}}, {"type": "Feature", "properties": {"name": null, "highway": "service", "trusted": 0.25}, "geometry": {"type": "LineString", "coordinates": [[2382.6, 2643.6], [2372.8, 2578.2], [2313.3, 2468.0], [2279.1, 2485.9]]}}, {"type": "Feature", "properties": {"name": "H\u1ebbm 125 \u0110o\u00e0n V\u0103n B\u01a1", "highway": "service", "trusted": 0.0}, "geometry": {"type": "LineString", "coordinates": [[-13.7, 6937.3], [48.4, 7009.3], [84.5, 7035.8], [77.0, 7060.1], [73.8, 7080.7], [79.6, 7108.8], [41.7, 7213.1], [36.5, 7221.1], [9.6, 7273.2]]}}, {"type": "Feature", "properties": {"name": "H\u1ebbm 490 \u0110o\u00e0n V\u0103n B\u01a1", "highway": "service", "trusted": 0.0}, "geometry": {"type": "LineString", "coordinates": [[12.0, 6896.1], [-25.0, 6869.8]]}}, {"type": "Feature", "properties": {"name": "H\u1ebbm 490/4 \u0110o\u00e0n V\u0103n B\u01a1", "highway": "service", "trusted": 0.0}, "geometry": {"type": "LineString", "coordinates": [[49.3, 6731.4], [19.8, 6768.3], [-24.3, 6825.1]]}}, {"type": "Feature", "properties": {"name": null, "highway": "service", "trusted": 0.0}, "geometry": {"type": "LineString", "coordinates": [[531.5, 5169.1], [450.2, 5065.0]]}}, {"type": "Feature", "properties": {"name": null, "highway": "service", "trusted": 0.0}, "geometry": {"type": "LineString", "coordinates": [[576.6, 5137.4], [496.4, 5044.2]]}}, {"type": "Feature", "properties": {"name": null, "highway": "service", "trusted": 0.0}, "geometry": {"type": "LineString", "coordinates": [[481.9, 5204.1], [574.0, 5329.0], [616.8, 5337.1], [640.2, 5320.7]]}}, {"type": "Feature", "properties": {"name": null, "highway": "service", "trusted": 0.0}, "geometry": {"type": "LineString", "coordinates": [[10860.0, 1048.0], [10919.0, 1056.4]]}}, {"type": "Feature", "properties": {"name": "H\u1ebbm 27/25 Tr\u1ea7n Kh\u1eafc Ch\u00e2n", "highway": "service", "trusted": 0.0}, "geometry": {"type": "LineString", "coordinates": [[10854.8, 1161.5], [10839.9, 1113.9], [10841.9, 1083.8], [10847.6, 1064.8], [10860.0, 1048.0]]}}, {"type": "Feature", "properties": {"name": null, "highway": "service", "trusted": 0.0}, "geometry": {"type": "LineString", "coordinates": [[11006.3, 1142.2], [11055.4, 1134.8], [11112.0, 1126.1], [11137.0, 1122.0]]}}, {"type": "Feature", "properties": {"name": "H\u1ebbm 27/46 \u0110i\u1ec7n Bi\u00ean Ph\u1ee7", "highway": "service", "trusted": 0.0}, "geometry": {"type": "LineString", "coordinates": [[11553.9, 4105.5], [11538.3, 4119.1], [11464.5, 4099.4], [11388.7, 4085.9]]}}, {"type": "Feature", "properties": {"name": "Nguy\u1ec5n T\u1ea5t Th\u00e0nh", "highway": "primary", "trusted": 0.0}, "geometry": {"type": "LineString", "coordinates": [[623.3, 6958.3], [808.1, 6667.9], [831.9, 6639.7]]}}, {"type": "Feature", "properties": {"name": "\u0110\u01b0\u1eddng Nguy\u1ec5n T\u1ea5t Th\u00e0nh", "highway": "primary", "trusted": 0.0}, "geometry": {"type": "LineString", "coordinates": [[536.5, 7059.1], [513.4, 7096.7]]}}, {"type": "Feature", "properties": {"name": null, "highway": "residential", "trusted": 1.0}, "geometry": {"type": "LineString", "coordinates": [[1564.3, 6414.0], [1587.2, 6462.7], [1619.9, 6506.2]]}}, {"type": "Feature", "properties": {"name": null, "highway": "service", "trusted": 1.0}, "geometry": {"type": "LineString", "coordinates": [[1154.4, 6585.0], [1233.6, 6666.1]]}}, {"type": "Feature", "properties": {"name": null, "highway": "service", "trusted": 1.0}, "geometry": {"type": "LineString", "coordinates": [[1173.3, 6650.9], [1182.7, 6686.7]]}}, {"type": "Feature", "properties": {"name": "Nguy\u1ec5n T\u1ea5t Th\u00e0nh", "highway": "primary", "trusted": 1.0}, "geometry": {"type": "LineString", "coordinates": [[1756.0, 6308.0], [1717.4, 6323.9]]}}, {"type": "Feature", "properties": {"name": null, "highway": "residential", "trusted": 1.0}, "geometry": {"type": "LineString", "coordinates": [[1620.7, 6389.5], [1627.6, 6406.0], [1660.9, 6483.1]]}}, {"type": "Feature", "properties": {"name": null, "highway": "service", "trusted": 1.0}, "geometry": {"type": "LineString", "coordinates": [[1139.2, 6592.2], [1173.3, 6650.9]]}}, {"type": "Feature", "properties": {"name": null, "highway": "service", "trusted": 0.67}, "geometry": {"type": "LineString", "coordinates": [[1090.4, 6583.9], [1084.1, 6567.3], [990.3, 6425.4]]}}, {"type": "Feature", "properties": {"name": null, "highway": "residential", "trusted": 0.0}, "geometry": {"type": "LineString", "coordinates": [[953.4, 6549.4], [945.4, 6530.7], [913.3, 6455.5]]}}, {"type": "Feature", "properties": {"name": "Nguy\u1ec5n T\u1ea5t Th\u00e0nh", "highway": "secondary", "trusted": 0.0}, "geometry": {"type": "LineString", "coordinates": [[2639.2, 5858.7], [2663.7, 5855.3], [2736.1, 5823.5], [2747.1, 5812.4]]}}, {"type": "Feature", "properties": {"name": "Nguy\u1ec5n T\u1ea5t Th\u00e0nh", "highway": "secondary", "trusted": 0.0}, "geometry": {"type": "LineString", "coordinates": [[2747.1, 5812.4], [2731.2, 5813.5], [2660.5, 5843.7], [2639.2, 5858.7]]}}, {"type": "Feature", "properties": {"name": "Nguy\u1ec5n T\u1ea5t Th\u00e0nh", "highway": "secondary", "trusted": 0.67}, "geometry": {"type": "LineString", "coordinates": [[2517.0, 5944.3], [2554.5, 5953.6], [2619.4, 5867.5]]}}, {"type": "Feature", "properties": {"name": "B\u1ebfn V\u00e2n \u0110\u1ed3n", "highway": "secondary", "trusted": 0.0}, "geometry": {"type": "LineString", "coordinates": [[2613.0, 5565.8], [2674.3, 5678.1], [2679.0, 5696.9]]}}, {"type": "Feature", "properties": {"name": "B\u1ebfn V\u00e2n \u0110\u1ed3n", "highway": "secondary", "trusted": 0.6}, "geometry": {"type": "LineString", "coordinates": [[2632.7, 5557.2], [2572.1, 5440.2], [2539.7, 5286.7], [2533.2, 5272.5], [2518.7, 5240.0]]}}, {"type": "Feature", "properties": {"name": "C\u1ea7u Calmette", "highway": "secondary", "trusted": 1.0}, "geometry": {"type": "LineString", "coordinates": [[1709.4, 4366.2], [1615.3, 4479.4], [1504.8, 4649.5], [1378.2, 4854.1], [1361.9, 4882.7]]}}, {"type": "Feature", "properties": {"name": "C\u1ea7u Calmette", "highway": "secondary", "trusted": 1.0}, "geometry": {"type": "LineString", "coordinates": [[2339.1, 3900.6], [2118.3, 4057.0], [2013.2, 4131.7], [1850.4, 4246.7]]}}, {"type": "Feature", "properties": {"name": "C\u1ea7u Calmette", "highway": "secondary", "trusted": 1.0}, "geometry": {"type": "LineString", "coordinates": [[2256.3, 3996.1], [2356.3, 3922.4]]}}, {"type": "Feature", "properties": {"name": "C\u1ea7u Calmette", "highway": "secondary", "trusted": 1.0}, "geometry": {"type": "LineString", "coordinates": [[1868.7, 4267.3], [2005.3, 4162.0], [2256.3, 3996.1]]}}, {"type": "Feature", "properties": {"name": null, "highway": "service", "trusted": 1.0}, "geometry": {"type": "LineString", "coordinates": [[2633.6, 3586.5], [2687.7, 3656.7]]}}, {"type": "Feature", "properties": {"name": null, "highway": "service", "trusted": 1.0}, "geometry": {"type": "LineString", "coordinates": [[2450.5, 3273.0], [2465.6, 3258.8], [2485.8, 3239.6], [2546.4, 3182.1]]}}, {"type": "Feature", "properties": {"name": null, "highway": "service", "trusted": 1.0}, "geometry": {"type": "LineString", "coordinates": [[2008.5, 3453.7], [1907.0, 3519.2]]}}, {"type": "Feature", "properties": {"name": "H\u1ebbm 78 \u0110o\u00e0n V\u0103n B\u01a1", "highway": "service", "trusted": 1.0}, "geometry": {"type": "LineString", "coordinates": [[1127.0, 4772.8], [1209.1, 4835.3], [1317.4, 4910.1]]}}, {"type": "Feature", "properties": {"name": "H\u1ebbm 98 \u0110o\u00e0n V\u0103n B\u01a1", "highway": "service", "trusted": 1.0}, "geometry": {"type": "LineString", "coordinates": [[1061.1, 4869.4], [1144.8, 4931.1], [1151.2, 4935.7], [1270.0, 5025.8]]}}, {"type": "Feature", "properties": {"name": "H\u1ebbm 88 \u0110o\u00e0n V\u0103n B\u01a1", "highway": "service", "trusted": 1.0}, "geometry": {"type": "LineString", "coordinates": [[1285.4, 4962.1], [1176.5, 4883.2], [1095.1, 4824.4]]}}, {"type": "Feature", "properties": {"name": "Ho\u00e0ng Di\u1ec7u", "highway": "secondary", "trusted": 1.0}, "geometry": {"type": "LineString", "coordinates": [[1397.7, 5479.3], [1372.8, 5445.0], [1306.8, 5359.8], [1278.1, 5315.3], [1212.6, 5232.8], [1174.1, 5184.5]]}}, {"type": "Feature", "properties": {"name": "Ho\u00e0ng Di\u1ec7u", "highway": "secondary", "trusted": 1.0}, "geometry": {"type": "LineString", "coordinates": [[1154.4, 5202.3], [1193.2, 5250.7], [1242.7, 5313.5], [1299.7, 5391.3], [1352.7, 5461.9], [1361.9, 5477.4], [1375.7, 5497.7]]}}, {"type": "Feature", "properties": {"name": null, "highway": "service", "trusted": 1.0}, "geometry": {"type": "LineString", "coordinates": [[1601.0, 4689.7], [1664.8, 4743.6]]}}, {"type": "Feature", "properties": {"name": "H\u1ebbm 154 L\u00ea Qu\u1ed1c H\u01b0ng", "highway": "service", "trusted": 1.0}, "geometry": {"type": "LineString", "coordinates": [[1079.8, 5691.2], [1183.0, 5757.5]]}}, {"type": "Feature", "properties": {"name": null, "highway": "service", "trusted": 0.0}, "geometry": {"type": "LineString", "coordinates": [[594.9, 5822.5], [650.6, 5857.7]]}}, {"type": "Feature", "properties": {"name": "H\u1ebbm 303 \u0110\u01b0\u1eddng \u0110o\u00e0n V\u0103n B\u01a1", "highway": "service", "trusted": 0.0}, "geometry": {"type": "LineString", "coordinates": [[510.5, 6075.4], [579.1, 6114.1], [609.6, 6130.8], [718.3, 6205.0], [741.0, 6206.5], [751.4, 6215.6], [751.4, 6224.6], [775.3, 6238.0]]}}, {"type": "Feature", "properties": {"name": null, "highway": "service", "trusted": 0.0}, "geometry": {"type": "LineString", "coordinates": [[399.7, 6247.8], [347.9, 6211.3], [359.0, 6186.4]]}}, {"type": "Feature", "properties": {"name": null, "highway": "service", "trusted": 0.0}, "geometry": {"type": "LineString", "coordinates": [[564.5, 5991.5], [513.6, 5950.9]]}}, {"type": "Feature", "properties": {"name": null, "highway": "service", "trusted": 0.0}, "geometry": {"type": "LineString", "coordinates": [[539.9, 5910.7], [594.2, 5945.4]]}}, {"type": "Feature", "properties": {"name": null, "highway": "service", "trusted": 0.0}, "geometry": {"type": "LineString", "coordinates": [[8.1, 6209.0], [-15.5, 6248.9]]}}, {"type": "Feature", "properties": {"name": "H\u1ebbm 100 T\u00f4n \u0110\u1ea3n", "highway": "service", "trusted": 0.0}, "geometry": {"type": "LineString", "coordinates": [[-14.4, 6178.1], [9.1, 6084.8], [-12.7, 6069.8]]}}, {"type": "Feature", "properties": {"name": null, "highway": "service", "trusted": 0.0}, "geometry": {"type": "LineString", "coordinates": [[106.2, 6240.4], [121.3, 6189.8]]}}, {"type": "Feature", "properties": {"name": null, "highway": "service", "trusted": 0.0}, "geometry": {"type": "LineString", "coordinates": [[227.4, 6287.0], [204.7, 6352.7], [159.8, 6424.6]]}}, {"type": "Feature", "properties": {"name": null, "highway": "service", "trusted": 1.0}, "geometry": {"type": "LineString", "coordinates": [[2089.2, 2814.4], [2072.4, 2777.8], [2037.6, 2718.6]]}}, {"type": "Feature", "properties": {"name": "C\u1ea7u \u00d4ng L\u00e3nh", "highway": "primary", "trusted": 1.0}, "geometry": {"type": "LineString", "coordinates": [[1759.6, 3017.4], [1709.3, 3052.0]]}}, {"type": "Feature", "properties": {"name": "Nguy\u1ec5n Th\u00e1i H\u1ecdc", "highway": "primary", "trusted": 1.0}, "geometry": {"type": "LineString", "coordinates": [[2052.8, 2834.9], [1989.9, 2879.1], [1878.9, 2942.5], [1849.6, 2960.6], [1822.8, 2977.1], [1802.7, 2989.6], [1782.5, 3002.2], [1759.6, 3017.4]]}}, {"type": "Feature", "properties": {"name": "Nguy\u1ec5n Th\u00e1i H\u1ecdc", "highway": "primary", "trusted": 0.5}, "geometry": {"type": "LineString", "coordinates": [[2415.4, 2665.5], [2612.4, 2538.7]]}}, {"type": "Feature", "properties": {"name": "Nguy\u1ec5n Th\u00e1i H\u1ecdc", "highway": "primary", "trusted": 1.0}, "geometry": {"type": "LineString", "coordinates": [[2382.6, 2643.6], [2324.5, 2680.3], [2303.1, 2692.7]]}}, {"type": "Feature", "properties": {"name": null, "highway": "service", "trusted": 1.0}, "geometry": {"type": "LineString", "coordinates": [[1704.4, 3032.3], [1673.2, 2973.2], [1660.7, 2948.0]]}}, {"type": "Feature", "properties": {"name": null, "highway": "service", "trusted": 1.0}, "geometry": {"type": "LineString", "coordinates": [[1759.6, 3017.4], [1703.1, 2923.4]]}}, {"type": "Feature", "properties": {"name": null, "highway": "service", "trusted": 1.0}, "geometry": {"type": "LineString", "coordinates": [[1782.5, 3002.2], [1731.4, 2905.1]]}}, {"type": "Feature", "properties": {"name": null, "highway": "service", "trusted": 1.0}, "geometry": {"type": "LineString", "coordinates": [[1802.7, 2989.6], [1746.8, 2895.7]]}}, {"type": "Feature", "properties": {"name": null, "highway": "service", "trusted": 1.0}, "geometry": {"type": "LineString", "coordinates": [[1822.8, 2977.1], [1779.2, 2907.4]]}}, {"type": "Feature", "properties": {"name": null, "highway": "service", "trusted": 1.0}, "geometry": {"type": "LineString", "coordinates": [[1849.6, 2960.6], [1794.3, 2866.4]]}}, {"type": "Feature", "properties": {"name": "H\u1ebbm 17 C\u00f4 Giang", "highway": "service", "trusted": 1.0}, "geometry": {"type": "LineString", "coordinates": [[1544.9, 3009.4], [1484.1, 3057.4]]}}, {"type": "Feature", "properties": {"name": "H\u1ebbm 17 C\u00f4 Giang", "highway": "service", "trusted": 1.0}, "geometry": {"type": "LineString", "coordinates": [[1596.0, 2976.7], [1584.6, 2983.9], [1544.9, 3009.4]]}}, {"type": "Feature", "properties": {"name": "\u00d0\u1ec1 Th\u00e1m", "highway": "residential", "trusted": 1.0}, "geometry": {"type": "LineString", "coordinates": [[1668.6, 2379.7], [1639.0, 2397.7], [1556.5, 2448.2], [1527.3, 2465.0], [1430.4, 2520.3], [1409.0, 2532.6], [1359.3, 2561.1], [1309.7, 2589.7], [1284.3, 2606.3]]}}, {"type": "Feature", "properties": {"name": null, "highway": "service", "trusted": 1.0}, "geometry": {"type": "LineString", "coordinates": [[1486.1, 2835.4], [1616.9, 2753.2]]}}, {"type": "Feature", "properties": {"name": null, "highway": "service", "trusted": 1.0}, "geometry": {"type": "LineString", "coordinates": [[998.3, 2148.6], [964.6, 2172.4], [942.0, 2189.3]]}}, {"type": "Feature", "properties": {"name": "H\u1ebbm 103 C\u00f4 Giang", "highway": "service", "trusted": 1.0}, "geometry": {"type": "LineString", "coordinates": [[1010.6, 2631.8], [1180.6, 2483.3]]}}, {"type": "Feature", "properties": {"name": null, "highway": "service", "trusted": 0.0}, "geometry": {"type": "LineString", "coordinates": [[879.8, 1978.8], [786.6, 1868.6]]}}, {"type": "Feature", "properties": {"name": "H\u1ebbm 203 \u0110\u01b0\u1eddng C\u00f4 Giang", "highway": "service", "trusted": 0.0}, "geometry": {"type": "LineString", "coordinates": [[393.2, 1657.9], [442.7, 1615.6]]}}, {"type": "Feature", "properties": {"name": null, "highway": "service", "trusted": 0.0}, "geometry": {"type": "LineString", "coordinates": [[629.8, 1333.0], [587.6, 1269.3]]}}, {"type": "Feature", "properties": {"name": null, "highway": "residential", "trusted": 0.0}, "geometry": {"type": "LineString", "coordinates": [[488.2, 1458.0], [414.9, 1371.3]]}}, {"type": "Feature", "properties": {"name": null, "highway": "service", "trusted": 0.0}, "geometry": {"type": "LineString", "coordinates": [[411.4, 1531.7], [377.1, 1496.2]]}}, {"type": "Feature", "properties": {"name": "C\u00f4 B\u1eafc", "highway": "residential", "trusted": 0.43}, "geometry": {"type": "LineString", "coordinates": [[1620.4, 2319.8], [1596.1, 2290.1], [1564.1, 2248.8], [1555.6, 2238.4], [1518.8, 2193.8], [1494.8, 2164.9], [1415.9, 2044.0], [1365.2, 1980.3], [1335.9, 1943.4], [1330.1, 1936.2], [1316.5, 1918.3], [1201.3, 1781.0], [1194.3, 1773.9], [1183.4, 1760.2]]}}, {"type": "Feature", "properties": {"name": null, "highway": "service", "trusted": 0.0}, "geometry": {"type": "LineString", "coordinates": [[1093.4, 1650.6], [1151.8, 1608.3]]}}, {"type": "Feature", "properties": {"name": null, "highway": "residential", "trusted": 0.0}, "geometry": {"type": "LineString", "coordinates": [[994.1, 1420.9], [953.7, 1452.6]]}}, {"type": "Feature", "properties": {"name": null, "highway": "residential", "trusted": 0.0}, "geometry": {"type": "LineString", "coordinates": [[953.7, 1452.6], [938.9, 1462.9]]}}, {"type": "Feature", "properties": {"name": null, "highway": "residential", "trusted": 0.0}, "geometry": {"type": "LineString", "coordinates": [[1068.4, 1362.4], [994.1, 1420.9]]}}, {"type": "Feature", "properties": {"name": "\u0110\u01b0\u1eddng C\u00f4 B\u1eafc", "highway": "residential", "trusted": 1.0}, "geometry": {"type": "LineString", "coordinates": [[1668.6, 2379.7], [1649.1, 2354.3], [1620.4, 2319.8]]}}, {"type": "Feature", "properties": {"name": null, "highway": "service", "trusted": 1.0}, "geometry": {"type": "LineString", "coordinates": [[1620.4, 2319.8], [1581.0, 2347.3], [1605.1, 2375.4]]}}, {"type": "Feature", "properties": {"name": "\u00d0\u1ec1 Th\u00e1m", "highway": "residential", "trusted": 0.75}, "geometry": {"type": "LineString", "coordinates": [[2212.8, 2159.1], [2100.2, 2189.5], [2007.2, 2265.0], [1903.6, 2298.9], [1837.5, 2321.6], [1792.0, 2337.2], [1692.0, 2371.6], [1668.6, 2379.7]]}}, {"type": "Feature", "properties": {"name": null, "highway": "service", "trusted": 1.0}, "geometry": {"type": "LineString", "coordinates": [[1891.3, 2637.8], [1819.8, 2680.1]]}}, {"type": "Feature", "properties": {"name": "H\u1ebbm 48 C\u00f4 B\u1eafc", "highway": "service", "trusted": 1.0}, "geometry": {"type": "LineString", "coordinates": [[1804.3, 2533.1], [1842.3, 2508.6], [1845.4, 2506.2], [1848.1, 2503.7], [1848.5, 2501.6], [1848.4, 2499.6], [1846.6, 2493.4], [1846.1, 2490.3], [1847.1, 2488.2], [1870.4, 2474.6], [1872.8, 2474.6], [1875.2, 2478.9], [1877.6, 2480.3], [1888.1, 2476.3]]}}, {"type": "Feature", "properties": {"name": "Ho\u00e0ng Di\u1ec7u", "highway": "primary", "trusted": 0.0}, "geometry": {"type": "LineString", "coordinates": [[351.0, 4049.5], [331.3, 4018.5], [203.6, 3843.5]]}}, {"type": "Feature", "properties": {"name": "C\u00e1ch M\u1ea1ng Th\u00e1ng T\u00e1m", "highway": "primary", "trusted": 1.0}, "geometry": {"type": "LineString", "coordinates": [[4384.7, 804.8], [4424.8, 735.4], [4442.7, 703.2]]}}, {"type": "Feature", "properties": {"name": "Nguy\u1ec5n Th\u1ecb Ngh\u0129a", "highway": "primary", "trusted": 0.0}, "geometry": {"type": "LineString", "coordinates": [[3279.8, 2163.2], [3328.1, 2135.0], [3349.2, 2121.9]]}}, {"type": "Feature", "properties": {"name": "V\u00f5 V\u0103n Ki\u1ec7t", "highway": "trunk", "trusted": 1.0}, "geometry": {"type": "LineString", "coordinates": [[1781.1, 3975.9], [1724.5, 3887.8], [1698.0, 3846.1]]}}, {"type": "Feature", "properties": {"name": null, "highway": "service", "trusted": 1.0}, "geometry": {"type": "LineString", "coordinates": [[1650.8, 3563.6], [1587.1, 3468.3], [1583.8, 3463.1], [1565.0, 3432.5], [1561.4, 3426.5]]}}, {"type": "Feature", "properties": {"name": "Tr\u1ea7n H\u01b0ng \u0110\u1ea1o", "highway": "primary", "trusted": 0.0}, "geometry": {"type": "LineString", "coordinates": [[3248.7, 3015.8], [3224.0, 2960.9], [3101.7, 2848.8], [3075.2, 2825.1]]}}, {"type": "Feature", "properties": {"name": null, "highway": "service", "trusted": 0.0}, "geometry": {"type": "LineString", "coordinates": [[2783.8, 2791.3], [2839.4, 2922.7]]}}, {"type": "Feature", "properties": {"name": null, "highway": "residential", "trusted": 1.0}, "geometry": {"type": "LineString", "coordinates": [[3297.7, 3821.9], [3351.3, 3903.4]]}}, {"type": "Feature", "properties": {"name": "H\u1ebbm 30 Ph\u00f3 \u0110\u1ee9c Ch\u00ednh", "highway": "residential", "trusted": 1.0}, "geometry": {"type": "LineString", "coordinates": [[2833.2, 4098.1], [2849.8, 4120.4], [2888.0, 4169.6]]}}, {"type": "Feature", "properties": {"name": null, "highway": "service", "trusted": 1.0}, "geometry": {"type": "LineString", "coordinates": [[2765.7, 4321.0], [2807.4, 4293.7], [2950.4, 4201.9]]}}, {"type": "Feature", "properties": {"name": null, "highway": "service", "trusted": 0.0}, "geometry": {"type": "LineString", "coordinates": [[2904.7, 5173.6], [2889.1, 5178.2]]}}, {"type": "Feature", "properties": {"name": "H\u1ebbm 63 Pasteur", "highway": "service", "trusted": 1.0}, "geometry": {"type": "LineString", "coordinates": [[4913.4, 4212.7], [4908.6, 4190.3], [4850.6, 4117.3]]}}, {"type": "Feature", "properties": {"name": null, "highway": "service", "trusted": 0.0}, "geometry": {"type": "LineString", "coordinates": [[4485.8, 3510.5], [4444.7, 3552.5]]}}, {"type": "Feature", "properties": {"name": "L\u00ea Lai", "highway": "secondary", "trusted": 0.0}, "geometry": {"type": "LineString", "coordinates": [[3349.2, 2121.9], [3336.7, 2091.0]]}}, {"type": "Feature", "properties": {"name": "\u00d0\u1ec1 Th\u00e1m", "highway": "residential", "trusted": 0.0}, "geometry": {"type": "LineString", "coordinates": [[2289.2, 2129.9], [2311.0, 2118.6], [2435.6, 2054.2], [2455.5, 2043.9]]}}, {"type": "Feature", "properties": {"name": null, "highway": "service", "trusted": 1.0}, "geometry": {"type": "LineString", "coordinates": [[1359.3, 2561.1], [1410.7, 2628.1]]}}, {"type": "Feature", "properties": {"name": null, "highway": "service", "trusted": 1.0}, "geometry": {"type": "LineString", "coordinates": [[1430.4, 2520.3], [1481.9, 2587.7]]}}, {"type": "Feature", "properties": {"name": "H\u1ebbm 148 \u00d0\u1ec1 Th\u00e1m", "highway": "residential", "trusted": 1.0}, "geometry": {"type": "LineString", "coordinates": [[1792.0, 2337.2], [1795.7, 2349.7], [1813.7, 2411.0]]}}, {"type": "Feature", "properties": {"name": "H\u1ebbm 2E \u0110\u1ec1 Th\u00e1m", "highway": "service", "trusted": 1.0}, "geometry": {"type": "LineString", "coordinates": [[953.5, 2815.9], [1010.3, 2865.6]]}}, {"type": "Feature", "properties": {"name": "V\u00f5 V\u0103n Ki\u1ec7t", "highway": "primary", "trusted": 1.0}, "geometry": {"type": "LineString", "coordinates": [[1319.9, 3266.6], [1306.5, 3256.2], [1300.8, 3252.3], [1284.5, 3241.0]]}}, {"type": "Feature", "properties": {"name": "H\u1ebbm 83 H\u1ed3 H\u1ea3o H\u1edbn", "highway": "service", "trusted": 0.0}, "geometry": {"type": "LineString", "coordinates": [[850.9, 1145.8], [744.0, 1067.1], [728.9, 1079.0], [665.0, 1129.0], [632.8, 1154.3], [591.4, 1158.8], [582.7, 1165.0]]}}, {"type": "Feature", "properties": {"name": null, "highway": "residential", "trusted": 0.0}, "geometry": {"type": "LineString", "coordinates": [[779.7, 1208.2], [718.9, 1140.6]]}}, {"type": "Feature", "properties": {"name": "H\u1ebbm 53 H\u1ed3 H\u1ea3o H\u1edbn", "highway": "service", "trusted": 0.0}, "geometry": {"type": "LineString", "coordinates": [[570.2, 1382.2], [504.9, 1307.8], [477.0, 1328.7]]}}, {"type": "Feature", "properties": {"name": null, "highway": "service", "trusted": 0.0}, "geometry": {"type": "LineString", "coordinates": [[217.4, 1734.4], [160.1, 1676.7]]}}, {"type": "Feature", "properties": {"name": "Tr\u1ea7n \u0110\u00ecnh Xu", "highway": "tertiary", "trusted": 0.0}, "geometry": {"type": "LineString", "coordinates": [[589.1, 626.5], [596.8, 615.1], [607.5, 599.2], [634.7, 558.6], [663.3, 516.0], [733.8, 410.3], [743.2, 398.8], [779.5, 341.2], [792.4, 322.4], [798.4, 312.3], [842.8, 247.6], [850.8, 235.0], [871.4, 204.1], [925.8, 122.8], [982.1, 38.5], [995.4, 18.7], [998.6, 12.5]]}}, {"type": "Feature", "properties": {"name": null, "highway": "residential", "trusted": 0.0}, "geometry": {"type": "LineString", "coordinates": [[1175.4, 112.5], [1086.1, 151.6]]}}, {"type": "Feature", "properties": {"name": null, "highway": "residential", "trusted": 0.0}, "geometry": {"type": "LineString", "coordinates": [[1173.7, 374.2], [1256.0, 386.7], [1254.9, 410.3]]}}, {"type": "Feature", "properties": {"name": null, "highway": "service", "trusted": 0.0}, "geometry": {"type": "LineString", "coordinates": [[2137.1, 153.2], [2181.2, 30.8]]}}, {"type": "Feature", "properties": {"name": "Ph\u1ea1m Ng\u0169 L\u00e3o", "highway": "secondary", "trusted": 0.0}, "geometry": {"type": "LineString", "coordinates": [[2289.4, 321.7], [2293.9, 331.6], [2350.9, 491.3], [2366.7, 535.9], [2412.2, 663.2], [2429.9, 712.3]]}}, {"type": "Feature", "properties": {"name": null, "highway": "service", "trusted": 0.0}, "geometry": {"type": "LineString", "coordinates": [[2959.5, 2068.7], [2989.6, 2055.2], [3029.1, 2039.0]]}}, {"type": "Feature", "properties": {"name": "Tr\u1ea7n H\u01b0ng \u0110\u1ea1o", "highway": "primary", "trusted": 0.0}, "geometry": {"type": "LineString", "coordinates": [[2703.4, 2490.6], [2666.5, 2464.0]]}}, {"type": "Feature", "properties": {"name": "Tr\u1ea7n H\u01b0ng \u0110\u1ea1o", "highway": "primary", "trusted": 0.0}, "geometry": {"type": "LineString", "coordinates": [[3075.2, 2825.1], [2991.1, 2750.3], [2970.1, 2731.7], [2845.3, 2620.7], [2772.9, 2556.3], [2729.8, 2518.0]]}}, {"type": "Feature", "properties": {"name": "Nguy\u1ec5n Th\u00e1i H\u1ecdc", "highway": "primary", "trusted": 0.0}, "geometry": {"type": "LineString", "coordinates": [[3035.2, 2262.2], [2999.0, 2281.6], [2787.7, 2399.3]]}}, {"type": "Feature", "properties": {"name": "Nguy\u1ec5n Th\u00e1i H\u1ecdc", "highway": "primary", "trusted": 0.0}, "geometry": {"type": "LineString", "coordinates": [[2703.4, 2490.6], [2714.5, 2479.0], [2728.4, 2470.5]]}}, {"type": "Feature", "properties": {"name": "V\u00f5 V\u0103n Ki\u1ec7t", "highway": "primary", "trusted": 1.0}, "geometry": {"type": "LineString", "coordinates": [[2356.9, 4372.9], [2323.1, 4356.5], [2184.1, 4282.8]]}}, {"type": "Feature", "properties": {"name": "V\u00f5 V\u0103n Ki\u1ec7t", "highway": "primary", "trusted": 1.0}, "geometry": {"type": "LineString", "coordinates": [[2078.9, 4221.3], [2050.0, 4202.4], [1943.1, 4121.7]]}}, {"type": "Feature", "properties": {"name": "H\u1ebbm 12 B\u00f9i Vi\u1ec7n", "highway": "service", "trusted": 0.0}, "geometry": {"type": "LineString", "coordinates": [[2656.2, 2313.1], [2782.7, 2237.1]]}}, {"type": "Feature", "properties": {"name": null, "highway": "service", "trusted": 0.0}, "geometry": {"type": "LineString", "coordinates": [[2134.5, 1315.5], [2129.2, 1317.8], [2073.4, 1342.8]]}}, {"type": "Feature", "properties": {"name": null, "highway": "service", "trusted": 0.0}, "geometry": {"type": "LineString", "coordinates": [[2236.2, 1546.4], [2167.2, 1592.2]]}}, {"type": "Feature", "properties": {"name": null, "highway": "service", "trusted": 0.0}, "geometry": {"type": "LineString", "coordinates": [[1805.6, 853.3], [1811.9, 849.1], [1864.9, 813.1]]}}, {"type": "Feature", "properties": {"name": "H\u1ebbm 353 Ph\u1ea1m Ng\u0169 L\u00e3o", "highway": "service", "trusted": 0.0}, "geometry": {"type": "LineString", "coordinates": [[2063.9, 1072.0], [2057.9, 1061.5], [2086.4, 1039.5], [2093.1, 1023.2], [2123.0, 996.8], [2152.9, 975.6]]}}, {"type": "Feature", "properties": {"name": null, "highway": "service", "trusted": 0.0}, "geometry": {"type": "LineString", "coordinates": [[7878.7, 3115.9], [7905.2, 3085.0]]}}, {"type": "Feature", "properties": {"name": null, "highway": "service", "trusted": 0.0}, "geometry": {"type": "LineString", "coordinates": [[7841.7, 3153.6], [7878.7, 3115.9]]}}, {"type": "Feature", "properties": {"name": null, "highway": "service", "trusted": 0.0}, "geometry": {"type": "LineString", "coordinates": [[7905.2, 3085.0], [7905.9, 3073.4], [7852.7, 3023.5]]}}, {"type": "Feature", "properties": {"name": null, "highway": "residential", "trusted": 0.0}, "geometry": {"type": "LineString", "coordinates": [[2104.1, 497.4], [1999.0, 452.6]]}}, {"type": "Feature", "properties": {"name": "Tr\u1ea7n H\u01b0ng \u0110\u1ea1o", "highway": "primary", "trusted": 0.0}, "geometry": {"type": "LineString", "coordinates": [[2143.6, 2071.6], [2207.7, 2128.3], [2233.9, 2150.7]]}}, {"type": "Feature", "properties": {"name": "Tr\u1ea7n H\u01b0ng \u0110\u1ea1o", "highway": "primary", "trusted": 0.0}, "geometry": {"type": "LineString", "coordinates": [[2233.9, 2150.7], [2271.7, 2184.3], [2386.5, 2282.7], [2409.1, 2302.2], [2503.5, 2382.5], [2612.4, 2475.2], [2628.6, 2491.0]]}}, {"type": "Feature", "properties": {"name": "H\u1ebbm 120 L\u00ea Lai", "highway": "residential", "trusted": 0.0}, "geometry": {"type": "LineString", "coordinates": [[3234.4, 1421.7], [3187.5, 1453.2], [3130.7, 1479.6], [3099.1, 1494.5]]}}, {"type": "Feature", "properties": {"name": "Nguy\u1ec5n Tr\u00e3i", "highway": "secondary", "trusted": 0.0}, "geometry": {"type": "LineString", "coordinates": [[3055.3, 853.2], [2917.3, 690.7], [2895.7, 667.1]]}}, {"type": "Feature", "properties": {"name": "Nguy\u1ec5n V\u0103n Tr\u00e1ng", "highway": "residential", "trusted": 0.0}, "geometry": {"type": "LineString", "coordinates": [[3155.8, 1636.2], [3170.7, 1627.3], [3243.8, 1576.9], [3336.0, 1508.1], [3418.4, 1444.6], [3445.9, 1423.5]]}}, {"type": "Feature", "properties": {"name": "Nguy\u1ec5n Th\u1ecb Ngh\u0129a", "highway": "primary", "trusted": 0.0}, "geometry": {"type": "LineString", "coordinates": [[3336.7, 2091.0], [3312.9, 2104.2], [3267.9, 2129.0]]}}, {"type": "Feature", "properties": {"name": null, "highway": "service", "trusted": 1.0}, "geometry": {"type": "LineString", "coordinates": [[1473.3, 3084.4], [1506.6, 3142.3]]}}, {"type": "Feature", "properties": {"name": null, "highway": "service", "trusted": 1.0}, "geometry": {"type": "LineString", "coordinates": [[1439.5, 3041.5], [1473.3, 3084.4]]}}, {"type": "Feature", "properties": {"name": null, "highway": "service", "trusted": 0.0}, "geometry": {"type": "LineString", "coordinates": [[389.6, 2542.5], [423.1, 2507.7]]}}, {"type": "Feature", "properties": {"name": null, "highway": "service", "trusted": 0.0}, "geometry": {"type": "LineString", "coordinates": [[414.0, 2562.3], [441.8, 2527.8], [448.1, 2519.5]]}}, {"type": "Feature", "properties": {"name": null, "highway": "service", "trusted": 1.0}, "geometry": {"type": "LineString", "coordinates": [[770.3, 2823.9], [749.3, 2848.1]]}}, {"type": "Feature", "properties": {"name": null, "highway": "service", "trusted": 0.0}, "geometry": {"type": "LineString", "coordinates": [[272.6, 2385.2], [247.4, 2406.3]]}}, {"type": "Feature", "properties": {"name": "H\u1ebbm 31 Tr\u1ea7n \u0110inh Xu", "highway": "service", "trusted": 0.0}, "geometry": {"type": "LineString", "coordinates": [[143.9, 1257.1], [119.3, 1240.6], [72.6, 1209.3], [62.4, 1202.8]]}}, {"type": "Feature", "properties": {"name": "H\u1ebbm 70 Tr\u1ea7n \u00d0\u00ecnh Xu", "highway": "service", "trusted": 0.0}, "geometry": {"type": "LineString", "coordinates": [[272.5, 1129.9], [331.0, 1183.5]]}}, {"type": "Feature", "properties": {"name": "H\u1ebbm 60 Tr\u1ea7n \u00d0\u00ecnh Xu", "highway": "service", "trusted": 0.0}, "geometry": {"type": "LineString", "coordinates": [[190.8, 1223.5], [237.7, 1278.2], [266.8, 1312.8]]}}, {"type": "Feature", "properties": {"name": "H\u1ebbm 103 Tr\u1ea7n \u00d0\u00ecnh Xu", "highway": "service", "trusted": 0.0}, "geometry": {"type": "LineString", "coordinates": [[842.8, 247.6], [619.3, 105.8]]}}, {"type": "Feature", "properties": {"name": "Tr\u1ea7n H\u01b0ng \u0110\u1ea1o", "highway": "primary", "trusted": 0.0}, "geometry": {"type": "LineString", "coordinates": [[562.8, 668.7], [581.8, 686.2], [655.2, 751.2], [765.0, 850.2], [876.5, 950.7], [959.7, 1024.1], [970.1, 1033.3], [991.2, 1051.9]]}}, {"type": "Feature", "properties": {"name": "Tr\u1ea7n H\u01b0ng \u0110\u1ea1o", "highway": "primary", "trusted": 0.0}, "geometry": {"type": "LineString", "coordinates": [[299.7, 438.0], [364.7, 496.6], [526.1, 637.9], [540.3, 649.9], [562.8, 668.7]]}}, {"type": "Feature", "properties": {"name": "Calmette", "highway": "tertiary", "trusted": 1.0}, "geometry": {"type": "LineString", "coordinates": [[2101.5, 4127.2], [2226.1, 4045.3], [2312.3, 3987.4], [2361.6, 3948.9], [2377.0, 3938.7], [2383.3, 3885.7]]}}, {"type": "Feature", "properties": {"name": null, "highway": "service", "trusted": 1.0}, "geometry": {"type": "LineString", "coordinates": [[3247.8, 3570.1], [3180.9, 3618.6]]}}, {"type": "Feature", "properties": {"name": "Pasteur", "highway": "secondary", "trusted": 1.0}, "geometry": {"type": "LineString", "coordinates": [[2900.7, 5062.8], [3038.8, 5000.7], [3139.7, 4955.2], [3169.6, 4943.1]]}}, {"type": "Feature", "properties": {"name": "T\u00f4n Th\u1ea5t Thi\u1ec7p", "highway": "residential", "trusted": 1.0}, "geometry": {"type": "LineString", "coordinates": [[4440.4, 4718.7], [4408.1, 4587.7], [4381.5, 4462.8], [4370.1, 4420.1]]}}, {"type": "Feature", "properties": {"name": "Pasteur", "highway": "secondary", "trusted": 1.0}, "geometry": {"type": "LineString", "coordinates": [[3529.3, 4798.2], [3566.3, 4779.9]]}}, {"type": "Feature", "properties": {"name": "L\u00ea Th\u00e1nh T\u00f4n", "highway": "tertiary", "trusted": 0.0}, "geometry": {"type": "LineString", "coordinates": [[4068.1, 2855.8], [4050.0, 2827.6], [3991.9, 2737.0], [3974.5, 2709.9]]}}, {"type": "Feature", "properties": {"name": "L\u00ea Th\u00e1nh T\u00f4n", "highway": "tertiary", "trusted": 0.0}, "geometry": {"type": "LineString", "coordinates": [[3823.2, 2472.5], [3805.7, 2447.0], [3758.7, 2378.7], [3741.3, 2354.3], [3706.6, 2305.7]]}}, {"type": "Feature", "properties": {"name": "L\u00ea Th\u00e1nh T\u00f4n", "highway": "tertiary", "trusted": 0.0}, "geometry": {"type": "LineString", "coordinates": [[3900.3, 2593.4], [3836.9, 2494.0], [3823.2, 2472.5]]}}, {"type": "Feature", "properties": {"name": "L\u00ea Th\u00e1nh T\u00f4n", "highway": "tertiary", "trusted": 0.0}, "geometry": {"type": "LineString", "coordinates": [[3974.5, 2709.9], [3959.4, 2686.1], [3908.6, 2606.4], [3900.3, 2593.4]]}}, {"type": "Feature", "properties": {"name": "L\u00ea Th\u00e1nh T\u00f4n", "highway": "tertiary", "trusted": 1.0}, "geometry": {"type": "LineString", "coordinates": [[5157.2, 4119.5], [5124.3, 4088.2], [5027.6, 3992.6], [4870.6, 3860.8], [4865.7, 3856.8], [4834.1, 3825.4]]}}, {"type": "Feature", "properties": {"name": "H\u1ebbm 46 C\u00e1ch M\u1ea1ng Th\u00e1ng 8", "highway": "service", "trusted": 1.0}, "geometry": {"type": "LineString", "coordinates": [[4595.7, 419.6], [4709.5, 486.7], [4652.2, 588.7]]}}, {"type": "Feature", "properties": {"name": "C\u00e1ch M\u1ea1ng Th\u00e1ng T\u00e1m", "highway": "primary", "trusted": 1.0}, "geometry": {"type": "LineString", "coordinates": [[4292.9, 905.5], [4148.2, 1166.4], [4134.3, 1191.6]]}}, {"type": "Feature", "properties": {"name": "B\u00f9i Th\u1ecb Xu\u00e2n", "highway": "tertiary", "trusted": 1.0}, "geometry": {"type": "LineString", "coordinates": [[4046.3, 1110.0], [4053.1, 1139.2], [4106.9, 1186.3], [4134.3, 1191.6]]}}, {"type": "Feature", "properties": {"name": "B\u00f9i Th\u1ecb Xu\u00e2n", "highway": "tertiary", "trusted": 1.0}, "geometry": {"type": "LineString", "coordinates": [[4134.3, 1191.6], [4126.5, 1162.7], [4072.8, 1114.2], [4046.3, 1110.0]]}}, {"type": "Feature", "properties": {"name": "Calmette", "highway": "tertiary", "trusted": 1.0}, "geometry": {"type": "LineString", "coordinates": [[2078.9, 4221.3], [2070.7, 4184.7], [2072.7, 4165.8], [2079.4, 4150.8], [2084.6, 4142.4], [2089.7, 4136.4], [2101.5, 4127.2]]}}, {"type": "Feature", "properties": {"name": "C\u1ea7u Calmette", "highway": "secondary", "trusted": 1.0}, "geometry": {"type": "LineString", "coordinates": [[1776.2, 4301.1], [1738.7, 4335.7], [1709.4, 4366.2]]}}, {"type": "Feature", "properties": {"name": "C\u1ea7u Calmette", "highway": "secondary", "trusted": 1.0}, "geometry": {"type": "LineString", "coordinates": [[1727.6, 4384.0], [1868.7, 4267.3]]}}, {"type": "Feature", "properties": {"name": "V\u00f5 V\u0103n T\u1ea7n", "highway": "tertiary", "trusted": 1.0}, "geometry": {"type": "LineString", "coordinates": [[4483.7, 131.0], [4505.5, 153.4], [4622.9, 272.1], [4647.6, 275.2]]}}, {"type": "Feature", "properties": {"name": "V\u00f5 V\u0103n T\u1ea7n", "highway": "tertiary", "trusted": 1.0}, "geometry": {"type": "LineString", "coordinates": [[4647.6, 275.2], [4638.4, 247.7], [4592.3, 203.5], [4518.8, 131.6]]}}, {"type": "Feature", "properties": {"name": "V\u00f5 V\u0103n Ki\u1ec7t", "highway": "primary", "trusted": 1.0}, "geometry": {"type": "LineString", "coordinates": [[1238.3, 3344.3], [1252.8, 3357.4], [1264.7, 3367.4], [1273.5, 3373.4], [1309.1, 3382.5]]}}, {"type": "Feature", "properties": {"name": "V\u00f5 V\u0103n Ki\u1ec7t", "highway": "primary", "trusted": 0.0}, "geometry": {"type": "LineString", "coordinates": [[45.5, 2302.8], [50.2, 2311.8], [114.7, 2409.0], [165.2, 2472.9], [211.7, 2519.5], [261.4, 2564.4], [343.6, 2632.3], [413.1, 2688.8], [445.1, 2694.0]]}}, {"type": "Feature", "properties": {"name": "V\u00f5 V\u0103n Ki\u1ec7t", "highway": "trunk", "trusted": 1.0}, "geometry": {"type": "LineString", "coordinates": [[630.4, 2847.3], [1008.8, 3139.0]]}}, {"type": "Feature", "properties": {"name": "V\u00f5 V\u0103n Ki\u1ec7t", "highway": "trunk", "trusted": 1.0}, "geometry": {"type": "LineString", "coordinates": [[1008.8, 3139.0], [1250.1, 3314.7], [1260.1, 3323.1]]}}, {"type": "Feature", "properties": {"name": "V\u00f5 V\u0103n Ki\u1ec7t", "highway": "trunk", "trusted": 1.0}, "geometry": {"type": "LineString", "coordinates": [[1698.0, 3846.1], [1645.9, 3766.6], [1554.9, 3627.6]]}}, {"type": "Feature", "properties": {"name": "V\u00f5 V\u0103n Ki\u1ec7t", "highway": "trunk", "trusted": 1.0}, "geometry": {"type": "LineString", "coordinates": [[1554.9, 3627.6], [1488.4, 3523.2], [1440.5, 3460.6], [1414.3, 3429.3], [1376.7, 3381.0], [1373.4, 3376.8]]}}, {"type": "Feature", "properties": {"name": "V\u00f5 V\u0103n Ki\u1ec7t", "highway": "trunk", "trusted": 1.0}, "geometry": {"type": "LineString", "coordinates": [[1309.1, 3382.5], [1336.0, 3414.8], [1337.8, 3417.5], [1410.4, 3521.6], [1490.8, 3641.4]]}}, {"type": "Feature", "properties": {"name": "V\u00f5 V\u0103n Ki\u1ec7t", "highway": "primary", "trusted": 0.29}, "geometry": {"type": "LineString", "coordinates": [[44.7, 2349.1], [101.2, 2431.6], [148.3, 2493.3], [202.4, 2543.1], [327.8, 2649.0], [765.3, 3007.4], [807.7, 3021.0]]}}, {"type": "Feature", "properties": {"name": "V\u00f5 V\u0103n Ki\u1ec7t", "highway": "primary", "trusted": 1.0}, "geometry": {"type": "LineString", "coordinates": [[630.4, 2847.3], [653.4, 2888.4], [807.7, 3021.0]]}}, {"type": "Feature", "properties": {"name": "Mai Ch\u00ed Th\u1ecd", "highway": "trunk", "trusted": 0.0}, "geometry": {"type": "LineString", "coordinates": [[3501.2, 8810.5], [3505.9, 8882.6], [3513.3, 8962.0], [3529.1, 9047.6]]}}, {"type": "Feature", "properties": {"name": "Mai Ch\u00ed Th\u1ecd", "highway": "primary", "trusted": 0.0}, "geometry": {"type": "LineString", "coordinates": [[3368.8, 8128.3], [3400.6, 8311.6]]}}, {"type": "Feature", "properties": {"name": "H\u1ea7m S\u00f4ng S\u00e0i G\u00f2n", "highway": "primary", "trusted": 0.33}, "geometry": {"type": "LineString", "coordinates": [[2747.3, 4978.7], [2789.1, 5050.3], [2821.6, 5113.9], [2823.6, 5186.0], [2853.5, 5262.4], [2881.6, 5344.6], [2902.8, 5421.4], [2918.2, 5490.8], [3368.8, 8128.3]]}}, {"type": "Feature", "properties": {"name": "H\u1ea7m S\u00f4ng S\u00e0i G\u00f2n", "highway": "trunk", "trusted": 1.0}, "geometry": {"type": "LineString", "coordinates": [[2680.6, 4848.9], [2726.0, 4904.7], [2765.5, 4968.0]]}}, {"type": "Feature", "properties": {"name": "H\u1ea7m S\u00f4ng S\u00e0i G\u00f2n", "highway": "primary", "trusted": 1.0}, "geometry": {"type": "LineString", "coordinates": [[2680.6, 4848.9], [2693.2, 4884.7], [2708.7, 4918.2], [2747.3, 4978.7]]}}, {"type": "Feature", "properties": {"name": "V\u00f5 V\u0103n Ki\u1ec7t", "highway": "primary", "trusted": 1.0}, "geometry": {"type": "LineString", "coordinates": [[807.7, 3021.0], [993.9, 3163.8], [1231.4, 3339.1], [1238.3, 3344.3]]}}, {"type": "Feature", "properties": {"name": "V\u00f5 V\u0103n Ki\u1ec7t", "highway": "trunk", "trusted": 1.0}, "geometry": {"type": "LineString", "coordinates": [[1260.1, 3323.1], [1309.1, 3382.5]]}}, {"type": "Feature", "properties": {"name": "V\u00f5 V\u0103n Ki\u1ec7t", "highway": "trunk", "trusted": 1.0}, "geometry": {"type": "LineString", "coordinates": [[1373.4, 3376.8], [1356.6, 3354.3], [1334.2, 3324.3], [1297.4, 3286.8]]}}, {"type": "Feature", "properties": {"name": "H\u1ea7m S\u00f4ng S\u00e0i G\u00f2n", "highway": "primary", "trusted": 1.0}, "geometry": {"type": "LineString", "coordinates": [[2805.9, 4943.3], [2766.4, 4879.6], [2741.6, 4850.9], [2715.2, 4820.2]]}}, {"type": "Feature", "properties": {"name": "H\u1ea7m S\u00f4ng S\u00e0i G\u00f2n", "highway": "trunk", "trusted": 1.0}, "geometry": {"type": "LineString", "coordinates": [[2792.4, 4952.0], [2753.1, 4888.3], [2715.2, 4820.2]]}}, {"type": "Feature", "properties": {"name": "H\u1ea7m S\u00f4ng S\u00e0i G\u00f2n", "highway": "primary", "trusted": 0.45}, "geometry": {"type": "LineString", "coordinates": [[3432.9, 8118.1], [3281.7, 7231.7], [2982.8, 5478.4], [2967.6, 5406.3], [2946.9, 5326.1], [2918.5, 5241.6], [2916.0, 5158.7], [2880.8, 5083.3], [2846.5, 5014.3], [2826.2, 4978.8], [2805.9, 4943.3]]}}, {"type": "Feature", "properties": {"name": "Mai Ch\u00ed Th\u1ecd", "highway": "primary", "trusted": 0.0}, "geometry": {"type": "LineString", "coordinates": [[3578.7, 8806.1], [3551.4, 8769.8], [3544.3, 8753.7], [3540.1, 8736.6], [3490.7, 8451.5]]}}, {"type": "Feature", "properties": {"name": null, "highway": "service", "trusted": 1.0}, "geometry": {"type": "LineString", "coordinates": [[4520.7, 555.4], [4557.8, 602.9], [4579.0, 588.5], [4622.0, 632.6]]}}, {"type": "Feature", "properties": {"name": "H\u1ebbm 137 \u0110\u01b0\u1eddng Nguy\u1ec5n Th\u1ecb Minh Khai", "highway": "service", "trusted": 1.0}, "geometry": {"type": "LineString", "coordinates": [[3730.6, 139.6], [3748.1, 119.4]]}}, {"type": "Feature", "properties": {"name": null, "highway": "service", "trusted": 1.0}, "geometry": {"type": "LineString", "coordinates": [[3967.4, 415.4], [4060.0, 316.2]]}}, {"type": "Feature", "properties": {"name": null, "highway": "service", "trusted": 1.0}, "geometry": {"type": "LineString", "coordinates": [[3995.9, 456.2], [4094.0, 349.5]]}}, {"type": "Feature", "properties": {"name": "H\u1ed3 Xu\u00e2n H\u01b0\u01a1ng", "highway": "residential", "trusted": 0.5}, "geometry": {"type": "LineString", "coordinates": [[6004.5, 557.0], [5573.6, 262.7]]}}, {"type": "Feature", "properties": {"name": "Tr\u1ea7n B\u1ea1ch \u0110\u1eb1ng", "highway": "tertiary", "trusted": 0.0}, "geometry": {"type": "LineString", "coordinates": [[2897.8, 8672.0], [2929.0, 8651.7], [3014.6, 8598.7], [3056.2, 8574.4], [3099.2, 8550.9], [3146.6, 8527.2], [3187.2, 8506.8], [3304.8, 8453.8], [3311.1, 8451.4], [3317.4, 8449.1]]}}, {"type": "Feature", "properties": {"name": "Tr\u1ea7n B\u1ea1ch \u0110\u1eb1ng", "highway": "tertiary", "trusted": 0.0}, "geometry": {"type": "LineString", "coordinates": [[3311.6, 8405.6], [3304.7, 8408.4], [3297.7, 8411.2], [3240.3, 8435.0], [3176.0, 8464.2], [3133.3, 8484.9], [3085.7, 8510.0], [3039.2, 8534.6], [2992.7, 8561.7], [2934.4, 8597.0], [2905.7, 8615.6], [2874.7, 8637.0]]}}, {"type": "Feature", "properties": {"name": "C\u1ea7u s\u1ed1 19", "highway": "tertiary", "trusted": 0.0}, "geometry": {"type": "LineString", "coordinates": [[3582.1, 8315.2], [3527.6, 8331.0], [3479.5, 8346.3], [3434.3, 8360.5], [3381.3, 8379.0], [3311.6, 8405.6]]}}, {"type": "Feature", "properties": {"name": "C\u1ea7u s\u1ed1 19", "highway": "tertiary", "trusted": 0.0}, "geometry": {"type": "LineString", "coordinates": [[3317.4, 8449.1], [3349.1, 8436.3], [3402.6, 8415.9], [3446.9, 8400.4], [3496.8, 8384.1], [3533.6, 8372.5], [3586.8, 8357.8]]}}, {"type": "Feature", "properties": {"name": "Tr\u1ea7n B\u1ea1ch \u0110\u1eb1ng", "highway": "tertiary", "trusted": 0.0}, "geometry": {"type": "LineString", "coordinates": [[6305.1, 9090.4], [6249.5, 9024.4], [6182.5, 8954.3], [6121.8, 8895.1], [6114.5, 8888.0], [6085.7, 8859.5], [6053.4, 8831.9], [6025.2, 8807.7], [5953.5, 8750.0], [5860.0, 8680.4], [5795.9, 8635.8], [5733.7, 8594.7], [5710.7, 8579.0], [5702.8, 8573.6], [5697.2, 8569.8]]}}, {"type": "Feature", "properties": {"name": "Tr\u1ea7n B\u1ea1ch \u0110\u1eb1ng", "highway": "tertiary", "trusted": 0.0}, "geometry": {"type": "LineString", "coordinates": [[4387.4, 8217.1], [4327.0, 8219.4], [4273.3, 8221.9], [4220.6, 8225.3], [4162.0, 8229.3], [4055.5, 8238.3], [4016.9, 8241.7], [3978.6, 8245.5], [3951.7, 8248.3], [3911.0, 8253.1], [3844.8, 8261.6], [3804.5, 8267.8], [3756.4, 8276.7], [3704.3, 8286.3], [3653.1, 8297.3], [3617.3, 8306.5], [3582.1, 8315.2]]}}, {"type": "Feature", "properties": {"name": "Tr\u1ea7n B\u1ea1ch \u0110\u1eb1ng", "highway": "tertiary", "trusted": 0.0}, "geometry": {"type": "LineString", "coordinates": [[3586.8, 8357.8], [3624.1, 8348.1], [3694.1, 8332.2], [3757.8, 8319.5], [3806.9, 8310.9], [3857.3, 8302.7], [3914.4, 8295.2], [3964.3, 8289.4], [3981.9, 8287.7], [4021.0, 8284.0], [4058.9, 8280.4], [4064.7, 8279.9], [4128.1, 8274.7], [4189.4, 8269.9], [4250.8, 8265.1], [4302.6, 8261.4], [4388.2, 8257.1]]}}, {"type": "Feature", "properties": {"name": "Tr\u1ea7n B\u1ea1ch \u0110\u1eb1ng", "highway": "residential", "trusted": 0.0}, "geometry": {"type": "LineString", "coordinates": [[5660.8, 8629.2], [5667.3, 8633.3], [5675.9, 8638.6], [5709.3, 8659.5], [5763.5, 8694.7], [5813.1, 8729.4], [5866.5, 8768.2], [5916.7, 8806.8], [5964.5, 8844.7], [6007.6, 8882.5], [6038.7, 8911.0], [6067.9, 8938.0], [6076.4, 8946.2], [6118.3, 8986.0], [6164.7, 9035.2], [6213.9, 9089.0]]}}, {"type": "Feature", "properties": {"name": null, "highway": "residential", "trusted": 0.0}, "geometry": {"type": "LineString", "coordinates": [[4920.3, 8232.0], [4950.4, 8089.2], [4980.4, 7948.5], [5046.1, 7640.2], [5055.1, 7598.2], [5058.7, 7581.0], [5061.9, 7566.3]]}}, {"type": "Feature", "properties": {"name": null, "highway": "residential", "trusted": 0.0}, "geometry": {"type": "LineString", "coordinates": [[2646.8, 8907.9], [2686.3, 8873.0], [2733.7, 8832.1], [2771.7, 8801.0], [2821.1, 8763.4], [2849.8, 8741.8], [2881.3, 8719.1], [2914.3, 8696.6], [2944.9, 8676.2], [3003.9, 8638.9], [3068.5, 8600.6], [3118.3, 8573.9], [3160.5, 8553.1], [3221.0, 8524.1], [3309.8, 8485.4], [3316.5, 8482.5], [3323.2, 8479.5]]}}, {"type": "Feature", "properties": {"name": "C\u1ea7u s\u1ed1 19", "highway": "residential", "trusted": 0.0}, "geometry": {"type": "LineString", "coordinates": [[3323.2, 8479.5], [3361.9, 8463.5], [3402.6, 8448.1], [3450.5, 8431.0], [3492.0, 8417.1], [3523.5, 8407.6], [3556.6, 8398.5], [3592.0, 8388.4]]}}, {"type": "Feature", "properties": {"name": null, "highway": "residential", "trusted": 0.0}, "geometry": {"type": "LineString", "coordinates": [[3592.0, 8388.4], [3628.7, 8379.1], [3698.4, 8361.8], [3744.6, 8351.9], [3794.1, 8342.7], [3841.4, 8335.0], [3888.0, 8328.7], [3932.4, 8322.9], [3984.3, 8317.2], [4023.9, 8313.7], [4061.4, 8310.4], [4140.2, 8303.4], [4203.2, 8298.8], [4255.8, 8294.4], [4314.9, 8290.5], [4364.6, 8288.9], [4419.2, 8287.0]]}}, {"type": "Feature", "properties": {"name": "Nguy\u1ec5n Thi\u1ec7n Th\u00e0nh", "highway": "residential", "trusted": 0.0}, "geometry": {"type": "LineString", "coordinates": [[5661.2, 7421.1], [5674.2, 7387.7], [5691.6, 7343.0], [5705.5, 7327.2], [5720.9, 7318.7], [5742.0, 7316.6], [5765.4, 7322.8], [5881.4, 7368.0], [6019.0, 7431.7], [6126.9, 7485.3], [6177.5, 7514.1], [6263.7, 7563.1], [6279.4, 7581.0], [6286.6, 7600.9], [6284.0, 7622.0], [6268.5, 7655.5]]}}, {"type": "Feature", "properties": {"name": "Nguy\u1ec5n Thi\u1ec7n Th\u00e0nh", "highway": "residential", "trusted": 0.0}, "geometry": {"type": "LineString", "coordinates": [[5661.2, 7421.1], [5524.2, 7371.8], [5409.5, 7333.1], [5293.5, 7297.2], [5212.7, 7275.2], [5128.9, 7252.5], [5102.2, 7246.3], [5026.0, 7228.6], [4917.5, 7208.4], [4804.0, 7191.6], [4669.1, 7174.5], [4589.4, 7164.5], [4554.4, 7162.5], [4496.1, 7159.1], [4402.7, 7156.5]]}}, {"type": "Feature", "properties": {"name": "\u0110\u01b0\u1eddng R12", "highway": "secondary", "trusted": 0.0}, "geometry": {"type": "LineString", "coordinates": [[5915.2, 8041.2], [5837.3, 8177.5], [5795.8, 8249.9], [5650.5, 8504.0], [5634.1, 8532.6], [5617.0, 8562.6], [5599.9, 8592.5], [5574.4, 8637.1], [5453.8, 8847.9], [5423.1, 8901.6], [5392.1, 8955.8], [5323.8, 9075.3]]}}, {"type": "Feature", "properties": {"name": "Riverview 7", "highway": "residential", "trusted": 0.0}, "geometry": {"type": "LineString", "coordinates": [[8004.3, 7000.7], [7811.2, 7199.0]]}}, {"type": "Feature", "properties": {"name": "Riverview 6", "highway": "residential", "trusted": 0.0}, "geometry": {"type": "LineString", "coordinates": [[8125.9, 7115.7], [7933.3, 7314.9]]}}, {"type": "Feature", "properties": {"name": "Riverview 5", "highway": "residential", "trusted": 0.0}, "geometry": {"type": "LineString", "coordinates": [[8288.1, 7269.0], [8097.4, 7470.6]]}}, {"type": "Feature", "properties": {"name": "Riverview 5", "highway": "residential", "trusted": 0.0}, "geometry": {"type": "LineString", "coordinates": [[8243.3, 7226.6], [8054.0, 7429.4]]}}, {"type": "Feature", "properties": {"name": "Riverview 4", "highway": "residential", "trusted": 0.0}, "geometry": {"type": "LineString", "coordinates": [[8410.4, 7384.7], [8218.8, 7585.8]]}}, {"type": "Feature", "properties": {"name": "L\u00ea Du\u1ea9n", "highway": "primary", "trusted": 1.0}, "geometry": {"type": "LineString", "coordinates": [[8433.3, 5243.6], [8473.3, 5275.1], [8587.1, 5364.9], [8838.9, 5571.8], [8859.6, 5590.2], [8875.1, 5594.8], [8889.4, 5599.1]]}}, {"type": "Feature", "properties": {"name": "Nguy\u1ec5n Du", "highway": "tertiary", "trusted": 1.0}, "geometry": {"type": "LineString", "coordinates": [[6148.9, 3941.1], [6118.2, 3913.2], [5992.0, 3798.5], [5836.1, 3650.2], [5745.2, 3560.9], [5698.3, 3514.4], [5553.7, 3374.1], [5532.0, 3352.8]]}}, {"type": "Feature", "properties": {"name": null, "highway": "service", "trusted": 1.0}, "geometry": {"type": "LineString", "coordinates": [[9504.4, 2587.7], [9572.0, 2599.2], [9810.2, 2322.1], [9729.4, 2236.5], [9710.8, 2251.7], [9677.5, 2222.4], [9470.5, 2437.1]]}}, {"type": "Feature", "properties": {"name": null, "highway": "service", "trusted": 1.0}, "geometry": {"type": "LineString", "coordinates": [[7877.9, 3572.4], [7788.3, 3485.5]]}}, {"type": "Feature", "properties": {"name": null, "highway": "service", "trusted": 1.0}, "geometry": {"type": "LineString", "coordinates": [[9520.4, 1538.4], [9510.7, 1533.8], [9500.9, 1527.1], [9492.1, 1520.2], [9484.4, 1513.4], [9475.8, 1504.1], [9468.2, 1495.0], [9451.4, 1476.8], [9450.2, 1474.3], [9450.3, 1472.5], [9451.9, 1468.8], [9462.3, 1446.1], [9500.5, 1404.2], [9545.9, 1346.1], [9587.0, 1292.1], [9601.7, 1272.8]]}}, {"type": "Feature", "properties": {"name": null, "highway": "service", "trusted": 0.0}, "geometry": {"type": "LineString", "coordinates": [[10888.2, 7608.9], [10942.6, 7606.3], [10970.5, 7607.3], [11005.1, 7610.6], [11020.5, 7607.0], [11040.3, 7602.5], [11072.2, 7598.7], [11104.8, 7603.4], [11134.7, 7619.4], [11156.8, 7654.1], [11164.7, 7680.4]]}}, {"type": "Feature", "properties": {"name": null, "highway": "service", "trusted": 0.0}, "geometry": {"type": "LineString", "coordinates": [[11179.8, 7725.0], [11185.4, 7765.4], [11191.9, 7809.8], [11172.5, 7872.7], [11138.0, 7971.5]]}}, {"type": "Feature", "properties": {"name": null, "highway": "service", "trusted": 0.0}, "geometry": {"type": "LineString", "coordinates": [[10955.3, 8300.2], [10866.6, 8273.9]]}}, {"type": "Feature", "properties": {"name": null, "highway": "service", "trusted": 0.0}, "geometry": {"type": "LineString", "coordinates": [[10981.1, 8221.0], [10980.9, 8227.3], [10982.8, 8233.4], [10986.5, 8238.5], [10991.7, 8242.2], [10997.8, 8243.9], [11004.1, 8243.6], [11010.0, 8241.3], [11014.8, 8237.2], [11017.9, 8231.7], [11019.2, 8225.5], [11018.3, 8219.2], [11015.5, 8213.5], [11010.9, 8209.1], [11005.2, 8206.3], [10998.9, 8205.6], [10992.7, 8206.9], [10987.3, 8210.2], [10983.3, 8215.1], [10981.1, 8221.0]]}}, {"type": "Feature", "properties": {"name": null, "highway": "living_street", "trusted": 0.0}, "geometry": {"type": "LineString", "coordinates": [[11155.7, 7870.0], [11172.5, 7872.7]]}}, {"type": "Feature", "properties": {"name": null, "highway": "service", "trusted": 1.0}, "geometry": {"type": "LineString", "coordinates": [[5983.7, 2908.1], [5967.5, 2892.0], [5928.5, 2852.5], [5903.3, 2827.6]]}}, {"type": "Feature", "properties": {"name": "L\u00ea Du\u1ea9n", "highway": "secondary", "trusted": 1.0}, "geometry": {"type": "LineString", "coordinates": [[6640.1, 3561.3], [6654.2, 3584.5], [6746.6, 3649.1], [6787.6, 3678.7], [6826.2, 3705.2], [6850.6, 3723.8], [6919.0, 3772.7], [7021.2, 3853.8], [7032.7, 3863.8], [7043.2, 3873.3]]}}, {"type": "Feature", "properties": {"name": "Nguy\u1ec5n Th\u1ecb Minh Khai", "highway": "primary", "trusted": 1.0}, "geometry": {"type": "LineString", "coordinates": [[6384.1, 2468.2], [6510.4, 2596.5], [6532.6, 2618.8], [6674.3, 2755.5]]}}, {"type": "Feature", "properties": {"name": "Nguy\u1ec5n Th\u1ecb Minh Khai", "highway": "primary", "trusted": 1.0}, "geometry": {"type": "LineString", "coordinates": [[7468.7, 3443.3], [7702.6, 3678.3], [7795.6, 3784.7], [7806.8, 3788.3]]}}, {"type": "Feature", "properties": {"name": "Tr\u1ea7n Cao V\u00e2n", "highway": "secondary", "trusted": 0.6}, "geometry": {"type": "LineString", "coordinates": [[8047.2, 3414.4], [7886.9, 3259.4], [7841.7, 3153.6], [7805.3, 3118.9], [7787.0, 3101.6], [7755.4, 3071.5], [7589.0, 2982.5], [7524.4, 2924.7], [7496.2, 2900.1], [7470.7, 2877.2]]}}, {"type": "Feature", "properties": {"name": "Ph\u1ea1m Ng\u1ecdc Th\u1ea1ch", "highway": "tertiary", "trusted": 0.09}, "geometry": {"type": "LineString", "coordinates": [[7689.1, 2483.8], [7875.3, 2252.3], [7893.2, 2233.6], [7925.9, 2199.5], [7982.1, 2140.9], [8036.8, 2083.9], [8080.4, 2038.4], [8127.8, 1988.8], [8154.7, 1960.8], [8206.5, 1906.8], [8362.9, 1743.7]]}}, {"type": "Feature", "properties": {"name": "Pasteur", "highway": "secondary", "trusted": 0.0}, "geometry": {"type": "LineString", "coordinates": [[7332.3, 2054.0], [7575.7, 1805.0], [7680.5, 1696.1], [7705.6, 1668.2], [7780.1, 1588.8], [7983.7, 1375.4]]}}, {"type": "Feature", "properties": {"name": "Pasteur", "highway": "secondary", "trusted": 1.0}, "geometry": {"type": "LineString", "coordinates": [[5836.1, 3650.2], [5953.7, 3526.2], [5980.3, 3496.7], [6075.0, 3396.0], [6105.7, 3363.4]]}}, {"type": "Feature", "properties": {"name": "Nguy\u1ec5n Thi\u1ec7n Th\u00e0nh", "highway": "residential", "trusted": 0.0}, "geometry": {"type": "LineString", "coordinates": [[4402.7, 7156.5], [4344.9, 7156.6], [4309.3, 7156.7], [4216.0, 7159.7], [4122.8, 7165.6], [4029.8, 7174.3], [3974.3, 7181.2], [3937.2, 7185.8], [3844.9, 7200.1], [3759.1, 7216.1], [3662.1, 7237.0], [3571.5, 7259.6], [3541.4, 7268.1], [3481.8, 7284.9], [3426.9, 7302.2], [3392.9, 7313.0]]}}, {"type": "Feature", "properties": {"name": "H\u1ebbm 46 \u0110\u01b0\u1eddng Nguy\u1ec5n C\u1eedu V\u00e2n", "highway": "residential", "trusted": 0.0}, "geometry": {"type": "LineString", "coordinates": [[12102.5, 6433.1], [12096.2, 6446.4], [12071.6, 6497.9]]}}, {"type": "Feature", "properties": {"name": null, "highway": "service", "trusted": 1.0}, "geometry": {"type": "LineString", "coordinates": [[9470.5, 2437.1], [9504.4, 2587.7]]}}, {"type": "Feature", "properties": {"name": null, "highway": "service", "trusted": 1.0}, "geometry": {"type": "LineString", "coordinates": [[9335.0, 2693.7], [9341.9, 2686.3], [9440.6, 2576.5], [9504.4, 2587.7]]}}, {"type": "Feature", "properties": {"name": "L\u00ea Du\u1ea9n", "highway": "secondary", "trusted": 1.0}, "geometry": {"type": "LineString", "coordinates": [[7043.2, 3873.3], [7112.3, 3939.9], [7206.4, 4040.1], [7220.5, 4056.2], [7277.9, 4125.3], [7309.1, 4165.0], [7327.0, 4187.3], [7344.1, 4209.7], [7421.1, 4311.8], [7437.2, 4332.5], [7467.9, 4371.1], [7524.8, 4438.9], [7549.0, 4466.1]]}}, {"type": "Feature", "properties": {"name": "Nguy\u1ec5n B\u1ec9nh Khi\u00eam", "highway": "secondary", "trusted": 0.71}, "geometry": {"type": "LineString", "coordinates": [[8937.4, 5644.6], [8773.1, 5820.6], [8712.5, 5884.2], [8643.6, 5955.8], [8639.4, 5960.2], [8132.1, 6454.0], [8043.1, 6546.4]]}}, {"type": "Feature", "properties": {"name": "Nam K\u1ef3 Kh\u1edfi Ngh\u0129a", "highway": "secondary", "trusted": 1.0}, "geometry": {"type": "LineString", "coordinates": [[5983.7, 2908.1], [5958.6, 2932.9], [5881.0, 3008.7], [5851.5, 3038.4], [5826.2, 3063.2], [5814.5, 3075.0], [5752.0, 3137.9], [5749.9, 3139.9], [5563.7, 3326.3], [5532.0, 3352.8]]}}, {"type": "Feature", "properties": {"name": "Nam K\u1ef3 Kh\u1edfi Ngh\u0129a", "highway": "secondary", "trusted": 0.5}, "geometry": {"type": "LineString", "coordinates": [[6732.7, 2092.2], [6384.1, 2468.2]]}}, {"type": "Feature", "properties": {"name": null, "highway": "service", "trusted": 0.0}, "geometry": {"type": "LineString", "coordinates": [[10521.1, 8187.8], [10450.7, 8173.2], [10375.8, 8157.4]]}}, {"type": "Feature", "properties": {"name": null, "highway": "service", "trusted": 0.0}, "geometry": {"type": "LineString", "coordinates": [[10450.7, 8173.2], [10416.5, 8310.8]]}}, {"type": "Feature", "properties": {"name": "H\u1ebbm 370 V\u00f5 V\u0103n Ki\u1ec7t", "highway": "service", "trusted": 0.0}, "geometry": {"type": "LineString", "coordinates": [[335.4, 2008.8], [307.5, 1980.5], [275.7, 1943.7]]}}, {"type": "Feature", "properties": {"name": "H\u1ebbm 370 V\u00f5 V\u0103n Ki\u1ec7t", "highway": "service", "trusted": 0.0}, "geometry": {"type": "LineString", "coordinates": [[307.5, 1980.5], [298.2, 1990.2], [268.1, 2015.4], [228.2, 2057.9], [215.8, 2060.5], [193.8, 2050.7], [143.6, 2075.6], [51.2, 2121.3]]}}, {"type": "Feature", "properties": {"name": null, "highway": "service", "trusted": 0.0}, "geometry": {"type": "LineString", "coordinates": [[335.4, 2008.8], [369.0, 2051.4]]}}, {"type": "Feature", "properties": {"name": null, "highway": "service", "trusted": 1.0}, "geometry": {"type": "LineString", "coordinates": [[9932.2, 3709.7], [9835.8, 3624.2]]}}, {"type": "Feature", "properties": {"name": "H\u1ebbm 396 \u0110\u01b0\u1eddng Nguy\u1ec5n T\u1ea5t Th\u00e0nh", "highway": "service", "trusted": 0.0}, "geometry": {"type": "LineString", "coordinates": [[-42.5, 8001.2], [-39.1, 8003.3]]}}, {"type": "Feature", "properties": {"name": "L\u00ea Du\u1ea9n", "highway": "secondary", "trusted": 1.0}, "geometry": {"type": "LineString", "coordinates": [[6252.9, 3208.5], [6214.6, 3167.0], [6211.0, 3163.0], [5983.7, 2908.1]]}}, {"type": "Feature", "properties": {"name": "Nam K\u1ef3 Kh\u1edfi Ngh\u0129a", "highway": "residential", "trusted": 1.0}, "geometry": {"type": "LineString", "coordinates": [[4320.4, 3978.7], [4256.5, 4045.1]]}}, {"type": "Feature", "properties": {"name": "Nguy\u1ec5n Trung Tr\u1ef1c", "highway": "residential", "trusted": 0.25}, "geometry": {"type": "LineString", "coordinates": [[4861.0, 3410.8], [4965.8, 3300.5], [5025.8, 3237.3], [5212.9, 3051.5]]}}, {"type": "Feature", "properties": {"name": "Nguy\u1ec5n Du", "highway": "tertiary", "trusted": 1.0}, "geometry": {"type": "LineString", "coordinates": [[6211.5, 3994.9], [6148.9, 3941.1]]}}, {"type": "Feature", "properties": {"name": "Hu\u1ef3nh Kh\u01b0\u01a1ng Ninh", "highway": "residential", "trusted": 1.0}, "geometry": {"type": "LineString", "coordinates": [[9908.1, 2988.0], [9787.1, 2875.4], [9721.9, 2813.2], [9654.3, 2751.6], [9561.8, 2656.4]]}}, {"type": "Feature", "properties": {"name": "T\u00f4n Th\u1ea5t \u0110\u1ea1m", "highway": "residential", "trusted": 1.0}, "geometry": {"type": "LineString", "coordinates": [[4227.1, 4805.1], [4440.4, 4718.7]]}}, {"type": "Feature", "properties": {"name": "\u0110\u01b0\u1eddng V\u1ea1n Ki\u1ebfp", "highway": "tertiary", "trusted": 0.0}, "geometry": {"type": "LineString", "coordinates": [[12000.8, 2102.7], [11919.2, 2099.4], [11867.7, 2097.3], [11834.2, 2095.0], [11739.8, 2088.6]]}}, {"type": "Feature", "properties": {"name": "H\u1ebbm 205 B\u00f9i Vi\u1ec7n", "highway": "service", "trusted": 0.0}, "geometry": {"type": "LineString", "coordinates": [[1901.8, 1143.5], [1862.4, 1161.4], [1881.2, 1203.8]]}}, {"type": "Feature", "properties": {"name": "Phan V\u0103n H\u00e2n", "highway": "residential", "trusted": 0.0}, "geometry": {"type": "LineString", "coordinates": [[11082.3, 5850.9], [11121.0, 5603.4], [11127.4, 5568.7], [11146.7, 5458.9], [11187.8, 5232.4], [11198.7, 5171.1], [11200.6, 5160.3], [11204.4, 5139.0], [11218.4, 5060.1], [11240.7, 4934.6], [11251.0, 4876.4], [11276.7, 4732.1], [11279.4, 4716.5], [11283.3, 4693.8]]}}, {"type": "Feature", "properties": {"name": "Phan V\u0103n H\u00e2n", "highway": "residential", "trusted": 0.22}, "geometry": {"type": "LineString", "coordinates": [[11082.3, 5850.9], [11076.1, 5897.4], [11067.8, 5958.6], [11054.1, 6045.5], [11027.9, 6108.2], [10964.7, 6163.7], [10845.8, 6289.6], [10658.4, 6351.8], [10640.4, 6369.7]]}}, {"type": "Feature", "properties": {"name": null, "highway": "service", "trusted": 1.0}, "geometry": {"type": "LineString", "coordinates": [[10039.5, 1787.1], [10129.2, 1599.1]]}}, {"type": "Feature", "properties": {"name": null, "highway": "service", "trusted": 0.0}, "geometry": {"type": "LineString", "coordinates": [[3839.8, 5579.4], [3808.0, 5480.5], [3793.2, 5469.5], [3710.1, 5460.3]]}}, {"type": "Feature", "properties": {"name": "Tr\u01b0\u1eddng Sa", "highway": "tertiary", "trusted": 0.0}, "geometry": {"type": "LineString", "coordinates": [[11816.0, 990.9], [11798.4, 868.7], [11794.4, 841.8], [11782.7, 821.2]]}}, {"type": "Feature", "properties": {"name": "Tr\u01b0\u1eddng Sa", "highway": "tertiary", "trusted": 0.0}, "geometry": {"type": "LineString", "coordinates": [[11782.7, 821.2], [11775.3, 844.4], [11809.2, 1110.6]]}}, {"type": "Feature", "properties": {"name": "X\u00f4 Vi\u1ebft Ngh\u1ec7 T\u0129nh", "highway": "tertiary", "trusted": 1.0}, "geometry": {"type": "LineString", "coordinates": [[10458.6, 6179.9], [10476.1, 6206.6], [10595.5, 6334.3], [10610.6, 6341.1]]}}, {"type": "Feature", "properties": {"name": "X\u00f4 Vi\u1ebft Ngh\u1ec7 T\u0129nh", "highway": "tertiary", "trusted": 1.0}, "geometry": {"type": "LineString", "coordinates": [[10610.6, 6341.1], [10602.7, 6324.0], [10487.8, 6198.4], [10458.6, 6179.9]]}}, {"type": "Feature", "properties": {"name": "H\u1ebbm 156 L\u00fd T\u1ef1 Tr\u1ecdng", "highway": "service", "trusted": 0.0}, "geometry": {"type": "LineString", "coordinates": [[4377.3, 2776.9], [4514.2, 2629.1]]}}, {"type": "Feature", "properties": {"name": "H\u1ebbm 174-176 L\u00fd T\u1ef1 Tr\u1ecdng", "highway": "residential", "trusted": 0.0}, "geometry": {"type": "LineString", "coordinates": [[4306.9, 2678.2], [4398.6, 2585.5], [4449.0, 2514.9]]}}, {"type": "Feature", "properties": {"name": null, "highway": "residential", "trusted": 0.5}, "geometry": {"type": "LineString", "coordinates": [[8652.7, 7304.2], [8721.3, 7312.9]]}}, {"type": "Feature", "properties": {"name": null, "highway": "service", "trusted": 1.0}, "geometry": {"type": "LineString", "coordinates": [[5548.7, 5045.9], [5580.1, 5077.1]]}}, {"type": "Feature", "properties": {"name": null, "highway": "service", "trusted": 1.0}, "geometry": {"type": "LineString", "coordinates": [[5212.7, 4726.9], [5229.9, 4709.3], [5235.9, 4703.3], [5247.4, 4690.7], [5271.5, 4664.5]]}}, {"type": "Feature", "properties": {"name": null, "highway": "service", "trusted": 1.0}, "geometry": {"type": "LineString", "coordinates": [[5543.3, 4485.1], [5536.0, 4493.4], [5529.7, 4500.7], [5519.7, 4512.2], [5441.4, 4440.0], [5438.2, 4436.8], [5420.1, 4419.2]]}}, {"type": "Feature", "properties": {"name": null, "highway": "service", "trusted": 1.0}, "geometry": {"type": "LineString", "coordinates": [[5199.5, 4221.5], [5222.9, 4198.8], [5231.6, 4190.2]]}}, {"type": "Feature", "properties": {"name": null, "highway": "service", "trusted": 1.0}, "geometry": {"type": "LineString", "coordinates": [[5199.5, 4221.5], [5190.6, 4230.5]]}}, {"type": "Feature", "properties": {"name": null, "highway": "service", "trusted": 1.0}, "geometry": {"type": "LineString", "coordinates": [[4655.9, 4142.7], [4759.0, 4034.9]]}}, {"type": "Feature", "properties": {"name": null, "highway": "residential", "trusted": 0.0}, "geometry": {"type": "LineString", "coordinates": [[8834.1, 7423.6], [8846.1, 7419.1], [8854.4, 7414.8]]}}, {"type": "Feature", "properties": {"name": null, "highway": "residential", "trusted": 0.0}, "geometry": {"type": "LineString", "coordinates": [[8889.7, 7804.6], [8885.2, 7805.1], [8862.8, 7808.4]]}}, {"type": "Feature", "properties": {"name": null, "highway": "residential", "trusted": 0.0}, "geometry": {"type": "LineString", "coordinates": [[8879.2, 7990.3], [8874.4, 7989.3], [8870.1, 7988.4], [8848.2, 7986.9], [8829.8, 7986.6], [8818.5, 7992.4], [8807.2, 8004.7], [8805.3, 8018.8], [8811.1, 8027.8], [8820.5, 8032.7], [8831.2, 8032.2], [8844.2, 8027.7], [8853.7, 8026.1], [8864.8, 8025.3], [8869.8, 8025.0]]}}, {"type": "Feature", "properties": {"name": null, "highway": "residential", "trusted": 0.0}, "geometry": {"type": "LineString", "coordinates": [[8673.4, 7364.4], [8664.1, 7351.9], [8649.5, 7354.7], [8638.3, 7366.4], [8631.6, 7376.5], [8630.4, 7387.9], [8635.0, 7402.2]]}}, {"type": "Feature", "properties": {"name": null, "highway": "service", "trusted": 0.0}, "geometry": {"type": "LineString", "coordinates": [[6097.7, 4600.3], [6001.9, 4704.5]]}}, {"type": "Feature", "properties": {"name": null, "highway": "service", "trusted": 0.0}, "geometry": {"type": "LineString", "coordinates": [[5961.7, 4436.2], [5962.4, 4448.9], [5962.6, 4451.9], [5963.2, 4462.7], [5964.8, 4470.7], [5972.5, 4480.2], [6097.7, 4600.3]]}}, {"type": "Feature", "properties": {"name": null, "highway": "service", "trusted": 1.0}, "geometry": {"type": "LineString", "coordinates": [[5571.3, 4336.4], [5530.1, 4298.3], [5529.7, 4288.6], [5531.1, 4260.2], [5465.2, 4200.4]]}}, {"type": "Feature", "properties": {"name": null, "highway": "service", "trusted": 0.0}, "geometry": {"type": "LineString", "coordinates": [[5720.8, 4447.9], [5682.0, 4414.9]]}}, {"type": "Feature", "properties": {"name": null, "highway": "service", "trusted": 0.0}, "geometry": {"type": "LineString", "coordinates": [[5748.4, 4475.4], [5730.2, 4457.3], [5720.8, 4447.9]]}}, {"type": "Feature", "properties": {"name": null, "highway": "service", "trusted": 0.25}, "geometry": {"type": "LineString", "coordinates": [[5709.3, 4516.0], [5688.1, 4496.8], [5671.0, 4481.6], [5625.7, 4410.6]]}}, {"type": "Feature", "properties": {"name": null, "highway": "service", "trusted": 1.0}, "geometry": {"type": "LineString", "coordinates": [[5509.3, 4414.3], [5553.8, 4357.7]]}}, {"type": "Feature", "properties": {"name": null, "highway": "service", "trusted": 1.0}, "geometry": {"type": "LineString", "coordinates": [[5461.7, 4369.5], [5505.5, 4318.1]]}}, {"type": "Feature", "properties": {"name": "H\u1ebbm 178 Pasteur", "highway": "service", "trusted": 1.0}, "geometry": {"type": "LineString", "coordinates": [[6113.4, 3653.6], [6052.6, 3603.6], [6038.9, 3594.8], [6016.4, 3584.6], [5968.8, 3540.3], [5953.7, 3526.2]]}}, {"type": "Feature", "properties": {"name": null, "highway": "service", "trusted": 1.0}, "geometry": {"type": "LineString", "coordinates": [[6035.0, 3869.1], [5975.5, 3819.5], [5992.0, 3798.5]]}}, {"type": "Feature", "properties": {"name": null, "highway": "service", "trusted": 1.0}, "geometry": {"type": "LineString", "coordinates": [[6181.7, 4027.1], [6150.3, 4020.4], [6127.9, 4044.2], [6138.2, 4074.0]]}}, {"type": "Feature", "properties": {"name": "H\u1ebbm 59 Nguy\u1ec5n Du", "highway": "service", "trusted": 1.0}, "geometry": {"type": "LineString", "coordinates": [[6317.4, 4085.6], [6205.5, 4200.1]]}}, {"type": "Feature", "properties": {"name": null, "highway": "service", "trusted": 1.0}, "geometry": {"type": "LineString", "coordinates": [[5767.3, 3875.6], [5778.8, 3860.6], [5783.8, 3850.8], [5786.4, 3844.1], [5783.1, 3829.9], [5720.3, 3771.7]]}}, {"type": "Feature", "properties": {"name": null, "highway": "service", "trusted": 1.0}, "geometry": {"type": "LineString", "coordinates": [[5756.1, 4088.8], [5833.4, 4004.2]]}}, {"type": "Feature", "properties": {"name": null, "highway": "service", "trusted": 0.33}, "geometry": {"type": "LineString", "coordinates": [[5810.2, 3903.3], [5624.4, 4086.2], [5612.5, 4098.8]]}}, {"type": "Feature", "properties": {"name": null, "highway": "service", "trusted": 1.0}, "geometry": {"type": "LineString", "coordinates": [[6206.5, 3467.6], [6152.5, 3530.3], [6136.2, 3517.0], [6131.8, 3519.5], [6108.5, 3543.6]]}}, {"type": "Feature", "properties": {"name": null, "highway": "service", "trusted": 1.0}, "geometry": {"type": "LineString", "coordinates": [[6800.7, 4143.6], [6682.0, 4043.4], [6669.0, 4044.9], [6569.7, 4154.3], [6504.9, 4096.4], [6495.8, 4106.8]]}}, {"type": "Feature", "properties": {"name": null, "highway": "service", "trusted": 1.0}, "geometry": {"type": "LineString", "coordinates": [[7218.6, 4620.2], [7173.9, 4683.3]]}}, {"type": "Feature", "properties": {"name": null, "highway": "service", "trusted": 1.0}, "geometry": {"type": "LineString", "coordinates": [[6776.7, 4169.9], [6809.3, 4166.7], [6827.4, 4164.9], [6847.4, 4160.0], [6863.4, 4149.9], [6878.8, 4132.4], [6888.5, 4112.8], [6892.0, 4089.3], [6891.0, 4077.8], [6888.0, 4044.8]]}}, {"type": "Feature", "properties": {"name": null, "highway": "service", "trusted": 0.0}, "geometry": {"type": "LineString", "coordinates": [[5656.2, 3728.0], [5633.6, 3754.8], [5620.3, 3770.6]]}}, {"type": "Feature", "properties": {"name": null, "highway": "service", "trusted": 0.0}, "geometry": {"type": "LineString", "coordinates": [[5633.6, 3754.8], [5586.7, 3715.3]]}}, {"type": "Feature", "properties": {"name": null, "highway": "service", "trusted": 0.29}, "geometry": {"type": "LineString", "coordinates": [[5727.6, 3764.3], [5700.6, 3742.0], [5658.6, 3739.6], [5659.7, 3734.0], [5656.2, 3728.0], [5612.7, 3686.1], [5586.7, 3715.3]]}}, {"type": "Feature", "properties": {"name": null, "highway": "service", "trusted": 0.5}, "geometry": {"type": "LineString", "coordinates": [[5704.8, 4000.2], [5572.9, 3910.3]]}}, {"type": "Feature", "properties": {"name": null, "highway": "service", "trusted": 0.0}, "geometry": {"type": "LineString", "coordinates": [[5586.5, 3896.3], [5416.4, 3737.1]]}}, {"type": "Feature", "properties": {"name": null, "highway": "service", "trusted": 1.0}, "geometry": {"type": "LineString", "coordinates": [[5761.4, 3448.5], [5698.3, 3514.4]]}}, {"type": "Feature", "properties": {"name": null, "highway": "service", "trusted": 1.0}, "geometry": {"type": "LineString", "coordinates": [[5745.2, 3560.9], [5843.9, 3450.2]]}}, {"type": "Feature", "properties": {"name": null, "highway": "service", "trusted": 1.0}, "geometry": {"type": "LineString", "coordinates": [[5980.3, 3496.7], [5870.8, 3388.1]]}}, {"type": "Feature", "properties": {"name": null, "highway": "service", "trusted": 1.0}, "geometry": {"type": "LineString", "coordinates": [[5749.9, 3139.9], [5834.0, 3226.8], [5830.0, 3237.4], [5755.5, 3311.6]]}}, {"type": "Feature", "properties": {"name": null, "highway": "service", "trusted": 0.0}, "geometry": {"type": "LineString", "coordinates": [[5024.8, 3560.4], [5005.6, 3582.3], [4985.3, 3603.1], [4973.4, 3600.8], [4894.5, 3532.1], [4890.2, 3527.3], [4892.4, 3517.5], [4910.4, 3495.0], [4928.8, 3473.9]]}}, {"type": "Feature", "properties": {"name": null, "highway": "service", "trusted": 1.0}, "geometry": {"type": "LineString", "coordinates": [[5027.6, 3992.6], [5106.6, 3909.5], [5009.1, 3819.8]]}}, {"type": "Feature", "properties": {"name": null, "highway": "service", "trusted": 0.0}, "geometry": {"type": "LineString", "coordinates": [[5389.8, 3977.0], [5374.7, 3983.3], [5273.8, 4030.8], [5262.2, 4029.4], [5254.1, 4016.3]]}}, {"type": "Feature", "properties": {"name": null, "highway": "service", "trusted": 0.0}, "geometry": {"type": "LineString", "coordinates": [[5337.6, 3925.4], [5254.1, 4016.3], [5245.5, 4020.1]]}}, {"type": "Feature", "properties": {"name": null, "highway": "service", "trusted": 0.33}, "geometry": {"type": "LineString", "coordinates": [[5178.7, 3694.1], [5164.7, 3754.8], [5172.3, 3767.5]]}}, {"type": "Feature", "properties": {"name": null, "highway": "service", "trusted": 0.0}, "geometry": {"type": "LineString", "coordinates": [[5354.5, 3860.4], [5342.5, 3872.5], [5313.6, 3901.5]]}}, {"type": "Feature", "properties": {"name": null, "highway": "service", "trusted": 0.33}, "geometry": {"type": "LineString", "coordinates": [[5114.5, 3827.0], [5124.5, 3836.1], [5130.1, 3834.9], [5174.6, 3792.7], [5157.2, 3801.7], [5164.8, 3784.0], [5172.3, 3767.5], [5182.4, 3770.9], [5313.6, 3901.5], [5337.6, 3925.4], [5389.8, 3977.0], [5402.6, 3989.7]]}}, {"type": "Feature", "properties": {"name": null, "highway": "service", "trusted": 1.0}, "geometry": {"type": "LineString", "coordinates": [[3265.1, 4484.7], [3217.1, 4365.3], [3191.9, 4378.7]]}}, {"type": "Feature", "properties": {"name": null, "highway": "service", "trusted": 1.0}, "geometry": {"type": "LineString", "coordinates": [[3061.7, 4295.7], [2962.3, 4378.4], [2876.7, 4450.4]]}}, {"type": "Feature", "properties": {"name": null, "highway": "service", "trusted": 1.0}, "geometry": {"type": "LineString", "coordinates": [[3290.6, 4473.6], [3236.0, 4353.6]]}}, {"type": "Feature", "properties": {"name": null, "highway": "service", "trusted": 1.0}, "geometry": {"type": "LineString", "coordinates": [[3334.9, 4454.0], [3278.9, 4337.0]]}}, {"type": "Feature", "properties": {"name": null, "highway": "service", "trusted": 1.0}, "geometry": {"type": "LineString", "coordinates": [[2700.5, 4694.6], [2714.9, 4671.0], [2724.7, 4654.9], [2725.3, 4646.2], [2723.3, 4638.3], [2719.2, 4630.8], [2712.6, 4624.0], [2707.4, 4618.9]]}}, {"type": "Feature", "properties": {"name": null, "highway": "service", "trusted": 1.0}, "geometry": {"type": "LineString", "coordinates": [[2583.8, 4564.0], [2593.9, 4551.2], [2671.2, 4453.5], [2641.5, 4418.9], [2653.9, 4402.4]]}}, {"type": "Feature", "properties": {"name": null, "highway": "service", "trusted": 1.0}, "geometry": {"type": "LineString", "coordinates": [[2472.2, 4459.7], [2482.1, 4447.3], [2525.4, 4392.6], [2535.1, 4380.8], [2546.3, 4371.2], [2632.0, 4318.8]]}}, {"type": "Feature", "properties": {"name": null, "highway": "service", "trusted": 1.0}, "geometry": {"type": "LineString", "coordinates": [[2916.5, 3777.5], [2848.8, 3843.4]]}}, {"type": "Feature", "properties": {"name": null, "highway": "service", "trusted": 1.0}, "geometry": {"type": "LineString", "coordinates": [[3287.6, 3827.9], [3275.0, 3811.6], [3254.7, 3779.9]]}}, {"type": "Feature", "properties": {"name": "H\u1ebbm 66 Hu\u1ef3nh Th\u00fac Kh\u00e1ng", "highway": "service", "trusted": 1.0}, "geometry": {"type": "LineString", "coordinates": [[3949.5, 4025.6], [3878.6, 4072.4], [3814.7, 4119.5]]}}, {"type": "Feature", "properties": {"name": null, "highway": "service", "trusted": 1.0}, "geometry": {"type": "LineString", "coordinates": [[4071.6, 3906.7], [4000.7, 3979.4], [3991.2, 3969.2], [3962.7, 3999.6]]}}, {"type": "Feature", "properties": {"name": null, "highway": "service", "trusted": 1.0}, "geometry": {"type": "LineString", "coordinates": [[4153.8, 3834.1], [4089.8, 3903.5], [4082.9, 3899.0], [4074.0, 3908.7], [4071.6, 3906.7], [4027.2, 3869.3]]}}, {"type": "Feature", "properties": {"name": null, "highway": "service", "trusted": 1.0}, "geometry": {"type": "LineString", "coordinates": [[4013.0, 4151.9], [3994.1, 4108.9], [3970.9, 4069.7], [3955.4, 4053.8]]}}, {"type": "Feature", "properties": {"name": null, "highway": "service", "trusted": 1.0}, "geometry": {"type": "LineString", "coordinates": [[4408.1, 4587.7], [4578.0, 4550.2]]}}, {"type": "Feature", "properties": {"name": "L\u00ea Du\u1ea9n", "highway": "secondary", "trusted": 1.0}, "geometry": {"type": "LineString", "coordinates": [[6541.3, 3483.2], [6522.8, 3467.4], [6516.3, 3461.9], [6303.2, 3260.7], [6299.5, 3256.9], [6252.9, 3208.5]]}}, {"type": "Feature", "properties": {"name": "Ph\u1ea1m Ng\u1ecdc Th\u1ea1ch", "highway": "tertiary", "trusted": 1.0}, "geometry": {"type": "LineString", "coordinates": [[6824.4, 3335.3], [6879.1, 3277.7], [6908.8, 3246.8], [7065.1, 3087.1]]}}, {"type": "Feature", "properties": {"name": null, "highway": "secondary", "trusted": 1.0}, "geometry": {"type": "LineString", "coordinates": [[6606.4, 3536.1], [6598.8, 3541.1], [6594.0, 3548.3], [6592.8, 3556.7], [6595.3, 3564.9], [6601.3, 3571.6], [6609.7, 3575.8], [6619.2, 3576.7], [6628.4, 3574.3]]}}, {"type": "Feature", "properties": {"name": null, "highway": "service", "trusted": 1.0}, "geometry": {"type": "LineString", "coordinates": [[3991.2, 4676.0], [4016.3, 4663.6], [3985.1, 4595.9]]}}, {"type": "Feature", "properties": {"name": null, "highway": "service", "trusted": 1.0}, "geometry": {"type": "LineString", "coordinates": [[8639.4, 5960.2], [8585.3, 5903.6], [8585.9, 5895.8], [8597.6, 5888.7]]}}, {"type": "Feature", "properties": {"name": "H\u1ebbm 76 \u0110\u01b0\u1eddng Hai B\u00e0 Tr\u01b0ng", "highway": "service", "trusted": 0.0}, "geometry": {"type": "LineString", "coordinates": [[6240.1, 4903.1], [6164.5, 4836.1]]}}, {"type": "Feature", "properties": {"name": null, "highway": "service", "trusted": 0.0}, "geometry": {"type": "LineString", "coordinates": [[6427.1, 4869.2], [6369.8, 4933.4]]}}, {"type": "Feature", "properties": {"name": null, "highway": "service", "trusted": 0.0}, "geometry": {"type": "LineString", "coordinates": [[6532.4, 5224.6], [6496.8, 5196.5]]}}, {"type": "Feature", "properties": {"name": "H\u1ebbm 26 L\u00ea Th\u00e1nh T\u00f4n", "highway": "service", "trusted": 0.0}, "geometry": {"type": "LineString", "coordinates": [[6536.2, 5379.5], [6614.8, 5279.9], [6621.5, 5284.9], [6652.1, 5314.6]]}}, {"type": "Feature", "properties": {"name": null, "highway": "service", "trusted": 0.5}, "geometry": {"type": "LineString", "coordinates": [[7054.7, 5821.5], [7112.8, 5738.0]]}}, {"type": "Feature", "properties": {"name": null, "highway": "service", "trusted": 0.5}, "geometry": {"type": "LineString", "coordinates": [[7127.0, 5883.5], [7193.2, 5779.3]]}}, {"type": "Feature", "properties": {"name": null, "highway": "service", "trusted": 0.5}, "geometry": {"type": "LineString", "coordinates": [[7522.6, 5267.8], [7443.0, 5215.9]]}}, {"type": "Feature", "properties": {"name": null, "highway": "service", "trusted": 1.0}, "geometry": {"type": "LineString", "coordinates": [[7606.5, 5185.0], [7534.0, 5122.3]]}}, {"type": "Feature", "properties": {"name": null, "highway": "service", "trusted": 0.0}, "geometry": {"type": "LineString", "coordinates": [[4175.7, 3023.6], [4270.2, 2963.0]]}}, {"type": "Feature", "properties": {"name": null, "highway": "service", "trusted": 0.0}, "geometry": {"type": "LineString", "coordinates": [[3900.3, 2593.4], [3917.9, 2581.0], [3962.7, 2552.2], [4059.7, 2501.2], [4077.4, 2487.9]]}}, {"type": "Feature", "properties": {"name": null, "highway": "service", "trusted": 0.0}, "geometry": {"type": "LineString", "coordinates": [[2889.1, 5178.2], [2880.8, 5181.1], [2797.7, 5211.1]]}}, {"type": "Feature", "properties": {"name": null, "highway": "service", "trusted": 1.0}, "geometry": {"type": "LineString", "coordinates": [[2327.6, 3317.4], [2246.4, 3213.7], [2242.4, 3207.0]]}}, {"type": "Feature", "properties": {"name": null, "highway": "service", "trusted": 1.0}, "geometry": {"type": "LineString", "coordinates": [[2370.8, 3067.6], [2284.0, 3126.5], [2259.2, 3146.0], [2251.2, 3150.5], [2246.6, 3148.0], [2214.6, 3097.2]]}}, {"type": "Feature", "properties": {"name": null, "highway": "service", "trusted": 1.0}, "geometry": {"type": "LineString", "coordinates": [[2383.5, 2831.8], [2366.1, 2842.9], [2313.8, 2875.7]]}}, {"type": "Feature", "properties": {"name": null, "highway": "service", "trusted": 1.0}, "geometry": {"type": "LineString", "coordinates": [[2377.3, 2822.1], [2304.6, 2872.5], [2266.7, 2896.5]]}}, {"type": "Feature", "properties": {"name": null, "highway": "service", "trusted": 1.0}, "geometry": {"type": "LineString", "coordinates": [[2097.6, 3190.8], [1990.1, 3253.3]]}}, {"type": "Feature", "properties": {"name": "H\u1ebbm 3 Phan V\u0103n Tr\u01b0\u1eddng", "highway": "service", "trusted": 1.0}, "geometry": {"type": "LineString", "coordinates": [[1883.8, 3131.2], [1955.9, 3212.0], [2071.9, 3148.2]]}}, {"type": "Feature", "properties": {"name": "H\u1ebbm 68 Nguy\u1ec5n Th\u00e1i B\u00ecnh", "highway": "service", "trusted": 1.0}, "geometry": {"type": "LineString", "coordinates": [[3039.8, 3630.8], [2877.1, 3736.7]]}}, {"type": "Feature", "properties": {"name": "H\u1ebbm 84 Nguy\u1ec5n Th\u00e1i B\u00ecnh", "highway": "service", "trusted": 1.0}, "geometry": {"type": "LineString", "coordinates": [[2818.3, 3675.9], [2960.0, 3557.4]]}}, {"type": "Feature", "properties": {"name": null, "highway": "service", "trusted": 1.0}, "geometry": {"type": "LineString", "coordinates": [[3000.4, 3303.9], [2924.8, 3361.3]]}}, {"type": "Feature", "properties": {"name": "H\u1ebbm 100 L\u00ea Th\u1ecb H\u1ed3ng G\u1ea5m", "highway": "service", "trusted": 1.0}, "geometry": {"type": "LineString", "coordinates": [[2973.5, 3275.8], [3056.2, 3190.6]]}}, {"type": "Feature", "properties": {"name": null, "highway": "service", "trusted": 1.0}, "geometry": {"type": "LineString", "coordinates": [[1643.1, 3388.4], [1612.7, 3409.4], [1599.6, 3414.9], [1590.0, 3420.3], [1583.5, 3423.4], [1578.5, 3425.0], [1565.0, 3432.5]]}}, {"type": "Feature", "properties": {"name": null, "highway": "service", "trusted": 1.0}, "geometry": {"type": "LineString", "coordinates": [[1536.1, 3212.6], [1643.1, 3388.4], [1658.4, 3413.4]]}}, {"type": "Feature", "properties": {"name": null, "highway": "service", "trusted": 1.0}, "geometry": {"type": "LineString", "coordinates": [[1512.4, 3512.2], [1583.8, 3463.1], [1587.9, 3460.3], [1658.4, 3413.4]]}}, {"type": "Feature", "properties": {"name": "H\u1ebbm 54 K\u1ef3 Con", "highway": "service", "trusted": 1.0}, "geometry": {"type": "LineString", "coordinates": [[2191.4, 3864.4], [2163.1, 3826.6], [2168.2, 3816.6], [2155.5, 3796.9]]}}, {"type": "Feature", "properties": {"name": null, "highway": "service", "trusted": 1.0}, "geometry": {"type": "LineString", "coordinates": [[2222.0, 3950.8], [2172.4, 3892.2]]}}, {"type": "Feature", "properties": {"name": null, "highway": "service", "trusted": 1.0}, "geometry": {"type": "LineString", "coordinates": [[2156.6, 3992.7], [2103.1, 3921.0]]}}, {"type": "Feature", "properties": {"name": null, "highway": "service", "trusted": 1.0}, "geometry": {"type": "LineString", "coordinates": [[2022.8, 4087.5], [1983.1, 4019.3], [1981.7, 4013.2], [1983.4, 4008.3], [1987.3, 4004.2], [1994.5, 3995.6], [2000.4, 3990.5], [2003.2, 3983.0], [2002.1, 3970.8], [2004.8, 3962.3]]}}, {"type": "Feature", "properties": {"name": "H\u1ebbm 258/17 Nguy\u1ec5n C\u00f4ng Tr\u1ee9", "highway": "service", "trusted": 1.0}, "geometry": {"type": "LineString", "coordinates": [[2513.2, 3892.1], [2554.1, 3943.4], [2567.7, 3932.4], [2590.6, 3909.5], [2587.8, 3905.0], [2607.1, 3889.8]]}}, {"type": "Feature", "properties": {"name": null, "highway": "service", "trusted": 1.0}, "geometry": {"type": "LineString", "coordinates": [[2226.1, 4045.3], [2257.3, 4095.1], [2266.4, 4111.1], [2282.1, 4136.8]]}}, {"type": "Feature", "properties": {"name": null, "highway": "service", "trusted": 1.0}, "geometry": {"type": "LineString", "coordinates": [[2518.3, 4036.5], [2408.5, 4111.5]]}}, {"type": "Feature", "properties": {"name": null, "highway": "service", "trusted": 0.33}, "geometry": {"type": "LineString", "coordinates": [[448.1, 2519.5], [508.7, 2573.9], [631.1, 2561.6]]}}, {"type": "Feature", "properties": {"name": null, "highway": "service", "trusted": 0.0}, "geometry": {"type": "LineString", "coordinates": [[525.3, 2611.1], [547.3, 2575.1]]}}, {"type": "Feature", "properties": {"name": "\u0110\u01b0\u1eddng n\u1ed9i b\u1ed9 Chung c\u01b0", "highway": "service", "trusted": 1.0}, "geometry": {"type": "LineString", "coordinates": [[2414.1, 5252.2], [2389.3, 5229.9], [2381.4, 5226.2], [2375.5, 5225.4], [2368.2, 5227.4], [2307.2, 5265.2], [2303.2, 5269.0], [2299.2, 5276.9], [2297.0, 5306.0]]}}, {"type": "Feature", "properties": {"name": null, "highway": "service", "trusted": 1.0}, "geometry": {"type": "LineString", "coordinates": [[2041.4, 5140.3], [1985.4, 5228.9]]}}, {"type": "Feature", "properties": {"name": "\u0110\u01b0\u1eddng n\u1ed9i b\u1ed9 Chung c\u01b0", "highway": "service", "trusted": 1.0}, "geometry": {"type": "LineString", "coordinates": [[2205.3, 4879.9], [2143.7, 4976.9], [2083.9, 5072.3], [2041.4, 5140.3]]}}, {"type": "Feature", "properties": {"name": null, "highway": "service", "trusted": 1.0}, "geometry": {"type": "LineString", "coordinates": [[2539.3, 5336.2], [2527.7, 5341.5], [2445.5, 5378.7]]}}, {"type": "Feature", "properties": {"name": null, "highway": "service", "trusted": 1.0}, "geometry": {"type": "LineString", "coordinates": [[1864.3, 5252.2], [1866.0, 5224.7], [1867.9, 5194.4], [1865.3, 5183.0], [1862.5, 5172.9], [1858.1, 5167.7], [1851.9, 5162.9], [1840.7, 5152.5]]}}, {"type": "Feature", "properties": {"name": "H\u1ebbm 15 \u0110o\u00e0n Nh\u01b0 H\u00e0i", "highway": "residential", "trusted": 1.0}, "geometry": {"type": "LineString", "coordinates": [[2068.9, 5971.1], [2060.2, 5982.9], [1711.8, 6151.7], [1692.8, 6160.0]]}}, {"type": "Feature", "properties": {"name": null, "highway": "service", "trusted": 1.0}, "geometry": {"type": "LineString", "coordinates": [[1339.4, 5012.6], [1359.6, 5026.9]]}}, {"type": "Feature", "properties": {"name": null, "highway": "service", "trusted": 1.0}, "geometry": {"type": "LineString", "coordinates": [[1466.7, 4805.0], [1533.4, 4853.1], [1471.4, 4951.7]]}}, {"type": "Feature", "properties": {"name": null, "highway": "service", "trusted": 1.0}, "geometry": {"type": "LineString", "coordinates": [[1471.4, 4951.7], [1601.7, 5040.5]]}}, {"type": "Feature", "properties": {"name": null, "highway": "service", "trusted": 1.0}, "geometry": {"type": "LineString", "coordinates": [[1580.8, 4621.1], [1666.8, 4682.3], [1673.2, 4691.3], [1677.4, 4697.2], [1685.2, 4704.7], [1696.2, 4711.6]]}}, {"type": "Feature", "properties": {"name": "H\u1ebbm 49 L\u00ea V\u0103n Duy\u1ec7t", "highway": "service", "trusted": 0.0}, "geometry": {"type": "LineString", "coordinates": [[11490.4, 2833.4], [11500.8, 2736.3], [11524.6, 2731.6], [11545.3, 2624.3], [11558.3, 2537.4], [11563.0, 2399.3], [11546.4, 2384.3]]}}, {"type": "Feature", "properties": {"name": "Nguy\u1ec5n H\u1eefu C\u1ea3nh", "highway": "primary", "trusted": 0.0}, "geometry": {"type": "LineString", "coordinates": [[7800.8, 6426.1], [7585.2, 6239.0], [7531.4, 6192.3], [7393.5, 6072.5], [7374.8, 6056.2], [7341.3, 6027.0]]}}, {"type": "Feature", "properties": {"name": "Nguy\u1ec5n H\u1eefu C\u1ea3nh", "highway": "primary", "trusted": 0.0}, "geometry": {"type": "LineString", "coordinates": [[8021.8, 6678.4], [8101.2, 6746.3], [8145.6, 6776.7], [8195.2, 6806.9], [8244.7, 6831.5], [8327.9, 6870.9], [8348.9, 6880.0], [8383.1, 6893.2]]}}, {"type": "Feature", "properties": {"name": "Tr\u1ea7n H\u01b0ng \u0110\u1ea1o", "highway": "primary", "trusted": 0.0}, "geometry": {"type": "LineString", "coordinates": [[3007.3, 2858.1], [3017.9, 2867.7]]}}, {"type": "Feature", "properties": {"name": "Tr\u1ea7n H\u01b0ng \u0110\u1ea1o", "highway": "primary", "trusted": 0.4}, "geometry": {"type": "LineString", "coordinates": [[3029.0, 2847.5], [3041.7, 2859.1], [3062.8, 2878.3], [3333.7, 3138.1], [3355.2, 3163.1]]}}, {"type": "Feature", "properties": {"name": "Tr\u1ea7n H\u01b0ng \u0110\u1ea1o", "highway": "primary", "trusted": 0.0}, "geometry": {"type": "LineString", "coordinates": [[3052.3, 2835.8], [2976.0, 2767.2], [2955.3, 2748.6], [2831.7, 2637.6], [2760.1, 2573.2], [2698.2, 2517.6], [2686.6, 2507.7]]}}, {"type": "Feature", "properties": {"name": "Nguy\u1ec5n H\u1eefu C\u1ea3nh", "highway": "primary", "trusted": 0.0}, "geometry": {"type": "LineString", "coordinates": [[7287.3, 6098.1], [7305.9, 6088.7], [7322.1, 6085.5], [7338.1, 6086.9], [7347.5, 6090.9], [7353.8, 6095.5], [7474.0, 6201.6], [7904.2, 6576.5]]}}, {"type": "Feature", "properties": {"name": "C\u00e1ch M\u1ea1ng Th\u00e1ng T\u00e1m", "highway": "primary", "trusted": 1.0}, "geometry": {"type": "LineString", "coordinates": [[4732.7, 134.9], [4672.4, 240.6], [4647.6, 275.2]]}}, {"type": "Feature", "properties": {"name": "Nguy\u1ec5n Th\u1ecb Minh Khai", "highway": "primary", "trusted": 1.0}, "geometry": {"type": "LineString", "coordinates": [[4417.1, 678.0], [4425.2, 686.0], [4442.7, 703.2]]}}, {"type": "Feature", "properties": {"name": null, "highway": "tertiary", "trusted": 1.0}, "geometry": {"type": "LineString", "coordinates": [[10630.4, 2761.6], [10626.0, 2731.3]]}}, {"type": "Feature", "properties": {"name": "\u0110inh Ti\u00ean Ho\u00e0ng", "highway": "primary", "trusted": 1.0}, "geometry": {"type": "LineString", "coordinates": [[10630.4, 2761.6], [10665.1, 2761.0], [10700.2, 2760.4]]}}, {"type": "Feature", "properties": {"name": "\u0110inh Ti\u00ean Ho\u00e0ng", "highway": "primary", "trusted": 1.0}, "geometry": {"type": "LineString", "coordinates": [[10626.0, 2731.3], [10590.2, 2731.4], [10571.1, 2731.7], [10404.8, 2739.0], [10363.0, 2741.0]]}}, {"type": "Feature", "properties": {"name": "Tr\u1ea7n H\u01b0ng \u0110\u1ea1o", "highway": "primary", "trusted": 0.0}, "geometry": {"type": "LineString", "coordinates": [[2602.4, 2499.2], [2641.4, 2535.3]]}}, {"type": "Feature", "properties": {"name": "Tr\u1ea7n H\u01b0ng \u0110\u1ea1o", "highway": "primary", "trusted": 0.0}, "geometry": {"type": "LineString", "coordinates": [[2641.4, 2535.3], [2664.2, 2553.0], [2728.4, 2610.1], [2800.8, 2674.5], [2925.6, 2785.4], [2944.7, 2802.4], [3007.3, 2858.1]]}}, {"type": "Feature", "properties": {"name": "Tr\u1ea7n H\u01b0ng \u0110\u1ea1o", "highway": "primary", "trusted": 0.0}, "geometry": {"type": "LineString", "coordinates": [[2666.5, 2464.0], [2643.6, 2443.6], [2633.5, 2435.0]]}}, {"type": "Feature", "properties": {"name": "C\u00e1ch M\u1ea1ng Th\u00e1ng T\u00e1m", "highway": "primary", "trusted": 1.0}, "geometry": {"type": "LineString", "coordinates": [[4154.5, 1203.4], [4168.0, 1180.2], [4384.7, 804.8]]}}, {"type": "Feature", "properties": {"name": "Tr\u1ea7n Qu\u1ed1c To\u1ea3n", "highway": "tertiary", "trusted": 0.0}, "geometry": {"type": "LineString", "coordinates": [[9195.1, 437.3], [9128.1, 399.6], [8990.1, 321.6]]}}, {"type": "Feature", "properties": {"name": "X\u00f4 Vi\u1ebft Ngh\u1ec7 T\u0129nh", "highway": "primary", "trusted": 0.0}, "geometry": {"type": "LineString", "coordinates": [[12085.9, 7507.6], [12051.5, 7493.6], [11760.8, 7378.8], [11652.5, 7333.5], [11591.6, 7302.4], [11586.7, 7299.1]]}}, {"type": "Feature", "properties": {"name": "L\u00ea Th\u00e1nh T\u00f4n", "highway": "tertiary", "trusted": 0.08}, "geometry": {"type": "LineString", "coordinates": [[6981.0, 5756.4], [6926.2, 5719.7], [6905.9, 5701.5], [6875.0, 5673.3], [6804.6, 5612.3], [6796.8, 5605.1], [6742.2, 5557.9], [6661.2, 5487.9], [6536.2, 5379.5], [6456.5, 5310.4], [6279.1, 5175.3], [6242.8, 5144.4], [6050.1, 4958.7]]}}, {"type": "Feature", "properties": {"name": null, "highway": "service", "trusted": 0.0}, "geometry": {"type": "LineString", "coordinates": [[9658.2, 1030.8], [9573.8, 1139.7]]}}, {"type": "Feature", "properties": {"name": null, "highway": "residential", "trusted": 1.0}, "geometry": {"type": "LineString", "coordinates": [[10012.9, 2690.2], [10061.2, 2606.8]]}}, {"type": "Feature", "properties": {"name": null, "highway": "residential", "trusted": 1.0}, "geometry": {"type": "LineString", "coordinates": [[10061.2, 2606.8], [10029.3, 2573.8]]}}, {"type": "Feature", "properties": {"name": null, "highway": "residential", "trusted": 0.5}, "geometry": {"type": "LineString", "coordinates": [[10696.3, 5860.6], [10780.2, 5781.5]]}}, {"type": "Feature", "properties": {"name": null, "highway": "residential", "trusted": 1.0}, "geometry": {"type": "LineString", "coordinates": [[9293.3, 6756.8], [9381.2, 6895.1]]}}, {"type": "Feature", "properties": {"name": "Nguy\u1ec5n H\u1eefu C\u1ea3nh", "highway": "primary", "trusted": 0.0}, "geometry": {"type": "LineString", "coordinates": [[9550.1, 9140.5], [9547.5, 9131.8], [9544.1, 9114.5], [9539.0, 9089.0], [9527.5, 9029.1], [9524.1, 8987.2], [9525.5, 8941.4], [9526.7, 8900.4], [9536.5, 8821.3], [9558.1, 8680.9], [9565.3, 8613.7], [9567.1, 8597.5], [9555.6, 8554.7]]}}, {"type": "Feature", "properties": {"name": "H\u1ebbm 2 Nguy\u1ec5n Th\u1ecb Minh Khai", "highway": "service", "trusted": 1.0}, "geometry": {"type": "LineString", "coordinates": [[10063.7, 5824.6], [10074.5, 5818.7], [10113.4, 5797.7], [10132.3, 5775.4], [10159.4, 5715.0], [10153.0, 5677.3], [10142.9, 5669.5], [10163.8, 5634.0]]}}, {"type": "Feature", "properties": {"name": null, "highway": "service", "trusted": 1.0}, "geometry": {"type": "LineString", "coordinates": [[10159.4, 5715.0], [10209.8, 5710.7], [10220.4, 5654.6], [10233.6, 5638.0], [10258.7, 5642.0], [10285.8, 5628.0]]}}, {"type": "Feature", "properties": {"name": "H\u1ebbm 18Bis/13 Nguy\u1ec5n Th\u1ecb Minh Khai", "highway": "service", "trusted": 1.0}, "geometry": {"type": "LineString", "coordinates": [[8339.9, 4014.4], [8382.2, 4045.0], [8454.8, 3977.7]]}}, {"type": "Feature", "properties": {"name": null, "highway": "residential", "trusted": 0.0}, "geometry": {"type": "LineString", "coordinates": [[9827.5, 7710.5], [9745.1, 7710.5], [9745.6, 7756.3]]}}, {"type": "Feature", "properties": {"name": "C\u00f4ng tr\u01b0\u1eddng M\u00ea Linh", "highway": "residential", "trusted": 0.0}, "geometry": {"type": "LineString", "coordinates": [[5004.1, 5873.2], [4969.4, 5872.1], [4941.5, 5876.5], [4916.2, 5883.7], [4890.2, 5893.3], [4865.0, 5907.8]]}}, {"type": "Feature", "properties": {"name": "C\u00f4ng tr\u01b0\u1eddng M\u00ea Linh", "highway": "residential", "trusted": 0.0}, "geometry": {"type": "LineString", "coordinates": [[5209.1, 6140.7], [5198.7, 6122.8], [5194.7, 6109.0], [5192.1, 6089.2], [5191.1, 6073.0], [5188.6, 6037.3], [5185.2, 6020.1]]}}, {"type": "Feature", "properties": {"name": "C\u00f4ng tr\u01b0\u1eddng M\u00ea Linh", "highway": "residential", "trusted": 0.0}, "geometry": {"type": "LineString", "coordinates": [[5185.2, 6020.1], [5176.1, 5998.4], [5160.1, 5970.5], [5148.6, 5954.2], [5128.3, 5932.2]]}}, {"type": "Feature", "properties": {"name": "Di\u00ean H\u1ed3ng", "highway": "residential", "trusted": 0.0}, "geometry": {"type": "LineString", "coordinates": [[12146.9, 3557.3], [12112.4, 3543.9], [12091.6, 3540.4], [12040.9, 3534.4], [12017.5, 3532.8], [11998.0, 3529.8], [11954.4, 3519.4], [11721.0, 3435.0], [11418.2, 3346.7], [11311.6, 3314.5], [11230.9, 3286.7], [11108.4, 3271.5]]}}, {"type": "Feature", "properties": {"name": "H\u1ebbm 94 Tr\u1ea7n Kh\u1eafc Ch\u00e2n", "highway": "service", "trusted": 0.0}, "geometry": {"type": "LineString", "coordinates": [[11385.6, 1366.9], [11354.7, 1193.1]]}}, {"type": "Feature", "properties": {"name": "H\u1ebbm 12 Phan K\u1ebf B\u00ednh", "highway": "service", "trusted": 1.0}, "geometry": {"type": "LineString", "coordinates": [[10090.8, 3699.1], [10012.2, 3628.1], [10003.7, 3621.7]]}}, {"type": "Feature", "properties": {"name": "H\u1ebbm 29A Nguy\u1ec5n \u0110\u00ecnh Chi\u1ec3u", "highway": "service", "trusted": 1.0}, "geometry": {"type": "LineString", "coordinates": [[8789.8, 3810.8], [8733.6, 3760.5], [8703.5, 3733.4], [8741.9, 3695.7], [8738.0, 3684.3], [8853.2, 3572.4], [8864.6, 3561.3]]}}, {"type": "Feature", "properties": {"name": "H\u1ebbm 100 \u0110\u01b0\u1eddng Nguy\u1ec5n \u0110\u00ecnh Chi\u1ec3u", "highway": "service", "trusted": 1.0}, "geometry": {"type": "LineString", "coordinates": [[9019.0, 3353.9], [8829.3, 3530.4]]}}, {"type": "Feature", "properties": {"name": "H\u1ebbm 49 Tr\u1ea7n Quang Kh\u1ea3i", "highway": "residential", "trusted": 1.0}, "geometry": {"type": "LineString", "coordinates": [[10558.6, 2250.5], [10529.7, 2254.9], [10494.0, 2260.2], [10458.4, 2265.6], [10476.9, 2369.2]]}}, {"type": "Feature", "properties": {"name": null, "highway": "residential", "trusted": 1.0}, "geometry": {"type": "LineString", "coordinates": [[10550.6, 2203.7], [10521.7, 2207.3], [10443.6, 2217.0]]}}, {"type": "Feature", "properties": {"name": null, "highway": "residential", "trusted": 1.0}, "geometry": {"type": "LineString", "coordinates": [[10541.8, 2151.0], [10513.1, 2154.9], [10444.1, 2164.4]]}}, {"type": "Feature", "properties": {"name": "Hai B\u00e0 Tr\u01b0ng", "highway": "primary", "trusted": 0.0}, "geometry": {"type": "LineString", "coordinates": [[5677.9, 5336.4], [5752.2, 5262.8], [5799.7, 5219.5], [5857.6, 5162.6], [5882.3, 5138.3], [5946.3, 5069.8], [6050.1, 4958.7]]}}, {"type": "Feature", "properties": {"name": "Tr\u1ea7n Kh\u00e1nh D\u01b0", "highway": "residential", "trusted": 0.0}, "geometry": {"type": "LineString", "coordinates": [[11209.0, 950.3], [11252.8, 1212.2]]}}, {"type": "Feature", "properties": {"name": "Tr\u1ea7n Kh\u00e1nh D\u01b0", "highway": "residential", "trusted": 0.0}, "geometry": {"type": "LineString", "coordinates": [[11170.8, 713.0], [11190.5, 821.0], [11209.0, 950.3]]}}, {"type": "Feature", "properties": {"name": "\u0110\u01b0\u1eddng Nguy\u1ec5n C\u00f4ng Hoan", "highway": "residential", "trusted": 0.0}, "geometry": {"type": "LineString", "coordinates": [[12184.7, 1106.6], [12169.4, 1107.1], [12154.9, 1107.6], [12060.0, 1110.6]]}}, {"type": "Feature", "properties": {"name": "T\u00f4n \u0110\u1ee9c Th\u1eafng", "highway": "primary", "trusted": 0.0}, "geometry": {"type": "LineString", "coordinates": [[7287.3, 6098.1], [7313.7, 6063.2], [7319.1, 6056.3], [7341.3, 6027.0]]}}, {"type": "Feature", "properties": {"name": "Tr\u1ea7n B\u1ea1ch \u0110\u1eb1ng", "highway": "residential", "trusted": 0.0}, "geometry": {"type": "LineString", "coordinates": [[6345.4, 9091.0], [6333.3, 9076.0], [6270.8, 9005.2], [6179.7, 8907.5], [6142.5, 8872.1], [6135.5, 8865.4], [6105.5, 8836.8]]}}, {"type": "Feature", "properties": {"name": null, "highway": "residential", "trusted": 0.0}, "geometry": {"type": "LineString", "coordinates": [[2897.8, 8672.0], [2874.7, 8637.0]]}}, {"type": "Feature", "properties": {"name": null, "highway": "residential", "trusted": 0.0}, "geometry": {"type": "LineString", "coordinates": [[4386.6, 8186.9], [4324.1, 8189.1], [4254.3, 8193.2], [4081.8, 8205.3], [4053.0, 8208.2], [4014.3, 8212.0], [3976.3, 8215.8], [3934.7, 8219.9], [3861.7, 8229.2], [3790.4, 8239.8], [3732.5, 8250.6], [3673.9, 8263.1], [3612.2, 8276.3], [3577.6, 8284.5]]}}, {"type": "Feature", "properties": {"name": "C\u1ea7u s\u1ed1 19", "highway": "residential", "trusted": 0.0}, "geometry": {"type": "LineString", "coordinates": [[3577.6, 8284.5], [3529.1, 8299.3], [3489.7, 8311.3], [3439.9, 8326.9], [3386.2, 8345.3], [3336.7, 8363.7], [3304.5, 8375.5]]}}, {"type": "Feature", "properties": {"name": null, "highway": "residential", "trusted": 0.0}, "geometry": {"type": "LineString", "coordinates": [[2399.4, 9013.5], [2385.7, 9029.9]]}}, {"type": "Feature", "properties": {"name": "Nguy\u1ec5n Tr\u00e3i", "highway": "secondary", "trusted": 0.0}, "geometry": {"type": "LineString", "coordinates": [[2895.7, 667.1], [2876.6, 646.7], [2783.2, 552.6], [2708.6, 472.1], [2669.0, 428.0]]}}, {"type": "Feature", "properties": {"name": "H\u1ebbm 104 Mai Th\u1ecb L\u1ef1u", "highway": "service", "trusted": 0.0}, "geometry": {"type": "LineString", "coordinates": [[10642.9, 3497.3], [10657.3, 3498.9], [10752.6, 3516.9]]}}, {"type": "Feature", "properties": {"name": "\u0110\u01b0\u1eddng R12", "highway": "secondary", "trusted": 0.0}, "geometry": {"type": "LineString", "coordinates": [[5366.8, 9075.9], [5424.3, 8974.7], [5455.7, 8920.1], [5486.2, 8866.0], [5605.7, 8654.6], [5630.7, 8610.3], [5648.2, 8579.7], [5665.3, 8549.7], [5681.5, 8521.7], [5828.9, 8262.6], [5939.7, 8053.4]]}}, {"type": "Feature", "properties": {"name": "T\u00f4n Th\u1ea5t \u0110\u1ea1m", "highway": "residential", "trusted": 0.0}, "geometry": {"type": "LineString", "coordinates": [[2962.3, 5322.2], [2994.9, 5309.2], [3235.8, 5212.9], [3258.6, 5203.5]]}}, {"type": "Feature", "properties": {"name": null, "highway": "residential", "trusted": 0.0}, "geometry": {"type": "LineString", "coordinates": [[3476.1, 1104.6], [3612.3, 1302.4]]}}, {"type": "Feature", "properties": {"name": null, "highway": "service", "trusted": 0.0}, "geometry": {"type": "LineString", "coordinates": [[149.3, 5982.7], [122.4, 6011.2], [96.5, 6042.6], [79.6, 6062.3], [70.7, 6093.0], [49.8, 6165.0], [38.7, 6218.6]]}}, {"type": "Feature", "properties": {"name": null, "highway": "service", "trusted": 0.0}, "geometry": {"type": "LineString", "coordinates": [[12102.3, 2097.9], [12104.8, 2158.4], [12108.9, 2177.7], [12111.0, 2185.9], [12112.0, 2199.7], [12112.3, 2210.0], [12115.9, 2220.8], [12115.8, 2226.9], [12114.9, 2231.4], [12111.0, 2241.0], [12110.0, 2244.9], [12110.0, 2249.8], [12115.1, 2261.7], [12114.2, 2269.8], [12112.8, 2273.5], [12108.9, 2280.5], [12086.2, 2312.1]]}}, {"type": "Feature", "properties": {"name": null, "highway": "service", "trusted": 0.0}, "geometry": {"type": "LineString", "coordinates": [[10928.9, 1879.1], [10927.1, 1869.5], [10925.7, 1855.7], [10924.7, 1847.4], [10925.4, 1843.5], [10928.0, 1841.2], [10932.3, 1839.3], [10961.0, 1827.3], [10982.8, 1814.2], [11001.8, 1802.9], [11033.5, 1780.2], [11079.0, 1747.2], [11199.1, 1750.3]]}}, {"type": "Feature", "properties": {"name": "H\u1ebbm 362 \u0110\u01b0\u1eddng Hai B\u00e0 Tr\u01b0ng", "highway": "service", "trusted": 0.0}, "geometry": {"type": "LineString", "coordinates": [[9932.2, 518.7], [9943.6, 524.9], [9956.1, 531.3], [9967.6, 537.7], [9985.1, 547.2], [10006.8, 557.9], [10023.2, 566.9]]}}, {"type": "Feature", "properties": {"name": "H\u1ebbm 84 Tr\u1ea7n \u0110\u00ecnh Xu", "highway": "service", "trusted": 0.0}, "geometry": {"type": "LineString", "coordinates": [[413.8, 909.2], [452.8, 941.3], [496.9, 980.4], [558.2, 1044.5]]}}, {"type": "Feature", "properties": {"name": null, "highway": "residential", "trusted": 0.0}, "geometry": {"type": "LineString", "coordinates": [[18.6, 4041.7], [91.9, 3993.8]]}}, {"type": "Feature", "properties": {"name": null, "highway": "service", "trusted": 0.0}, "geometry": {"type": "LineString", "coordinates": [[3397.6, 8852.3], [3399.8, 8813.0], [3391.1, 8758.8], [3351.6, 8510.6]]}}, {"type": "Feature", "properties": {"name": null, "highway": "service", "trusted": 0.0}, "geometry": {"type": "LineString", "coordinates": [[2877.0, 7820.3], [2909.1, 7818.3], [2921.8, 7815.0], [2935.7, 7808.6], [2955.7, 7794.3], [3034.2, 7728.0]]}}, {"type": "Feature", "properties": {"name": null, "highway": "service", "trusted": 1.0}, "geometry": {"type": "LineString", "coordinates": [[5558.2, 1464.5], [5482.4, 1547.3], [5447.4, 1584.4]]}}, {"type": "Feature", "properties": {"name": null, "highway": "service", "trusted": 1.0}, "geometry": {"type": "LineString", "coordinates": [[9055.0, 4214.8], [9170.9, 4322.9]]}}, {"type": "Feature", "properties": {"name": "H\u1ebbm 8 \u0110inh Ti\u00ean Ho\u00e0ng", "highway": "service", "trusted": 1.0}, "geometry": {"type": "LineString", "coordinates": [[9118.9, 4160.7], [9223.0, 4251.7], [9229.5, 4256.0], [9235.9, 4257.5], [9251.0, 4259.7], [9259.2, 4263.2], [9266.3, 4269.6], [9275.2, 4274.1], [9277.9, 4275.9], [9363.7, 4349.1]]}}, {"type": "Feature", "properties": {"name": "H\u1ebbm 15 Nguy\u1ec5n Th\u1ecb Minh Khai", "highway": "service", "trusted": 1.0}, "geometry": {"type": "LineString", "coordinates": [[8327.5, 4280.5], [8314.8, 4294.2], [8278.9, 4333.0], [8206.5, 4410.3]]}}, {"type": "Feature", "properties": {"name": null, "highway": "residential", "trusted": 0.0}, "geometry": {"type": "LineString", "coordinates": [[7549.8, 113.7], [7536.4, 126.9]]}}, {"type": "Feature", "properties": {"name": null, "highway": "service", "trusted": 0.0}, "geometry": {"type": "LineString", "coordinates": [[9218.2, 139.4], [9238.1, 178.6], [9242.4, 184.2], [9253.1, 185.7], [9327.7, 184.7], [9365.8, 188.5]]}}, {"type": "Feature", "properties": {"name": null, "highway": "service", "trusted": 1.0}, "geometry": {"type": "LineString", "coordinates": [[5448.0, 2083.6], [5439.1, 2076.7], [5430.2, 2069.7], [5247.6, 1927.7], [5245.9, 1922.8], [5246.2, 1918.1], [5257.8, 1901.0], [5383.1, 1745.7]]}}, {"type": "Feature", "properties": {"name": "H\u1ebbm 18 \u0110\u01b0\u1eddng Nguy\u1ec5n C\u1eedu V\u00e2n", "highway": "residential", "trusted": 0.0}, "geometry": {"type": "LineString", "coordinates": [[12096.6, 6817.9], [12091.4, 6816.7], [12044.1, 6800.5]]}}, {"type": "Feature", "properties": {"name": "H\u1ebbm 18 Nguy\u1ec5n C\u1eedu V\u00e2n", "highway": "residential", "trusted": 0.0}, "geometry": {"type": "LineString", "coordinates": [[12044.1, 6800.5], [11956.5, 6778.6]]}}, {"type": "Feature", "properties": {"name": "\u0110\u01b0\u1eddng n\u1ed9i b\u1ed9 Khu du l\u1ecbch V\u0103n Th\u00e1nh", "highway": "service", "trusted": 0.0}, "geometry": {"type": "LineString", "coordinates": [[12068.8, 8617.1], [12067.6, 8618.3], [12063.5, 8623.2], [12062.3, 8625.8], [12061.8, 8628.3], [12061.6, 8630.1], [12062.0, 8632.6], [12062.9, 8636.0]]}}, {"type": "Feature", "properties": {"name": "H\u1ebbm 63 Pasteur", "highway": "service", "trusted": 1.0}, "geometry": {"type": "LineString", "coordinates": [[4950.0, 4036.1], [4903.7, 4082.6], [4850.6, 4117.3]]}}, {"type": "Feature", "properties": {"name": null, "highway": "service", "trusted": 1.0}, "geometry": {"type": "LineString", "coordinates": [[7838.0, 4750.1], [7824.7, 4767.9], [7811.7, 4785.5], [7810.1, 4795.9], [7814.9, 4806.2], [7823.0, 4814.5], [7872.4, 4858.0]]}}, {"type": "Feature", "properties": {"name": "Tr\u01b0\u1eddng Sa", "highway": "residential", "trusted": 0.0}, "geometry": {"type": "LineString", "coordinates": [[9122.7, 7565.3], [9161.3, 7761.6]]}}, {"type": "Feature", "properties": {"name": null, "highway": "service", "trusted": 0.0}, "geometry": {"type": "LineString", "coordinates": [[7894.8, 5909.6], [7873.0, 5931.6], [7751.2, 6060.3]]}}, {"type": "Feature", "properties": {"name": "H\u1ebbm 4 Nguy\u1ec5n Th\u1ecb Minh Khai", "highway": "service", "trusted": 1.0}, "geometry": {"type": "LineString", "coordinates": [[9679.3, 5215.4], [9530.8, 5363.6], [9522.7, 5371.4]]}}, {"type": "Feature", "properties": {"name": null, "highway": "residential", "trusted": 0.0}, "geometry": {"type": "LineString", "coordinates": [[4980.4, 7948.5], [5054.7, 7963.5], [5152.5, 7987.7], [5262.5, 8019.0], [5338.2, 8044.3], [5410.3, 8072.5]]}}, {"type": "Feature", "properties": {"name": null, "highway": "service", "trusted": 1.0}, "geometry": {"type": "LineString", "coordinates": [[8141.5, 4656.7], [8311.7, 4794.4], [8313.3, 4797.1], [8314.2, 4800.4], [8313.0, 4809.9], [8307.0, 4825.4], [8292.9, 4842.4], [8257.6, 4881.3], [8251.1, 4890.1], [8247.1, 4898.0], [8246.6, 4912.4], [8254.3, 4926.8], [8275.7, 4947.9], [8329.3, 4997.4], [8338.4, 5005.9]]}}, {"type": "Feature", "properties": {"name": null, "highway": "service", "trusted": 1.0}, "geometry": {"type": "LineString", "coordinates": [[6516.7, 6481.0], [6525.4, 6454.7], [6529.1, 6443.6], [6527.6, 6438.0], [6525.2, 6434.3], [6520.0, 6430.9], [6442.5, 6406.8]]}}, {"type": "Feature", "properties": {"name": null, "highway": "service", "trusted": 1.0}, "geometry": {"type": "LineString", "coordinates": [[6442.5, 6406.8], [6436.8, 6407.8], [6431.2, 6411.5], [6427.2, 6418.8], [6425.0, 6425.6], [6416.3, 6451.3]]}}, {"type": "Feature", "properties": {"name": "\u0110\u01b0\u1eddng N12", "highway": "residential", "trusted": 0.0}, "geometry": {"type": "LineString", "coordinates": [[5305.5, 8343.5], [5293.3, 8375.9], [5280.9, 8407.0], [5268.8, 8438.2], [5245.4, 8497.7], [5161.7, 8711.0], [5139.5, 8767.9], [5122.9, 8809.9], [5116.0, 8827.5], [5049.5, 8996.0], [5027.4, 9051.4], [5019.9, 9070.6]]}}, {"type": "Feature", "properties": {"name": "\u0110\u01b0\u1eddng N11", "highway": "residential", "trusted": 0.0}, "geometry": {"type": "LineString", "coordinates": [[5883.7, 9083.9], [5997.3, 8957.3], [6038.7, 8911.0], [6059.9, 8887.5], [6085.7, 8859.5], [6105.5, 8836.8]]}}, {"type": "Feature", "properties": {"name": "\u0110\u01b0\u1eddng D10", "highway": "residential", "trusted": 0.0}, "geometry": {"type": "LineString", "coordinates": [[5077.4, 9071.5], [5027.4, 9051.4], [4991.8, 9038.4]]}}, {"type": "Feature", "properties": {"name": "\u0110\u01b0\u1eddng D1", "highway": "residential", "trusted": 0.0}, "geometry": {"type": "LineString", "coordinates": [[4872.6, 8683.9], [4884.0, 8686.9], [4952.2, 8705.5], [5015.6, 8724.3], [5077.9, 8745.0], [5139.5, 8767.9], [5197.7, 8791.4], [5234.1, 8807.4], [5329.4, 8851.5], [5370.0, 8872.2], [5377.0, 8875.8], [5423.1, 8901.6], [5455.7, 8920.1], [5491.7, 8941.1], [5508.4, 8951.6], [5571.4, 8991.0], [5640.0, 9038.1], [5698.9, 9081.1]]}}, {"type": "Feature", "properties": {"name": "V\u00f5 V\u0103n T\u1ea7n", "highway": "secondary", "trusted": 0.86}, "geometry": {"type": "LineString", "coordinates": [[7273.3, 2703.8], [7247.8, 2681.6], [7127.8, 2572.9], [6985.3, 2440.1], [6939.3, 2396.6], [6813.3, 2275.5], [6732.7, 2092.2]]}}, {"type": "Feature", "properties": {"name": null, "highway": "service", "trusted": 0.0}, "geometry": {"type": "LineString", "coordinates": [[47.4, 3628.8], [74.7, 3609.6], [137.8, 3696.1], [199.7, 3784.0], [176.5, 3806.2]]}}, {"type": "Feature", "properties": {"name": "H\u1ebbm 102 Tr\u1ea7n Quang Kh\u1ea3i", "highway": "service", "trusted": 1.0}, "geometry": {"type": "LineString", "coordinates": [[10761.5, 1692.5], [10735.8, 1689.8], [10712.9, 1686.3], [10665.5, 1692.2], [10639.6, 1679.9], [10621.1, 1681.5], [10585.5, 1685.0], [10558.1, 1687.0], [10558.4, 1721.0], [10480.0, 1732.6]]}}, {"type": "Feature", "properties": {"name": null, "highway": "service", "trusted": 0.0}, "geometry": {"type": "LineString", "coordinates": [[11629.0, 183.6], [11632.5, 176.7]]}}, {"type": "Feature", "properties": {"name": null, "highway": "service", "trusted": 0.0}, "geometry": {"type": "LineString", "coordinates": [[10964.4, 1056.7], [10919.0, 1056.4]]}}, {"type": "Feature", "properties": {"name": null, "highway": "service", "trusted": 0.33}, "geometry": {"type": "LineString", "coordinates": [[10774.9, 1234.0], [10845.9, 1378.9], [10846.2, 1387.1], [10845.1, 1391.6], [10840.8, 1394.5], [10767.3, 1353.0]]}}, {"type": "Feature", "properties": {"name": null, "highway": "service", "trusted": 0.0}, "geometry": {"type": "LineString", "coordinates": [[11003.6, 1615.6], [10940.4, 1628.3], [10949.5, 1713.6]]}}, {"type": "Feature", "properties": {"name": null, "highway": "residential", "trusted": 0.0}, "geometry": {"type": "LineString", "coordinates": [[9877.6, 183.6], [9821.2, 255.5]]}}, {"type": "Feature", "properties": {"name": null, "highway": "service", "trusted": 0.0}, "geometry": {"type": "LineString", "coordinates": [[8927.5, 8513.7], [8989.9, 8562.2], [9046.7, 8605.1]]}}, {"type": "Feature", "properties": {"name": null, "highway": "service", "trusted": 0.0}, "geometry": {"type": "LineString", "coordinates": [[11759.3, 9174.6], [11704.7, 9105.5], [11576.3, 8937.3], [11614.0, 8906.1], [11618.3, 8902.6], [11640.0, 8884.6]]}}, {"type": "Feature", "properties": {"name": "H\u1ebbm 46/10 Nguy\u1ec5n C\u1eedu V\u00e2n", "highway": "service", "trusted": 0.0}, "geometry": {"type": "LineString", "coordinates": [[12026.8, 6587.3], [12019.5, 6582.4], [11977.6, 6558.8], [11958.6, 6546.7], [11906.4, 6498.0]]}}, {"type": "Feature", "properties": {"name": null, "highway": "residential", "trusted": 0.0}, "geometry": {"type": "LineString", "coordinates": [[12010.2, 3258.4], [11950.9, 3251.5]]}}, {"type": "Feature", "properties": {"name": "H\u1ebbm 18Z L\u00fd V\u0103n Ph\u1ee9c", "highway": "residential", "trusted": 1.0}, "geometry": {"type": "LineString", "coordinates": [[10102.3, 2175.7], [10108.1, 2177.8], [10138.7, 2188.5], [10195.3, 2197.3], [10231.9, 2197.5], [10265.7, 2198.5]]}}, {"type": "Feature", "properties": {"name": "Tr\u01b0\u1eddng Sa", "highway": "service", "trusted": 0.0}, "geometry": {"type": "LineString", "coordinates": [[11126.4, 2870.7], [11126.0, 2914.6], [11123.4, 2939.7], [11117.8, 2963.7], [11104.6, 2991.9]]}}, {"type": "Feature", "properties": {"name": null, "highway": "service", "trusted": 0.0}, "geometry": {"type": "LineString", "coordinates": [[10986.5, 8238.5], [10980.0, 8251.4], [10955.3, 8300.2]]}}, {"type": "Feature", "properties": {"name": null, "highway": "service", "trusted": 0.0}, "geometry": {"type": "LineString", "coordinates": [[11065.1, 8211.7], [11058.1, 8237.8]]}}, {"type": "Feature", "properties": {"name": null, "highway": "service", "trusted": 0.0}, "geometry": {"type": "LineString", "coordinates": [[11058.1, 8237.8], [11055.9, 8245.9]]}}, {"type": "Feature", "properties": {"name": null, "highway": "service", "trusted": 0.0}, "geometry": {"type": "LineString", "coordinates": [[11066.1, 8207.7], [11065.1, 8211.7]]}}, {"type": "Feature", "properties": {"name": "C\u00f4ng tr\u01b0\u1eddng Qu\u1ed1c t\u1ebf", "highway": "secondary", "trusted": 1.0}, "geometry": {"type": "LineString", "coordinates": [[7281.5, 2876.4], [7298.0, 2888.7], [7316.4, 2898.6], [7336.2, 2905.9], [7356.8, 2910.4], [7377.7, 2912.0], [7398.6, 2910.6], [7418.7, 2906.3], [7437.8, 2899.2], [7455.2, 2889.5], [7470.7, 2877.2]]}}, {"type": "Feature", "properties": {"name": "T\u00f4n \u0110\u1ee9c Th\u1eafng", "highway": "primary", "trusted": 1.0}, "geometry": {"type": "LineString", "coordinates": [[7126.2, 6138.1], [6842.9, 6414.0]]}}, {"type": "Feature", "properties": {"name": "T\u00f4n \u0110\u1ee9c Th\u1eafng", "highway": "primary", "trusted": 1.0}, "geometry": {"type": "LineString", "coordinates": [[5935.5, 6350.6], [5955.5, 6373.4], [5975.7, 6384.3], [6038.0, 6401.6], [6562.6, 6549.5], [6702.1, 6591.1], [6728.4, 6596.9], [6756.7, 6598.5], [6784.2, 6595.3], [6809.0, 6588.1], [6830.9, 6575.9], [6850.0, 6561.7], [6879.6, 6532.9]]}}, {"type": "Feature", "properties": {"name": null, "highway": "service", "trusted": 1.0}, "geometry": {"type": "LineString", "coordinates": [[8942.3, 1835.7], [8962.3, 1850.5], [9032.4, 1920.5]]}}, {"type": "Feature", "properties": {"name": "Pasteur", "highway": "secondary", "trusted": 1.0}, "geometry": {"type": "LineString", "coordinates": [[3566.3, 4779.9], [3607.1, 4762.9]]}}, {"type": "Feature", "properties": {"name": "H\u00e0m Nghi", "highway": "primary", "trusted": 1.0}, "geometry": {"type": "LineString", "coordinates": [[3641.1, 4747.0], [3642.4, 4708.4], [3649.0, 4521.5], [3653.5, 4384.2], [3655.4, 4311.8]]}}, {"type": "Feature", "properties": {"name": "H\u00e0m Nghi", "highway": "primary", "trusted": 1.0}, "geometry": {"type": "LineString", "coordinates": [[3607.1, 4762.9], [3609.5, 4707.4], [3617.4, 4521.3], [3623.2, 4385.9], [3623.8, 4372.5]]}}, {"type": "Feature", "properties": {"name": "H\u1ebbm 353 \u0110\u01b0\u1eddng Ph\u1ea1m Ng\u0169 L\u00e3o", "highway": "service", "trusted": 0.0}, "geometry": {"type": "LineString", "coordinates": [[2358.8, 741.5], [2412.2, 663.2]]}}, {"type": "Feature", "properties": {"name": "Nam K\u1ef3 Kh\u1edfi Ngh\u0129a", "highway": "primary", "trusted": 0.0}, "geometry": {"type": "LineString", "coordinates": [[8581.8, 129.6], [8389.1, 331.8], [8240.0, 499.5]]}}, {"type": "Feature", "properties": {"name": null, "highway": "service", "trusted": 0.0}, "geometry": {"type": "LineString", "coordinates": [[2549.7, 630.9], [2608.2, 579.0], [2657.4, 543.8]]}}, {"type": "Feature", "properties": {"name": null, "highway": "service", "trusted": 0.0}, "geometry": {"type": "LineString", "coordinates": [[2512.7, 776.6], [2528.6, 786.8], [2546.4, 785.1], [2671.5, 712.3], [2685.2, 699.3], [2698.1, 678.4]]}}, {"type": "Feature", "properties": {"name": null, "highway": "service", "trusted": 0.0}, "geometry": {"type": "LineString", "coordinates": [[2480.9, 690.6], [2392.7, 453.0], [2358.9, 362.7], [2356.1, 351.2], [2358.2, 337.3], [2367.3, 330.2], [2381.2, 329.5], [2402.8, 333.6], [2436.2, 346.6], [2497.9, 378.5], [2540.8, 407.7], [2608.2, 579.0]]}}, {"type": "Feature", "properties": {"name": null, "highway": "service", "trusted": 0.0}, "geometry": {"type": "LineString", "coordinates": [[2497.9, 378.5], [2470.1, 421.3], [2392.7, 453.0]]}}, {"type": "Feature", "properties": {"name": null, "highway": "service", "trusted": 0.0}, "geometry": {"type": "LineString", "coordinates": [[2470.1, 421.3], [2549.7, 630.9]]}}, {"type": "Feature", "properties": {"name": null, "highway": "service", "trusted": 0.0}, "geometry": {"type": "LineString", "coordinates": [[2512.7, 776.6], [2642.9, 699.6], [2671.2, 683.0], [2698.1, 678.4]]}}, {"type": "Feature", "properties": {"name": null, "highway": "service", "trusted": 0.0}, "geometry": {"type": "LineString", "coordinates": [[2512.7, 776.6], [2522.2, 802.7], [2535.6, 811.2], [2553.5, 811.6], [2686.2, 733.2], [2695.6, 717.3], [2697.3, 705.3], [2698.1, 678.4]]}}, {"type": "Feature", "properties": {"name": null, "highway": "service", "trusted": 0.0}, "geometry": {"type": "LineString", "coordinates": [[2540.8, 407.7], [2599.9, 457.7], [2620.7, 478.7], [2639.6, 505.9], [2657.4, 543.8]]}}, {"type": "Feature", "properties": {"name": "H\u1ebbm 144 Pasteur", "highway": "service", "trusted": 1.0}, "geometry": {"type": "LineString", "coordinates": [[4977.4, 4187.9], [4982.6, 4201.6], [4984.5, 4206.7], [5034.3, 4339.4]]}}, {"type": "Feature", "properties": {"name": "Tr\u1ea7n H\u01b0ng \u0110\u1ea1o", "highway": "primary", "trusted": 0.0}, "geometry": {"type": "LineString", "coordinates": [[76.7, 280.4], [136.0, 332.3], [200.6, 387.4], [239.8, 420.9], [281.7, 457.9]]}}, {"type": "Feature", "properties": {"name": "Tr\u1ea7n H\u01b0ng \u0110\u1ea1o", "highway": "primary", "trusted": 0.0}, "geometry": {"type": "LineString", "coordinates": [[281.7, 457.9], [347.9, 516.7]]}}, {"type": "Feature", "properties": {"name": "Tr\u1ea7n H\u01b0ng \u0110\u1ea1o", "highway": "primary", "trusted": 0.0}, "geometry": {"type": "LineString", "coordinates": [[347.9, 516.7], [422.2, 581.8], [512.1, 660.4], [525.0, 672.2], [548.1, 693.4]]}}, {"type": "Feature", "properties": {"name": "Tr\u1ea7n H\u01b0ng \u0110\u1ea1o", "highway": "primary", "trusted": 0.0}, "geometry": {"type": "LineString", "coordinates": [[1344.0, 1398.9], [1373.0, 1423.1], [1387.0, 1435.2], [1463.4, 1504.5], [1469.6, 1510.1], [1487.0, 1525.4]]}}, {"type": "Feature", "properties": {"name": "Tr\u1ea7n H\u01b0ng \u0110\u1ea1o", "highway": "primary", "trusted": 0.0}, "geometry": {"type": "LineString", "coordinates": [[2633.5, 2435.0], [2553.3, 2363.9], [2400.1, 2228.2], [2305.8, 2144.6], [2289.2, 2129.9]]}}, {"type": "Feature", "properties": {"name": "Tr\u1ea7n H\u01b0ng \u0110\u1ea1o", "highway": "primary", "trusted": 0.0}, "geometry": {"type": "LineString", "coordinates": [[1612.4, 1528.9], [1541.6, 1466.3]]}}, {"type": "Feature", "properties": {"name": "Tr\u1ea7n H\u01b0ng \u0110\u1ea1o", "highway": "primary", "trusted": 0.0}, "geometry": {"type": "LineString", "coordinates": [[1753.6, 1653.8], [1684.5, 1592.7], [1677.2, 1586.2], [1612.4, 1528.9]]}}, {"type": "Feature", "properties": {"name": "Tr\u1ea7n H\u01b0ng \u0110\u1ea1o", "highway": "primary", "trusted": 0.0}, "geometry": {"type": "LineString", "coordinates": [[1963.6, 1841.3], [1910.8, 1794.7], [1860.0, 1749.7], [1808.4, 1702.6], [1753.6, 1653.8]]}}, {"type": "Feature", "properties": {"name": "Tr\u1ea7n H\u01b0ng \u0110\u1ea1o", "highway": "primary", "trusted": 0.0}, "geometry": {"type": "LineString", "coordinates": [[2289.2, 2129.9], [2242.1, 2088.2], [2214.4, 2063.6], [2112.1, 1972.9], [1963.6, 1841.3]]}}, {"type": "Feature", "properties": {"name": null, "highway": "service", "trusted": 0.0}, "geometry": {"type": "LineString", "coordinates": [[4906.9, 6141.9], [4919.7, 6171.8], [4927.4, 6190.4], [4942.6, 6205.9], [4973.5, 6208.6], [5008.2, 6210.7], [5030.7, 6198.1], [5038.4, 6181.2], [5050.1, 6154.0]]}}, {"type": "Feature", "properties": {"name": "H\u1ebbm 45 \u0110inh Ti\u00ean Ho\u00e0ng", "highway": "service", "trusted": 1.0}, "geometry": {"type": "LineString", "coordinates": [[8475.5, 4845.9], [8466.5, 4837.7], [8463.7, 4835.2], [8440.3, 4814.1], [8099.2, 4524.9], [8177.9, 4438.5]]}}, {"type": "Feature", "properties": {"name": "H\u1ebbm 21/9 L\u00fd Ch\u00ednh Th\u1eafng", "highway": "service", "trusted": 0.0}, "geometry": {"type": "LineString", "coordinates": [[9936.8, 150.5], [9943.0, 156.6]]}}, {"type": "Feature", "properties": {"name": "T\u00f4n \u0110\u1ee9c Th\u1eafng", "highway": "primary", "trusted": 0.0}, "geometry": {"type": "LineString", "coordinates": [[3480.7, 5974.2], [3448.7, 5970.4], [3397.9, 5962.5]]}}, {"type": "Feature", "properties": {"name": "K\u00fd Con", "highway": "tertiary", "trusted": 0.38}, "geometry": {"type": "LineString", "coordinates": [[2506.9, 3338.8], [2525.0, 3323.1], [2651.3, 3209.4], [2780.9, 3094.2], [2811.5, 3068.0], [2855.8, 3029.2], [2904.5, 2985.2], [2921.3, 2970.4]]}}, {"type": "Feature", "properties": {"name": "H\u00e0m Nghi", "highway": "primary", "trusted": 0.0}, "geometry": {"type": "LineString", "coordinates": [[3510.6, 5425.2], [3504.9, 5516.8], [3484.7, 5899.0], [3480.7, 5974.2]]}}, {"type": "Feature", "properties": {"name": null, "highway": "service", "trusted": 0.0}, "geometry": {"type": "LineString", "coordinates": [[11579.9, 223.3], [11602.0, 207.2], [11612.9, 195.8]]}}, {"type": "Feature", "properties": {"name": null, "highway": "service", "trusted": 1.0}, "geometry": {"type": "LineString", "coordinates": [[4329.0, 223.8], [4351.6, 245.6], [4380.9, 276.8]]}}, {"type": "Feature", "properties": {"name": "H\u1ebbm 29 Nguy\u1ec5n V\u0103n Th\u1ee7", "highway": "service", "trusted": 1.0}, "geometry": {"type": "LineString", "coordinates": [[10297.5, 4328.0], [10330.6, 4359.2], [10387.8, 4421.9]]}}, {"type": "Feature", "properties": {"name": null, "highway": "service", "trusted": 0.0}, "geometry": {"type": "LineString", "coordinates": [[10427.2, 226.4], [10427.6, 190.0], [10464.1, 168.7], [10480.3, 179.7], [10478.9, 207.4], [10461.2, 236.9]]}}, {"type": "Feature", "properties": {"name": null, "highway": "residential", "trusted": 0.0}, "geometry": {"type": "LineString", "coordinates": [[11679.2, 3535.4], [11721.0, 3435.0]]}}, {"type": "Feature", "properties": {"name": null, "highway": "service", "trusted": 1.0}, "geometry": {"type": "LineString", "coordinates": [[8881.8, 4779.7], [8859.0, 4808.1], [8754.7, 4944.5]]}}, {"type": "Feature", "properties": {"name": null, "highway": "residential", "trusted": 0.0}, "geometry": {"type": "LineString", "coordinates": [[7910.9, 6681.7], [7971.2, 6679.9], [8021.8, 6678.4]]}}, {"type": "Feature", "properties": {"name": null, "highway": "service", "trusted": 1.0}, "geometry": {"type": "LineString", "coordinates": [[7956.1, 5152.3], [7966.7, 5355.1]]}}, {"type": "Feature", "properties": {"name": "T\u00f4n \u0110\u1ee9c Th\u1eafng", "highway": "primary", "trusted": 0.75}, "geometry": {"type": "LineString", "coordinates": [[6907.7, 6505.3], [6988.3, 6426.1], [6996.2, 6418.4], [7004.5, 6410.3], [7011.8, 6403.1], [7093.9, 6323.0], [7213.6, 6193.8], [7287.3, 6098.1]]}}, {"type": "Feature", "properties": {"name": "H\u1ebbm 20 \u0110o\u00e0n V\u0103n B\u01a1", "highway": "service", "trusted": 1.0}, "geometry": {"type": "LineString", "coordinates": [[1550.1, 4526.5], [1463.0, 4458.5], [1414.6, 4528.6]]}}, {"type": "Feature", "properties": {"name": null, "highway": "service", "trusted": 1.0}, "geometry": {"type": "LineString", "coordinates": [[1277.6, 4734.3], [1231.6, 4800.3]]}}, {"type": "Feature", "properties": {"name": null, "highway": "service", "trusted": 1.0}, "geometry": {"type": "LineString", "coordinates": [[1231.6, 4800.3], [1209.1, 4835.3]]}}, {"type": "Feature", "properties": {"name": null, "highway": "residential", "trusted": 0.0}, "geometry": {"type": "LineString", "coordinates": [[11793.9, 3969.5], [11892.6, 4077.8]]}}, {"type": "Feature", "properties": {"name": null, "highway": "service", "trusted": 1.0}, "geometry": {"type": "LineString", "coordinates": [[885.7, 4989.0], [944.3, 4938.0]]}}, {"type": "Feature", "properties": {"name": null, "highway": "service", "trusted": 1.0}, "geometry": {"type": "LineString", "coordinates": [[885.7, 4989.0], [829.0, 4911.7]]}}, {"type": "Feature", "properties": {"name": null, "highway": "service", "trusted": 1.0}, "geometry": {"type": "LineString", "coordinates": [[792.9, 5069.1], [833.2, 5031.9], [885.7, 4989.0]]}}, {"type": "Feature", "properties": {"name": null, "highway": "service", "trusted": 1.0}, "geometry": {"type": "LineString", "coordinates": [[642.2, 4877.9], [720.8, 4981.2], [792.9, 5069.1]]}}, {"type": "Feature", "properties": {"name": null, "highway": "service", "trusted": 0.75}, "geometry": {"type": "LineString", "coordinates": [[875.6, 5150.1], [859.2, 5165.5], [847.1, 5179.3], [773.9, 5147.0]]}}, {"type": "Feature", "properties": {"name": "H\u1ebbm 134 \u0110o\u00e0n V\u0103n B\u01a1", "highway": "service", "trusted": 1.0}, "geometry": {"type": "LineString", "coordinates": [[792.9, 5069.1], [853.0, 5150.8], [865.6, 5139.7], [875.6, 5150.1]]}}, {"type": "Feature", "properties": {"name": null, "highway": "service", "trusted": 1.0}, "geometry": {"type": "LineString", "coordinates": [[751.3, 5104.9], [792.9, 5069.1]]}}, {"type": "Feature", "properties": {"name": null, "highway": "service", "trusted": 1.0}, "geometry": {"type": "LineString", "coordinates": [[606.3, 4925.1], [751.3, 5104.9]]}}, {"type": "Feature", "properties": {"name": null, "highway": "service", "trusted": 1.0}, "geometry": {"type": "LineString", "coordinates": [[710.9, 5139.6], [751.3, 5104.9]]}}, {"type": "Feature", "properties": {"name": "H\u1ebbm 158 \u0110\u01b0\u1eddng \u0110o\u00e0n V\u0103n B\u01a1", "highway": "service", "trusted": 0.5}, "geometry": {"type": "LineString", "coordinates": [[710.9, 5139.6], [784.2, 5245.9]]}}, {"type": "Feature", "properties": {"name": null, "highway": "service", "trusted": 0.0}, "geometry": {"type": "LineString", "coordinates": [[10390.0, 7531.5], [10389.0, 7516.1], [10389.3, 7506.5], [10390.5, 7494.2], [10400.1, 7473.1], [10407.7, 7465.0], [10415.8, 7464.2]]}}, {"type": "Feature", "properties": {"name": "H\u1ebbm 110 \u0110\u01b0\u1eddng L\u00ea Qu\u1ed1c H\u01b0ng", "highway": "service", "trusted": 1.0}, "geometry": {"type": "LineString", "coordinates": [[1219.9, 5469.4], [1324.2, 5548.5]]}}, {"type": "Feature", "properties": {"name": "H\u1ebbm 68 L\u00ea V\u0103n Linh", "highway": "service", "trusted": 0.0}, "geometry": {"type": "LineString", "coordinates": [[776.9, 5858.2], [860.9, 5907.7], [921.0, 5942.5]]}}, {"type": "Feature", "properties": {"name": null, "highway": "service", "trusted": 0.0}, "geometry": {"type": "LineString", "coordinates": [[839.1, 5941.2], [860.9, 5907.7], [886.8, 5867.9]]}}, {"type": "Feature", "properties": {"name": "H\u1ebbm 204 L\u00ea Qu\u1ed1c H\u01b0ng", "highway": "service", "trusted": 0.0}, "geometry": {"type": "LineString", "coordinates": [[801.3, 5815.0], [738.9, 5771.4]]}}, {"type": "Feature", "properties": {"name": null, "highway": "service", "trusted": 0.0}, "geometry": {"type": "LineString", "coordinates": [[801.3, 5815.0], [776.9, 5858.2], [755.8, 5895.5]]}}, {"type": "Feature", "properties": {"name": "H\u1ebbm 267 \u0110o\u00e0n V\u0103n B\u01a1", "highway": "service", "trusted": 0.0}, "geometry": {"type": "LineString", "coordinates": [[754.4, 6084.3], [667.2, 6038.8], [567.4, 5987.0]]}}, {"type": "Feature", "properties": {"name": "H\u1ebbm 267 \u0110o\u00e0n V\u0103n B\u01a1", "highway": "service", "trusted": 0.0}, "geometry": {"type": "LineString", "coordinates": [[754.4, 6084.3], [822.6, 6125.4], [833.5, 6125.9]]}}, {"type": "Feature", "properties": {"name": "H\u1ebbm 83 L\u00ea V\u0103n Linh", "highway": "service", "trusted": 0.0}, "geometry": {"type": "LineString", "coordinates": [[720.8, 5951.1], [656.2, 5913.6]]}}, {"type": "Feature", "properties": {"name": "H\u1ebbm 75 Nguy\u1ec5n T\u1ea5t Th\u00e0nh", "highway": "residential", "trusted": 1.0}, "geometry": {"type": "LineString", "coordinates": [[1401.3, 6570.5], [1411.6, 6598.4]]}}, {"type": "Feature", "properties": {"name": "Ph\u1ea1m Ng\u0169 L\u00e3o", "highway": "secondary", "trusted": 0.0}, "geometry": {"type": "LineString", "coordinates": [[3336.8, 3040.7], [3293.3, 2926.9], [3238.8, 2782.5], [3226.3, 2749.5]]}}, {"type": "Feature", "properties": {"name": "H\u1ebbm 261 Tr\u1ea7n H\u01b0ng \u0110\u1ea1o", "highway": "service", "trusted": 0.0}, "geometry": {"type": "LineString", "coordinates": [[1330.7, 1388.3], [1173.5, 1514.6], [1168.4, 1517.0], [1089.6, 1429.6]]}}, {"type": "Feature", "properties": {"name": "\u0110\u01b0\u1eddng D6", "highway": "residential", "trusted": 0.0}, "geometry": {"type": "LineString", "coordinates": [[5828.9, 8262.6], [5922.0, 8321.0], [5978.4, 8358.0], [5982.8, 8361.0], [6002.9, 8374.6], [6120.8, 8454.6], [6221.9, 8528.8], [6314.8, 8601.7]]}}, {"type": "Feature", "properties": {"name": "\u0110\u01b0\u1eddng N12", "highway": "residential", "trusted": 0.0}, "geometry": {"type": "LineString", "coordinates": [[5661.2, 7421.1], [5633.4, 7496.8], [5536.7, 7750.1]]}}, {"type": "Feature", "properties": {"name": null, "highway": "service", "trusted": 0.0}, "geometry": {"type": "LineString", "coordinates": [[11289.9, 6363.6], [11252.8, 6339.5]]}}, {"type": "Feature", "properties": {"name": "Tr\u1ea7n H\u01b0ng \u0110\u1ea1o", "highway": "primary", "trusted": 0.2}, "geometry": {"type": "LineString", "coordinates": [[3356.8, 3125.0], [3300.0, 3063.0], [3248.7, 3015.8], [3082.8, 2863.1], [3052.3, 2835.8]]}}, {"type": "Feature", "properties": {"name": "T\u00f4n \u0110\u1ee9c Th\u1eafng", "highway": "primary", "trusted": 0.18}, "geometry": {"type": "LineString", "coordinates": [[5077.3, 6155.9], [5144.2, 6164.8], [5180.9, 6169.4], [5243.3, 6179.8], [5260.8, 6182.7], [5329.8, 6199.0], [5375.7, 6211.3], [5473.6, 6237.5], [5522.4, 6250.4], [5671.7, 6283.6], [5935.5, 6350.6]]}}, {"type": "Feature", "properties": {"name": "T\u00f4n \u0110\u1ee9c Th\u1eafng", "highway": "primary", "trusted": 1.0}, "geometry": {"type": "LineString", "coordinates": [[5935.5, 6350.6], [5967.1, 6345.0], [5988.0, 6347.6], [6031.9, 6356.7], [6142.7, 6387.1], [6307.1, 6432.4], [6407.2, 6462.4], [6509.6, 6492.6]]}}, {"type": "Feature", "properties": {"name": null, "highway": "service", "trusted": 0.0}, "geometry": {"type": "LineString", "coordinates": [[413.4, 3695.5], [436.5, 3723.6], [465.6, 3777.1]]}}, {"type": "Feature", "properties": {"name": null, "highway": "service", "trusted": 0.0}, "geometry": {"type": "LineString", "coordinates": [[405.7, 5669.3], [433.7, 5640.6], [443.8, 5640.2], [454.1, 5644.2], [471.3, 5655.0], [477.7, 5660.8], [479.2, 5667.8], [472.0, 5681.2], [470.3, 5692.9], [475.8, 5714.8], [485.3, 5732.2], [494.3, 5741.7], [509.0, 5757.3], [523.3, 5773.9], [548.4, 5794.9], [576.7, 5818.6], [588.8, 5821.2], [594.9, 5822.5]]}}, {"type": "Feature", "properties": {"name": null, "highway": "service", "trusted": 0.0}, "geometry": {"type": "LineString", "coordinates": [[10561.8, 3555.4], [10600.0, 3591.1], [10608.1, 3582.8], [10618.8, 3590.9], [10635.8, 3608.1]]}}, {"type": "Feature", "properties": {"name": null, "highway": "service", "trusted": 0.0}, "geometry": {"type": "LineString", "coordinates": [[10618.8, 3590.9], [10576.1, 3639.0]]}}, {"type": "Feature", "properties": {"name": null, "highway": "service", "trusted": 0.0}, "geometry": {"type": "LineString", "coordinates": [[10642.9, 3497.3], [10628.5, 3568.9], [10618.8, 3590.9]]}}, {"type": "Feature", "properties": {"name": "H\u1ebbm 28 Mai Th\u1ecb L\u1ef1u", "highway": "service", "trusted": 1.0}, "geometry": {"type": "LineString", "coordinates": [[10143.9, 3817.9], [10207.8, 3875.3], [10149.4, 3943.2]]}}, {"type": "Feature", "properties": {"name": "H\u1ebbm 21 X\u00f4 Vi\u1ebft Ngh\u1ec7 T\u0129nh", "highway": "service", "trusted": 0.25}, "geometry": {"type": "LineString", "coordinates": [[10610.6, 6341.1], [10650.9, 6297.5], [10763.1, 6307.6], [10792.2, 6277.6], [10794.9, 6268.6], [10795.8, 6263.4], [10795.5, 6257.8], [10793.6, 6252.5]]}}, {"type": "Feature", "properties": {"name": "Th\u1ea1ch Th\u1ecb Thanh", "highway": "residential", "trusted": 1.0}, "geometry": {"type": "LineString", "coordinates": [[9991.7, 1602.5], [9997.8, 1591.3], [10020.0, 1550.4], [10052.0, 1479.4], [10100.8, 1371.3]]}}, {"type": "Feature", "properties": {"name": "H\u1ebbm 2 Nguy\u1ec5n Th\u1ecb Minh Khai", "highway": "service", "trusted": 1.0}, "geometry": {"type": "LineString", "coordinates": [[10018.2, 5780.7], [10025.4, 5772.9], [10074.6, 5722.1]]}}, {"type": "Feature", "properties": {"name": "H\u1ebbm 2 Nguy\u1ec5n Th\u1ecb Minh Khai", "highway": "service", "trusted": 1.0}, "geometry": {"type": "LineString", "coordinates": [[10113.4, 5797.7], [10082.8, 5765.7], [10075.0, 5757.9], [10071.3, 5746.0], [10071.5, 5733.0], [10074.6, 5722.1]]}}, {"type": "Feature", "properties": {"name": "H\u1ebbm 2 Nguy\u1ec5n Th\u1ecb Minh Khai", "highway": "service", "trusted": 1.0}, "geometry": {"type": "LineString", "coordinates": [[10074.6, 5722.1], [10084.4, 5692.2], [10085.2, 5677.4], [10092.6, 5668.8], [10142.9, 5669.5]]}}, {"type": "Feature", "properties": {"name": "C\u1ea7u Ba Son", "highway": "secondary", "trusted": 0.5}, "geometry": {"type": "LineString", "coordinates": [[7644.8, 5666.1], [7733.8, 5636.4]]}}, {"type": "Feature", "properties": {"name": "C\u1ea7u Ba Son", "highway": "secondary", "trusted": 0.0}, "geometry": {"type": "LineString", "coordinates": [[7666.0, 5590.2], [7628.5, 5650.8]]}}, {"type": "Feature", "properties": {"name": null, "highway": "service", "trusted": 0.0}, "geometry": {"type": "LineString", "coordinates": [[10594.0, 9019.0], [10555.4, 9022.1], [10554.2, 9028.8], [10536.8, 9027.2]]}}, {"type": "Feature", "properties": {"name": "H\u1ebbm 76 V\u00f5 Th\u1ecb S\u00e1u", "highway": "service", "trusted": 1.0}, "geometry": {"type": "LineString", "coordinates": [[9507.8, 1888.1], [9523.3, 1867.3], [9532.1, 1855.4], [9598.8, 1763.5], [9621.5, 1726.9], [9652.4, 1691.2], [9669.1, 1681.2]]}}, {"type": "Feature", "properties": {"name": null, "highway": "residential", "trusted": 0.0}, "geometry": {"type": "LineString", "coordinates": [[4898.1, 8334.4], [4939.6, 8343.2], [4976.5, 8350.3], [5018.2, 8360.2], [5064.7, 8371.5], [5106.1, 8383.8], [5147.1, 8396.8], [5197.1, 8413.1], [5229.1, 8424.3], [5236.5, 8426.9], [5268.8, 8438.2], [5307.5, 8452.8], [5313.8, 8455.4], [5350.5, 8470.6], [5393.7, 8488.9], [5431.2, 8505.3], [5471.1, 8524.1], [5510.3, 8544.6], [5564.0, 8572.1], [5568.9, 8574.7], [5599.9, 8592.5]]}}, {"type": "Feature", "properties": {"name": "Tr\u1ea7n B\u1ea1ch \u0110\u1eb1ng", "highway": "tertiary", "trusted": 0.0}, "geometry": {"type": "LineString", "coordinates": [[4904.9, 8302.4], [4976.4, 8316.3], [5046.5, 8332.2], [5091.5, 8343.8], [5140.0, 8358.2], [5231.9, 8389.2], [5239.9, 8391.8], [5247.9, 8394.6], [5280.9, 8407.0], [5319.0, 8422.4], [5326.5, 8425.4], [5385.2, 8449.3], [5443.7, 8475.7], [5510.0, 8507.6], [5580.1, 8542.8], [5585.5, 8545.5], [5617.0, 8562.6]]}}, {"type": "Feature", "properties": {"name": "Tr\u1ea7n B\u1ea1ch \u0110\u1eb1ng", "highway": "tertiary", "trusted": 0.0}, "geometry": {"type": "LineString", "coordinates": [[5634.1, 8532.6], [5602.7, 8515.5], [5596.7, 8512.5], [5531.1, 8480.2], [5466.4, 8448.9], [5394.4, 8416.4], [5336.5, 8392.7], [5331.0, 8390.5], [5293.3, 8375.9], [5258.9, 8363.3], [5250.8, 8360.6], [5142.7, 8324.9], [5099.2, 8312.0], [5057.1, 8300.5], [4980.7, 8281.9], [4912.5, 8266.8]]}}, {"type": "Feature", "properties": {"name": null, "highway": "residential", "trusted": 0.0}, "geometry": {"type": "LineString", "coordinates": [[5650.5, 8504.0], [5618.3, 8486.5], [5612.6, 8483.5], [5569.9, 8460.8], [5510.6, 8431.9], [5454.8, 8405.9], [5388.1, 8377.1], [5349.9, 8361.6], [5343.0, 8358.8], [5305.5, 8343.5], [5270.2, 8331.2], [5261.1, 8328.2], [5191.5, 8304.5], [5105.7, 8277.8], [5010.8, 8253.3], [4920.3, 8232.0]]}}, {"type": "Feature", "properties": {"name": null, "highway": "service", "trusted": 1.0}, "geometry": {"type": "LineString", "coordinates": [[7931.5, 3522.3], [7966.3, 3540.5], [7991.8, 3517.2], [7976.6, 3480.1]]}}, {"type": "Feature", "properties": {"name": null, "highway": "residential", "trusted": 0.0}, "geometry": {"type": "LineString", "coordinates": [[3304.5, 8375.5], [3298.6, 8377.8], [3292.7, 8380.0], [3229.2, 8407.5], [3167.4, 8435.9], [3098.5, 8469.9], [3035.8, 8503.6], [2982.7, 8534.2], [2932.6, 8562.7], [2888.9, 8589.6], [2857.0, 8610.3], [2822.6, 8634.4], [2783.3, 8663.8], [2739.7, 8696.1], [2702.0, 8725.6], [2667.7, 8753.5], [2635.5, 8781.3], [2617.6, 8797.0], [2600.4, 8812.1], [2575.9, 8834.8]]}}, {"type": "Feature", "properties": {"name": "C\u1ea7u s\u1ed1 14", "highway": "residential", "trusted": 0.0}, "geometry": {"type": "LineString", "coordinates": [[2575.9, 8834.8], [2541.3, 8867.7], [2507.4, 8900.6], [2481.3, 8927.2], [2440.8, 8968.9], [2399.4, 9013.5]]}}, {"type": "Feature", "properties": {"name": "C\u1ea7u s\u1ed1 14", "highway": "tertiary", "trusted": 0.0}, "geometry": {"type": "LineString", "coordinates": [[2596.9, 8855.6], [2552.9, 8896.3], [2507.1, 8941.4], [2457.9, 8991.9], [2423.0, 9030.5]]}}, {"type": "Feature", "properties": {"name": "Tr\u1ea7n B\u1ea1ch \u0110\u1eb1ng", "highway": "tertiary", "trusted": 0.0}, "geometry": {"type": "LineString", "coordinates": [[2625.0, 8885.5], [2665.8, 8850.3], [2708.6, 8813.1], [2763.6, 8769.3], [2818.6, 8728.2], [2864.4, 8694.7], [2897.8, 8672.0]]}}, {"type": "Feature", "properties": {"name": "C\u1ea7u s\u1ed1 14", "highway": "tertiary", "trusted": 0.0}, "geometry": {"type": "LineString", "coordinates": [[2478.6, 9031.3], [2494.6, 9013.9], [2530.5, 8976.4], [2577.6, 8930.4], [2625.0, 8885.5]]}}, {"type": "Feature", "properties": {"name": "C\u1ea7u s\u1ed1 14", "highway": "residential", "trusted": 0.0}, "geometry": {"type": "LineString", "coordinates": [[2520.9, 9032.0], [2552.8, 8999.2], [2598.4, 8953.5], [2646.8, 8907.9]]}}, {"type": "Feature", "properties": {"name": null, "highway": "service", "trusted": 0.0}, "geometry": {"type": "LineString", "coordinates": [[5142.0, 6189.5], [5136.4, 6195.9], [5132.9, 6202.8], [5132.1, 6210.7], [5133.9, 6218.4], [5138.2, 6225.3], [5143.6, 6220.5], [5147.7, 6212.5], [5148.4, 6203.2], [5146.0, 6195.8], [5142.0, 6189.5]]}}, {"type": "Feature", "properties": {"name": null, "highway": "service", "trusted": 0.0}, "geometry": {"type": "LineString", "coordinates": [[5144.2, 6164.8], [5142.0, 6189.5]]}}, {"type": "Feature", "properties": {"name": "L\u00ea L\u1ee3i", "highway": "tertiary", "trusted": 1.0}, "geometry": {"type": "LineString", "coordinates": [[5087.6, 4596.8], [5030.9, 4590.3], [4801.5, 4345.8], [4776.4, 4319.6], [4736.7, 4277.9]]}}, {"type": "Feature", "properties": {"name": "L\u00ea L\u1ee3i", "highway": "tertiary", "trusted": 1.0}, "geometry": {"type": "LineString", "coordinates": [[5087.6, 4596.8], [5056.3, 4563.3], [4805.4, 4297.6], [4773.7, 4264.4]]}}, {"type": "Feature", "properties": {"name": "H\u1ebbm 206 \u0110\u01b0\u1eddng Pasteur", "highway": "residential", "trusted": 0.0}, "geometry": {"type": "LineString", "coordinates": [[7697.6, 1919.3], [7575.7, 1805.0]]}}, {"type": "Feature", "properties": {"name": "Nguy\u1ec5n V\u0103n Th\u1ee7", "highway": "residential", "trusted": 1.0}, "geometry": {"type": "LineString", "coordinates": [[10631.3, 4543.7], [10568.4, 4484.5], [10477.5, 4393.3], [10409.7, 4325.1], [10384.2, 4299.6], [10250.2, 4173.3]]}}, {"type": "Feature", "properties": {"name": "Nguy\u1ec5n B\u1ec9nh Khi\u00eam", "highway": "primary", "trusted": 1.0}, "geometry": {"type": "LineString", "coordinates": [[10250.2, 4173.3], [10333.9, 4083.9], [10378.0, 4039.7], [10407.6, 4006.5]]}}, {"type": "Feature", "properties": {"name": "H\u1ebbm 9 Tr\u01b0\u01a1ng Quy\u1ec1n", "highway": "service", "trusted": 0.5}, "geometry": {"type": "LineString", "coordinates": [[8849.2, 1638.3], [8762.4, 1523.0]]}}, {"type": "Feature", "properties": {"name": "Th\u00e1i V\u0103n Lung", "highway": "residential", "trusted": 0.0}, "geometry": {"type": "LineString", "coordinates": [[6456.5, 5310.4], [6532.4, 5224.6], [6655.6, 5085.2]]}}, {"type": "Feature", "properties": {"name": "K\u00fd Con", "highway": "tertiary", "trusted": 1.0}, "geometry": {"type": "LineString", "coordinates": [[1883.5, 3897.1], [2083.6, 3719.2], [2156.1, 3653.7], [2173.9, 3639.1]]}}, {"type": "Feature", "properties": {"name": "H\u1ebbm 17 \u0110\u01b0\u1eddng Th\u00e1i V\u0103n Lung", "highway": "service", "trusted": 0.0}, "geometry": {"type": "LineString", "coordinates": [[6445.4, 5434.3], [6412.6, 5401.7]]}}, {"type": "Feature", "properties": {"name": "H\u1ebbm 38/10 Tr\u1ea7n Kh\u1eafc Ch\u00e2n", "highway": "service", "trusted": 0.0}, "geometry": {"type": "LineString", "coordinates": [[10877.3, 1271.1], [10916.5, 1493.1], [10940.4, 1628.3]]}}, {"type": "Feature", "properties": {"name": "H\u1ebbm 82/17 \u0110\u01b0\u1eddng L\u00ea V\u0103n Duy\u1ec7t", "highway": "service", "trusted": 0.0}, "geometry": {"type": "LineString", "coordinates": [[11737.6, 3114.8], [11792.0, 3122.2], [11791.2, 3135.8], [11798.6, 3136.7], [11800.8, 3141.0], [11851.7, 3148.8], [11880.9, 3147.7]]}}, {"type": "Feature", "properties": {"name": "H\u1ebbm 245 Nguy\u1ec5n Tr\u00e3i", "highway": "service", "trusted": 0.0}, "geometry": {"type": "LineString", "coordinates": [[1499.5, 248.0], [1627.4, 289.1]]}}, {"type": "Feature", "properties": {"name": "H\u1ebbm 52 Nguy\u1ec5n H\u1eefu C\u1ea7u", "highway": "service", "trusted": 0.0}, "geometry": {"type": "LineString", "coordinates": [[10046.9, 1153.3], [10088.1, 1103.0], [10114.6, 1072.0]]}}, {"type": "Feature", "properties": {"name": "H\u1ebbm 78 Tr\u01b0\u1eddng Sa", "highway": "service", "trusted": 0.0}, "geometry": {"type": "LineString", "coordinates": [[11014.6, 4809.9], [10971.8, 4801.6], [10905.1, 4785.7]]}}, {"type": "Feature", "properties": {"name": null, "highway": "service", "trusted": 1.0}, "geometry": {"type": "LineString", "coordinates": [[1209.1, 4835.3], [1176.5, 4883.2], [1144.8, 4931.1]]}}, {"type": "Feature", "properties": {"name": null, "highway": "service", "trusted": 1.0}, "geometry": {"type": "LineString", "coordinates": [[1127.0, 4772.8], [1093.7, 4750.7]]}}, {"type": "Feature", "properties": {"name": "H\u1ebbm 123 \u0110o\u00e0n V\u0103n B\u01a1", "highway": "service", "trusted": 0.5}, "geometry": {"type": "LineString", "coordinates": [[1092.0, 5375.7], [1007.8, 5304.9]]}}, {"type": "Feature", "properties": {"name": "H\u1ebbm 83 Ho\u00e0ng Di\u1ec7u", "highway": "service", "trusted": 1.0}, "geometry": {"type": "LineString", "coordinates": [[1219.9, 5469.4], [1191.4, 5511.3], [1186.2, 5518.8], [1160.7, 5554.6]]}}, {"type": "Feature", "properties": {"name": "H\u1ebbm 75 Nguy\u1ec5n T\u1ea5t Th\u00e0nh", "highway": "residential", "trusted": 1.0}, "geometry": {"type": "LineString", "coordinates": [[1411.6, 6598.4], [1375.9, 6616.2]]}}, {"type": "Feature", "properties": {"name": "H\u1ebbm 57 \u0110i\u1ec7n Bi\u00ean Ph\u1ee7", "highway": "service", "trusted": 0.0}, "geometry": {"type": "LineString", "coordinates": [[11492.3, 4704.5], [11515.8, 4676.3], [11534.5, 4653.8], [11559.6, 4621.4], [11554.0, 4580.1], [11579.8, 4458.2]]}}, {"type": "Feature", "properties": {"name": "H\u1ebbm 57/55/5 \u0110i\u1ec7n Bi\u00ean Ph\u1ee7", "highway": "residential", "trusted": 0.0}, "geometry": {"type": "LineString", "coordinates": [[11699.6, 4034.9], [11652.0, 4089.1]]}}, {"type": "Feature", "properties": {"name": "H\u1ebbm 101 \u0110i\u1ec7n Bi\u00ean Ph\u1ee7", "highway": "service", "trusted": 0.0}, "geometry": {"type": "LineString", "coordinates": [[11973.7, 4837.5], [12020.7, 4791.2]]}}, {"type": "Feature", "properties": {"name": "H\u1ebbm 234 Phan V\u0103n H\u00e2n", "highway": "service", "trusted": 0.0}, "geometry": {"type": "LineString", "coordinates": [[11218.4, 5060.1], [11416.4, 5093.4], [11473.3, 5100.3]]}}, {"type": "Feature", "properties": {"name": "H\u1ebbm 192 Phan V\u0103n H\u00e2n", "highway": "service", "trusted": 0.0}, "geometry": {"type": "LineString", "coordinates": [[11416.4, 5419.8], [11410.4, 5453.3], [11386.8, 5506.5]]}}, {"type": "Feature", "properties": {"name": null, "highway": "service", "trusted": 0.0}, "geometry": {"type": "LineString", "coordinates": [[11331.3, 5782.4], [11334.8, 5761.6], [11374.5, 5768.2], [11376.5, 5759.2]]}}, {"type": "Feature", "properties": {"name": "H\u1ebbm 18 \u0110\u01b0\u1eddng Nguy\u1ec5n C\u1eedu V\u00e2n", "highway": "residential", "trusted": 0.0}, "geometry": {"type": "LineString", "coordinates": [[12091.4, 6816.7], [12096.8, 6805.2]]}}, {"type": "Feature", "properties": {"name": "H\u1ebbm 142 Phan V\u0103n H\u00e2n", "highway": "service", "trusted": 0.0}, "geometry": {"type": "LineString", "coordinates": [[11318.0, 5921.3], [11331.3, 5782.4]]}}, {"type": "Feature", "properties": {"name": "H\u1ebbm 122 Phan V\u0103n H\u00e2n", "highway": "service", "trusted": 0.0}, "geometry": {"type": "LineString", "coordinates": [[11433.7, 6213.6], [11359.3, 6190.3]]}}, {"type": "Feature", "properties": {"name": "H\u1ebbm 122/3 Phan V\u0103n H\u00e2n", "highway": "service", "trusted": 0.0}, "geometry": {"type": "LineString", "coordinates": [[11130.6, 6064.8], [11145.1, 6003.3]]}}, {"type": "Feature", "properties": {"name": "H\u1ebbm 29 \u0110\u01b0\u1eddng Tr\u1ea7n Qu\u1ed1c To\u1ea3n", "highway": "service", "trusted": 0.0}, "geometry": {"type": "LineString", "coordinates": [[9474.1, 570.5], [9435.8, 638.3], [9401.5, 628.6], [9380.0, 665.6], [9332.7, 643.1]]}}, {"type": "Feature", "properties": {"name": "H\u1ebbm 29 \u0110\u01b0\u1eddng Tr\u1ea7n Qu\u1ed1c To\u1ea3n", "highway": "service", "trusted": 0.0}, "geometry": {"type": "LineString", "coordinates": [[9435.8, 638.3], [9452.3, 653.5], [9417.4, 715.4]]}}, {"type": "Feature", "properties": {"name": null, "highway": "service", "trusted": 1.0}, "geometry": {"type": "LineString", "coordinates": [[3766.7, 852.5], [3874.1, 741.1]]}}, {"type": "Feature", "properties": {"name": "\u0110\u01b0\u1eddng D6", "highway": "residential", "trusted": 0.0}, "geometry": {"type": "LineString", "coordinates": [[5410.3, 8072.5], [5511.5, 8113.6], [5606.2, 8156.0], [5631.0, 8167.7], [5720.3, 8210.6], [5795.8, 8249.9]]}}, {"type": "Feature", "properties": {"name": null, "highway": "service", "trusted": 0.0}, "geometry": {"type": "LineString", "coordinates": [[12.0, 7444.8], [-13.4, 7491.9]]}}, {"type": "Feature", "properties": {"name": "H\u1ebbm 332 \u0110\u01b0\u1eddng Nguy\u1ec5n T\u1ea5t Th\u00e0nh", "highway": "service", "trusted": 0.0}, "geometry": {"type": "LineString", "coordinates": [[-13.4, 7491.9], [41.3, 7527.4], [112.4, 7573.6], [189.7, 7622.5]]}}, {"type": "Feature", "properties": {"name": "H\u1ebbm 12 Nguy\u1ec5n H\u1eefu C\u1ea3nh", "highway": "residential", "trusted": 0.0}, "geometry": {"type": "LineString", "coordinates": [[9368.2, 7486.0], [9418.3, 7572.5], [9395.7, 7589.5], [9379.5, 7590.9], [9355.5, 7583.8], [9333.9, 7569.8]]}}, {"type": "Feature", "properties": {"name": "H\u1ebbm 12 \u0110\u01b0\u1eddng Nguy\u1ec5n H\u1eefu C\u1ea3nh", "highway": "residential", "trusted": 0.0}, "geometry": {"type": "LineString", "coordinates": [[9122.7, 7565.3], [9324.0, 7576.0], [9333.9, 7569.8], [9348.2, 7560.9], [9355.4, 7529.2], [9368.2, 7486.0], [9370.4, 7478.7], [9438.6, 7433.4]]}}, {"type": "Feature", "properties": {"name": "H\u1ebbm 167 \u0110\u01b0\u1eddng Ng\u00f4 T\u1ea5t T\u1ed1", "highway": "residential", "trusted": 0.0}, "geometry": {"type": "LineString", "coordinates": [[10181.4, 8871.2], [10115.9, 8810.6]]}}, {"type": "Feature", "properties": {"name": "V\u00f5 V\u0103n Ki\u1ec7t", "highway": "trunk", "trusted": 1.0}, "geometry": {"type": "LineString", "coordinates": [[1744.7, 3999.9], [1754.8, 4040.9], [1820.3, 4130.9], [1844.9, 4160.1], [1894.4, 4212.6], [1950.3, 4260.5], [2001.2, 4300.5], [2053.0, 4336.9], [2109.2, 4372.4], [2209.0, 4429.9], [2306.2, 4487.2], [2361.2, 4523.3], [2407.9, 4559.0], [2451.9, 4582.7]]}}, {"type": "Feature", "properties": {"name": "\u0110\u01b0\u1eddng s\u1ed1 11", "highway": "residential", "trusted": 0.0}, "geometry": {"type": "LineString", "coordinates": [[12177.8, 1554.8], [12169.7, 1554.6]]}}, {"type": "Feature", "properties": {"name": "H\u1ebbm 17 Nguy\u1ec5n Th\u1ecb Minh Khai", "highway": "service", "trusted": 1.0}, "geometry": {"type": "LineString", "coordinates": [[8247.3, 4213.4], [8234.3, 4228.6], [8139.5, 4338.8]]}}, {"type": "Feature", "properties": {"name": "H\u1ebbm 15 \u0110\u01b0\u1eddng L\u00ea Th\u00e1nh T\u00f4n", "highway": "service", "trusted": 0.0}, "geometry": {"type": "LineString", "coordinates": [[6804.6, 5612.3], [6740.0, 5707.1]]}}, {"type": "Feature", "properties": {"name": null, "highway": "service", "trusted": 1.0}, "geometry": {"type": "LineString", "coordinates": [[8669.6, 3936.2], [8641.3, 3911.5]]}}, {"type": "Feature", "properties": {"name": null, "highway": "service", "trusted": 1.0}, "geometry": {"type": "LineString", "coordinates": [[8775.6, 3937.6], [8689.4, 4017.7], [8539.4, 4175.9]]}}, {"type": "Feature", "properties": {"name": "Ph\u00fa M\u1ef9", "highway": "residential", "trusted": 0.0}, "geometry": {"type": "LineString", "coordinates": [[8936.1, 8701.4], [9042.4, 8759.6], [9054.7, 8755.4]]}}, {"type": "Feature", "properties": {"name": null, "highway": "service", "trusted": 0.0}, "geometry": {"type": "LineString", "coordinates": [[11266.5, 2213.9], [11262.2, 2106.2], [11261.6, 2092.4]]}}, {"type": "Feature", "properties": {"name": "H\u1ebbm 82 \u0110\u01b0\u1eddng L\u00ea V\u0103n Duy\u1ec7t", "highway": "service", "trusted": 0.0}, "geometry": {"type": "LineString", "coordinates": [[11724.9, 3363.3], [11721.0, 3435.0]]}}, {"type": "Feature", "properties": {"name": "H\u1ebbm 82 \u0110\u01b0\u1eddng L\u00ea V\u0103n Duy\u1ec7t", "highway": "service", "trusted": 0.0}, "geometry": {"type": "LineString", "coordinates": [[11748.4, 2891.6], [11740.9, 3067.6]]}}, {"type": "Feature", "properties": {"name": null, "highway": "service", "trusted": 1.0}, "geometry": {"type": "LineString", "coordinates": [[8659.8, 3991.1], [8512.4, 4150.9], [8539.4, 4175.9]]}}, {"type": "Feature", "properties": {"name": "H\u1ebbm 18B Nguy\u1ec5n Th\u1ecb Minh Khai", "highway": "service", "trusted": 1.0}, "geometry": {"type": "LineString", "coordinates": [[8702.1, 3908.1], [8669.6, 3936.2], [8635.9, 3970.9]]}}, {"type": "Feature", "properties": {"name": null, "highway": "service", "trusted": 1.0}, "geometry": {"type": "LineString", "coordinates": [[8733.5, 4054.6], [8818.2, 3977.2]]}}, {"type": "Feature", "properties": {"name": null, "highway": "service", "trusted": 1.0}, "geometry": {"type": "LineString", "coordinates": [[8836.2, 3994.0], [8818.2, 3977.2], [8775.6, 3937.6]]}}, {"type": "Feature", "properties": {"name": "T\u00f4n \u0110\u1ee9c Th\u1eafng", "highway": "primary", "trusted": 1.0}, "geometry": {"type": "LineString", "coordinates": [[6555.4, 6506.4], [6574.6, 6512.1], [6727.4, 6557.7], [6751.4, 6562.8], [6774.0, 6563.6], [6800.2, 6562.2], [6820.2, 6558.2], [6847.0, 6548.6], [6879.6, 6532.9]]}}, {"type": "Feature", "properties": {"name": "T\u00f4n \u0110\u1ee9c Th\u1eafng", "highway": "primary", "trusted": 1.0}, "geometry": {"type": "LineString", "coordinates": [[6561.8, 6494.3], [6516.7, 6481.0]]}}, {"type": "Feature", "properties": {"name": "T\u00f4n \u0110\u1ee9c Th\u1eafng", "highway": "primary", "trusted": 0.33}, "geometry": {"type": "LineString", "coordinates": [[5944.7, 6319.7], [5872.8, 6301.0], [5713.1, 6259.4], [5681.1, 6251.2], [5636.9, 6240.0], [5558.7, 6226.0], [5529.4, 6218.9], [5426.3, 6194.0], [5382.8, 6183.5], [5290.9, 6161.6], [5249.3, 6151.7], [5232.6, 6147.7], [5209.1, 6140.7], [5169.2, 6126.9], [5153.1, 6109.7]]}}, {"type": "Feature", "properties": {"name": "T\u00f4n \u0110\u1ee9c Th\u1eafng", "highway": "primary", "trusted": 1.0}, "geometry": {"type": "LineString", "coordinates": [[6509.6, 6492.6], [6520.7, 6495.9], [6555.4, 6506.4]]}}, {"type": "Feature", "properties": {"name": "H\u1ebbm 24 \u0110\u00f4ng Du", "highway": "service", "trusted": 0.5}, "geometry": {"type": "LineString", "coordinates": [[5504.2, 5746.2], [5604.1, 5660.8]]}}, {"type": "Feature", "properties": {"name": null, "highway": "residential", "trusted": 0.0}, "geometry": {"type": "LineString", "coordinates": [[7925.9, 2199.5], [8013.1, 2285.5]]}}, {"type": "Feature", "properties": {"name": null, "highway": "service", "trusted": 0.0}, "geometry": {"type": "LineString", "coordinates": [[7875.3, 2252.3], [7960.3, 2335.3]]}}, {"type": "Feature", "properties": {"name": "Nguy\u1ec5n Si\u00eau", "highway": "residential", "trusted": 1.0}, "geometry": {"type": "LineString", "coordinates": [[6842.9, 6414.0], [6693.8, 6261.1]]}}, {"type": "Feature", "properties": {"name": "X\u00f4 Vi\u1ebft Ngh\u1ec7 T\u0129nh", "highway": "tertiary", "trusted": 1.0}, "geometry": {"type": "LineString", "coordinates": [[10418.6, 6137.3], [10423.8, 6145.2], [10431.4, 6155.2], [10458.6, 6179.9]]}}, {"type": "Feature", "properties": {"name": "X\u00f4 Vi\u1ebft Ngh\u1ec7 T\u0129nh", "highway": "tertiary", "trusted": 1.0}, "geometry": {"type": "LineString", "coordinates": [[10640.4, 6369.7], [10610.6, 6341.1]]}}, {"type": "Feature", "properties": {"name": "H\u1ebbm 11B Nguy\u1ec5n B\u1ec9nh Khi\u00eam", "highway": "service", "trusted": 1.0}, "geometry": {"type": "LineString", "coordinates": [[8773.1, 5820.6], [8524.1, 5587.3], [8489.1, 5622.9], [8456.6, 5597.3]]}}, {"type": "Feature", "properties": {"name": null, "highway": "service", "trusted": 1.0}, "geometry": {"type": "LineString", "coordinates": [[8489.1, 5622.9], [8543.3, 5667.7], [8517.3, 5693.3], [8465.3, 5748.8], [8409.9, 5805.6]]}}, {"type": "Feature", "properties": {"name": null, "highway": "service", "trusted": 1.0}, "geometry": {"type": "LineString", "coordinates": [[8517.3, 5693.3], [8455.1, 5645.3], [8406.9, 5696.1]]}}, {"type": "Feature", "properties": {"name": "H\u1ebbm 11C \u0110\u01b0\u1eddng Nguy\u1ec5n B\u1ec9nh Khi\u00eam", "highway": "service", "trusted": 1.0}, "geometry": {"type": "LineString", "coordinates": [[8335.1, 5704.9], [8313.1, 5682.9], [8349.6, 5647.0], [8406.9, 5696.1], [8465.3, 5748.8]]}}, {"type": "Feature", "properties": {"name": null, "highway": "service", "trusted": 1.0}, "geometry": {"type": "LineString", "coordinates": [[8455.1, 5645.3], [8385.7, 5591.0]]}}, {"type": "Feature", "properties": {"name": null, "highway": "service", "trusted": 0.0}, "geometry": {"type": "LineString", "coordinates": [[9421.4, 228.9], [9365.8, 188.5]]}}, {"type": "Feature", "properties": {"name": "\u0110\u01b0\u1eddng N20", "highway": "residential", "trusted": 0.0}, "geometry": {"type": "LineString", "coordinates": [[2497.8, 8503.0], [2482.3, 8509.6], [2469.5, 8512.2], [2456.5, 8511.6], [2440.4, 8505.9], [2429.6, 8496.6], [2322.5, 8383.1], [2285.4, 8341.5], [2102.7, 8146.3]]}}, {"type": "Feature", "properties": {"name": "V\u00f5 V\u0103n Ki\u1ec7t", "highway": "primary", "trusted": 0.0}, "geometry": {"type": "LineString", "coordinates": [[3076.5, 5632.1], [2978.0, 5362.7], [2962.3, 5322.2]]}}, {"type": "Feature", "properties": {"name": "H\u1ebbm C13 \u0110\u01b0\u1eddng T\u00f4n \u0110\u1ea3n", "highway": "service", "trusted": 0.0}, "geometry": {"type": "LineString", "coordinates": [[376.4, 6579.8], [367.9, 6566.9], [369.9, 6562.5], [358.8, 6550.1], [364.0, 6538.6], [359.0, 6528.3], [381.4, 6502.1]]}}, {"type": "Feature", "properties": {"name": "H\u1ebbm 89 H\u00e0m Nghi", "highway": "service", "trusted": 1.0}, "geometry": {"type": "LineString", "coordinates": [[3539.8, 4570.2], [3353.5, 4651.5]]}}, {"type": "Feature", "properties": {"name": "H\u1ebbm 53 Nguy\u1ec5n Kh\u1eafc Nhu", "highway": "service", "trusted": 0.0}, "geometry": {"type": "LineString", "coordinates": [[970.6, 1680.8], [1090.5, 1826.5]]}}, {"type": "Feature", "properties": {"name": null, "highway": "service", "trusted": 0.0}, "geometry": {"type": "LineString", "coordinates": [[494.7, 1565.1], [522.1, 1603.2], [471.6, 1649.0]]}}, {"type": "Feature", "properties": {"name": "H\u1ebbm 57/6 \u0110\u01b0\u1eddng \u0110i\u1ec7n Bi\u00ean Ph\u1ee7", "highway": "service", "trusted": 0.0}, "geometry": {"type": "LineString", "coordinates": [[11728.3, 4394.4], [11767.6, 4430.7]]}}, {"type": "Feature", "properties": {"name": "Tr\u01b0\u1eddng Sa", "highway": "tertiary", "trusted": 0.0}, "geometry": {"type": "LineString", "coordinates": [[11051.9, 4121.8], [11057.1, 4100.8], [11069.8, 4021.3], [11084.4, 3934.7], [11092.9, 3866.4], [11094.2, 3855.9], [11096.0, 3806.3], [11098.0, 3743.4], [11098.6, 3713.5], [11099.2, 3685.4], [11099.2, 3673.2], [11099.3, 3661.5], [11099.5, 3604.5], [11097.4, 3569.0]]}}, {"type": "Feature", "properties": {"name": "H\u1ebbm 110 Tr\u01b0\u1eddng Sa", "highway": "service", "trusted": 0.0}, "geometry": {"type": "LineString", "coordinates": [[11116.5, 4134.3], [11136.9, 4144.0], [11231.4, 4159.7], [11280.5, 4183.3]]}}, {"type": "Feature", "properties": {"name": "H\u1ebbm 185 Ph\u1ea1m Ng\u0169 L\u00e3o", "highway": "service", "trusted": 0.0}, "geometry": {"type": "LineString", "coordinates": [[2920.4, 1968.8], [2885.0, 1990.3], [2873.4, 1997.0], [2856.3, 2006.9], [2745.0, 2071.6]]}}, {"type": "Feature", "properties": {"name": "\u0110o\u00e0n V\u0103n B\u01a1", "highway": "tertiary", "trusted": 0.0}, "geometry": {"type": "LineString", "coordinates": [[101.4, 6739.0], [61.8, 6812.3], [45.6, 6842.3], [12.0, 6896.1], [-13.7, 6937.3], [-26.3, 6952.0]]}}, {"type": "Feature", "properties": {"name": null, "highway": "service", "trusted": 1.0}, "geometry": {"type": "LineString", "coordinates": [[10047.2, 6644.8], [10006.9, 6613.8]]}}, {"type": "Feature", "properties": {"name": "H\u1ebbm 4 \u0110\u01b0\u1eddng Phan K\u1ebf B\u00ednh", "highway": "service", "trusted": 1.0}, "geometry": {"type": "LineString", "coordinates": [[9702.2, 3978.1], [9744.9, 4012.9]]}}, {"type": "Feature", "properties": {"name": null, "highway": "service", "trusted": 1.0}, "geometry": {"type": "LineString", "coordinates": [[10382.9, 5373.6], [10328.0, 5364.1]]}}, {"type": "Feature", "properties": {"name": null, "highway": "service", "trusted": 1.0}, "geometry": {"type": "LineString", "coordinates": [[10395.4, 5290.8], [10342.4, 5284.0]]}}, {"type": "Feature", "properties": {"name": null, "highway": "service", "trusted": 1.0}, "geometry": {"type": "LineString", "coordinates": [[10400.1, 5260.8], [10348.7, 5247.8]]}}, {"type": "Feature", "properties": {"name": null, "highway": "service", "trusted": 1.0}, "geometry": {"type": "LineString", "coordinates": [[10409.2, 5198.2], [10358.2, 5193.7]]}}, {"type": "Feature", "properties": {"name": null, "highway": "service", "trusted": 1.0}, "geometry": {"type": "LineString", "coordinates": [[9948.6, 2543.3], [9905.0, 2598.9]]}}, {"type": "Feature", "properties": {"name": "H\u1ebbm 64 Tr\u1ea7n \u0110\u00ecnh Xu", "highway": "service", "trusted": 0.0}, "geometry": {"type": "LineString", "coordinates": [[237.8, 1180.6], [293.4, 1248.1]]}}, {"type": "Feature", "properties": {"name": null, "highway": "service", "trusted": 0.0}, "geometry": {"type": "LineString", "coordinates": [[293.4, 1248.1], [280.3, 1273.2], [307.0, 1302.6]]}}, {"type": "Feature", "properties": {"name": null, "highway": "service", "trusted": 0.0}, "geometry": {"type": "LineString", "coordinates": [[293.4, 1248.1], [308.4, 1245.2], [326.1, 1264.6]]}}, {"type": "Feature", "properties": {"name": null, "highway": "service", "trusted": 0.0}, "geometry": {"type": "LineString", "coordinates": [[10986.2, 5272.0], [10982.3, 5290.4], [10974.7, 5318.6]]}}, {"type": "Feature", "properties": {"name": null, "highway": "service", "trusted": 1.0}, "geometry": {"type": "LineString", "coordinates": [[4241.9, 145.6], [4251.8, 201.8], [4249.7, 207.1], [4203.9, 237.7]]}}, {"type": "Feature", "properties": {"name": "H\u1ebbm 102 \u0110\u01b0\u1eddng Tr\u1ea7n Quang Kh\u1ea3i", "highway": "service", "trusted": 0.17}, "geometry": {"type": "LineString", "coordinates": [[10761.5, 1692.5], [10829.7, 1741.0], [10842.7, 1742.4], [10855.6, 1743.7], [10856.0, 1767.6], [10873.7, 1768.2]]}}, {"type": "Feature", "properties": {"name": "H\u1ebbm 102 \u0110\u01b0\u1eddng Tr\u1ea7n Quang Kh\u1ea3i", "highway": "service", "trusted": 0.0}, "geometry": {"type": "LineString", "coordinates": [[10855.6, 1743.7], [10856.6, 1726.8], [10862.2, 1726.5]]}}, {"type": "Feature", "properties": {"name": "H\u1ebbm 102 \u0110\u01b0\u1eddng Tr\u1ea7n Quang Kh\u1ea3i", "highway": "service", "trusted": 0.0}, "geometry": {"type": "LineString", "coordinates": [[10842.7, 1742.4], [10842.8, 1727.1]]}}, {"type": "Feature", "properties": {"name": "H\u1ebbm 122/13 \u0110\u01b0\u1eddng T\u00f4n \u0110\u1ea3n", "highway": "service", "trusted": 0.0}, "geometry": {"type": "LineString", "coordinates": [[-5.4, 5935.7], [-10.6, 5931.3]]}}, {"type": "Feature", "properties": {"name": "H\u1ebbm 60 L\u00ea Th\u1ecb Ri\u00eang", "highway": "service", "trusted": 1.0}, "geometry": {"type": "LineString", "coordinates": [[3722.6, 1383.4], [3789.3, 1373.6], [3815.0, 1369.6], [3853.6, 1360.6], [3884.8, 1350.8]]}}, {"type": "Feature", "properties": {"name": "H\u1ebbm 96/6 L\u00ea Th\u1ecb Ri\u00eang", "highway": "service", "trusted": 1.0}, "geometry": {"type": "LineString", "coordinates": [[3793.3, 1140.5], [3812.7, 1190.7], [3832.7, 1262.8]]}}, {"type": "Feature", "properties": {"name": "Nguy\u1ec5n Hu\u1ec7", "highway": "tertiary", "trusted": 1.0}, "geometry": {"type": "LineString", "coordinates": [[5357.4, 4309.9], [5345.5, 4322.6], [5320.3, 4349.4], [5303.7, 4367.1], [5274.0, 4398.8], [5252.2, 4422.0], [5126.1, 4556.7], [5117.5, 4566.0], [5087.6, 4596.8]]}}, {"type": "Feature", "properties": {"name": "Nguy\u1ec5n Hu\u1ec7", "highway": "tertiary", "trusted": 1.0}, "geometry": {"type": "LineString", "coordinates": [[5171.2, 4684.3], [5202.9, 4652.7], [5335.9, 4509.6], [5389.7, 4451.8], [5420.1, 4419.2]]}}, {"type": "Feature", "properties": {"name": "H\u1ebbm 30 M\u1ea1c \u0110\u0129nh Chi", "highway": "service", "trusted": 1.0}, "geometry": {"type": "LineString", "coordinates": [[8465.3, 3563.3], [8478.6, 3575.6], [8595.1, 3681.6], [8633.8, 3702.6], [8649.6, 3714.8]]}}, {"type": "Feature", "properties": {"name": null, "highway": "service", "trusted": 0.48}, "geometry": {"type": "LineString", "coordinates": [[8743.2, 6476.5], [8735.3, 6485.5], [8720.0, 6503.1], [8712.4, 6511.0], [8703.4, 6517.0], [8689.2, 6520.9], [8678.7, 6522.1], [8669.9, 6521.9], [8661.2, 6522.6], [8648.2, 6525.3], [8635.9, 6530.2], [8624.6, 6537.1], [8614.5, 6545.7], [8588.0, 6580.8], [8581.6, 6589.2], [8573.7, 6596.1], [8563.8, 6601.4], [8553.0, 6604.3], [8511.5, 6613.2], [8500.2, 6617.9], [8487.9, 6626.4], [8480.1, 6635.0], [8457.7, 6673.7], [8455.3, 6678.7], [8454.1, 6684.2], [8454.3, 6689.7], [8456.5, 6696.5], [8460.5, 6702.4], [8466.2, 6706.7], [8484.1, 6714.7], [8502.8, 6720.6], [8519.2, 6723.7], [8548.8, 6731.5], [8577.9, 6740.8], [8606.5, 6751.7], [8632.8, 6763.4], [8658.5, 6776.4], [8683.5, 6790.7], [8691.1, 6814.0], [8714.3, 6833.1], [8722.6, 6841.3], [8732.1, 6847.9], [8742.6, 6852.7], [8753.7, 6855.7], [8764.3, 6856.8], [8775.0, 6856.2], [8785.6, 6854.0], [8801.7, 6846.8], [8819.4, 6836.8], [8842.0, 6823.1], [8861.8, 6808.9], [8880.7, 6793.3], [8898.6, 6776.4], [9003.2, 6664.2], [9072.3, 6587.7], [9183.0, 6462.2], [9259.8, 6364.4], [9292.6, 6322.8], [9326.7, 6278.7], [9340.2, 6259.3], [9356.1, 6236.5], [9375.9, 6205.3], [9394.4, 6173.6], [9411.6, 6141.2]]}}, {"type": "Feature", "properties": {"name": null, "highway": "service", "trusted": 0.6}, "geometry": {"type": "LineString", "coordinates": [[8771.2, 6437.9], [8769.4, 6407.0], [8764.7, 6376.8], [8758.8, 6353.2], [8751.1, 6330.4], [8741.5, 6308.4], [8731.0, 6292.2], [8719.1, 6277.0], [8705.9, 6263.1], [8690.1, 6249.4], [8682.0, 6242.9], [8673.1, 6237.4], [8664.0, 6233.3], [8654.4, 6230.4], [8626.9, 6223.2], [8599.0, 6217.9], [8570.5, 6214.4], [8559.2, 6212.5], [8547.5, 6212.0], [8535.8, 6212.9], [8521.1, 6216.2], [8506.9, 6221.7], [8493.6, 6229.3], [8483.8, 6238.6], [8475.7, 6249.3], [8468.7, 6263.3], [8438.7, 6282.6], [8437.8, 6297.1], [8438.4, 6311.6], [8439.2, 6316.9], [8440.5, 6325.9], [8444.5, 6341.4], [8450.2, 6356.3], [8457.6, 6370.4], [8466.5, 6383.6], [8476.8, 6397.0], [8488.3, 6409.6], [8500.7, 6421.1], [8517.7, 6434.1], [8536.0, 6445.2], [8555.4, 6454.4], [8584.4, 6464.7], [8614.3, 6472.5], [8644.1, 6477.6], [8674.3, 6480.2], [8712.7, 6478.9], [8743.2, 6476.5]]}}, {"type": "Feature", "properties": {"name": null, "highway": "service", "trusted": 1.0}, "geometry": {"type": "LineString", "coordinates": [[8998.2, 6053.1], [8973.1, 6101.8], [8956.2, 6131.7], [8946.2, 6149.5], [8930.2, 6175.9], [8920.9, 6191.1], [8901.2, 6221.4], [8894.4, 6231.9], [8876.1, 6257.0], [8856.3, 6285.9], [8835.7, 6318.1], [8814.3, 6354.3], [8803.0, 6378.6], [8790.9, 6402.6], [8786.9, 6410.1], [8781.5, 6420.5], [8771.2, 6437.9], [8757.8, 6457.6], [8743.2, 6476.5]]}}, {"type": "Feature", "properties": {"name": null, "highway": "service", "trusted": 1.0}, "geometry": {"type": "LineString", "coordinates": [[8998.2, 6053.1], [9003.2, 6055.3], [9008.6, 6055.9], [9016.7, 6054.0], [9024.4, 6050.8], [9031.5, 6046.2], [9038.0, 6040.1], [9045.0, 6030.7], [9049.4, 6021.1], [9051.1, 6012.8], [9051.0, 6004.4], [9048.9, 5996.2], [9047.3, 5992.3], [9045.0, 5988.9], [9040.7, 5985.8], [9035.7, 5984.0], [9030.5, 5983.6], [9025.4, 5984.6], [9014.8, 5988.9], [9005.5, 5995.9], [8998.5, 6004.4], [8993.4, 6014.1], [8990.7, 6022.7], [8989.5, 6031.6], [8989.8, 6040.4], [8991.4, 6045.5], [8994.3, 6049.8], [8998.2, 6053.1]]}}, {"type": "Feature", "properties": {"name": null, "highway": "service", "trusted": 1.0}, "geometry": {"type": "LineString", "coordinates": [[8773.1, 5820.6], [8787.2, 5834.7], [8798.0, 5845.5], [8827.8, 5876.0], [8841.9, 5890.5], [8980.2, 6039.4], [8991.4, 6045.5]]}}, {"type": "Feature", "properties": {"name": null, "highway": "service", "trusted": 1.0}, "geometry": {"type": "LineString", "coordinates": [[9377.7, 5631.8], [9301.0, 5714.7], [9246.0, 5773.6], [9191.7, 5831.6], [9156.7, 5868.9]]}}, {"type": "Feature", "properties": {"name": null, "highway": "service", "trusted": 1.0}, "geometry": {"type": "LineString", "coordinates": [[10042.6, 5835.0], [9977.8, 5829.5], [9898.0, 5822.8], [9874.3, 5822.1], [9850.3, 5823.1], [9823.3, 5826.5], [9796.3, 5832.2], [9781.1, 5836.5], [9766.2, 5841.9], [9748.7, 5850.0], [9732.0, 5859.7], [9673.1, 5900.4], [9618.4, 5941.2], [9606.4, 5950.8], [9584.8, 5968.2], [9565.2, 5984.0], [9460.9, 6090.6], [9411.6, 6141.2]]}}, {"type": "Feature", "properties": {"name": null, "highway": "service", "trusted": 1.0}, "geometry": {"type": "LineString", "coordinates": [[9301.0, 5714.7], [9404.8, 5817.8], [9506.2, 5918.5], [9520.1, 5904.1], [9584.8, 5968.2]]}}, {"type": "Feature", "properties": {"name": "H\u1ebbm 160/10 V\u00f5 Th\u1ecb S\u00e1u", "highway": "service", "trusted": 0.0}, "geometry": {"type": "LineString", "coordinates": [[8806.2, 951.7], [8873.3, 988.8]]}}, {"type": "Feature", "properties": {"name": "T\u00f4n \u0110\u1ee9c Th\u1eafng", "highway": "primary", "trusted": 0.33}, "geometry": {"type": "LineString", "coordinates": [[7382.9, 5982.6], [7666.9, 5688.1], [7733.8, 5636.4]]}}, {"type": "Feature", "properties": {"name": "H\u1ebbm 146 Nguy\u1ec5n V\u0103n Th\u1ee7", "highway": "service", "trusted": 0.4}, "geometry": {"type": "LineString", "coordinates": [[9133.0, 3149.1], [9223.7, 3042.9], [9241.5, 3029.5], [9291.3, 3063.7], [9301.2, 3051.9]]}}, {"type": "Feature", "properties": {"name": null, "highway": "service", "trusted": 0.0}, "geometry": {"type": "LineString", "coordinates": [[9155.7, 2997.6], [9145.6, 3000.0], [9098.4, 3011.6]]}}, {"type": "Feature", "properties": {"name": null, "highway": "service", "trusted": 0.0}, "geometry": {"type": "LineString", "coordinates": [[9145.6, 3000.0], [9152.5, 3024.2]]}}, {"type": "Feature", "properties": {"name": null, "highway": "service", "trusted": 0.0}, "geometry": {"type": "LineString", "coordinates": [[9072.7, 2865.1], [9181.8, 2970.8]]}}, {"type": "Feature", "properties": {"name": "\u0110\u01b0\u1eddng C\u00e2y \u0110i\u1ec7p", "highway": "residential", "trusted": 1.0}, "geometry": {"type": "LineString", "coordinates": [[9630.2, 3320.3], [9613.2, 3328.5], [9486.9, 3474.3], [9481.5, 3490.3]]}}, {"type": "Feature", "properties": {"name": "H\u1ebbm 187 \u0110\u01b0\u1eddng \u0110i\u1ec7n Bi\u00ean Ph\u1ee7", "highway": "residential", "trusted": 0.33}, "geometry": {"type": "LineString", "coordinates": [[8754.8, 2125.0], [8682.5, 2205.4], [8793.0, 2361.3]]}}, {"type": "Feature", "properties": {"name": "H\u1ebbm 106 V\u00f5 Th\u1ecb S\u00e1u", "highway": "service", "trusted": 1.0}, "geometry": {"type": "LineString", "coordinates": [[9266.1, 1648.0], [9285.5, 1628.0], [9364.2, 1545.9]]}}, {"type": "Feature", "properties": {"name": null, "highway": "service", "trusted": 1.0}, "geometry": {"type": "LineString", "coordinates": [[9336.1, 1522.2], [9315.6, 1541.8]]}}, {"type": "Feature", "properties": {"name": null, "highway": "service", "trusted": 0.0}, "geometry": {"type": "LineString", "coordinates": [[2850.4, 41.1], [2844.8, 47.2], [2840.0, 52.0], [2799.0, 103.0], [2774.3, 133.8], [2754.3, 158.6], [2722.7, 197.9], [2714.0, 215.7], [2700.1, 244.2], [2697.4, 249.6], [2680.1, 280.7], [2623.6, 386.5]]}}, {"type": "Feature", "properties": {"name": null, "highway": "service", "trusted": 0.0}, "geometry": {"type": "LineString", "coordinates": [[2799.0, 103.0], [2823.9, 120.8]]}}, {"type": "Feature", "properties": {"name": null, "highway": "service", "trusted": 0.0}, "geometry": {"type": "LineString", "coordinates": [[2844.8, 47.2], [2869.5, 66.0]]}}, {"type": "Feature", "properties": {"name": null, "highway": "service", "trusted": 0.0}, "geometry": {"type": "LineString", "coordinates": [[2735.8, 228.4], [2714.0, 215.7]]}}, {"type": "Feature", "properties": {"name": null, "highway": "service", "trusted": 0.0}, "geometry": {"type": "LineString", "coordinates": [[2778.4, 175.3], [2754.3, 158.6]]}}, {"type": "Feature", "properties": {"name": null, "highway": "service", "trusted": 0.0}, "geometry": {"type": "LineString", "coordinates": [[2680.1, 280.7], [2703.2, 294.6]]}}, {"type": "Feature", "properties": {"name": null, "highway": "service", "trusted": 0.0}, "geometry": {"type": "LineString", "coordinates": [[2674.7, 231.8], [2700.1, 244.2]]}}, {"type": "Feature", "properties": {"name": "H\u1ebbm 21 \u0110\u01b0\u1eddng Nguy\u1ec5n \u0110\u00ecnh Chi\u1ec3u", "highway": "service", "trusted": 1.0}, "geometry": {"type": "LineString", "coordinates": [[9483.6, 4100.9], [9422.6, 4156.2]]}}, {"type": "Feature", "properties": {"name": "C\u00f4ng tr\u01b0\u1eddng Qu\u00e1ch Th\u1ecb Trang", "highway": "primary", "trusted": 1.0}, "geometry": {"type": "LineString", "coordinates": [[3712.8, 3467.0], [3697.7, 3491.4], [3621.8, 3621.4], [3609.3, 3645.8], [3584.6, 3701.6]]}}, {"type": "Feature", "properties": {"name": "C\u00f4ng tr\u01b0\u1eddng Qu\u00e1ch Th\u1ecb Trang", "highway": "primary", "trusted": 1.0}, "geometry": {"type": "LineString", "coordinates": [[3651.2, 3673.9], [3667.7, 3618.2], [3686.7, 3576.3], [3713.0, 3529.3], [3724.3, 3509.6], [3732.6, 3494.2], [3736.6, 3486.9]]}}, {"type": "Feature", "properties": {"name": "C\u00f4ng tr\u01b0\u1eddng Qu\u00e1ch Th\u1ecb Trang", "highway": "tertiary", "trusted": 1.0}, "geometry": {"type": "LineString", "coordinates": [[3996.4, 3609.5], [3971.5, 3593.4], [3945.3, 3580.7], [3917.3, 3569.4], [3887.9, 3557.0], [3860.7, 3541.3], [3799.3, 3495.9], [3792.0, 3488.9], [3760.1, 3466.7], [3751.9, 3461.3]]}}, {"type": "Feature", "properties": {"name": "C\u00f4ng tr\u01b0\u1eddng Qu\u00e1ch Th\u1ecb Trang", "highway": "tertiary", "trusted": 1.0}, "geometry": {"type": "LineString", "coordinates": [[3736.6, 3486.9], [3777.5, 3514.9], [3831.6, 3557.3], [3866.1, 3582.8], [3940.8, 3633.9]]}}, {"type": "Feature", "properties": {"name": "C\u00f4ng tr\u01b0\u1eddng Qu\u00e1ch Th\u1ecb Trang", "highway": "primary", "trusted": 1.0}, "geometry": {"type": "LineString", "coordinates": [[3728.8, 3445.1], [3712.8, 3467.0]]}}, {"type": "Feature", "properties": {"name": "L\u00ea Lai", "highway": "primary", "trusted": 0.71}, "geometry": {"type": "LineString", "coordinates": [[3670.3, 2911.5], [3681.3, 2958.0], [3788.9, 3218.4], [3794.8, 3241.6], [3797.9, 3265.2], [3798.0, 3289.1], [3795.6, 3308.7]]}}, {"type": "Feature", "properties": {"name": "L\u00ea Lai", "highway": "primary", "trusted": 0.67}, "geometry": {"type": "LineString", "coordinates": [[3832.2, 3288.3], [3831.0, 3267.1], [3827.8, 3251.3], [3823.5, 3235.3], [3698.4, 2949.9], [3670.3, 2911.5]]}}, {"type": "Feature", "properties": {"name": "C\u00f4ng tr\u01b0\u1eddng Qu\u00e1ch Th\u1ecb Trang", "highway": "primary", "trusted": 1.0}, "geometry": {"type": "LineString", "coordinates": [[3736.6, 3486.9], [3751.9, 3461.3]]}}, {"type": "Feature", "properties": {"name": "C\u00f4ng tr\u01b0\u1eddng Qu\u00e1ch Th\u1ecb Trang", "highway": "primary", "trusted": 1.0}, "geometry": {"type": "LineString", "coordinates": [[3712.8, 3467.0], [3736.6, 3486.9]]}}, {"type": "Feature", "properties": {"name": "C\u00f4ng tr\u01b0\u1eddng Qu\u00e1ch Th\u1ecb Trang", "highway": "primary", "trusted": 1.0}, "geometry": {"type": "LineString", "coordinates": [[3751.9, 3461.3], [3728.8, 3445.1]]}}, {"type": "Feature", "properties": {"name": "H\u1ebbm 36 \u0110\u01b0\u1eddng T\u00f4n \u0110\u1ea3n", "highway": "service", "trusted": 0.0}, "geometry": {"type": "LineString", "coordinates": [[475.3, 6408.8], [510.1, 6348.7], [500.0, 6340.0], [513.4, 6321.6], [508.5, 6318.1], [521.7, 6296.4]]}}, {"type": "Feature", "properties": {"name": "H\u1ebbm 78 \u0110\u01b0\u1eddng Tr\u01b0\u1eddng Sa", "highway": "service", "trusted": 0.0}, "geometry": {"type": "LineString", "coordinates": [[10971.8, 4801.6], [10962.7, 4841.7], [10895.9, 4823.7]]}}, {"type": "Feature", "properties": {"name": "H\u1ebbm 120 Mai Th\u1ecb L\u1ef1u", "highway": "service", "trusted": 0.0}, "geometry": {"type": "LineString", "coordinates": [[10703.1, 3340.2], [10702.1, 3349.5], [10705.9, 3353.7], [10708.9, 3365.5], [10721.5, 3370.0], [10722.5, 3380.4], [10799.9, 3396.8], [10787.3, 3443.9]]}}, {"type": "Feature", "properties": {"name": "H\u1ebbm 89 Tr\u1ea7n Qu\u1ed1c To\u1ea3n", "highway": "service", "trusted": 0.0}, "geometry": {"type": "LineString", "coordinates": [[8132.9, 122.7], [8145.7, 176.4]]}}, {"type": "Feature", "properties": {"name": "L\u00ea Lai", "highway": "primary", "trusted": 0.0}, "geometry": {"type": "LineString", "coordinates": [[3670.3, 2911.5], [3653.6, 2872.2]]}}, {"type": "Feature", "properties": {"name": "Ph\u1ea1m Ng\u0169 L\u00e3o", "highway": "secondary", "trusted": 0.5}, "geometry": {"type": "LineString", "coordinates": [[3356.8, 3125.0], [3336.8, 3040.7]]}}, {"type": "Feature", "properties": {"name": "Ph\u1ea1m Ng\u0169 L\u00e3o", "highway": "secondary", "trusted": 0.0}, "geometry": {"type": "LineString", "coordinates": [[3336.8, 3040.7], [3300.0, 3063.0]]}}, {"type": "Feature", "properties": {"name": "L\u00ea L\u1ee3i", "highway": "tertiary", "trusted": 1.0}, "geometry": {"type": "LineString", "coordinates": [[5017.3, 4675.7], [5097.0, 4759.6]]}}, {"type": "Feature", "properties": {"name": "L\u00ea L\u1ee3i", "highway": "tertiary", "trusted": 1.0}, "geometry": {"type": "LineString", "coordinates": [[5171.2, 4684.3], [5130.1, 4641.3], [5087.6, 4596.8]]}}, {"type": "Feature", "properties": {"name": "Nguy\u1ec5n Th\u1ecb Minh Khai", "highway": "primary", "trusted": 1.0}, "geometry": {"type": "LineString", "coordinates": [[4371.1, 621.2], [4397.3, 651.1], [4417.1, 678.0]]}}, {"type": "Feature", "properties": {"name": "C\u00e1ch M\u1ea1ng Th\u00e1ng T\u00e1m", "highway": "primary", "trusted": 1.0}, "geometry": {"type": "LineString", "coordinates": [[4417.1, 678.0], [4395.6, 718.4]]}}, {"type": "Feature", "properties": {"name": "T\u00f4n \u0110\u1ee9c Th\u1eafng", "highway": "primary", "trusted": 1.0}, "geometry": {"type": "LineString", "coordinates": [[6879.6, 6532.9], [6894.2, 6518.6], [6907.7, 6505.3]]}}, {"type": "Feature", "properties": {"name": "H\u1ebbm 237/42 Ho\u00e0ng Di\u1ec7u", "highway": "service", "trusted": 0.67}, "geometry": {"type": "LineString", "coordinates": [[506.6, 4821.7], [632.2, 4787.1], [594.8, 4754.6]]}}, {"type": "Feature", "properties": {"name": "Ng\u00f4 V\u0103n N\u0103m", "highway": "residential", "trusted": 1.0}, "geometry": {"type": "LineString", "coordinates": [[7071.0, 5835.5], [6982.9, 5946.5]]}}, {"type": "Feature", "properties": {"name": "L\u00ea Th\u00e1nh T\u00f4n", "highway": "tertiary", "trusted": 0.67}, "geometry": {"type": "LineString", "coordinates": [[7251.4, 5999.7], [7203.9, 5958.5], [7180.8, 5929.5], [7127.0, 5883.5], [7114.0, 5872.4], [7071.0, 5835.5]]}}, {"type": "Feature", "properties": {"name": "H\u1ebbm 6 \u0110\u01b0\u1eddng Nguy\u1ec5n Th\u1ecb Minh Khai", "highway": "service", "trusted": 1.0}, "geometry": {"type": "LineString", "coordinates": [[9412.6, 5279.1], [9420.0, 5270.5], [9433.5, 5256.7], [9440.3, 5252.8], [9471.2, 5250.5], [9480.1, 5250.8], [9496.1, 5237.2]]}}, {"type": "Feature", "properties": {"name": "H\u1ebbm 37 \u0110\u01b0\u1eddng \u0110o\u00e0n Nh\u01b0 H\u00e0i", "highway": "residential", "trusted": 1.0}, "geometry": {"type": "LineString", "coordinates": [[2129.9, 5790.2], [2013.8, 5841.4], [1919.2, 5876.1]]}}, {"type": "Feature", "properties": {"name": "Riverview 8", "highway": "residential", "trusted": 0.0}, "geometry": {"type": "LineString", "coordinates": [[7609.3, 7003.1], [7611.1, 7009.0], [7811.2, 7199.0], [7933.3, 7314.9], [8054.0, 7429.4], [8097.4, 7470.6], [8218.8, 7585.8], [8344.7, 7705.3]]}}, {"type": "Feature", "properties": {"name": null, "highway": "service", "trusted": 0.0}, "geometry": {"type": "LineString", "coordinates": [[7734.1, 6867.8], [7738.8, 6910.6], [7738.0, 6914.3], [7723.1, 6930.3], [7719.2, 6931.5], [7674.7, 6929.9]]}}, {"type": "Feature", "properties": {"name": null, "highway": "service", "trusted": 1.0}, "geometry": {"type": "LineString", "coordinates": [[6678.6, 6526.8], [6670.2, 6500.7], [6663.0, 6493.2], [6616.9, 6479.3], [6601.4, 6483.5], [6585.5, 6501.3]]}}, {"type": "Feature", "properties": {"name": "T\u00f4n \u0110\u1ee9c Th\u1eafng", "highway": "primary", "trusted": 1.0}, "geometry": {"type": "LineString", "coordinates": [[6516.7, 6481.0], [6416.3, 6451.3]]}}, {"type": "Feature", "properties": {"name": null, "highway": "service", "trusted": 1.0}, "geometry": {"type": "LineString", "coordinates": [[5872.8, 6301.0], [5878.8, 6282.2], [5882.1, 6271.6], [5879.6, 6265.1], [5873.5, 6260.9], [5761.9, 6231.3], [5750.4, 6230.9], [5741.9, 6235.2], [5729.5, 6245.6], [5713.1, 6259.4]]}}, {"type": "Feature", "properties": {"name": null, "highway": "service", "trusted": 1.0}, "geometry": {"type": "LineString", "coordinates": [[6063.9, 6220.8], [6051.5, 6220.0], [6041.1, 6223.2], [6029.8, 6229.4], [6018.2, 6233.6], [6003.6, 6234.5], [5973.7, 6226.4]]}}, {"type": "Feature", "properties": {"name": null, "highway": "service", "trusted": 1.0}, "geometry": {"type": "LineString", "coordinates": [[6137.1, 6241.2], [6063.9, 6220.8]]}}, {"type": "Feature", "properties": {"name": null, "highway": "service", "trusted": 1.0}, "geometry": {"type": "LineString", "coordinates": [[5946.2, 6097.7], [5935.2, 6094.7], [5930.7, 6095.0], [5926.9, 6096.5], [5924.3, 6099.9], [5916.0, 6125.1], [5916.2, 6129.5], [5918.6, 6133.7], [5922.2, 6136.0], [5995.6, 6157.5]]}}, {"type": "Feature", "properties": {"name": null, "highway": "service", "trusted": 1.0}, "geometry": {"type": "LineString", "coordinates": [[5976.7, 6106.2], [5946.2, 6097.7]]}}, {"type": "Feature", "properties": {"name": null, "highway": "service", "trusted": 0.0}, "geometry": {"type": "LineString", "coordinates": [[5102.7, 5912.8], [5099.8, 5874.2], [5094.3, 5866.6], [5069.5, 5854.6], [5061.3, 5856.7], [5032.4, 5878.0]]}}, {"type": "Feature", "properties": {"name": null, "highway": "service", "trusted": 0.0}, "geometry": {"type": "LineString", "coordinates": [[5393.2, 6143.1], [5388.1, 6162.8], [5382.8, 6183.5], [5375.7, 6211.3]]}}, {"type": "Feature", "properties": {"name": null, "highway": "service", "trusted": 0.0}, "geometry": {"type": "LineString", "coordinates": [[5340.3, 5989.5], [5333.3, 5967.2]]}}, {"type": "Feature", "properties": {"name": null, "highway": "tertiary", "trusted": 1.0}, "geometry": {"type": "LineString", "coordinates": [[2506.1, 5210.4], [2487.9, 5218.7]]}}, {"type": "Feature", "properties": {"name": null, "highway": "service", "trusted": 1.0}, "geometry": {"type": "LineString", "coordinates": [[7944.6, 4920.4], [7967.0, 4939.0], [7978.8, 4946.0], [7991.0, 4948.6], [8002.7, 4945.3], [8017.9, 4933.9], [8035.6, 4920.6]]}}, {"type": "Feature", "properties": {"name": null, "highway": "service", "trusted": 1.0}, "geometry": {"type": "LineString", "coordinates": [[7872.4, 4858.0], [7944.6, 4920.4]]}}, {"type": "Feature", "properties": {"name": "H\u1ebbm 15B \u0110\u01b0\u1eddng L\u00ea Th\u00e1nh T\u00f4n", "highway": "service", "trusted": 0.0}, "geometry": {"type": "LineString", "coordinates": [[6585.7, 5559.3], [6591.9, 5564.1], [6613.1, 5580.6]]}}, {"type": "Feature", "properties": {"name": null, "highway": "service", "trusted": 0.5}, "geometry": {"type": "LineString", "coordinates": [[6428.3, 5763.7], [6356.6, 5716.5]]}}, {"type": "Feature", "properties": {"name": null, "highway": "service", "trusted": 0.0}, "geometry": {"type": "LineString", "coordinates": [[6875.0, 5673.3], [6893.3, 5652.5], [6904.6, 5639.6], [6905.6, 5634.0], [6903.0, 5628.9], [6871.0, 5601.3]]}}, {"type": "Feature", "properties": {"name": null, "highway": "service", "trusted": 0.0}, "geometry": {"type": "LineString", "coordinates": [[6862.7, 5594.2], [6742.2, 5557.9]]}}, {"type": "Feature", "properties": {"name": null, "highway": "service", "trusted": 0.0}, "geometry": {"type": "LineString", "coordinates": [[6871.0, 5601.3], [6862.7, 5594.2]]}}, {"type": "Feature", "properties": {"name": "H\u1ebbm 162 \u0110i\u1ec7n Bi\u00ean Ph\u1ee7", "highway": "service", "trusted": 0.0}, "geometry": {"type": "LineString", "coordinates": [[11912.0, 5301.9], [11895.8, 5319.1], [11781.3, 5441.1], [11764.7, 5499.7]]}}, {"type": "Feature", "properties": {"name": null, "highway": "service", "trusted": 1.0}, "geometry": {"type": "LineString", "coordinates": [[4725.5, 190.7], [4757.6, 207.6], [4767.2, 211.8], [4774.6, 209.9], [4783.6, 200.8]]}}, {"type": "Feature", "properties": {"name": null, "highway": "service", "trusted": 0.0}, "geometry": {"type": "LineString", "coordinates": [[6510.9, 817.6], [6589.7, 894.4]]}}, {"type": "Feature", "properties": {"name": null, "highway": "service", "trusted": 0.0}, "geometry": {"type": "LineString", "coordinates": [[6835.0, 1846.0], [6842.1, 1851.5], [6852.9, 1857.7], [6865.0, 1860.3], [6875.2, 1858.3], [6886.4, 1851.2], [6892.9, 1842.1], [6896.8, 1829.4], [6897.2, 1817.0], [6892.3, 1805.0], [6884.4, 1796.2], [6835.0, 1846.0]]}}, {"type": "Feature", "properties": {"name": null, "highway": "service", "trusted": 0.0}, "geometry": {"type": "LineString", "coordinates": [[6886.4, 1851.2], [6926.7, 1890.5]]}}, {"type": "Feature", "properties": {"name": null, "highway": "service", "trusted": 0.0}, "geometry": {"type": "LineString", "coordinates": [[2098.0, 1653.9], [2167.2, 1592.2]]}}, {"type": "Feature", "properties": {"name": null, "highway": "service", "trusted": 0.0}, "geometry": {"type": "LineString", "coordinates": [[2172.4, 1677.7], [2193.2, 1666.7], [2211.6, 1719.5]]}}, {"type": "Feature", "properties": {"name": null, "highway": "service", "trusted": 0.0}, "geometry": {"type": "LineString", "coordinates": [[6701.6, 1036.9], [6778.2, 1111.4], [6758.1, 1131.8]]}}, {"type": "Feature", "properties": {"name": null, "highway": "service", "trusted": 0.0}, "geometry": {"type": "LineString", "coordinates": [[6758.1, 1131.8], [6742.5, 1116.9], [6719.4, 1141.2], [6721.2, 1142.9], [6735.0, 1156.1], [6758.1, 1131.8]]}}, {"type": "Feature", "properties": {"name": null, "highway": "service", "trusted": 0.0}, "geometry": {"type": "LineString", "coordinates": [[6721.2, 1142.9], [6714.0, 1150.3], [6654.6, 1211.3], [6599.6, 1267.6], [6545.4, 1216.3], [6517.4, 1243.3]]}}, {"type": "Feature", "properties": {"name": null, "highway": "service", "trusted": 0.0}, "geometry": {"type": "LineString", "coordinates": [[6662.9, 1101.8], [6714.0, 1150.3]]}}, {"type": "Feature", "properties": {"name": null, "highway": "service", "trusted": 0.0}, "geometry": {"type": "LineString", "coordinates": [[6602.7, 1163.4], [6654.6, 1211.3]]}}, {"type": "Feature", "properties": {"name": null, "highway": "service", "trusted": 0.0}, "geometry": {"type": "LineString", "coordinates": [[6778.2, 1111.4], [6841.6, 1175.3], [6831.1, 1185.8], [6796.2, 1220.6]]}}, {"type": "Feature", "properties": {"name": null, "highway": "service", "trusted": 0.0}, "geometry": {"type": "LineString", "coordinates": [[7105.1, 199.9], [7082.9, 178.4], [7023.9, 121.5], [6908.7, 238.9], [6897.6, 250.6]]}}, {"type": "Feature", "properties": {"name": null, "highway": "service", "trusted": 0.0}, "geometry": {"type": "LineString", "coordinates": [[7248.4, 1554.2], [7281.2, 1584.8], [7287.3, 1586.0], [7292.2, 1584.4], [7321.4, 1553.9], [7323.3, 1548.7], [7321.1, 1543.4], [7289.1, 1511.5]]}}, {"type": "Feature", "properties": {"name": null, "highway": "service", "trusted": 1.0}, "geometry": {"type": "LineString", "coordinates": [[6813.3, 2275.5], [6680.7, 2413.1]]}}, {"type": "Feature", "properties": {"name": null, "highway": "service", "trusted": 1.0}, "geometry": {"type": "LineString", "coordinates": [[8412.1, 3614.3], [8425.5, 3626.7], [8448.1, 3647.6], [8469.1, 3657.0], [8490.9, 3635.5], [8481.0, 3614.2], [8459.3, 3594.2], [8447.1, 3583.0]]}}, {"type": "Feature", "properties": {"name": null, "highway": "service", "trusted": 1.0}, "geometry": {"type": "LineString", "coordinates": [[8174.4, 3838.4], [8120.7, 3791.8]]}}, {"type": "Feature", "properties": {"name": null, "highway": "service", "trusted": 0.0}, "geometry": {"type": "MultiLineString", "coordinates": [[[7828.6, 978.0], [7887.1, 1038.6]], [[7887.1, 1038.6], [7902.7, 1054.4], [7933.9, 1024.0], [7918.5, 1008.1], [7887.1, 1038.6]]]}}, {"type": "Feature", "properties": {"name": null, "highway": "service", "trusted": 0.0}, "geometry": {"type": "LineString", "coordinates": [[3546.6, 2440.4], [3476.0, 2434.4]]}}, {"type": "Feature", "properties": {"name": null, "highway": "service", "trusted": 0.0}, "geometry": {"type": "LineString", "coordinates": [[3655.9, 2446.4], [3563.7, 2441.3]]}}, {"type": "Feature", "properties": {"name": null, "highway": "service", "trusted": 0.0}, "geometry": {"type": "LineString", "coordinates": [[3678.5, 2447.7], [3655.9, 2446.4]]}}, {"type": "Feature", "properties": {"name": null, "highway": "service", "trusted": 0.0}, "geometry": {"type": "LineString", "coordinates": [[3563.7, 2441.3], [3546.6, 2440.4]]}}, {"type": "Feature", "properties": {"name": "Nguy\u1ec5n V\u0103n Nguy\u1ec5n", "highway": "residential", "trusted": 0.0}, "geometry": {"type": "LineString", "coordinates": [[10427.2, 226.4], [10461.2, 236.9], [10574.7, 267.1], [10581.2, 267.5]]}}, {"type": "Feature", "properties": {"name": "Tr\u1ea7n Quang Kh\u1ea3i", "highway": "tertiary", "trusted": 0.0}, "geometry": {"type": "LineString", "coordinates": [[10239.5, 155.2], [10253.1, 201.1]]}}, {"type": "Feature", "properties": {"name": "Tr\u1ea7n Quang Kh\u1ea3i", "highway": "tertiary", "trusted": 0.0}, "geometry": {"type": "LineString", "coordinates": [[10287.0, 355.5], [10294.5, 343.0], [10274.9, 244.6]]}}, {"type": "Feature", "properties": {"name": "Tr\u1ea7n Quang Kh\u1ea3i", "highway": "tertiary", "trusted": 0.0}, "geometry": {"type": "LineString", "coordinates": [[10253.1, 201.1], [10247.8, 219.0], [10274.4, 344.9], [10287.0, 355.5]]}}, {"type": "Feature", "properties": {"name": "Ph\u00f3 \u0110\u1ee9c Ch\u00ednh", "highway": "tertiary", "trusted": 1.0}, "geometry": {"type": "LineString", "coordinates": [[3621.8, 3621.4], [3544.6, 3672.3], [3525.2, 3686.4]]}}, {"type": "Feature", "properties": {"name": "Ph\u00f3 \u0110\u1ee9c Ch\u00ednh", "highway": "tertiary", "trusted": 1.0}, "geometry": {"type": "LineString", "coordinates": [[3525.2, 3686.4], [3544.5, 3685.7], [3559.6, 3687.7], [3572.6, 3693.1], [3584.6, 3701.6]]}}, {"type": "Feature", "properties": {"name": null, "highway": "service", "trusted": 0.0}, "geometry": {"type": "LineString", "coordinates": [[10328.0, 7827.3], [10287.9, 7998.2], [10222.8, 8275.6], [10341.3, 8297.2], [10416.5, 8310.8], [10428.7, 8313.0], [10466.5, 8306.7], [10485.6, 8286.4], [10501.4, 8252.2], [10521.1, 8187.8], [10526.1, 8171.3], [10557.9, 8185.7]]}}, {"type": "Feature", "properties": {"name": "H\u1ebbm 85 \u0110\u01b0\u1eddng Ph\u1ea1m Vi\u1ebft Ch\u00e1nh", "highway": "residential", "trusted": 0.0}, "geometry": {"type": "LineString", "coordinates": [[9903.4, 8241.1], [9871.4, 8318.4], [9927.8, 8347.7], [10000.0, 8339.3], [10100.6, 8327.4], [10136.8, 8316.4], [10161.1, 8290.9], [10159.7, 8254.3], [10145.7, 8239.3], [10138.9, 8236.1], [10136.2, 8234.8], [9950.2, 8146.9], [9995.2, 8017.4], [9820.8, 7794.8]]}}, {"type": "Feature", "properties": {"name": "Tr\u1ea7n H\u01b0ng \u0110\u1ea1o", "highway": "primary", "trusted": 0.5}, "geometry": {"type": "LineString", "coordinates": [[3017.9, 2867.7], [3045.1, 2891.8], [3316.2, 3150.8], [3355.2, 3163.1]]}}, {"type": "Feature", "properties": {"name": "Ph\u1ea1m Ng\u1ecdc Th\u1ea1ch", "highway": "tertiary", "trusted": 1.0}, "geometry": {"type": "LineString", "coordinates": [[6633.1, 3540.0], [6647.4, 3524.5], [6670.5, 3499.5], [6791.3, 3370.3]]}}, {"type": "Feature", "properties": {"name": "Ho\u00e0ng Di\u1ec7u", "highway": "primary", "trusted": 0.0}, "geometry": {"type": "LineString", "coordinates": [[214.4, 3906.5], [304.5, 4035.6], [325.2, 4065.2]]}}, {"type": "Feature", "properties": {"name": null, "highway": "service", "trusted": 1.0}, "geometry": {"type": "LineString", "coordinates": [[2672.5, 4588.5], [2666.7, 4583.7], [2660.9, 4579.4], [2654.1, 4575.6], [2647.5, 4574.4], [2641.5, 4574.3], [2634.6, 4576.8], [2626.3, 4584.5], [2614.0, 4595.7]]}}, {"type": "Feature", "properties": {"name": null, "highway": "service", "trusted": 1.0}, "geometry": {"type": "LineString", "coordinates": [[2707.4, 4618.9], [2672.5, 4588.5]]}}, {"type": "Feature", "properties": {"name": null, "highway": "service", "trusted": 1.0}, "geometry": {"type": "LineString", "coordinates": [[2148.5, 5230.2], [2137.7, 5210.8], [2041.4, 5140.3]]}}, {"type": "Feature", "properties": {"name": "\u0110\u01b0\u1eddng n\u1ed9i b\u1ed9 Chung c\u01b0", "highway": "service", "trusted": 1.0}, "geometry": {"type": "LineString", "coordinates": [[2358.4, 5008.0], [2334.4, 5053.2], [2334.2, 5062.6], [2382.3, 5143.2], [2394.2, 5148.9], [2453.9, 5147.7]]}}, {"type": "Feature", "properties": {"name": "\u0110\u01b0\u1eddng n\u1ed9i b\u1ed9 Chung c\u01b0", "highway": "service", "trusted": 1.0}, "geometry": {"type": "LineString", "coordinates": [[2148.5, 5230.2], [2171.1, 5219.0], [2184.4, 5208.9], [2303.0, 5043.9], [2314.4, 5038.0], [2334.4, 5053.2]]}}, {"type": "Feature", "properties": {"name": "\u0110\u01b0\u1eddng n\u1ed9i b\u1ed9 Chung c\u01b0", "highway": "service", "trusted": 1.0}, "geometry": {"type": "LineString", "coordinates": [[2275.8, 4991.4], [2204.9, 4941.2], [2187.5, 4943.4], [2159.1, 4988.4], [2100.0, 5082.7], [2077.0, 5119.7], [2074.5, 5129.1], [2078.6, 5140.2], [2157.3, 5196.8]]}}, {"type": "Feature", "properties": {"name": "\u0110\u01b0\u1eddng n\u1ed9i b\u1ed9 Chung c\u01b0", "highway": "service", "trusted": 1.0}, "geometry": {"type": "LineString", "coordinates": [[2143.7, 4976.9], [2159.1, 4988.4]]}}, {"type": "Feature", "properties": {"name": "\u0110\u01b0\u1eddng n\u1ed9i b\u1ed9 Chung c\u01b0", "highway": "service", "trusted": 1.0}, "geometry": {"type": "LineString", "coordinates": [[2083.9, 5072.3], [2100.0, 5082.7]]}}, {"type": "Feature", "properties": {"name": null, "highway": "service", "trusted": 1.0}, "geometry": {"type": "LineString", "coordinates": [[1985.4, 5228.9], [2038.0, 5267.4], [2046.8, 5267.5], [2137.7, 5210.8]]}}, {"type": "Feature", "properties": {"name": null, "highway": "service", "trusted": 1.0}, "geometry": {"type": "LineString", "coordinates": [[2190.9, 4868.2], [2105.2, 4998.8], [2093.7, 5004.4], [2044.0, 4968.7]]}}, {"type": "Feature", "properties": {"name": "Ph\u00f9ng Kh\u1eafc Khoan", "highway": "secondary", "trusted": 1.0}, "geometry": {"type": "LineString", "coordinates": [[7702.6, 3678.3], [7721.7, 3684.7], [7730.5, 3686.2], [7741.6, 3686.4], [7759.9, 3683.4]]}}, {"type": "Feature", "properties": {"name": "Tr\u01b0\u01a1ng \u0110\u1ecbnh", "highway": "tertiary", "trusted": 0.8}, "geometry": {"type": "LineString", "coordinates": [[4473.9, 2228.5], [4499.0, 2200.5], [4538.1, 2156.6], [4637.0, 2026.7], [4711.6, 1941.5], [4736.8, 1912.7], [4796.1, 1844.5], [4855.3, 1773.8], [4883.7, 1740.6], [4984.3, 1619.1], [5049.7, 1541.2], [5121.1, 1456.8], [5166.9, 1404.1], [5175.7, 1393.3], [5198.0, 1365.7]]}}, {"type": "Feature", "properties": {"name": "Ph\u1ea1m Ng\u1ecdc Th\u1ea1ch", "highway": "tertiary", "trusted": 1.0}, "geometry": {"type": "LineString", "coordinates": [[7065.1, 3087.1], [7215.1, 2940.2], [7258.0, 2898.9], [7281.5, 2876.4]]}}, {"type": "Feature", "properties": {"name": "Hai B\u00e0 Tr\u01b0ng", "highway": "primary", "trusted": 0.29}, "geometry": {"type": "LineString", "coordinates": [[9379.7, 1282.2], [9394.1, 1261.8], [9441.7, 1111.8], [9475.6, 1070.9], [9535.9, 998.9], [9581.9, 943.3], [9634.3, 879.4]]}}, {"type": "Feature", "properties": {"name": "Nguy\u1ec5n H\u1eefu C\u1ea7u", "highway": "residential", "trusted": 0.0}, "geometry": {"type": "LineString", "coordinates": [[9845.3, 1025.7], [9634.3, 879.4]]}}, {"type": "Feature", "properties": {"name": "Hai B\u00e0 Tr\u01b0ng", "highway": "primary", "trusted": 0.0}, "geometry": {"type": "LineString", "coordinates": [[9739.4, 753.5], [9725.2, 757.6], [9698.9, 791.2], [9695.1, 807.4]]}}, {"type": "Feature", "properties": {"name": "H\u1ebbm 150 V\u00f5 Th\u1ecb S\u00e1u", "highway": "service", "trusted": 0.5}, "geometry": {"type": "LineString", "coordinates": [[8845.5, 1239.0], [8879.5, 1112.8]]}}, {"type": "Feature", "properties": {"name": "H\u1ebbm 154 V\u00f5 Th\u1ecb S\u00e1u", "highway": "service", "trusted": 0.0}, "geometry": {"type": "LineString", "coordinates": [[8787.1, 1142.1], [8856.5, 1061.7], [8868.0, 1048.5]]}}, {"type": "Feature", "properties": {"name": "H\u1ebbm 146 V\u00f5 Th\u1ecb S\u00e1u", "highway": "service", "trusted": 0.0}, "geometry": {"type": "LineString", "coordinates": [[9003.0, 1120.0], [8945.3, 1071.0], [8951.7, 1056.0], [8952.1, 1043.6]]}}, {"type": "Feature", "properties": {"name": "H\u1ebbm 146 V\u00f5 Th\u1ecb S\u00e1u", "highway": "service", "trusted": 0.0}, "geometry": {"type": "LineString", "coordinates": [[9041.4, 1075.9], [8967.7, 1016.7], [8976.6, 1000.5], [8983.1, 986.4], [8974.3, 972.7], [8972.3, 960.9], [8965.7, 948.2], [9018.3, 878.2], [8899.9, 798.8]]}}, {"type": "Feature", "properties": {"name": "H\u1ebbm 124/106 \u0110\u01b0\u1eddng X\u00f4 Vi\u1ebft Ngh\u1ec7 T\u0129nh", "highway": "service", "trusted": 0.0}, "geometry": {"type": "LineString", "coordinates": [[11670.6, 8275.1], [11666.9, 8304.9], [11676.8, 8311.6]]}}, {"type": "Feature", "properties": {"name": "H\u1ebbm 186 \u0110\u01b0\u1eddng Tr\u1ea7n Quang Kh\u1ea3i", "highway": "service", "trusted": 0.0}, "geometry": {"type": "LineString", "coordinates": [[10356.0, 738.4], [10449.4, 721.7], [10456.5, 741.2], [10519.3, 728.5]]}}, {"type": "Feature", "properties": {"name": null, "highway": "residential", "trusted": 0.0}, "geometry": {"type": "LineString", "coordinates": [[5659.2, 5318.4], [5732.4, 5242.6]]}}, {"type": "Feature", "properties": {"name": null, "highway": "service", "trusted": 0.0}, "geometry": {"type": "LineString", "coordinates": [[636.2, 6089.0], [609.6, 6130.8]]}}, {"type": "Feature", "properties": {"name": "\u0110\u01b0\u1eddng Ho\u00e0 M\u1ef9", "highway": "service", "trusted": 1.0}, "geometry": {"type": "LineString", "coordinates": [[10059.0, 2760.5], [9915.9, 2697.1]]}}, {"type": "Feature", "properties": {"name": "\u0110\u01b0\u1eddng Phan T\u00f4n", "highway": "service", "trusted": 1.0}, "geometry": {"type": "LineString", "coordinates": [[9915.9, 2697.1], [9924.8, 2684.7], [9944.7, 2656.7], [10004.7, 2684.1]]}}, {"type": "Feature", "properties": {"name": null, "highway": "service", "trusted": 0.5}, "geometry": {"type": "LineString", "coordinates": [[6641.7, 5639.2], [6627.8, 5662.2], [6565.8, 5791.0], [6539.6, 5836.1], [6652.5, 5893.0], [6727.4, 5727.8]]}}, {"type": "Feature", "properties": {"name": null, "highway": "service", "trusted": 0.0}, "geometry": {"type": "LineString", "coordinates": [[6627.8, 5662.2], [6727.4, 5727.8]]}}, {"type": "Feature", "properties": {"name": null, "highway": "service", "trusted": 0.0}, "geometry": {"type": "LineString", "coordinates": [[6740.0, 5707.1], [6641.7, 5639.2]]}}, {"type": "Feature", "properties": {"name": null, "highway": "service", "trusted": 0.0}, "geometry": {"type": "LineString", "coordinates": [[6727.4, 5727.8], [6740.0, 5707.1]]}}, {"type": "Feature", "properties": {"name": null, "highway": "service", "trusted": 1.0}, "geometry": {"type": "LineString", "coordinates": [[7016.3, 4532.6], [7019.5, 4517.9], [7026.9, 4484.3]]}}, {"type": "Feature", "properties": {"name": null, "highway": "service", "trusted": 1.0}, "geometry": {"type": "LineString", "coordinates": [[9820.9, 2684.0], [9761.0, 2630.3]]}}, {"type": "Feature", "properties": {"name": null, "highway": "service", "trusted": 1.0}, "geometry": {"type": "LineString", "coordinates": [[7255.8, 4638.1], [7281.4, 4649.8], [7314.9, 4665.1], [7255.3, 4763.8]]}}, {"type": "Feature", "properties": {"name": "H\u1ebbm 168 Nguy\u1ec5n C\u01b0 Trinh", "highway": "service", "trusted": 0.0}, "geometry": {"type": "LineString", "coordinates": [[1190.1, 283.1], [1208.0, 214.4], [1218.9, 172.4], [1249.3, 182.5], [1252.6, 195.9], [1259.1, 198.7]]}}, {"type": "Feature", "properties": {"name": "H\u1ebbm 222 \u0110\u01b0\u1eddng B\u00f9i Vi\u1ec7n", "highway": "service", "trusted": 0.0}, "geometry": {"type": "LineString", "coordinates": [[2019.6, 1127.1], [2058.0, 1102.1]]}}, {"type": "Feature", "properties": {"name": "Nguy\u1ec5n H\u1eefu C\u1ea3nh", "highway": "secondary", "trusted": 0.0}, "geometry": {"type": "LineString", "coordinates": [[9548.1, 8594.4], [9555.6, 8554.7]]}}, {"type": "Feature", "properties": {"name": "Nguy\u1ec5n H\u1eefu H\u00e0o", "highway": "tertiary", "trusted": 0.5}, "geometry": {"type": "LineString", "coordinates": [[778.0, 4174.9], [673.2, 4248.6], [522.1, 4261.1], [504.1, 4286.0]]}}, {"type": "Feature", "properties": {"name": "Nguy\u1ec5n H\u1eefu H\u00e0o", "highway": "tertiary", "trusted": 0.94}, "geometry": {"type": "LineString", "coordinates": [[504.1, 4286.0], [588.2, 4340.8], [685.9, 4267.3], [767.8, 4204.1], [798.6, 4184.1], [832.7, 4167.0], [881.8, 4143.4], [938.7, 4116.8], [979.2, 4096.7], [993.8, 4090.8], [1039.1, 4072.5], [1055.5, 4066.7], [1088.1, 4055.1], [1141.8, 4036.1], [1155.2, 4031.5], [1280.9, 3987.3], [1290.7, 3983.8], [1318.7, 3976.0]]}}, {"type": "Feature", "properties": {"name": null, "highway": "residential", "trusted": 1.0}, "geometry": {"type": "LineString", "coordinates": [[673.2, 4248.6], [685.9, 4267.3]]}}, {"type": "Feature", "properties": {"name": "V\u00f5 V\u0103n Ki\u1ec7t", "highway": "trunk", "trusted": 1.0}, "geometry": {"type": "LineString", "coordinates": [[2451.9, 4582.7], [2497.9, 4624.0], [2522.7, 4650.5], [2539.3, 4668.4], [2589.2, 4733.7]]}}, {"type": "Feature", "properties": {"name": "Phan K\u1ebf B\u00ednh", "highway": "residential", "trusted": 1.0}, "geometry": {"type": "LineString", "coordinates": [[9848.9, 3810.1], [9932.2, 3709.7], [10003.7, 3621.7], [10024.2, 3597.3], [10056.1, 3559.3], [10125.1, 3472.5]]}}, {"type": "Feature", "properties": {"name": "Nguy\u1ec5n V\u0103n Th\u1ee7", "highway": "residential", "trusted": 1.0}, "geometry": {"type": "LineString", "coordinates": [[10250.2, 4173.3], [10016.7, 3963.4]]}}, {"type": "Feature", "properties": {"name": "\u0110i\u1ec7n Bi\u00ean Ph\u1ee7", "highway": "primary", "trusted": 1.0}, "geometry": {"type": "LineString", "coordinates": [[9929.0, 3296.9], [9979.1, 3340.3]]}}, {"type": "Feature", "properties": {"name": "\u0110i\u1ec7n Bi\u00ean Ph\u1ee7", "highway": "primary", "trusted": 1.0}, "geometry": {"type": "LineString", "coordinates": [[9979.1, 3340.3], [10125.1, 3472.5]]}}, {"type": "Feature", "properties": {"name": "Nguy\u1ec5n V\u0103n Th\u1ee7", "highway": "residential", "trusted": 0.4}, "geometry": {"type": "LineString", "coordinates": [[8958.1, 2987.1], [9030.6, 3054.2], [9133.0, 3149.1], [9253.0, 3296.8], [9368.1, 3394.6]]}}, {"type": "Feature", "properties": {"name": "Nguy\u1ec5n \u0110\u00ecnh Chi\u1ec3u", "highway": "secondary", "trusted": 1.0}, "geometry": {"type": "LineString", "coordinates": [[9536.7, 4148.9], [9483.6, 4100.9], [9413.5, 4038.4], [9336.2, 3970.3]]}}, {"type": "Feature", "properties": {"name": "\u0110inh Ti\u00ean Ho\u00e0ng", "highway": "primary", "trusted": 1.0}, "geometry": {"type": "LineString", "coordinates": [[9648.7, 3637.8], [9717.2, 3553.4], [9796.8, 3457.2], [9822.8, 3425.8], [9837.8, 3407.7], [9908.3, 3321.9]]}}, {"type": "Feature", "properties": {"name": "Nguy\u1ec5n V\u0103n Th\u1ee7", "highway": "residential", "trusted": 1.0}, "geometry": {"type": "LineString", "coordinates": [[9481.5, 3490.3], [9638.0, 3628.4], [9648.7, 3637.8]]}}, {"type": "Feature", "properties": {"name": "Nguy\u1ec5n \u0110\u00ecnh Chi\u1ec3u", "highway": "secondary", "trusted": 1.0}, "geometry": {"type": "LineString", "coordinates": [[9929.4, 4522.0], [9805.1, 4401.4], [9704.3, 4304.3]]}}, {"type": "Feature", "properties": {"name": "Mai Th\u1ecb L\u1ef1u", "highway": "residential", "trusted": 0.75}, "geometry": {"type": "LineString", "coordinates": [[10316.1, 3661.6], [10143.9, 3817.9], [10109.1, 3860.1], [10016.7, 3963.4]]}}, {"type": "Feature", "properties": {"name": "Nguy\u1ec5n V\u0103n Th\u1ee7", "highway": "residential", "trusted": 1.0}, "geometry": {"type": "LineString", "coordinates": [[10016.7, 3963.4], [9848.9, 3810.1]]}}, {"type": "Feature", "properties": {"name": "X\u00f4 Vi\u1ebft Ngh\u1ec7 T\u0129nh", "highway": "primary", "trusted": 1.0}, "geometry": {"type": "LineString", "coordinates": [[10619.9, 6392.7], [10535.0, 6308.5]]}}, {"type": "Feature", "properties": {"name": "X\u00f4 Vi\u1ebft Ngh\u1ec7 T\u0129nh", "highway": "primary", "trusted": 0.0}, "geometry": {"type": "LineString", "coordinates": [[11338.3, 7077.8], [11280.8, 7022.6], [11149.4, 6897.2], [11022.1, 6778.0], [10895.1, 6655.6]]}}, {"type": "Feature", "properties": {"name": "\u0110\u01b0\u1eddng Nguy\u1ec5n C\u1eedu V\u00e2n", "highway": "residential", "trusted": 0.0}, "geometry": {"type": "LineString", "coordinates": [[11338.3, 7077.8], [11328.0, 7099.3]]}}, {"type": "Feature", "properties": {"name": "X\u00f4 Vi\u1ebft Ngh\u1ec7 T\u0129nh", "highway": "primary", "trusted": 0.0}, "geometry": {"type": "LineString", "coordinates": [[10879.4, 6671.5], [11000.5, 6787.1], [11085.2, 6868.4], [11292.0, 7065.6], [11328.0, 7099.3]]}}, {"type": "Feature", "properties": {"name": "Nguy\u1ec5n Th\u1ecb Minh Khai", "highway": "primary", "trusted": 1.0}, "geometry": {"type": "LineString", "coordinates": [[9104.4, 4976.3], [9016.2, 4884.9], [9004.1, 4872.4], [8895.8, 4762.9], [8880.9, 4748.2], [8746.0, 4616.7], [8722.9, 4595.1], [8686.2, 4586.2]]}}, {"type": "Feature", "properties": {"name": "Nguy\u1ec5n B\u1ec9nh Khi\u00eam", "highway": "primary", "trusted": 1.0}, "geometry": {"type": "LineString", "coordinates": [[9322.6, 5224.5], [9334.7, 5210.4]]}}, {"type": "Feature", "properties": {"name": "Nguy\u1ec5n Th\u1ecb Minh Khai", "highway": "primary", "trusted": 1.0}, "geometry": {"type": "LineString", "coordinates": [[8686.2, 4586.2], [8708.1, 4614.1], [8866.9, 4765.0], [8881.8, 4779.7], [8990.7, 4888.1], [9002.8, 4900.3], [9092.0, 4991.1]]}}, {"type": "Feature", "properties": {"name": "B\u00f9i Vi\u1ec7n", "highway": "residential", "trusted": 0.0}, "geometry": {"type": "LineString", "coordinates": [[2633.5, 2435.0], [2596.2, 2350.2], [2588.6, 2332.9], [2565.1, 2278.5]]}}, {"type": "Feature", "properties": {"name": "Ph\u1ea1m Ng\u0169 L\u00e3o", "highway": "secondary", "trusted": 0.0}, "geometry": {"type": "LineString", "coordinates": [[2253.6, 233.9], [2258.9, 246.9], [2289.4, 321.7]]}}, {"type": "Feature", "properties": {"name": "Ph\u1ea1m Ng\u0169 L\u00e3o", "highway": "secondary", "trusted": 0.0}, "geometry": {"type": "LineString", "coordinates": [[2429.9, 712.3], [2495.5, 893.2], [2504.6, 918.4]]}}, {"type": "Feature", "properties": {"name": "Nguy\u1ec5n C\u00f4ng Tr\u1ee9", "highway": "tertiary", "trusted": 1.0}, "geometry": {"type": "LineString", "coordinates": [[2383.3, 3885.7], [2357.5, 3857.6], [2346.3, 3844.0], [2285.8, 3769.5], [2193.0, 3661.0], [2173.9, 3639.1]]}}, {"type": "Feature", "properties": {"name": "Ph\u00f3 \u0110\u1ee9c Ch\u00ednh", "highway": "tertiary", "trusted": 1.0}, "geometry": {"type": "LineString", "coordinates": [[3525.2, 3686.4], [3504.5, 3698.7], [3415.2, 3751.9]]}}, {"type": "Feature", "properties": {"name": "Pasteur", "highway": "secondary", "trusted": 1.0}, "geometry": {"type": "LineString", "coordinates": [[3641.1, 4747.0], [3661.5, 4736.9], [3985.1, 4595.9], [4048.8, 4567.5]]}}, {"type": "Feature", "properties": {"name": "T\u00f4n Th\u1ea5t Thi\u1ec7p", "highway": "residential", "trusted": 1.0}, "geometry": {"type": "LineString", "coordinates": [[4479.8, 4877.9], [4440.4, 4718.7]]}}, {"type": "Feature", "properties": {"name": "Hu\u1ef3nh Th\u00fac Kh\u00e1ng", "highway": "residential", "trusted": 1.0}, "geometry": {"type": "LineString", "coordinates": [[4366.2, 4999.3], [4524.9, 5151.2], [4546.6, 5171.7]]}}, {"type": "Feature", "properties": {"name": "Nguy\u1ec5n Th\u00e1i B\u00ecnh", "highway": "residential", "trusted": 1.0}, "geometry": {"type": "LineString", "coordinates": [[3506.1, 4378.1], [3495.6, 4368.0], [3446.6, 4322.9], [3409.2, 4288.5]]}}, {"type": "Feature", "properties": {"name": "Ho\u00e0ng Sa", "highway": "tertiary", "trusted": 0.0}, "geometry": {"type": "LineString", "coordinates": [[11583.3, 890.1], [11574.8, 906.0], [11591.3, 1015.9], [11596.6, 1155.7]]}}, {"type": "Feature", "properties": {"name": "Ho\u00e0ng Sa", "highway": "tertiary", "trusted": 0.0}, "geometry": {"type": "LineString", "coordinates": [[11622.7, 1135.1], [11609.3, 1016.5], [11594.7, 902.2], [11583.3, 890.1]]}}, {"type": "Feature", "properties": {"name": "Tr\u01b0\u1eddng Sa", "highway": "tertiary", "trusted": 0.0}, "geometry": {"type": "LineString", "coordinates": [[11812.7, 1133.6], [11814.3, 1168.0], [11809.8, 1205.1], [11794.6, 1273.7], [11777.0, 1333.1], [11736.6, 1416.0], [11733.2, 1434.1]]}}, {"type": "Feature", "properties": {"name": "Tr\u01b0\u1eddng Sa", "highway": "tertiary", "trusted": 0.0}, "geometry": {"type": "LineString", "coordinates": [[11733.2, 1434.1], [11751.0, 1427.3], [11774.4, 1382.5], [11793.7, 1339.9], [11810.4, 1281.2], [11823.9, 1233.6], [11833.4, 1181.8]]}}, {"type": "Feature", "properties": {"name": "Tr\u01b0\u1eddng Sa", "highway": "tertiary", "trusted": 0.0}, "geometry": {"type": "LineString", "coordinates": [[11833.4, 1181.8], [11833.8, 1134.6], [11830.7, 1099.8], [11823.4, 1054.9]]}}, {"type": "Feature", "properties": {"name": "Tr\u01b0\u1eddng Sa", "highway": "tertiary", "trusted": 0.0}, "geometry": {"type": "LineString", "coordinates": [[11809.2, 1110.6], [11812.7, 1133.6]]}}, {"type": "Feature", "properties": {"name": "Ho\u00e0ng Sa", "highway": "tertiary", "trusted": 0.0}, "geometry": {"type": "LineString", "coordinates": [[11622.5, 1156.5], [11622.7, 1135.1]]}}, {"type": "Feature", "properties": {"name": "Ho\u00e0ng Sa", "highway": "tertiary", "trusted": 0.0}, "geometry": {"type": "LineString", "coordinates": [[11510.5, 1384.3], [11453.8, 1448.4], [11454.2, 1479.3]]}}, {"type": "Feature", "properties": {"name": "Tr\u01b0\u1eddng Sa", "highway": "tertiary", "trusted": 0.0}, "geometry": {"type": "LineString", "coordinates": [[11823.4, 1054.9], [11816.0, 990.9]]}}, {"type": "Feature", "properties": {"name": "H\u1ebbm 602 \u0110i\u1ec7n Bi\u00ean Ph\u1ee7", "highway": "service", "trusted": 0.0}, "geometry": {"type": "LineString", "coordinates": [[11425.4, 9123.5], [11440.6, 9150.5], [11450.8, 9169.8]]}}, {"type": "Feature", "properties": {"name": "L\u00ea Lai", "highway": "secondary", "trusted": 0.0}, "geometry": {"type": "LineString", "coordinates": [[3155.8, 1636.2], [3149.7, 1621.1], [3115.5, 1535.4], [3099.1, 1494.5], [3086.2, 1462.8], [3035.3, 1334.7], [2976.0, 1185.8], [2961.5, 1149.7], [2956.6, 1137.4], [2914.5, 1031.7], [2821.6, 798.5], [2809.9, 769.9], [2799.3, 743.2]]}}, {"type": "Feature", "properties": {"name": "H\u1ebbm 378 \u0110\u01b0\u1eddng Hai B\u00e0 Tr\u01b0ng", "highway": "service", "trusted": 0.0}, "geometry": {"type": "LineString", "coordinates": [[10077.1, 479.8], [10034.6, 448.7], [10007.1, 428.9]]}}, {"type": "Feature", "properties": {"name": "H\u1ebbm 362 Hai B\u00e0 Tr\u01b0ng", "highway": "service", "trusted": 0.0}, "geometry": {"type": "LineString", "coordinates": [[10168.3, 611.3], [10104.3, 598.8], [10061.7, 587.9], [10023.2, 566.9]]}}, {"type": "Feature", "properties": {"name": "L\u00ea V\u0103n Duy\u1ec7t", "highway": "primary", "trusted": 0.0}, "geometry": {"type": "LineString", "coordinates": [[11146.1, 2841.9], [11201.7, 2848.0], [11263.9, 2855.4], [11337.3, 2859.9], [11400.6, 2864.1], [11488.8, 2868.7], [11503.5, 2870.0], [11592.7, 2875.2], [11662.7, 2881.8]]}}, {"type": "Feature", "properties": {"name": "L\u00ea V\u0103n Duy\u1ec7t", "highway": "primary", "trusted": 0.0}, "geometry": {"type": "LineString", "coordinates": [[11666.5, 2845.0], [11490.4, 2833.4], [11300.8, 2820.8], [11261.7, 2817.5], [11202.5, 2812.3], [11149.1, 2807.8]]}}, {"type": "Feature", "properties": {"name": "V\u0169 Huy T\u1ea5n", "highway": "tertiary", "trusted": 0.0}, "geometry": {"type": "LineString", "coordinates": [[11666.5, 2845.0], [11662.7, 2881.8]]}}, {"type": "Feature", "properties": {"name": "L\u00ea V\u0103n Duy\u1ec7t", "highway": "primary", "trusted": 0.0}, "geometry": {"type": "LineString", "coordinates": [[12157.4, 2880.4], [12155.0, 2880.2], [11976.5, 2868.7], [11846.4, 2860.3], [11666.5, 2845.0]]}}, {"type": "Feature", "properties": {"name": "V\u0169 Huy T\u1ea5n", "highway": "tertiary", "trusted": 0.0}, "geometry": {"type": "LineString", "coordinates": [[11759.3, 1789.2], [11754.6, 1870.7]]}}, {"type": "Feature", "properties": {"name": "V\u0169 Huy T\u1ea5n", "highway": "tertiary", "trusted": 0.0}, "geometry": {"type": "LineString", "coordinates": [[11739.8, 2088.6], [11727.4, 2227.7]]}}, {"type": "Feature", "properties": {"name": "L\u00ea V\u0103n Duy\u1ec7t", "highway": "primary", "trusted": 0.0}, "geometry": {"type": "LineString", "coordinates": [[11662.7, 2881.8], [11748.4, 2891.6], [11844.6, 2896.9], [11845.4, 2896.9], [11975.0, 2907.7], [12030.2, 2911.4], [12131.3, 2918.3], [12152.1, 2919.8], [12156.7, 2920.2]]}}, {"type": "Feature", "properties": {"name": "H\u1ebbm 154 Tr\u1ea7n Quang Kh\u1ea3i", "highway": "service", "trusted": 0.0}, "geometry": {"type": "LineString", "coordinates": [[10414.5, 1120.9], [10423.5, 1119.4], [10582.0, 1091.5]]}}, {"type": "Feature", "properties": {"name": "Th\u1ea1ch Th\u1ecb Thanh", "highway": "residential", "trusted": 1.0}, "geometry": {"type": "LineString", "coordinates": [[10100.8, 1371.3], [10129.3, 1309.5], [10160.9, 1241.3]]}}, {"type": "Feature", "properties": {"name": "Nguy\u1ec5n H\u1eefu C\u1ea7u", "highway": "residential", "trusted": 1.0}, "geometry": {"type": "LineString", "coordinates": [[10417.4, 1338.6], [10387.9, 1340.1], [10368.2, 1339.2], [10168.5, 1244.9], [10160.9, 1241.3]]}}, {"type": "Feature", "properties": {"name": "Tr\u1ea7n Kh\u1eafc Ch\u00e2n", "highway": "residential", "trusted": 0.0}, "geometry": {"type": "LineString", "coordinates": [[11252.8, 1212.2], [11354.7, 1193.1]]}}, {"type": "Feature", "properties": {"name": "Nguy\u1ec5n Th\u1ecb Minh Khai", "highway": "primary", "trusted": 1.0}, "geometry": {"type": "LineString", "coordinates": [[9092.0, 4991.1], [9116.7, 5017.3], [9180.9, 5084.2]]}}, {"type": "Feature", "properties": {"name": "Nguy\u1ec5n Th\u1ecb Di\u1ec7u", "highway": "residential", "trusted": 1.0}, "geometry": {"type": "LineString", "coordinates": [[5670.7, 892.8], [5550.5, 783.0], [5297.6, 546.8]]}}, {"type": "Feature", "properties": {"name": "B\u00e0 Huy\u1ec7n Thanh Quan", "highway": "secondary", "trusted": 1.0}, "geometry": {"type": "LineString", "coordinates": [[5122.4, 726.0], [5006.6, 842.6], [4850.2, 1001.2], [4831.5, 1020.3]]}}, {"type": "Feature", "properties": {"name": "Ph\u1ea1m Ng\u1ecdc Th\u1ea1ch", "highway": "tertiary", "trusted": 1.0}, "geometry": {"type": "LineString", "coordinates": [[6791.3, 3370.3], [6824.4, 3335.3]]}}, {"type": "Feature", "properties": {"name": "V\u00f5 V\u0103n T\u1ea7n", "highway": "secondary", "trusted": 0.0}, "geometry": {"type": "LineString", "coordinates": [[6732.7, 2092.2], [6539.3, 1918.8], [6361.3, 1759.4]]}}, {"type": "Feature", "properties": {"name": "Tr\u1ea7n Nh\u1eadt Du\u1eadt", "highway": "residential", "trusted": 0.0}, "geometry": {"type": "LineString", "coordinates": [[11290.3, 688.7], [11538.8, 650.7]]}}, {"type": "Feature", "properties": {"name": "Tr\u1ea7n Nh\u1eadt Du\u1eadt", "highway": "residential", "trusted": 0.0}, "geometry": {"type": "LineString", "coordinates": [[10990.0, 741.8], [11170.8, 713.0]]}}, {"type": "Feature", "properties": {"name": "Tr\u1ea7n Qu\u00fd Kho\u00e1ch", "highway": "residential", "trusted": 0.0}, "geometry": {"type": "LineString", "coordinates": [[11028.3, 973.1], [10990.0, 741.8]]}}, {"type": "Feature", "properties": {"name": "Tr\u1ea7n Nh\u1eadt Du\u1eadt", "highway": "residential", "trusted": 0.0}, "geometry": {"type": "LineString", "coordinates": [[11170.8, 713.0], [11290.3, 688.7]]}}, {"type": "Feature", "properties": {"name": "\u0110inh Ti\u00ean Ho\u00e0ng", "highway": "primary", "trusted": 1.0}, "geometry": {"type": "LineString", "coordinates": [[10291.2, 2854.1], [10362.7, 2767.0]]}}, {"type": "Feature", "properties": {"name": "\u0110inh Ti\u00ean Ho\u00e0ng", "highway": "primary", "trusted": 1.0}, "geometry": {"type": "LineString", "coordinates": [[10159.7, 3004.8], [10291.2, 2854.1]]}}, {"type": "Feature", "properties": {"name": "H\u00e0m Nghi", "highway": "primary", "trusted": 0.0}, "geometry": {"type": "LineString", "coordinates": [[3477.3, 5437.2], [3473.4, 5515.7], [3452.0, 5897.0], [3448.7, 5970.4]]}}, {"type": "Feature", "properties": {"name": "H\u00e0m Nghi", "highway": "primary", "trusted": 0.5}, "geometry": {"type": "LineString", "coordinates": [[3553.3, 5409.7], [3555.4, 5373.5], [3592.2, 5157.6], [3594.9, 5074.0]]}}, {"type": "Feature", "properties": {"name": "H\u1ed3 T\u00f9ng M\u1eadu", "highway": "residential", "trusted": 0.0}, "geometry": {"type": "LineString", "coordinates": [[3647.1, 5367.5], [3629.6, 5365.7], [3598.9, 5381.0], [3584.4, 5398.5]]}}, {"type": "Feature", "properties": {"name": "H\u00e0m Nghi", "highway": "primary", "trusted": 0.67}, "geometry": {"type": "LineString", "coordinates": [[3584.4, 5398.5], [3586.2, 5366.3], [3587.7, 5341.9], [3623.3, 5158.7], [3628.7, 5058.8], [3631.3, 5017.9], [3637.0, 4828.1], [3637.2, 4818.8], [3641.1, 4747.0]]}}, {"type": "Feature", "properties": {"name": "Nguy\u1ec5n Th\u1ecb Minh Khai", "highway": "primary", "trusted": 1.0}, "geometry": {"type": "LineString", "coordinates": [[9194.0, 5069.6], [9129.6, 5002.7], [9104.4, 4976.3]]}}, {"type": "Feature", "properties": {"name": "T\u00f4n \u0110\u1ee9c Th\u1eafng", "highway": "primary", "trusted": 1.0}, "geometry": {"type": "LineString", "coordinates": [[8234.4, 5085.3], [8205.8, 5113.1], [8072.3, 5247.9]]}}, {"type": "Feature", "properties": {"name": "H\u1ebbm 72 Tr\u1ea7n Qu\u1ed1c To\u1ea3n", "highway": "residential", "trusted": 0.0}, "geometry": {"type": "LineString", "coordinates": [[8990.1, 321.6], [9032.6, 136.6]]}}, {"type": "Feature", "properties": {"name": "L\u00ea Th\u00e1nh T\u00f4n", "highway": "tertiary", "trusted": 0.25}, "geometry": {"type": "LineString", "coordinates": [[4638.0, 3644.9], [4616.6, 3624.1], [4522.7, 3565.6], [4485.8, 3510.5], [4456.2, 3466.2], [4438.2, 3438.6], [4429.2, 3425.9], [4405.9, 3390.0]]}}, {"type": "Feature", "properties": {"name": "Phan B\u1ed9i Ch\u00e2u", "highway": "residential", "trusted": 0.5}, "geometry": {"type": "LineString", "coordinates": [[4191.8, 3515.3], [4028.4, 3586.9]]}}, {"type": "Feature", "properties": {"name": "Hai B\u00e0 Tr\u01b0ng", "highway": "primary", "trusted": 0.0}, "geometry": {"type": "LineString", "coordinates": [[10208.8, 189.8], [10187.8, 202.2], [10171.1, 216.3], [10136.4, 255.5], [10131.8, 285.7]]}}, {"type": "Feature", "properties": {"name": "Tr\u1ea7n Quang Kh\u1ea3i", "highway": "tertiary", "trusted": 0.0}, "geometry": {"type": "LineString", "coordinates": [[10274.9, 244.6], [10268.4, 212.9], [10253.1, 201.1]]}}, {"type": "Feature", "properties": {"name": "\u0110\u1eb7ng Dung", "highway": "residential", "trusted": 0.17}, "geometry": {"type": "LineString", "coordinates": [[10699.9, 1251.9], [10716.8, 1134.5], [10700.3, 1043.0], [10697.8, 1029.3], [10661.0, 818.7], [10656.5, 792.5]]}}, {"type": "Feature", "properties": {"name": "Tr\u1ea7n Nh\u1eadt Du\u1eadt", "highway": "residential", "trusted": 0.0}, "geometry": {"type": "LineString", "coordinates": [[10371.4, 831.9], [10451.0, 824.9], [10656.5, 792.5]]}}, {"type": "Feature", "properties": {"name": "Tr\u1ea7n Kh\u1eafc Ch\u00e2n", "highway": "residential", "trusted": 1.0}, "geometry": {"type": "LineString", "coordinates": [[10417.4, 1338.6], [10450.8, 1312.0], [10464.0, 1308.5], [10533.6, 1291.6], [10699.9, 1251.9]]}}, {"type": "Feature", "properties": {"name": "Nguy\u1ec5n Huy T\u1ef1", "highway": "tertiary", "trusted": 0.67}, "geometry": {"type": "LineString", "coordinates": [[10659.3, 3239.7], [10620.7, 3047.4], [10624.3, 2992.1]]}}, {"type": "Feature", "properties": {"name": "L\u00ea Du\u1ea9n", "highway": "secondary", "trusted": 1.0}, "geometry": {"type": "LineString", "coordinates": [[8047.7, 4930.9], [8119.2, 4990.6], [8156.5, 5021.5], [8196.6, 5054.7], [8208.8, 5064.8], [8234.4, 5085.3]]}}, {"type": "Feature", "properties": {"name": null, "highway": "service", "trusted": 1.0}, "geometry": {"type": "LineString", "coordinates": [[7771.8, 5207.6], [7885.7, 5092.9]]}}, {"type": "Feature", "properties": {"name": "Nguy\u1ec5n Du", "highway": "tertiary", "trusted": 1.0}, "geometry": {"type": "LineString", "coordinates": [[8072.3, 5247.9], [7956.1, 5152.3], [7885.7, 5092.9]]}}, {"type": "Feature", "properties": {"name": "Ng\u00f4 V\u0103n N\u0103m", "highway": "residential", "trusted": 1.0}, "geometry": {"type": "LineString", "coordinates": [[6693.8, 6261.1], [6561.8, 6494.3]]}}, {"type": "Feature", "properties": {"name": "Ng\u00f4 V\u0103n N\u0103m", "highway": "residential", "trusted": 1.0}, "geometry": {"type": "LineString", "coordinates": [[6982.9, 5946.5], [6880.2, 6065.4], [6870.0, 6089.3]]}}, {"type": "Feature", "properties": {"name": "Tr\u1ea7n Nguy\u00ean \u0110\u00e1n", "highway": "tertiary", "trusted": 0.0}, "geometry": {"type": "LineString", "coordinates": [[10846.5, 2034.2], [10865.5, 2043.3], [11012.1, 2015.2]]}}, {"type": "Feature", "properties": {"name": "Tr\u1ea7n Nguy\u00ean \u0110\u00e1n", "highway": "tertiary", "trusted": 0.0}, "geometry": {"type": "LineString", "coordinates": [[11759.3, 1789.2], [11856.9, 1732.8], [11866.0, 1716.3]]}}, {"type": "Feature", "properties": {"name": "V\u0169 Huy T\u1ea5n", "highway": "tertiary", "trusted": 0.0}, "geometry": {"type": "LineString", "coordinates": [[11760.2, 1761.4], [11759.3, 1789.2]]}}, {"type": "Feature", "properties": {"name": "C\u1ea7u Ho\u00e0ng Hoa Th\u00e1m", "highway": "tertiary", "trusted": 0.0}, "geometry": {"type": "LineString", "coordinates": [[11725.8, 1784.2], [11637.2, 1829.6], [11612.5, 1837.7], [11518.1, 1868.8], [11420.5, 1892.2], [11020.0, 1991.5]]}}, {"type": "Feature", "properties": {"name": "Tr\u1ea7n Nguy\u00ean \u0110\u00e1n", "highway": "tertiary", "trusted": 0.0}, "geometry": {"type": "LineString", "coordinates": [[11866.0, 1716.3], [11849.1, 1711.8], [11760.2, 1761.4]]}}, {"type": "Feature", "properties": {"name": "Tr\u1ea7n Nguy\u00ean \u0110\u00e1n", "highway": "tertiary", "trusted": 0.0}, "geometry": {"type": "LineString", "coordinates": [[11005.5, 1995.1], [10862.7, 2019.3], [10846.5, 2034.2]]}}, {"type": "Feature", "properties": {"name": "V\u0169 Huy T\u1ea5n", "highway": "tertiary", "trusted": 0.0}, "geometry": {"type": "LineString", "coordinates": [[11710.0, 1460.4], [11775.4, 1531.4]]}}, {"type": "Feature", "properties": {"name": "V\u0169 Huy T\u1ea5n", "highway": "tertiary", "trusted": 0.0}, "geometry": {"type": "LineString", "coordinates": [[11775.4, 1531.4], [11760.2, 1761.4]]}}, {"type": "Feature", "properties": {"name": null, "highway": "residential", "trusted": 0.0}, "geometry": {"type": "LineString", "coordinates": [[11618.0, 2220.4], [11562.1, 2217.9]]}}, {"type": "Feature", "properties": {"name": "Nguy\u1ec5n T\u1ea5t Th\u00e0nh", "highway": "primary", "trusted": 1.0}, "geometry": {"type": "LineString", "coordinates": [[1619.9, 6364.3], [1572.3, 6384.8], [1549.2, 6394.7], [1499.4, 6416.1]]}}, {"type": "Feature", "properties": {"name": "H\u1ebbm 237/42 Ho\u00e0ng Di\u1ec7u", "highway": "service", "trusted": 0.33}, "geometry": {"type": "LineString", "coordinates": [[463.7, 4785.2], [506.6, 4821.7], [606.3, 4925.1]]}}, {"type": "Feature", "properties": {"name": null, "highway": "service", "trusted": 0.0}, "geometry": {"type": "LineString", "coordinates": [[413.9, 4843.4], [461.6, 4887.4]]}}, {"type": "Feature", "properties": {"name": null, "highway": "service", "trusted": 0.0}, "geometry": {"type": "LineString", "coordinates": [[296.2, 4967.2], [481.9, 5204.1]]}}, {"type": "Feature", "properties": {"name": null, "highway": "service", "trusted": 0.0}, "geometry": {"type": "LineString", "coordinates": [[237.5, 5048.0], [399.9, 5261.8], [498.4, 5407.1]]}}, {"type": "Feature", "properties": {"name": "Ng\u00f4 Th\u1eddi Nhi\u1ec7m", "highway": "tertiary", "trusted": 0.0}, "geometry": {"type": "LineString", "coordinates": [[6252.4, 299.5], [6239.7, 286.6], [6226.3, 273.0], [6046.6, 90.5]]}}, {"type": "Feature", "properties": {"name": "L\u00ea Du\u1ea9n", "highway": "primary", "trusted": 1.0}, "geometry": {"type": "LineString", "coordinates": [[8889.4, 5599.1], [8875.8, 5571.3], [8855.2, 5552.4], [8604.5, 5345.3], [8452.5, 5224.3]]}}, {"type": "Feature", "properties": {"name": null, "highway": "service", "trusted": 0.0}, "geometry": {"type": "LineString", "coordinates": [[7832.9, 1797.3], [7705.6, 1668.2]]}}, {"type": "Feature", "properties": {"name": "C\u00e1ch M\u1ea1ng Th\u00e1ng T\u00e1m", "highway": "primary", "trusted": 1.0}, "geometry": {"type": "LineString", "coordinates": [[4395.6, 718.4], [4292.9, 905.5]]}}, {"type": "Feature", "properties": {"name": null, "highway": "service", "trusted": 1.0}, "geometry": {"type": "LineString", "coordinates": [[9692.3, 5508.1], [9699.9, 5499.5], [9721.5, 5474.7], [9752.4, 5438.6]]}}, {"type": "Feature", "properties": {"name": null, "highway": "service", "trusted": 1.0}, "geometry": {"type": "LineString", "coordinates": [[9721.5, 5474.7], [9830.5, 5562.4]]}}, {"type": "Feature", "properties": {"name": null, "highway": "service", "trusted": 1.0}, "geometry": {"type": "LineString", "coordinates": [[9801.9, 5595.4], [9809.4, 5586.9], [9830.5, 5562.4], [9860.9, 5525.9], [9956.3, 5406.9]]}}, {"type": "Feature", "properties": {"name": null, "highway": "service", "trusted": 1.0}, "geometry": {"type": "LineString", "coordinates": [[9930.9, 5134.9], [9948.9, 5112.6], [10025.2, 5018.4], [9969.1, 4968.6], [9912.6, 4917.9], [9833.5, 5013.8], [9814.8, 5036.5]]}}, {"type": "Feature", "properties": {"name": null, "highway": "service", "trusted": 1.0}, "geometry": {"type": "LineString", "coordinates": [[9948.9, 5112.6], [9833.5, 5013.8]]}}, {"type": "Feature", "properties": {"name": "H\u1ebbm 119 \u0110\u01b0\u1eddng Yersin", "highway": "service", "trusted": 0.0}, "geometry": {"type": "LineString", "coordinates": [[3136.8, 2794.3], [3093.6, 2701.6], [3089.7, 2698.1], [3085.6, 2695.1], [3070.5, 2656.0]]}}, {"type": "Feature", "properties": {"name": null, "highway": "residential", "trusted": 1.0}, "geometry": {"type": "LineString", "coordinates": [[9290.0, 3709.4], [9353.2, 3764.3]]}}, {"type": "Feature", "properties": {"name": "L\u00ea Du\u1ea9n", "highway": "secondary", "trusted": 1.0}, "geometry": {"type": "LineString", "coordinates": [[7061.3, 3853.9], [6936.8, 3753.4], [6843.5, 3685.8], [6800.1, 3655.3], [6684.4, 3574.2], [6670.9, 3564.8], [6640.1, 3561.3]]}}, {"type": "Feature", "properties": {"name": null, "highway": "service", "trusted": 1.0}, "geometry": {"type": "LineString", "coordinates": [[6800.1, 3655.3], [6955.9, 3479.3], [6983.1, 3449.1]]}}, {"type": "Feature", "properties": {"name": "L\u00ea Du\u1ea9n", "highway": "secondary", "trusted": 1.0}, "geometry": {"type": "LineString", "coordinates": [[8255.9, 5064.0], [8230.5, 5042.2], [7618.1, 4506.1], [7584.5, 4470.6], [7564.8, 4449.0]]}}, {"type": "Feature", "properties": {"name": "L\u00ea Du\u1ea9n", "highway": "secondary", "trusted": 1.0}, "geometry": {"type": "LineString", "coordinates": [[7564.8, 4449.0], [7453.7, 4316.3], [7437.3, 4294.8], [7343.3, 4169.5], [7327.3, 4143.4], [7224.4, 4018.9], [7093.6, 3884.0], [7061.3, 3853.9]]}}, {"type": "Feature", "properties": {"name": "H\u1ebbm 18 Ng\u00f4 Th\u1eddi Nhi\u1ec7m", "highway": "service", "trusted": 0.0}, "geometry": {"type": "LineString", "coordinates": [[6606.9, 422.7], [6533.7, 341.8]]}}, {"type": "Feature", "properties": {"name": "H\u1ebbm 18 Ng\u00f4 Th\u1eddi Nhi\u1ec7m", "highway": "service", "trusted": 0.0}, "geometry": {"type": "LineString", "coordinates": [[6492.3, 543.4], [6530.0, 504.9], [6606.9, 422.7]]}}, {"type": "Feature", "properties": {"name": "H\u1ed3 T\u00f9ng M\u1eadu", "highway": "residential", "trusted": 0.0}, "geometry": {"type": "LineString", "coordinates": [[3477.3, 5437.2], [3446.6, 5452.1], [3380.9, 5484.0]]}}, {"type": "Feature", "properties": {"name": "Nguy\u1ec5n C\u00f4ng Tr\u1ee9", "highway": "tertiary", "trusted": 0.0}, "geometry": {"type": "LineString", "coordinates": [[3380.9, 5484.0], [3371.5, 5462.7], [3270.9, 5231.5], [3258.6, 5203.5]]}}, {"type": "Feature", "properties": {"name": "T\u00f4n Th\u1ea5t \u0110\u1ea1m", "highway": "residential", "trusted": 0.5}, "geometry": {"type": "LineString", "coordinates": [[3258.6, 5203.5], [3282.3, 5194.6], [3485.8, 5120.9], [3519.3, 5106.9]]}}, {"type": "Feature", "properties": {"name": "H\u1ebbm 136 \u0110\u01b0\u1eddng L\u00ea Th\u00e1nh T\u00f4n", "highway": "service", "trusted": 0.0}, "geometry": {"type": "LineString", "coordinates": [[4532.2, 3378.4], [4438.2, 3438.6]]}}, {"type": "Feature", "properties": {"name": "Nguy\u1ec5n \u0110\u00ecnh Chi\u1ec3u", "highway": "secondary", "trusted": 0.0}, "geometry": {"type": "LineString", "coordinates": [[7039.1, 1773.6], [6678.2, 1428.5]]}}, {"type": "Feature", "properties": {"name": "L\u00ea Qu\u00fd \u0110\u00f4n", "highway": "tertiary", "trusted": 0.0}, "geometry": {"type": "LineString", "coordinates": [[6361.3, 1759.4], [6678.2, 1428.5]]}}, {"type": "Feature", "properties": {"name": "H\u1ebbm 175 C\u00f4 Giang", "highway": "service", "trusted": 0.17}, "geometry": {"type": "LineString", "coordinates": [[539.6, 1946.3], [570.9, 1994.4], [566.4, 2003.0], [597.1, 2057.4], [653.8, 2126.5], [559.5, 2083.7]]}}, {"type": "Feature", "properties": {"name": "H\u1ebbm 161 \u0110\u01b0\u1eddng C\u00f4 Giang", "highway": "service", "trusted": 0.0}, "geometry": {"type": "LineString", "coordinates": [[559.5, 2083.7], [538.7, 2055.4]]}}, {"type": "Feature", "properties": {"name": "H\u1ebbm 161 \u0110\u01b0\u1eddng C\u00f4 Giang", "highway": "service", "trusted": 0.67}, "geometry": {"type": "LineString", "coordinates": [[653.8, 2126.5], [686.3, 2165.4], [763.1, 1983.0]]}}, {"type": "Feature", "properties": {"name": "H\u1ebbm 8 H\u1ed3 H\u1ea3o H\u1edbn", "highway": "service", "trusted": 0.0}, "geometry": {"type": "LineString", "coordinates": [[230.7, 1885.6], [165.5, 1945.3], [90.7, 1879.5]]}}, {"type": "Feature", "properties": {"name": "H\u1ebbm 187/5 C\u00f4 Giang", "highway": "service", "trusted": 0.0}, "geometry": {"type": "LineString", "coordinates": [[445.9, 1835.5], [485.9, 1877.3], [566.9, 1925.3]]}}, {"type": "Feature", "properties": {"name": "L\u00ea Du\u1ea9n", "highway": "primary", "trusted": 1.0}, "geometry": {"type": "LineString", "coordinates": [[8234.4, 5085.3], [8269.8, 5113.8]]}}, {"type": "Feature", "properties": {"name": "Nguy\u1ec5n Th\u1ecb Minh Khai", "highway": "primary", "trusted": 1.0}, "geometry": {"type": "LineString", "coordinates": [[9334.7, 5210.4], [9194.0, 5069.6]]}}, {"type": "Feature", "properties": {"name": "Nguy\u1ec5n Th\u1ecb Minh Khai", "highway": "primary", "trusted": 1.0}, "geometry": {"type": "LineString", "coordinates": [[9180.9, 5084.2], [9202.6, 5106.5], [9290.4, 5194.1], [9322.6, 5224.5]]}}, {"type": "Feature", "properties": {"name": null, "highway": "service", "trusted": 0.0}, "geometry": {"type": "LineString", "coordinates": [[10427.6, 190.0], [10413.3, 157.9]]}}, {"type": "Feature", "properties": {"name": "Nguy\u1ec5n H\u1eefu C\u1ea7u", "highway": "residential", "trusted": 0.67}, "geometry": {"type": "LineString", "coordinates": [[10160.9, 1241.3], [10079.2, 1186.6], [10046.9, 1153.3]]}}, {"type": "Feature", "properties": {"name": "H\u1ebbm 87 Nguy\u1ec5n H\u1eefu C\u1ea7u", "highway": "residential", "trusted": 1.0}, "geometry": {"type": "LineString", "coordinates": [[9745.0, 1301.0], [9704.7, 1355.9]]}}, {"type": "Feature", "properties": {"name": "Nguy\u1ec5n H\u1eefu C\u1ea7u", "highway": "residential", "trusted": 0.0}, "geometry": {"type": "LineString", "coordinates": [[10046.9, 1153.3], [9980.0, 1112.6]]}}, {"type": "Feature", "properties": {"name": "Ng\u00e3 n\u0103m C\u1ed1ng Qu\u1ef3nh", "highway": "secondary", "trusted": 0.0}, "geometry": {"type": "LineString", "coordinates": [[2221.1, 188.4], [2215.3, 195.5], [2212.2, 204.2], [2211.9, 213.4], [2214.7, 222.1], [2220.2, 229.6], [2227.7, 234.8]]}}, {"type": "Feature", "properties": {"name": "Ng\u00e3 n\u0103m C\u1ed1ng Qu\u1ef3nh", "highway": "secondary", "trusted": 0.0}, "geometry": {"type": "LineString", "coordinates": [[2253.6, 233.9], [2258.9, 230.0], [2263.1, 225.0], [2266.0, 219.1], [2267.5, 212.8], [2267.4, 206.2]]}}, {"type": "Feature", "properties": {"name": "\u0110\u01b0\u1eddng Nguy\u1ec5n Th\u00e0nh \u00dd", "highway": "residential", "trusted": 1.0}, "geometry": {"type": "LineString", "coordinates": [[9796.8, 3457.2], [9789.3, 3451.1], [9630.2, 3320.3]]}}, {"type": "Feature", "properties": {"name": null, "highway": "service", "trusted": 0.0}, "geometry": {"type": "LineString", "coordinates": [[2457.0, 1326.4], [2400.2, 1360.5]]}}, {"type": "Feature", "properties": {"name": "\u0110\u01b0\u1eddng Nguy\u1ec5n Th\u00e0nh \u00dd", "highway": "residential", "trusted": 1.0}, "geometry": {"type": "LineString", "coordinates": [[9630.2, 3320.3], [9598.2, 3295.2], [9515.2, 3224.6]]}}, {"type": "Feature", "properties": {"name": "Pasteur", "highway": "secondary", "trusted": 1.0}, "geometry": {"type": "LineString", "coordinates": [[4048.8, 4567.5], [4082.6, 4549.9], [4179.4, 4504.2], [4230.5, 4480.3], [4370.1, 4420.1]]}}, {"type": "Feature", "properties": {"name": "Hu\u1ef3nh Th\u00fac Kh\u00e1ng", "highway": "residential", "trusted": 1.0}, "geometry": {"type": "LineString", "coordinates": [[4048.8, 4567.5], [4073.0, 4599.1], [4227.1, 4805.1], [4366.2, 4999.3]]}}, {"type": "Feature", "properties": {"name": null, "highway": "residential", "trusted": 1.0}, "geometry": {"type": "LineString", "coordinates": [[2371.4, 6039.2], [2384.7, 6070.0]]}}, {"type": "Feature", "properties": {"name": "T\u00f4n \u0110\u1ea3n", "highway": "tertiary", "trusted": 0.0}, "geometry": {"type": "LineString", "coordinates": [[158.5, 6256.7], [191.0, 6271.0], [204.9, 6277.1], [227.4, 6287.0], [321.0, 6328.1]]}}, {"type": "Feature", "properties": {"name": "T\u00f4n \u0110\u1ea3n", "highway": "tertiary", "trusted": 0.0}, "geometry": {"type": "LineString", "coordinates": [[321.0, 6328.1], [341.9, 6337.7]]}}, {"type": "Feature", "properties": {"name": "\u0110o\u00e0n V\u0103n B\u01a1", "highway": "tertiary", "trusted": 0.0}, "geometry": {"type": "LineString", "coordinates": [[207.5, 6533.8], [150.1, 6646.2], [116.2, 6710.3], [101.4, 6739.0]]}}, {"type": "Feature", "properties": {"name": "\u0110inh Ti\u00ean Ho\u00e0ng", "highway": "primary", "trusted": 1.0}, "geometry": {"type": "LineString", "coordinates": [[9336.2, 3970.3], [9508.2, 3794.6], [9579.9, 3714.6], [9648.7, 3637.8]]}}, {"type": "Feature", "properties": {"name": "Nguy\u1ec5n \u0110\u00ecnh Chi\u1ec3u", "highway": "secondary", "trusted": 1.0}, "geometry": {"type": "LineString", "coordinates": [[9336.2, 3970.3], [9316.7, 3953.2], [9173.0, 3828.8]]}}, {"type": "Feature", "properties": {"name": "M\u1ea1c \u0110\u0129nh Chi", "highway": "tertiary", "trusted": 1.0}, "geometry": {"type": "LineString", "coordinates": [[7549.0, 4466.1], [7535.8, 4480.1], [7527.2, 4489.3], [7501.1, 4517.1], [7408.7, 4614.4], [7392.7, 4631.3]]}}, {"type": "Feature", "properties": {"name": "L\u00ea Du\u1ea9n", "highway": "secondary", "trusted": 1.0}, "geometry": {"type": "LineString", "coordinates": [[7549.0, 4466.1], [7568.3, 4487.5], [7720.7, 4642.5], [7808.5, 4723.8], [7838.0, 4750.1], [8035.6, 4920.6], [8047.7, 4930.9]]}}, {"type": "Feature", "properties": {"name": "M\u1ea1c \u0110\u0129nh Chi", "highway": "tertiary", "trusted": 1.0}, "geometry": {"type": "LineString", "coordinates": [[7564.8, 4449.0], [7549.0, 4466.1]]}}, {"type": "Feature", "properties": {"name": "L\u00ea Th\u00e1nh T\u00f4n", "highway": "tertiary", "trusted": 0.0}, "geometry": {"type": "LineString", "coordinates": [[4405.9, 3390.0], [4389.4, 3363.8], [4332.4, 3270.9], [4314.2, 3242.3]]}}, {"type": "Feature", "properties": {"name": "Ph\u00f3 \u0110\u1ee9c Ch\u00ednh", "highway": "tertiary", "trusted": 1.0}, "geometry": {"type": "LineString", "coordinates": [[3415.2, 3751.9], [3389.9, 3767.0], [3297.7, 3821.9], [3287.6, 3827.9], [3110.5, 3933.0], [3080.7, 3950.5]]}}, {"type": "Feature", "properties": {"name": "Nguy\u1ec5n Th\u00e1i B\u00ecnh", "highway": "residential", "trusted": 1.0}, "geometry": {"type": "LineString", "coordinates": [[3409.2, 4288.5], [3320.0, 4196.7], [3111.0, 3981.9], [3080.7, 3950.5]]}}, {"type": "Feature", "properties": {"name": "Nguy\u1ec5n Th\u1ecb Di\u1ec7u", "highway": "residential", "trusted": 1.0}, "geometry": {"type": "LineString", "coordinates": [[5297.6, 546.8], [4862.7, 137.0]]}}, {"type": "Feature", "properties": {"name": "Nguy\u1ec5n Tr\u00e3i", "highway": "secondary", "trusted": 0.0}, "geometry": {"type": "LineString", "coordinates": [[2462.1, 283.4], [2376.7, 248.5], [2362.5, 243.7], [2267.4, 206.2]]}}, {"type": "Feature", "properties": {"name": "L\u00ea Lai", "highway": "secondary", "trusted": 0.0}, "geometry": {"type": "LineString", "coordinates": [[2799.3, 743.2], [2789.6, 720.1], [2737.1, 593.5], [2730.9, 582.2], [2703.9, 515.4]]}}, {"type": "Feature", "properties": {"name": "Tr\u1ea7n Kh\u00e1nh D\u01b0", "highway": "residential", "trusted": 0.0}, "geometry": {"type": "LineString", "coordinates": [[11119.9, 372.6], [11170.8, 713.0]]}}, {"type": "Feature", "properties": {"name": "H\u1ebbm 53/1 Tr\u1ea7n Kh\u00e1nh D\u01b0", "highway": "residential", "trusted": 0.0}, "geometry": {"type": "LineString", "coordinates": [[11583.3, 890.1], [11493.6, 909.4], [11430.1, 920.5], [11370.8, 928.7], [11314.4, 935.9], [11209.0, 950.3]]}}, {"type": "Feature", "properties": {"name": "C\u00f4ng tr\u01b0\u1eddng Qu\u00e1ch Th\u1ecb Trang", "highway": "primary", "trusted": 1.0}, "geometry": {"type": "LineString", "coordinates": [[3751.9, 3461.3], [3770.9, 3427.5], [3785.2, 3402.1], [3795.5, 3383.4], [3804.3, 3364.1], [3832.2, 3288.3]]}}, {"type": "Feature", "properties": {"name": "Phan Chu Trinh", "highway": "residential", "trusted": 1.0}, "geometry": {"type": "LineString", "coordinates": [[3832.2, 3288.3], [3860.9, 3269.2], [4002.1, 3185.9]]}}, {"type": "Feature", "properties": {"name": "Nguy\u1ec5n V\u0103n L\u1ea1c", "highway": "tertiary", "trusted": 0.0}, "geometry": {"type": "LineString", "coordinates": [[10474.9, 6941.4], [10572.1, 6981.4], [10682.5, 7024.7], [10871.1, 7086.5]]}}, {"type": "Feature", "properties": {"name": "Nguy\u1ec5n V\u0103n L\u1ea1c", "highway": "tertiary", "trusted": 0.0}, "geometry": {"type": "LineString", "coordinates": [[10427.0, 6921.7], [10474.9, 6941.4]]}}, {"type": "Feature", "properties": {"name": "Hu\u1ef3nh M\u1eabn \u0110\u1ea1t", "highway": "residential", "trusted": 1.0}, "geometry": {"type": "LineString", "coordinates": [[9508.1, 6817.0], [9619.8, 6842.2], [9806.6, 6861.0]]}}, {"type": "Feature", "properties": {"name": "Nguy\u1ec5n C\u00f4ng Tr\u1ee9", "highway": "residential", "trusted": 0.88}, "geometry": {"type": "LineString", "coordinates": [[10293.4, 7284.7], [10151.5, 7256.4], [10138.1, 7256.0], [10109.8, 7255.0], [10087.9, 7254.7], [10002.9, 7255.9], [9886.4, 7257.4], [9782.3, 7255.5]]}}, {"type": "Feature", "properties": {"name": "Hu\u1ef3nh T\u1ecbnh C\u1ee7a", "highway": "residential", "trusted": 0.0}, "geometry": {"type": "LineString", "coordinates": [[10264.7, 7474.7], [10287.6, 7323.2], [10293.4, 7284.7]]}}, {"type": "Feature", "properties": {"name": null, "highway": "service", "trusted": 0.0}, "geometry": {"type": "LineString", "coordinates": [[1467.6, 1800.4], [1447.7, 1778.5]]}}, {"type": "Feature", "properties": {"name": "Nguy\u1ec5n Du", "highway": "tertiary", "trusted": 1.0}, "geometry": {"type": "LineString", "coordinates": [[8072.3, 5247.9], [8105.1, 5275.3]]}}, {"type": "Feature", "properties": {"name": "H\u1ebbm 69 \u0110\u1ec1 Th\u00e1m", "highway": "service", "trusted": 1.0}, "geometry": {"type": "LineString", "coordinates": [[1353.4, 2441.3], [1409.0, 2532.6]]}}, {"type": "Feature", "properties": {"name": "H\u1ebbm 37/13 Ng\u00f4 T\u1ea5t T\u1ed1", "highway": "service", "trusted": 0.0}, "geometry": {"type": "LineString", "coordinates": [[11334.7, 7570.2], [11339.1, 7556.5]]}}, {"type": "Feature", "properties": {"name": "H\u1ebbm 37 Ng\u00f4 T\u1ea5t T\u1ed1", "highway": "service", "trusted": 0.0}, "geometry": {"type": "LineString", "coordinates": [[11233.9, 7552.0], [11160.1, 7519.0]]}}, {"type": "Feature", "properties": {"name": "H\u1ebbm 40 Ph\u1ea1m Ng\u1ecdc Th\u1ea1ch", "highway": "service", "trusted": 0.0}, "geometry": {"type": "LineString", "coordinates": [[8154.7, 1960.8], [8175.3, 1980.0], [8290.5, 2088.4]]}}, {"type": "Feature", "properties": {"name": "H\u1ebbm 37 X\u00f4 Vi\u1ebft Ngh\u1ec7 T\u0129nh", "highway": "service", "trusted": 0.0}, "geometry": {"type": "LineString", "coordinates": [[10802.3, 6567.0], [10848.3, 6518.9], [10855.8, 6516.5], [10900.1, 6474.8]]}}, {"type": "Feature", "properties": {"name": "Tr\u1ea7n Quang Kh\u1ea3i", "highway": "tertiary", "trusted": 1.0}, "geometry": {"type": "LineString", "coordinates": [[10621.1, 2702.0], [10623.2, 2716.8], [10626.0, 2731.3]]}}, {"type": "Feature", "properties": {"name": "Tr\u1ea7n Quang Kh\u1ea3i", "highway": "tertiary", "trusted": 1.0}, "geometry": {"type": "LineString", "coordinates": [[10603.7, 2591.4], [10598.8, 2613.9], [10611.9, 2688.3], [10621.1, 2702.0]]}}, {"type": "Feature", "properties": {"name": null, "highway": "service", "trusted": 0.0}, "geometry": {"type": "LineString", "coordinates": [[8695.9, 887.3], [8734.2, 920.5], [8669.6, 1025.2]]}}, {"type": "Feature", "properties": {"name": "H\u1ebbm 7 \u0110\u1eb7ng Dung", "highway": "service", "trusted": 0.0}, "geometry": {"type": "LineString", "coordinates": [[10716.8, 1134.5], [10706.1, 1136.3], [10695.5, 1138.2], [10589.1, 1156.6]]}}, {"type": "Feature", "properties": {"name": null, "highway": "service", "trusted": 0.0}, "geometry": {"type": "LineString", "coordinates": [[11998.6, 6649.7], [12026.0, 6612.1], [12032.9, 6600.0], [12026.8, 6587.3]]}}, {"type": "Feature", "properties": {"name": "V\u00f5 V\u0103n Ki\u1ec7t", "highway": "primary", "trusted": 1.0}, "geometry": {"type": "LineString", "coordinates": [[1284.5, 3241.0], [1146.0, 3139.2], [1090.4, 3103.9], [985.1, 3019.1], [855.8, 2918.9]]}}, {"type": "Feature", "properties": {"name": "H\u1ebbm 44 Nam K\u1ef3 Kh\u1edfi Ngh\u0129a", "highway": "service", "trusted": 1.0}, "geometry": {"type": "LineString", "coordinates": [[3147.4, 4536.0], [3167.5, 4582.3], [3199.1, 4655.0]]}}, {"type": "Feature", "properties": {"name": "\u0110\u01b0\u1eddng V\u1ea1n Ki\u1ebfp", "highway": "tertiary", "trusted": 0.0}, "geometry": {"type": "LineString", "coordinates": [[12169.4, 2099.0], [12135.8, 2097.5]]}}, {"type": "Feature", "properties": {"name": "\u0110\u01b0\u1eddng S\u1ed1 14", "highway": "residential", "trusted": 0.0}, "geometry": {"type": "LineString", "coordinates": [[12172.5, 1899.9], [12148.8, 1898.4]]}}, {"type": "Feature", "properties": {"name": "Phan X\u00edch Long", "highway": "tertiary", "trusted": 0.0}, "geometry": {"type": "LineString", "coordinates": [[12148.8, 1898.4], [12135.8, 2097.5]]}}, {"type": "Feature", "properties": {"name": "\u0110\u01b0\u1eddng S\u1ed1 16", "highway": "residential", "trusted": 0.0}, "geometry": {"type": "LineString", "coordinates": [[11987.4, 2250.4], [12000.8, 2102.7]]}}, {"type": "Feature", "properties": {"name": "\u0110\u01b0\u1eddng V\u1ea1n Ki\u1ebfp", "highway": "tertiary", "trusted": 0.0}, "geometry": {"type": "LineString", "coordinates": [[12135.8, 2097.5], [12102.3, 2097.9], [12045.4, 2106.2], [12000.8, 2102.7]]}}, {"type": "Feature", "properties": {"name": "H\u1ebbm 117 Nguy\u1ec5n H\u1eefu C\u1ea3nh", "highway": "service", "trusted": 0.0}, "geometry": {"type": "LineString", "coordinates": [[11114.1, 9164.6], [11189.2, 9109.5], [11318.9, 9017.7]]}}, {"type": "Feature", "properties": {"name": "H\u1ebbm 89 Nguy\u1ec5n Tr\u00e3i", "highway": "service", "trusted": 0.0}, "geometry": {"type": "LineString", "coordinates": [[3212.4, 1275.2], [3199.9, 1257.7]]}}, {"type": "Feature", "properties": {"name": "H\u1ebbm 95 Nguy\u1ec5n Tr\u00e3i", "highway": "service", "trusted": 0.0}, "geometry": {"type": "LineString", "coordinates": [[3199.9, 1257.7], [3192.7, 1255.3], [3181.7, 1246.9]]}}, {"type": "Feature", "properties": {"name": null, "highway": "service", "trusted": 0.0}, "geometry": {"type": "LineString", "coordinates": [[494.3, 5741.7], [472.2, 5771.5], [462.7, 5781.1], [453.6, 5783.2], [443.0, 5776.4], [439.6, 5773.9], [436.6, 5771.7], [427.1, 5765.1], [407.4, 5757.8]]}}, {"type": "Feature", "properties": {"name": "H\u1ebbm 137 B\u1ebfn V\u00e2n \u0110\u1ed3n", "highway": "service", "trusted": 1.0}, "geometry": {"type": "LineString", "coordinates": [[1015.2, 3694.4], [1046.4, 3729.7], [1100.9, 3791.2]]}}, {"type": "Feature", "properties": {"name": null, "highway": "service", "trusted": 0.0}, "geometry": {"type": "LineString", "coordinates": [[10620.0, 3498.0], [10577.6, 3541.3], [10573.8, 3538.1], [10561.8, 3555.4]]}}, {"type": "Feature", "properties": {"name": "V\u00f5 Th\u1ecb S\u00e1u", "highway": "primary", "trusted": 1.0}, "geometry": {"type": "LineString", "coordinates": [[10363.0, 2741.0], [10334.4, 2713.2], [10271.3, 2652.0], [10097.7, 2489.9], [10013.5, 2409.7], [9973.4, 2370.8], [9954.0, 2351.7], [9883.3, 2279.5]]}}, {"type": "Feature", "properties": {"name": "V\u00f5 Th\u1ecb S\u00e1u", "highway": "primary", "trusted": 1.0}, "geometry": {"type": "LineString", "coordinates": [[9883.3, 2279.5], [9848.7, 2243.0], [9748.2, 2135.8]]}}, {"type": "Feature", "properties": {"name": "H\u1ebbm 283 Ph\u1ea1m Ng\u0169 L\u00e3o", "highway": "service", "trusted": 0.0}, "geometry": {"type": "LineString", "coordinates": [[2529.7, 1206.9], [2536.3, 1222.6], [2528.1, 1229.9]]}}, {"type": "Feature", "properties": {"name": "\u0110i\u1ec7n Bi\u00ean Ph\u1ee7", "highway": "primary", "trusted": 0.88}, "geometry": {"type": "LineString", "coordinates": [[10621.8, 3889.0], [10616.8, 3861.0], [10610.7, 3835.5], [10604.5, 3818.4], [10596.1, 3801.4], [10585.9, 3786.9], [10576.2, 3775.9], [10566.5, 3765.5], [10555.2, 3756.7], [10540.4, 3750.3], [10524.9, 3745.3], [10510.9, 3739.8], [10497.3, 3733.5], [10477.6, 3722.9], [10458.9, 3710.7], [10471.1, 3744.4], [10443.2, 3719.5]]}}, {"type": "Feature", "properties": {"name": "Hai B\u00e0 Tr\u01b0ng", "highway": "primary", "trusted": 1.0}, "geometry": {"type": "LineString", "coordinates": [[9171.3, 1554.7], [9203.6, 1515.4], [9252.6, 1453.8], [9254.8, 1451.1], [9332.0, 1355.0], [9373.6, 1298.5], [9379.7, 1282.2]]}}, {"type": "Feature", "properties": {"name": "Nguy\u1ec5n Th\u1ecb Minh Khai", "highway": "primary", "trusted": 1.0}, "geometry": {"type": "LineString", "coordinates": [[5152.6, 1324.9], [5153.7, 1302.6], [5067.8, 1225.1], [4975.9, 1146.8], [4857.6, 1045.3], [4831.5, 1020.3]]}}, {"type": "Feature", "properties": {"name": "Nguy\u1ec5n Th\u1ecb Minh Khai", "highway": "primary", "trusted": 1.0}, "geometry": {"type": "LineString", "coordinates": [[5152.6, 1324.9], [5163.9, 1334.1], [5198.0, 1365.7]]}}, {"type": "Feature", "properties": {"name": null, "highway": "residential", "trusted": 0.0}, "geometry": {"type": "LineString", "coordinates": [[2897.8, 8672.0], [2914.3, 8696.6]]}}, {"type": "Feature", "properties": {"name": null, "highway": "residential", "trusted": 0.0}, "geometry": {"type": "LineString", "coordinates": [[2857.0, 8610.3], [2874.7, 8637.0]]}}, {"type": "Feature", "properties": {"name": "H\u1ed3 Hu\u1ea5n Nghi\u1ec7p", "highway": "residential", "trusted": 0.14}, "geometry": {"type": "LineString", "coordinates": [[4674.1, 5626.6], [4735.0, 5732.0], [4762.7, 5769.5], [4765.6, 5773.3], [4847.0, 5883.4], [4865.0, 5907.8], [4887.7, 5937.4]]}}, {"type": "Feature", "properties": {"name": "H\u1ebbm 157 L\u00ea Th\u1ecb Ri\u00eang", "highway": "service", "trusted": 0.0}, "geometry": {"type": "LineString", "coordinates": [[3276.7, 477.6], [3299.2, 459.9], [3376.7, 399.0]]}}, {"type": "Feature", "properties": {"name": null, "highway": "service", "trusted": 0.0}, "geometry": {"type": "LineString", "coordinates": [[3169.4, 560.1], [3130.4, 598.0]]}}, {"type": "Feature", "properties": {"name": null, "highway": "service", "trusted": 0.0}, "geometry": {"type": "LineString", "coordinates": [[3208.1, 528.1], [3169.4, 560.1]]}}, {"type": "Feature", "properties": {"name": "H\u1ebbm 130 \u0110i\u1ec7n Bi\u00ean Ph\u1ee7", "highway": "service", "trusted": 0.0}, "geometry": {"type": "LineString", "coordinates": [[11631.4, 5270.6], [11657.8, 5292.0]]}}, {"type": "Feature", "properties": {"name": "H\u1ebbm 5 Nguy\u1ec5n Trung Ng\u1ea1n", "highway": "service", "trusted": 0.0}, "geometry": {"type": "LineString", "coordinates": [[8095.3, 6065.2], [7983.5, 5956.2], [7973.9, 5951.9], [7966.7, 5949.0], [7954.4, 5942.3], [7940.8, 5934.1], [7927.1, 5925.7], [7917.1, 5920.1], [7904.4, 5913.8], [7894.8, 5909.6]]}}, {"type": "Feature", "properties": {"name": "Phan V\u0103n H\u00e2n", "highway": "residential", "trusted": 1.0}, "geometry": {"type": "LineString", "coordinates": [[10640.4, 6369.7], [10619.9, 6392.7]]}}, {"type": "Feature", "properties": {"name": "H\u1ebbm 12 C\u00f9 Lao", "highway": "service", "trusted": 0.0}, "geometry": {"type": "LineString", "coordinates": [[11830.6, 745.6], [11897.4, 757.1]]}}, {"type": "Feature", "properties": {"name": "H\u1ebbm 89 Nguy\u1ec5n Tr\u00e3i", "highway": "service", "trusted": 0.0}, "geometry": {"type": "LineString", "coordinates": [[3299.9, 1211.0], [3283.8, 1222.8]]}}, {"type": "Feature", "properties": {"name": "H\u1ebbm 95 Nguy\u1ec5n Tr\u00e3i", "highway": "service", "trusted": 0.0}, "geometry": {"type": "LineString", "coordinates": [[3265.8, 1161.0], [3196.1, 1210.8], [3174.2, 1227.4]]}}, {"type": "Feature", "properties": {"name": "H\u1ebbm 95 Nguy\u1ec5n Tr\u00e3i", "highway": "service", "trusted": 0.0}, "geometry": {"type": "LineString", "coordinates": [[3174.2, 1227.4], [3135.9, 1250.1]]}}, {"type": "Feature", "properties": {"name": "H\u1ebbm 95 Nguy\u1ec5n Tr\u00e3i", "highway": "service", "trusted": 0.0}, "geometry": {"type": "LineString", "coordinates": [[3174.2, 1227.4], [3174.7, 1235.2], [3181.7, 1246.9]]}}, {"type": "Feature", "properties": {"name": "H\u1ebbm 2 H\u00e0m Nghi", "highway": "service", "trusted": 0.0}, "geometry": {"type": "LineString", "coordinates": [[3874.8, 5845.0], [3854.8, 5826.1], [3774.4, 5751.2]]}}, {"type": "Feature", "properties": {"name": "Th\u1ee7 Khoa Hu\u00e2n", "highway": "residential", "trusted": 0.0}, "geometry": {"type": "LineString", "coordinates": [[4860.4, 2769.9], [4854.6, 2809.1], [4794.3, 2870.0], [4589.6, 3077.0]]}}, {"type": "Feature", "properties": {"name": "Nguy\u1ec5n C\u01b0 Trinh", "highway": "tertiary", "trusted": 0.0}, "geometry": {"type": "LineString", "coordinates": [[1397.1, 960.8], [1369.8, 890.6], [1341.2, 830.4]]}}, {"type": "Feature", "properties": {"name": "Nguy\u1ec5n C\u01b0 Trinh", "highway": "tertiary", "trusted": 0.0}, "geometry": {"type": "LineString", "coordinates": [[1340.8, 799.3], [1325.1, 759.4], [1252.1, 573.7], [1173.7, 374.2], [1138.6, 285.0], [1086.1, 151.6], [1056.9, 77.3], [1050.6, 61.3], [1031.7, 13.0]]}}, {"type": "Feature", "properties": {"name": "H\u1ebbm 187 C\u00f4 Giang", "highway": "service", "trusted": 0.0}, "geometry": {"type": "LineString", "coordinates": [[555.2, 1744.3], [497.4, 1792.5], [445.9, 1835.5], [434.8, 1845.7], [371.0, 1901.6]]}}, {"type": "Feature", "properties": {"name": "H\u1ebbm 187/2 C\u00f4 Giang", "highway": "service", "trusted": 0.0}, "geometry": {"type": "LineString", "coordinates": [[497.4, 1792.5], [411.2, 1698.2]]}}, {"type": "Feature", "properties": {"name": null, "highway": "service", "trusted": 1.0}, "geometry": {"type": "LineString", "coordinates": [[4241.9, 145.6], [4264.5, 127.5]]}}, {"type": "Feature", "properties": {"name": null, "highway": "service", "trusted": 1.0}, "geometry": {"type": "LineString", "coordinates": [[4363.9, 187.4], [4341.8, 162.1], [4285.1, 181.1], [4268.2, 147.9], [4241.9, 145.6]]}}, {"type": "Feature", "properties": {"name": null, "highway": "service", "trusted": 0.0}, "geometry": {"type": "LineString", "coordinates": [[165.5, 1945.3], [129.5, 1979.6]]}}, {"type": "Feature", "properties": {"name": "Ph\u00f3 \u0110\u1ee9c Ch\u00ednh", "highway": "tertiary", "trusted": 1.0}, "geometry": {"type": "LineString", "coordinates": [[2662.3, 4199.8], [2687.9, 4184.9], [2833.2, 4098.1], [2835.0, 4096.8], [2956.2, 4025.6], [3051.2, 3968.4], [3080.7, 3950.5]]}}, {"type": "Feature", "properties": {"name": "M\u1ea1c Th\u1ecb B\u01b0\u1edfi", "highway": "residential", "trusted": 0.67}, "geometry": {"type": "LineString", "coordinates": [[5267.3, 5780.0], [5054.2, 5567.8], [4888.1, 5404.2]]}}, {"type": "Feature", "properties": {"name": "Phan V\u0103n \u00d0\u1ea1t", "highway": "residential", "trusted": 0.2}, "geometry": {"type": "LineString", "coordinates": [[5054.2, 5567.8], [5013.4, 5777.5], [5006.9, 5844.0], [5004.1, 5873.2], [5000.8, 5908.0]]}}, {"type": "Feature", "properties": {"name": "\u0110\u01b0\u1eddng Tr\u01b0\u01a1ng H\u00e1n Si\u00eau", "highway": "residential", "trusted": 1.0}, "geometry": {"type": "LineString", "coordinates": [[10624.3, 2992.1], [10319.8, 2998.3], [10159.7, 3004.8]]}}, {"type": "Feature", "properties": {"name": null, "highway": "service", "trusted": 0.0}, "geometry": {"type": "LineString", "coordinates": [[176.5, 1780.1], [185.9, 1787.7], [286.5, 1868.6], [308.1, 1847.5], [371.0, 1901.6]]}}, {"type": "Feature", "properties": {"name": "H\u1ebbm 30 H\u1ed3 H\u1ea3o H\u1edbn", "highway": "service", "trusted": 0.0}, "geometry": {"type": "LineString", "coordinates": [[254.6, 1696.9], [305.3, 1743.3], [276.7, 1774.5]]}}, {"type": "Feature", "properties": {"name": "H\u1ebbm 200 C\u00f4 Giang", "highway": "service", "trusted": 0.0}, "geometry": {"type": "LineString", "coordinates": [[659.8, 1610.3], [529.3, 1715.0]]}}, {"type": "Feature", "properties": {"name": "H\u1ebbm 160 C\u00f4 Giang", "highway": "service", "trusted": 0.0}, "geometry": {"type": "LineString", "coordinates": [[876.3, 1757.0], [841.1, 1788.7], [777.0, 1843.9], [697.4, 1910.4]]}}, {"type": "Feature", "properties": {"name": "H\u1ebbm 155 C\u00f4 B\u1eafc", "highway": "service", "trusted": 0.0}, "geometry": {"type": "LineString", "coordinates": [[1059.5, 1611.5], [970.6, 1680.8], [959.9, 1689.1], [876.3, 1757.0]]}}, {"type": "Feature", "properties": {"name": "H\u1ebbm 149 C\u00f4 Giang", "highway": "service", "trusted": 1.0}, "geometry": {"type": "LineString", "coordinates": [[894.2, 2132.4], [807.3, 2195.9], [744.0, 2242.1], [718.3, 2264.0], [680.2, 2218.7]]}}, {"type": "Feature", "properties": {"name": "H\u1ebbm 113 Nguy\u1ec5n Tr\u00e3i", "highway": "service", "trusted": 0.0}, "geometry": {"type": "LineString", "coordinates": [[3211.9, 1082.5], [3134.4, 1129.7], [3149.0, 1152.6], [3101.1, 1185.7]]}}, {"type": "Feature", "properties": {"name": "H\u1ebbm 360/8 Nguy\u1ec5n Th\u1ecb Minh Khai", "highway": "service", "trusted": 1.0}, "geometry": {"type": "LineString", "coordinates": [[4117.8, 142.1], [4158.4, 198.3]]}}, {"type": "Feature", "properties": {"name": null, "highway": "residential", "trusted": 1.0}, "geometry": {"type": "LineString", "coordinates": [[5260.5, 198.0], [5160.1, 303.9]]}}, {"type": "Feature", "properties": {"name": "H\u1ebbm 47 Ph\u1ea1m Ng\u1ecdc Th\u1ea1ch", "highway": "service", "trusted": 0.0}, "geometry": {"type": "LineString", "coordinates": [[8206.5, 1906.8], [8023.1, 1730.6]]}}, {"type": "Feature", "properties": {"name": "H\u1ebbm 39 Ph\u1ea1m Ng\u1ecdc Th\u1ea1ch", "highway": "service", "trusted": 0.0}, "geometry": {"type": "LineString", "coordinates": [[7890.9, 1849.7], [8080.4, 2038.4]]}}, {"type": "Feature", "properties": {"name": "H\u1ebbm 179 Hai B\u00e0 Tr\u01b0ng", "highway": "service", "trusted": 0.0}, "geometry": {"type": "LineString", "coordinates": [[8384.9, 2364.0], [8268.5, 2258.5], [8243.5, 2288.0], [8211.7, 2260.5]]}}, {"type": "Feature", "properties": {"name": "H\u1ebbm 86-88 M\u1ea1c \u0110\u0129nh Chi", "highway": "service", "trusted": 0.5}, "geometry": {"type": "LineString", "coordinates": [[9106.8, 2828.1], [9301.2, 3051.9]]}}, {"type": "Feature", "properties": {"name": null, "highway": "service", "trusted": 1.0}, "geometry": {"type": "LineString", "coordinates": [[9820.9, 2684.0], [9793.6, 2720.0]]}}, {"type": "Feature", "properties": {"name": "H\u1ebbm 7 Tr\u1ea7n Nguy\u00ean \u0110\u00e1n", "highway": "service", "trusted": 1.0}, "geometry": {"type": "LineString", "coordinates": [[10646.7, 2006.7], [10646.2, 1970.5], [10644.0, 1947.0], [10645.0, 1932.2], [10647.9, 1922.0], [10650.8, 1905.0], [10653.2, 1892.9], [10653.7, 1877.0], [10655.5, 1849.6], [10654.4, 1818.8], [10655.1, 1789.8], [10658.0, 1753.9], [10659.3, 1734.9], [10704.7, 1728.9], [10723.3, 1730.2]]}}, {"type": "Feature", "properties": {"name": "H\u1ebbm 4 Tr\u1ea7n Kh\u1eafc Ch\u00e2n", "highway": "service", "trusted": 1.0}, "geometry": {"type": "LineString", "coordinates": [[10533.6, 1291.6], [10540.5, 1306.6], [10563.0, 1346.8], [10589.8, 1379.3], [10595.7, 1429.9]]}}, {"type": "Feature", "properties": {"name": "H\u1ebbm 4 Tr\u1ea7n Kh\u1eafc Ch\u00e2n", "highway": "service", "trusted": 0.87}, "geometry": {"type": "LineString", "coordinates": [[10589.8, 1379.3], [10626.7, 1415.2], [10660.0, 1451.6], [10692.0, 1486.9], [10704.5, 1502.6], [10719.5, 1534.9], [10723.7, 1562.6], [10737.3, 1585.5], [10746.0, 1594.2], [10755.4, 1607.8], [10762.4, 1618.0], [10825.0, 1681.4], [10825.0, 1699.0], [10765.1, 1666.1], [10761.5, 1692.5]]}}, {"type": "Feature", "properties": {"name": "H\u1ebbm 4 Tr\u1ea7n Kh\u1eafc Ch\u00e2n", "highway": "service", "trusted": 1.0}, "geometry": {"type": "LineString", "coordinates": [[10692.0, 1486.9], [10686.7, 1495.6], [10687.5, 1506.6]]}}, {"type": "Feature", "properties": {"name": "H\u1ebbm 4 Tr\u1ea7n Kh\u1eafc Ch\u00e2n", "highway": "service", "trusted": 1.0}, "geometry": {"type": "LineString", "coordinates": [[10737.3, 1585.5], [10735.9, 1604.3], [10739.2, 1623.2]]}}, {"type": "Feature", "properties": {"name": "Nguy\u1ec5n V\u0103n Nguy\u1ec5n", "highway": "residential", "trusted": 0.0}, "geometry": {"type": "LineString", "coordinates": [[10581.2, 267.5], [10587.8, 265.1], [10648.0, 213.9], [10693.3, 174.6], [10713.3, 162.5]]}}, {"type": "Feature", "properties": {"name": "H\u1ebbm 245 Nguy\u1ec5n Tr\u00e3i", "highway": "service", "trusted": 0.0}, "geometry": {"type": "LineString", "coordinates": [[1727.3, 488.0], [1701.9, 479.4], [1665.4, 467.1], [1630.5, 455.4], [1594.3, 443.2], [1566.3, 433.9], [1530.7, 422.0], [1500.2, 411.9], [1471.4, 402.3]]}}, {"type": "Feature", "properties": {"name": "H\u1ebbm 12 Tr\u1ea7n Quang Kh\u1ea3i", "highway": "service", "trusted": 0.75}, "geometry": {"type": "LineString", "coordinates": [[10828.4, 2611.1], [10701.9, 2555.3], [10612.0, 2567.1], [10600.3, 2568.7]]}}, {"type": "Feature", "properties": {"name": null, "highway": "service", "trusted": 0.0}, "geometry": {"type": "LineString", "coordinates": [[1663.6, 617.1], [1621.8, 547.7], [1605.4, 556.3]]}}, {"type": "Feature", "properties": {"name": null, "highway": "service", "trusted": 0.0}, "geometry": {"type": "LineString", "coordinates": [[1621.8, 547.7], [1615.4, 537.2]]}}, {"type": "Feature", "properties": {"name": "H\u1ebbm 245/83 Nguy\u1ec5n Tr\u00e3i", "highway": "service", "trusted": 0.0}, "geometry": {"type": "LineString", "coordinates": [[1770.3, 273.7], [1701.9, 479.4]]}}, {"type": "Feature", "properties": {"name": "H\u1ebbm 245/79 Nguy\u1ec5n Tr\u00e3i", "highway": "service", "trusted": 0.0}, "geometry": {"type": "LineString", "coordinates": [[1731.2, 263.2], [1665.4, 467.1]]}}, {"type": "Feature", "properties": {"name": "H\u1ebbm 245/75 Nguy\u1ec5n Tr\u00e3i", "highway": "service", "trusted": 0.0}, "geometry": {"type": "LineString", "coordinates": [[1697.4, 254.1], [1630.5, 455.4]]}}, {"type": "Feature", "properties": {"name": "H\u1ebbm 245/69 Nguy\u1ec5n Tr\u00e3i", "highway": "service", "trusted": 0.0}, "geometry": {"type": "LineString", "coordinates": [[1662.3, 244.7], [1634.2, 312.5], [1618.3, 375.2], [1594.3, 443.2]]}}, {"type": "Feature", "properties": {"name": null, "highway": "service", "trusted": 0.0}, "geometry": {"type": "LineString", "coordinates": [[1500.2, 411.9], [1522.4, 352.7]]}}, {"type": "Feature", "properties": {"name": null, "highway": "service", "trusted": 0.0}, "geometry": {"type": "LineString", "coordinates": [[1530.7, 422.0], [1552.8, 359.2]]}}, {"type": "Feature", "properties": {"name": null, "highway": "service", "trusted": 0.0}, "geometry": {"type": "LineString", "coordinates": [[1566.3, 433.9], [1585.3, 376.4]]}}, {"type": "Feature", "properties": {"name": null, "highway": "service", "trusted": 0.0}, "geometry": {"type": "LineString", "coordinates": [[1456.8, 459.6], [1368.4, 433.9], [1358.7, 402.4], [1310.8, 390.9], [1322.1, 324.9], [1299.4, 302.2]]}}, {"type": "Feature", "properties": {"name": "H\u1ebbm 16 \u0110inh Ti\u00ean Ho\u00e0ng", "highway": "service", "trusted": 1.0}, "geometry": {"type": "LineString", "coordinates": [[9309.6, 4144.8], [9242.9, 4198.9]]}}, {"type": "Feature", "properties": {"name": "H\u1ebbm 16 \u0110inh Ti\u00ean Ho\u00e0ng", "highway": "service", "trusted": 1.0}, "geometry": {"type": "LineString", "coordinates": [[9339.6, 4207.4], [9369.3, 4224.0], [9397.4, 4243.9], [9434.6, 4284.4], [9455.8, 4306.1]]}}, {"type": "Feature", "properties": {"name": null, "highway": "service", "trusted": 1.0}, "geometry": {"type": "LineString", "coordinates": [[9316.6, 4242.9], [9277.9, 4275.9]]}}, {"type": "Feature", "properties": {"name": "H\u1ebbm 16 \u0110inh Ti\u00ean Ho\u00e0ng", "highway": "service", "trusted": 1.0}, "geometry": {"type": "LineString", "coordinates": [[9393.2, 4320.6], [9439.4, 4368.7]]}}, {"type": "Feature", "properties": {"name": null, "highway": "service", "trusted": 1.0}, "geometry": {"type": "LineString", "coordinates": [[9393.2, 4320.6], [9434.6, 4284.4]]}}, {"type": "Feature", "properties": {"name": "H\u1ebbm 8 \u0110inh Ti\u00ean Ho\u00e0ng", "highway": "service", "trusted": 1.0}, "geometry": {"type": "LineString", "coordinates": [[9363.7, 4349.1], [9365.0, 4360.8], [9369.3, 4373.2], [9387.2, 4392.3], [9402.1, 4404.7], [9402.9, 4405.5], [9421.8, 4425.6], [9435.8, 4442.1], [9440.3, 4453.8], [9442.7, 4464.7], [9444.1, 4478.8], [9443.4, 4510.3], [9442.0, 4526.9], [9441.4, 4533.6], [9439.9, 4545.0]]}}, {"type": "Feature", "properties": {"name": null, "highway": "service", "trusted": 1.0}, "geometry": {"type": "LineString", "coordinates": [[9402.9, 4405.5], [9421.2, 4389.5]]}}, {"type": "Feature", "properties": {"name": "H\u1ebbm 8 \u0110inh Ti\u00ean Ho\u00e0ng", "highway": "service", "trusted": 1.0}, "geometry": {"type": "LineString", "coordinates": [[9442.0, 4526.9], [9461.7, 4526.2], [9477.9, 4527.4], [9497.2, 4530.5], [9513.8, 4535.7], [9530.1, 4543.3], [9568.3, 4565.1]]}}, {"type": "Feature", "properties": {"name": "H\u1ebbm 414 \u0110o\u00e0n V\u0103n B\u01a1", "highway": "service", "trusted": 0.0}, "geometry": {"type": "LineString", "coordinates": [[120.6, 6485.6], [109.7, 6476.6], [105.6, 6462.1], [117.6, 6433.0]]}}, {"type": "Feature", "properties": {"name": "H\u1ebbm 414/28 \u0110o\u00e0n V\u0103n B\u01a1", "highway": "service", "trusted": 0.0}, "geometry": {"type": "LineString", "coordinates": [[113.0, 6503.7], [95.2, 6488.6], [73.9, 6478.6], [25.6, 6460.9], [19.4, 6456.7], [17.2, 6451.0], [17.0, 6443.8], [23.1, 6423.3], [33.7, 6397.2]]}}, {"type": "Feature", "properties": {"name": "C\u00f4ng tr\u01b0\u1eddng Qu\u00e1ch Th\u1ecb Trang", "highway": "residential", "trusted": 1.0}, "geometry": {"type": "LineString", "coordinates": [[4028.4, 3586.9], [3832.2, 3288.3]]}}, {"type": "Feature", "properties": {"name": "Phan B\u1ed9i Ch\u00e2u", "highway": "tertiary", "trusted": 1.0}, "geometry": {"type": "LineString", "coordinates": [[4028.4, 3586.9], [3996.4, 3609.5]]}}, {"type": "Feature", "properties": {"name": "H\u1ebbm 182 \u00d0\u1ec1 Th\u00e1m", "highway": "service", "trusted": 1.0}, "geometry": {"type": "LineString", "coordinates": [[1974.1, 2419.3], [1973.4, 2430.0], [1967.6, 2441.1], [1930.9, 2462.1]]}}, {"type": "Feature", "properties": {"name": null, "highway": "service", "trusted": 1.0}, "geometry": {"type": "LineString", "coordinates": [[1974.1, 2419.3], [1958.5, 2415.7], [1899.1, 2438.4]]}}, {"type": "Feature", "properties": {"name": "H\u1ebbm 182 \u00d0\u1ec1 Th\u00e1m", "highway": "service", "trusted": 1.0}, "geometry": {"type": "LineString", "coordinates": [[2062.5, 2382.6], [2043.4, 2390.5], [1974.1, 2419.3]]}}, {"type": "Feature", "properties": {"name": "H\u1ebbm 182/1 \u0110\u1ec1 Th\u00e1m", "highway": "service", "trusted": 0.5}, "geometry": {"type": "LineString", "coordinates": [[2026.1, 2331.8], [2124.9, 2247.6]]}}, {"type": "Feature", "properties": {"name": "H\u1ebbm 219 Ph\u1ea1m Ng\u0169 L\u00e3o", "highway": "service", "trusted": 0.0}, "geometry": {"type": "LineString", "coordinates": [[2794.1, 1647.5], [2773.3, 1656.2], [2702.4, 1685.8], [2687.7, 1680.6]]}}, {"type": "Feature", "properties": {"name": "H\u1ebbm 229 \u0110\u1ec1 Th\u00e1m", "highway": "service", "trusted": 0.0}, "geometry": {"type": "LineString", "coordinates": [[2672.2, 1839.9], [2630.1, 1863.8], [2633.8, 1870.3], [2666.9, 1927.7]]}}, {"type": "Feature", "properties": {"name": "H\u1ebbm 229 \u0110\u1ec1 Th\u00e1m", "highway": "service", "trusted": 0.0}, "geometry": {"type": "LineString", "coordinates": [[2633.8, 1870.3], [2614.7, 1880.5]]}}, {"type": "Feature", "properties": {"name": "H\u1ebbm 217 \u00d0\u1ec1 Th\u00e1m", "highway": "service", "trusted": 0.0}, "geometry": {"type": "LineString", "coordinates": [[2586.2, 1807.6], [2580.7, 1796.7], [2571.9, 1779.0], [2546.9, 1729.1]]}}, {"type": "Feature", "properties": {"name": "H\u1ebbm 69 \u0110\u1ec1 Th\u00e1m", "highway": "service", "trusted": 1.0}, "geometry": {"type": "LineString", "coordinates": [[1332.3, 2382.6], [1368.5, 2430.1], [1353.4, 2441.3], [1308.8, 2474.5]]}}, {"type": "Feature", "properties": {"name": "H\u1ebbm 3 \u0110\u1ec1 Th\u00e1m", "highway": "service", "trusted": 1.0}, "geometry": {"type": "LineString", "coordinates": [[991.8, 2782.6], [926.5, 2700.5]]}}, {"type": "Feature", "properties": {"name": null, "highway": "service", "trusted": 0.0}, "geometry": {"type": "LineString", "coordinates": [[2523.3, 1344.7], [2500.8, 1355.4], [2487.6, 1333.2], [2466.7, 1344.2], [2457.0, 1326.4]]}}, {"type": "Feature", "properties": {"name": "H\u1ebbm 265/7 Ph\u1ea1m Ng\u0169 L\u00e3o", "highway": "service", "trusted": 0.0}, "geometry": {"type": "LineString", "coordinates": [[2504.9, 1511.2], [2589.4, 1472.4]]}}, {"type": "Feature", "properties": {"name": "H\u1ebbm 175 Ph\u1ea1m Ng\u0169 L\u00e3o", "highway": "service", "trusted": 0.0}, "geometry": {"type": "LineString", "coordinates": [[2953.6, 2053.6], [2895.8, 2087.5], [2777.3, 2155.9]]}}, {"type": "Feature", "properties": {"name": "H\u1ebbm 104 B\u00f9i Vi\u1ec7n", "highway": "service", "trusted": 0.0}, "geometry": {"type": "LineString", "coordinates": [[2417.7, 1655.7], [2374.2, 1677.0], [2304.9, 1702.3]]}}, {"type": "Feature", "properties": {"name": null, "highway": "service", "trusted": 0.0}, "geometry": {"type": "LineString", "coordinates": [[2417.7, 1655.7], [2396.5, 1608.9], [2374.5, 1619.5]]}}, {"type": "Feature", "properties": {"name": null, "highway": "service", "trusted": 0.0}, "geometry": {"type": "LineString", "coordinates": [[10606.3, 7349.2], [10620.7, 7354.7], [10608.7, 7390.9]]}}, {"type": "Feature", "properties": {"name": "H\u1ebbm 238 Nguy\u1ec5n Th\u1ecb Minh Khai", "highway": "service", "trusted": 1.0}, "geometry": {"type": "LineString", "coordinates": [[4680.3, 776.1], [4626.5, 828.6]]}}, {"type": "Feature", "properties": {"name": "H\u1ebbm 232/21 \u0110o\u00e0n V\u0103n B\u01a1", "highway": "service", "trusted": 0.0}, "geometry": {"type": "LineString", "coordinates": [[598.4, 5619.0], [574.9, 5652.1], [572.4, 5665.8], [542.6, 5681.7], [548.9, 5694.3]]}}, {"type": "Feature", "properties": {"name": "H\u1ebbm 82/78 L\u00ea V\u0103n Duy\u1ec7t", "highway": "service", "trusted": 0.0}, "geometry": {"type": "LineString", "coordinates": [[11630.2, 3343.2], [11625.7, 3371.0]]}}, {"type": "Feature", "properties": {"name": "H\u1ebbm 102/7 C\u1ed1ng Qu\u1ef3nh", "highway": "service", "trusted": 0.0}, "geometry": {"type": "LineString", "coordinates": [[1744.9, 1095.7], [1774.2, 1153.9]]}}, {"type": "Feature", "properties": {"name": "H\u1ebbm 183 B\u00f9i Vi\u1ec7n", "highway": "service", "trusted": 0.0}, "geometry": {"type": "LineString", "coordinates": [[1794.5, 1233.6], [1808.5, 1254.6], [1829.7, 1276.0], [1854.9, 1324.1]]}}, {"type": "Feature", "properties": {"name": null, "highway": "residential", "trusted": 0.0}, "geometry": {"type": "LineString", "coordinates": [[4898.1, 8334.4], [4904.9, 8302.4], [4912.5, 8266.8], [4920.3, 8232.0]]}}, {"type": "Feature", "properties": {"name": null, "highway": "service", "trusted": 0.0}, "geometry": {"type": "LineString", "coordinates": [[137.8, 3696.1], [111.5, 3716.9]]}}, {"type": "Feature", "properties": {"name": "V\u00f5 V\u0103n Ki\u1ec7t", "highway": "primary", "trusted": 0.0}, "geometry": {"type": "LineString", "coordinates": [[2962.3, 5322.2], [2955.5, 5305.4], [2904.7, 5173.6]]}}, {"type": "Feature", "properties": {"name": "H\u1ebbm 53 Tr\u1ea7n Kh\u00e1nh D\u01b0", "highway": "service", "trusted": 0.0}, "geometry": {"type": "LineString", "coordinates": [[11306.6, 1503.1], [11294.8, 1518.3], [11298.6, 1582.6], [11301.0, 1624.2], [11301.7, 1635.1]]}}, {"type": "Feature", "properties": {"name": "\u0110inh Ti\u00ean Ho\u00e0ng", "highway": "primary", "trusted": 1.0}, "geometry": {"type": "LineString", "coordinates": [[8289.7, 5092.9], [8302.1, 5069.1], [8328.8, 5037.6], [8338.4, 5005.9]]}}, {"type": "Feature", "properties": {"name": "H\u1ebbm 124/104 X\u00f4 Vi\u1ebft Ngh\u1ec7 T\u0129nh", "highway": "service", "trusted": 0.0}, "geometry": {"type": "LineString", "coordinates": [[11625.7, 8072.2], [11665.8, 8085.5], [11670.3, 8087.1]]}}, {"type": "Feature", "properties": {"name": null, "highway": "service", "trusted": 0.0}, "geometry": {"type": "LineString", "coordinates": [[11665.8, 8085.5], [11662.6, 8097.9]]}}, {"type": "Feature", "properties": {"name": "H\u1ebbm 124/104 X\u00f4 Vi\u1ebft Ngh\u1ec7 T\u0129nh", "highway": "service", "trusted": 0.0}, "geometry": {"type": "LineString", "coordinates": [[11625.7, 8072.2], [11589.8, 8158.7]]}}, {"type": "Feature", "properties": {"name": null, "highway": "service", "trusted": 0.0}, "geometry": {"type": "LineString", "coordinates": [[11625.7, 8072.2], [11641.5, 8028.5]]}}, {"type": "Feature", "properties": {"name": "H\u1ebbm 124/82 X\u00f4 vi\u1ebft Ngh\u1ec7 T\u0129nh", "highway": "service", "trusted": 0.0}, "geometry": {"type": "LineString", "coordinates": [[11642.9, 7927.0], [11669.3, 7942.9]]}}, {"type": "Feature", "properties": {"name": null, "highway": "service", "trusted": 1.0}, "geometry": {"type": "LineString", "coordinates": [[8131.9, 5083.7], [8137.3, 5085.0], [8176.2, 5086.9], [8187.5, 5087.6], [8234.4, 5085.3]]}}, {"type": "Feature", "properties": {"name": null, "highway": "service", "trusted": 1.0}, "geometry": {"type": "LineString", "coordinates": [[8119.2, 4990.6], [8104.7, 5006.6], [8099.0, 5012.8], [8093.9, 5021.2], [8090.1, 5030.9], [8091.2, 5039.7], [8094.2, 5049.7], [8100.0, 5057.1], [8103.1, 5059.7]]}}, {"type": "Feature", "properties": {"name": null, "highway": "service", "trusted": 1.0}, "geometry": {"type": "LineString", "coordinates": [[8103.1, 5059.7], [8131.9, 5083.7]]}}, {"type": "Feature", "properties": {"name": null, "highway": "service", "trusted": 1.0}, "geometry": {"type": "LineString", "coordinates": [[7344.1, 4209.7], [7325.5, 4229.5], [7310.0, 4246.2], [7306.8, 4255.6], [7309.4, 4265.0], [7371.3, 4345.2], [7378.2, 4348.7], [7385.3, 4346.7], [7402.6, 4327.9], [7421.1, 4311.8]]}}, {"type": "Feature", "properties": {"name": "C\u00f4ng tr\u01b0\u1eddng Qu\u00e1ch Th\u1ecb Trang", "highway": "primary", "trusted": 1.0}, "geometry": {"type": "LineString", "coordinates": [[3623.5, 3392.0], [3641.7, 3407.3], [3675.7, 3435.9], [3683.6, 3442.6], [3705.2, 3460.6], [3712.8, 3467.0]]}}, {"type": "Feature", "properties": {"name": "C\u00f4ng tr\u01b0\u1eddng Qu\u00e1ch Th\u1ecb Trang", "highway": "primary", "trusted": 1.0}, "geometry": {"type": "LineString", "coordinates": [[3728.8, 3445.1], [3701.0, 3422.0], [3642.8, 3373.5], [3624.7, 3358.0]]}}, {"type": "Feature", "properties": {"name": "C\u00f4ng tr\u01b0\u1eddng Qu\u00e1ch Th\u1ecb Trang", "highway": "primary", "trusted": 1.0}, "geometry": {"type": "LineString", "coordinates": [[3795.6, 3308.7], [3789.0, 3332.7], [3780.4, 3356.1], [3773.4, 3371.5], [3758.7, 3396.2], [3750.1, 3410.7], [3734.9, 3436.2], [3728.8, 3445.1]]}}, {"type": "Feature", "properties": {"name": null, "highway": "service", "trusted": 0.0}, "geometry": {"type": "MultiLineString", "coordinates": [[[5978.4, 8358.0], [6094.0, 8185.1], [6257.5, 8306.2]], [[6257.5, 8306.2], [6328.2, 8365.6], [6294.3, 8402.8], [6224.4, 8345.1], [6257.5, 8306.2]]]}}, {"type": "Feature", "properties": {"name": "H\u1ebbm 128/22 L\u00ea V\u0103n Duy\u1ec7t", "highway": "service", "trusted": 0.0}, "geometry": {"type": "LineString", "coordinates": [[12117.1, 3193.7], [12106.5, 3205.0], [12097.9, 3259.2], [12092.1, 3272.4], [12071.8, 3274.0], [12065.5, 3294.2]]}}, {"type": "Feature", "properties": {"name": "H\u1ebbm 128/22 L\u00ea V\u0103n Duy\u1ec7t", "highway": "service", "trusted": 0.0}, "geometry": {"type": "LineString", "coordinates": [[12065.5, 3294.2], [12052.0, 3296.4]]}}, {"type": "Feature", "properties": {"name": "Nguy\u1ec5n H\u1eefu C\u1ea3nh", "highway": "primary", "trusted": 0.0}, "geometry": {"type": "LineString", "coordinates": [[8147.9, 6708.6], [8105.0, 6681.3], [8070.0, 6657.7], [8038.8, 6631.8], [8026.7, 6621.7], [7995.1, 6596.1]]}}, {"type": "Feature", "properties": {"name": "Nguy\u1ec5n B\u1ec9nh Khi\u00eam", "highway": "secondary", "trusted": 0.0}, "geometry": {"type": "LineString", "coordinates": [[8043.1, 6546.4], [8031.2, 6559.0], [8025.6, 6565.0], [7995.1, 6596.1]]}}, {"type": "Feature", "properties": {"name": "Ph\u1ea1m Ng\u0169 L\u00e3o", "highway": "secondary", "trusted": 0.0}, "geometry": {"type": "LineString", "coordinates": [[2863.1, 1822.8], [2874.0, 1850.5], [2885.6, 1880.0], [2920.4, 1968.8], [2953.6, 2053.6], [2959.5, 2068.7], [3019.3, 2221.3], [3035.2, 2262.2]]}}, {"type": "Feature", "properties": {"name": "Hai B\u00e0 Tr\u01b0ng", "highway": "primary", "trusted": 1.0}, "geometry": {"type": "LineString", "coordinates": [[7242.8, 3664.8], [7468.7, 3443.3]]}}, {"type": "Feature", "properties": {"name": "Tr\u1ea7n Quang Kh\u1ea3i", "highway": "tertiary", "trusted": 1.0}, "geometry": {"type": "LineString", "coordinates": [[10621.1, 2702.0], [10623.7, 2675.1], [10611.6, 2610.0], [10603.7, 2591.4]]}}, {"type": "Feature", "properties": {"name": "C\u1ea7u Ho\u00e0ng Hoa Th\u00e1m", "highway": "tertiary", "trusted": 0.0}, "geometry": {"type": "LineString", "coordinates": [[11760.2, 1761.4], [11725.8, 1784.2]]}}, {"type": "Feature", "properties": {"name": "C\u1ea7u Ho\u00e0ng Hoa Th\u00e1m", "highway": "tertiary", "trusted": 0.0}, "geometry": {"type": "LineString", "coordinates": [[11732.9, 1802.7], [11759.3, 1789.2]]}}, {"type": "Feature", "properties": {"name": null, "highway": "service", "trusted": 1.0}, "geometry": {"type": "LineString", "coordinates": [[9705.5, 5015.0], [9708.3, 5009.9], [9709.3, 5004.3], [9708.6, 4998.7], [9706.1, 4993.8], [9702.2, 4990.1], [9697.2, 4988.0], [9691.8, 4987.8], [9686.4, 4989.5], [9681.8, 4992.8], [9678.4, 4997.5], [9676.7, 5002.8], [9676.6, 5008.4], [9678.3, 5013.5], [9681.5, 5017.8], [9686.0, 5020.6], [9691.1, 5021.8], [9696.5, 5021.2], [9701.5, 5018.8], [9705.5, 5015.0]]}}, {"type": "Feature", "properties": {"name": null, "highway": "service", "trusted": 1.0}, "geometry": {"type": "LineString", "coordinates": [[9612.3, 4892.7], [9617.7, 4897.9], [9623.8, 4903.6], [9630.0, 4909.4], [9694.0, 4967.6], [9696.9, 4971.6], [9697.8, 4976.4], [9697.2, 4988.0]]}}, {"type": "Feature", "properties": {"name": null, "highway": "service", "trusted": 1.0}, "geometry": {"type": "LineString", "coordinates": [[9691.1, 5021.8], [9708.2, 5052.5], [9718.0, 5062.4], [9719.6, 5068.7], [9717.7, 5075.0], [9711.7, 5082.1], [9661.2, 5141.3]]}}, {"type": "Feature", "properties": {"name": null, "highway": "service", "trusted": 1.0}, "geometry": {"type": "LineString", "coordinates": [[9676.6, 5008.4], [9654.9, 5010.3], [9646.6, 5015.4]]}}, {"type": "Feature", "properties": {"name": null, "highway": "service", "trusted": 1.0}, "geometry": {"type": "LineString", "coordinates": [[9646.6, 5015.4], [9625.7, 5040.3]]}}, {"type": "Feature", "properties": {"name": null, "highway": "service", "trusted": 1.0}, "geometry": {"type": "LineString", "coordinates": [[9625.7, 5040.3], [9618.6, 5046.1], [9613.4, 5049.0], [9596.5, 5068.0], [9592.3, 5078.9], [9597.1, 5087.8], [9661.2, 5141.3], [9663.4, 5149.2], [9661.6, 5165.8], [9663.8, 5173.3], [9669.1, 5179.2], [9693.5, 5199.3], [9721.7, 5222.2], [9728.6, 5224.9], [9736.5, 5221.9], [9753.0, 5201.5], [9782.7, 5189.3], [9799.4, 5203.7], [9842.8, 5232.4], [9851.3, 5234.4], [9860.2, 5232.3], [9866.0, 5226.9], [9918.8, 5161.5]]}}, {"type": "Feature", "properties": {"name": null, "highway": "service", "trusted": 1.0}, "geometry": {"type": "LineString", "coordinates": [[9782.7, 5189.3], [9791.8, 5156.9], [9791.7, 5151.2], [9789.8, 5147.1], [9711.7, 5082.1]]}}, {"type": "Feature", "properties": {"name": null, "highway": "residential", "trusted": 0.0}, "geometry": {"type": "LineString", "coordinates": [[7904.2, 6576.5], [7910.9, 6681.7]]}}, {"type": "Feature", "properties": {"name": "T\u00f4n Th\u1ea5t T\u00f9ng", "highway": "tertiary", "trusted": 0.0}, "geometry": {"type": "LineString", "coordinates": [[3520.8, 113.0], [3575.2, 52.3]]}}, {"type": "Feature", "properties": {"name": null, "highway": "service", "trusted": 1.0}, "geometry": {"type": "LineString", "coordinates": [[2533.2, 4418.5], [2510.6, 4445.5], [2509.0, 4450.2], [2509.8, 4455.4], [2513.5, 4460.5], [2555.6, 4498.6], [2561.0, 4507.2], [2564.1, 4516.0], [2565.1, 4523.1], [2565.6, 4526.5], [2564.2, 4544.1]]}}, {"type": "Feature", "properties": {"name": null, "highway": "service", "trusted": 0.0}, "geometry": {"type": "LineString", "coordinates": [[45.3, 7304.3], [27.3, 7288.6], [9.6, 7273.2]]}}, {"type": "Feature", "properties": {"name": null, "highway": "service", "trusted": 0.0}, "geometry": {"type": "LineString", "coordinates": [[-29.9, 7184.4], [-23.2, 7171.4], [-29.6, 7166.6]]}}, {"type": "Feature", "properties": {"name": "L\u00ea Lai", "highway": "secondary", "trusted": 0.0}, "geometry": {"type": "LineString", "coordinates": [[3379.3, 2196.0], [3365.4, 2161.7], [3357.8, 2143.3], [3349.2, 2121.9]]}}, {"type": "Feature", "properties": {"name": null, "highway": "service", "trusted": 1.0}, "geometry": {"type": "MultiLineString", "coordinates": [[[4840.3, 3731.8], [4818.4, 3752.6], [4754.7, 3698.7], [4775.9, 3679.1], [4840.3, 3731.8]], [[4840.3, 3731.8], [4856.7, 3745.3], [4863.9, 3751.5], [4877.0, 3771.7], [4896.6, 3802.4]]]}}, {"type": "Feature", "properties": {"name": "Nguy\u1ec5n Th\u1ecb Ngh\u0129a", "highway": "primary", "trusted": 0.0}, "geometry": {"type": "LineString", "coordinates": [[3267.9, 2129.0], [3065.1, 2246.3], [3035.2, 2262.2]]}}, {"type": "Feature", "properties": {"name": "Nguy\u1ec5n C\u01b0 Trinh", "highway": "tertiary", "trusted": 0.0}, "geometry": {"type": "LineString", "coordinates": [[1446.3, 1073.7], [1444.0, 1099.4], [1540.3, 1370.5], [1559.6, 1386.1]]}}, {"type": "Feature", "properties": {"name": "Nguy\u1ec5n C\u01b0 Trinh", "highway": "tertiary", "trusted": 0.0}, "geometry": {"type": "LineString", "coordinates": [[1612.4, 1528.9], [1569.5, 1415.9]]}}, {"type": "Feature", "properties": {"name": null, "highway": "service", "trusted": 0.58}, "geometry": {"type": "LineString", "coordinates": [[5147.2, 3157.3], [5368.1, 3319.0], [5372.2, 3327.0], [5372.5, 3333.4], [5368.4, 3341.8], [5283.3, 3426.5], [5200.2, 3509.4], [5193.8, 3513.3], [5153.5, 3540.7], [5147.4, 3537.9], [5082.3, 3476.6], [4978.7, 3377.5]]}}, {"type": "Feature", "properties": {"name": null, "highway": "service", "trusted": 1.0}, "geometry": {"type": "LineString", "coordinates": [[5372.7, 3514.7], [5361.0, 3502.9], [5331.1, 3473.0], [5283.3, 3426.5]]}}, {"type": "Feature", "properties": {"name": null, "highway": "service", "trusted": 0.0}, "geometry": {"type": "LineString", "coordinates": [[5082.3, 3476.6], [5034.1, 3528.8], [5028.8, 3534.4], [5013.7, 3550.6]]}}, {"type": "Feature", "properties": {"name": "C\u1ea7u Calmette", "highway": "secondary", "trusted": 1.0}, "geometry": {"type": "LineString", "coordinates": [[2383.3, 3885.7], [2346.5, 3895.8], [2339.1, 3900.6]]}}, {"type": "Feature", "properties": {"name": "L\u00ea Du\u1ea9n", "highway": "primary", "trusted": 1.0}, "geometry": {"type": "LineString", "coordinates": [[8289.7, 5092.9], [8255.9, 5064.0]]}}, {"type": "Feature", "properties": {"name": null, "highway": "primary", "trusted": 1.0}, "geometry": {"type": "LineString", "coordinates": [[8255.9, 5064.0], [8234.4, 5085.3]]}}, {"type": "Feature", "properties": {"name": null, "highway": "primary", "trusted": 1.0}, "geometry": {"type": "LineString", "coordinates": [[8269.8, 5113.8], [8289.7, 5092.9]]}}, {"type": "Feature", "properties": {"name": "L\u00ea Du\u1ea9n", "highway": "primary", "trusted": 1.0}, "geometry": {"type": "LineString", "coordinates": [[8452.5, 5224.3], [8329.4, 5126.0], [8314.4, 5113.8], [8289.7, 5092.9]]}}, {"type": "Feature", "properties": {"name": "Calmette", "highway": "tertiary", "trusted": 1.0}, "geometry": {"type": "LineString", "coordinates": [[2383.3, 3885.7], [2329.0, 3874.9], [2222.0, 3950.8], [2156.6, 3992.7], [2054.9, 4064.5], [2022.8, 4087.5], [1976.3, 4113.7], [1959.9, 4119.2], [1943.1, 4121.7]]}}, {"type": "Feature", "properties": {"name": "H\u1ebbm 15 B\u00e0 L\u00ea Ch\u00e2n", "highway": "service", "trusted": 0.0}, "geometry": {"type": "LineString", "coordinates": [[10246.3, 791.6], [10183.5, 974.5]]}}, {"type": "Feature", "properties": {"name": "K\u00fd Con", "highway": "tertiary", "trusted": 1.0}, "geometry": {"type": "LineString", "coordinates": [[2173.9, 3639.1], [2193.6, 3622.2], [2372.7, 3460.5], [2486.3, 3357.1], [2506.9, 3338.8]]}}, {"type": "Feature", "properties": {"name": null, "highway": "residential", "trusted": 0.0}, "geometry": {"type": "LineString", "coordinates": [[5681.5, 8521.7], [5665.2, 8512.3], [5650.5, 8504.0]]}}, {"type": "Feature", "properties": {"name": null, "highway": "tertiary", "trusted": 0.0}, "geometry": {"type": "LineString", "coordinates": [[5665.3, 8549.7], [5649.2, 8540.4], [5634.1, 8532.6]]}}, {"type": "Feature", "properties": {"name": null, "highway": "tertiary", "trusted": 0.0}, "geometry": {"type": "LineString", "coordinates": [[5617.0, 8562.6], [5632.0, 8570.5], [5648.2, 8579.7]]}}, {"type": "Feature", "properties": {"name": null, "highway": "residential", "trusted": 0.0}, "geometry": {"type": "LineString", "coordinates": [[5599.9, 8592.5], [5614.6, 8601.1], [5630.7, 8610.3]]}}, {"type": "Feature", "properties": {"name": "\u0110\u01b0\u1eddng Phan Ng\u1eef", "highway": "service", "trusted": 1.0}, "geometry": {"type": "LineString", "coordinates": [[10013.0, 2829.8], [10059.0, 2760.5]]}}, {"type": "Feature", "properties": {"name": "Hai B\u00e0 Tr\u01b0ng", "highway": "primary", "trusted": 0.5}, "geometry": {"type": "LineString", "coordinates": [[9159.4, 1543.0], [8927.3, 1820.6], [8684.8, 2008.4], [8678.6, 2015.8]]}}, {"type": "Feature", "properties": {"name": "L\u00ea Du\u1ea9n", "highway": "primary", "trusted": 1.0}, "geometry": {"type": "LineString", "coordinates": [[8269.8, 5113.8], [8295.2, 5134.0], [8433.3, 5243.6]]}}, {"type": "Feature", "properties": {"name": "H\u1ebbm 12 Nguy\u1ec5n Th\u1ecb Minh Khai", "highway": "service", "trusted": 1.0}, "geometry": {"type": "LineString", "coordinates": [[9440.0, 4693.6], [9344.2, 4617.0], [9352.2, 4552.7], [9367.4, 4534.6], [9381.1, 4505.3], [9386.8, 4479.5]]}}, {"type": "Feature", "properties": {"name": null, "highway": "residential", "trusted": 0.0}, "geometry": {"type": "LineString", "coordinates": [[3230.0, 8081.1], [3222.9, 8123.7], [3242.6, 8226.2], [3268.1, 8357.7]]}}, {"type": "Feature", "properties": {"name": null, "highway": "residential", "trusted": 0.0}, "geometry": {"type": "LineString", "coordinates": [[3268.1, 8357.7], [3294.2, 8523.7]]}}, {"type": "Feature", "properties": {"name": null, "highway": "residential", "trusted": 0.0}, "geometry": {"type": "LineString", "coordinates": [[3294.2, 8523.7], [3331.0, 8759.7], [3346.8, 8835.1]]}}, {"type": "Feature", "properties": {"name": null, "highway": "residential", "trusted": 0.0}, "geometry": {"type": "LineString", "coordinates": [[4014.3, 8212.0], [4016.9, 8241.7]]}}, {"type": "Feature", "properties": {"name": null, "highway": "residential", "trusted": 0.0}, "geometry": {"type": "LineString", "coordinates": [[3612.2, 8276.3], [3617.3, 8306.5]]}}, {"type": "Feature", "properties": {"name": null, "highway": "residential", "trusted": 0.0}, "geometry": {"type": "LineString", "coordinates": [[3624.1, 8348.1], [3628.7, 8379.1]]}}, {"type": "Feature", "properties": {"name": null, "highway": "residential", "trusted": 0.0}, "geometry": {"type": "LineString", "coordinates": [[4021.0, 8284.0], [4023.9, 8313.7]]}}, {"type": "Feature", "properties": {"name": "V\u00f5 V\u0103n T\u1ea7n", "highway": "secondary", "trusted": 1.0}, "geometry": {"type": "LineString", "coordinates": [[5122.4, 726.0], [5040.9, 644.5], [4875.6, 487.0], [4855.7, 469.2], [4765.9, 388.6], [4690.3, 318.5], [4672.3, 303.2]]}}, {"type": "Feature", "properties": {"name": "Nguy\u1ec5n Th\u1ecb Minh Khai", "highway": "primary", "trusted": 1.0}, "geometry": {"type": "LineString", "coordinates": [[10117.7, 5877.9], [10085.9, 5846.5], [10063.7, 5824.6], [10018.2, 5780.7], [9970.2, 5738.2]]}}, {"type": "Feature", "properties": {"name": "Mai Ch\u00ed Th\u1ecd", "highway": "primary", "trusted": 0.0}, "geometry": {"type": "LineString", "coordinates": [[3462.3, 8287.7], [3432.9, 8118.1]]}}, {"type": "Feature", "properties": {"name": "Mai Ch\u00ed Th\u1ecd", "highway": "trunk", "trusted": 0.0}, "geometry": {"type": "LineString", "coordinates": [[3447.5, 8293.9], [3418.1, 8119.2]]}}, {"type": "Feature", "properties": {"name": "Mai Ch\u00ed Th\u1ecd", "highway": "primary", "trusted": 0.0}, "geometry": {"type": "LineString", "coordinates": [[3427.8, 8468.8], [3475.3, 8743.0]]}}, {"type": "Feature", "properties": {"name": "Mai Ch\u00ed Th\u1ecd", "highway": "trunk", "trusted": 0.0}, "geometry": {"type": "LineString", "coordinates": [[3474.9, 8457.2], [3447.5, 8293.9]]}}, {"type": "Feature", "properties": {"name": "Mai Ch\u00ed Th\u1ecd", "highway": "primary", "trusted": 0.0}, "geometry": {"type": "LineString", "coordinates": [[3400.6, 8311.6], [3427.8, 8468.8]]}}, {"type": "Feature", "properties": {"name": "Mai Ch\u00ed Th\u1ecd", "highway": "primary", "trusted": 0.0}, "geometry": {"type": "LineString", "coordinates": [[3490.7, 8451.5], [3462.3, 8287.7]]}}, {"type": "Feature", "properties": {"name": "Mai Ch\u00ed Th\u1ecd", "highway": "trunk", "trusted": 0.0}, "geometry": {"type": "LineString", "coordinates": [[3419.3, 8305.7], [3446.5, 8465.5]]}}, {"type": "Feature", "properties": {"name": "Mai Ch\u00ed Th\u1ecd", "highway": "trunk", "trusted": 0.0}, "geometry": {"type": "LineString", "coordinates": [[3446.5, 8465.5], [3493.4, 8740.6], [3501.2, 8810.5]]}}, {"type": "Feature", "properties": {"name": null, "highway": "residential", "trusted": 1.0}, "geometry": {"type": "LineString", "coordinates": [[4572.5, 777.8], [4622.5, 719.5], [4660.3, 716.4]]}}, {"type": "Feature", "properties": {"name": "Nam K\u1ef3 Kh\u1edfi Ngh\u0129a", "highway": "primary", "trusted": 0.0}, "geometry": {"type": "LineString", "coordinates": [[8240.0, 499.5], [8207.8, 539.8], [8195.4, 553.8]]}}, {"type": "Feature", "properties": {"name": "Nam K\u1ef3 Kh\u1edfi Ngh\u0129a", "highway": "primary", "trusted": 0.0}, "geometry": {"type": "LineString", "coordinates": [[8218.5, 576.8], [8231.9, 563.3], [8262.9, 532.0]]}}, {"type": "Feature", "properties": {"name": "\u0110i\u1ec7n Bi\u00ean Ph\u1ee7", "highway": "primary", "trusted": 1.0}, "geometry": {"type": "LineString", "coordinates": [[9904.8, 3274.2], [9929.0, 3296.9]]}}, {"type": "Feature", "properties": {"name": "\u0110inh Ti\u00ean Ho\u00e0ng", "highway": "primary", "trusted": 1.0}, "geometry": {"type": "LineString", "coordinates": [[9908.3, 3321.9], [9929.0, 3296.9]]}}, {"type": "Feature", "properties": {"name": "\u0110inh Ti\u00ean Ho\u00e0ng", "highway": "primary", "trusted": 1.0}, "geometry": {"type": "LineString", "coordinates": [[10034.0, 3163.4], [10061.9, 3124.0], [10096.5, 3082.5], [10159.7, 3004.8]]}}, {"type": "Feature", "properties": {"name": "Nguy\u1ec5n C\u01b0 Trinh", "highway": "tertiary", "trusted": 0.0}, "geometry": {"type": "LineString", "coordinates": [[1003.2, 12.6], [1100.7, 261.3], [1148.3, 382.5], [1233.7, 600.3], [1306.1, 785.0], [1315.0, 807.6]]}}, {"type": "Feature", "properties": {"name": "Ho\u00e0ng Sa", "highway": "tertiary", "trusted": 1.0}, "geometry": {"type": "LineString", "coordinates": [[10675.7, 4271.1], [10666.2, 4328.6]]}}, {"type": "Feature", "properties": {"name": "Tr\u01b0\u1eddng Sa", "highway": "tertiary", "trusted": 0.0}, "geometry": {"type": "LineString", "coordinates": [[11484.9, 1854.0], [11480.9, 1824.2], [11484.6, 1798.5], [11497.8, 1757.4], [11543.2, 1674.7], [11660.0, 1523.8], [11681.3, 1496.1], [11710.0, 1460.4]]}}, {"type": "Feature", "properties": {"name": "Tr\u01b0\u1eddng Sa", "highway": "tertiary", "trusted": 0.0}, "geometry": {"type": "LineString", "coordinates": [[11562.1, 2217.9], [11539.1, 2128.1], [11504.2, 2005.6], [11493.5, 1914.4]]}}, {"type": "Feature", "properties": {"name": "Tr\u01b0\u1eddng Sa", "highway": "tertiary", "trusted": 0.0}, "geometry": {"type": "LineString", "coordinates": [[11095.7, 3350.9], [11102.9, 3305.8]]}}, {"type": "Feature", "properties": {"name": null, "highway": "residential", "trusted": 0.0}, "geometry": {"type": "LineString", "coordinates": [[8635.0, 7402.2], [8643.7, 7412.0], [8648.2, 7417.3], [8663.3, 7414.9], [8676.4, 7403.4], [8680.1, 7394.4], [8683.4, 7381.5], [8679.1, 7374.2], [8673.4, 7364.4]]}}, {"type": "Feature", "properties": {"name": "H\u1ebbm 25 Tr\u01b0\u01a1ng \u0110\u1ecbnh", "highway": "service", "trusted": 1.0}, "geometry": {"type": "LineString", "coordinates": [[5353.7, 1209.3], [5329.2, 1185.8], [5297.6, 1155.9], [5249.1, 1121.8]]}}, {"type": "Feature", "properties": {"name": null, "highway": "service", "trusted": 1.0}, "geometry": {"type": "LineString", "coordinates": [[9941.3, 1714.4], [9935.6, 1711.4], [9897.2, 1691.6], [9869.1, 1675.4], [9855.5, 1663.2], [9829.9, 1629.1]]}}, {"type": "Feature", "properties": {"name": null, "highway": "service", "trusted": 0.0}, "geometry": {"type": "LineString", "coordinates": [[11301.7, 1635.1], [11245.7, 1637.3], [11211.3, 1642.7], [11203.1, 1644.0], [11198.7, 1680.0], [11197.9, 1686.0], [11199.1, 1750.3]]}}, {"type": "Feature", "properties": {"name": "H\u1ebbm 10 Tr\u1ea7n Nh\u1eadt Du\u1eadt", "highway": "residential", "trusted": 0.0}, "geometry": {"type": "LineString", "coordinates": [[11427.2, 511.2], [11424.2, 522.8], [11420.2, 530.0], [11416.1, 533.0], [11399.1, 537.5], [11274.9, 562.8]]}}, {"type": "Feature", "properties": {"name": null, "highway": "service", "trusted": 1.0}, "geometry": {"type": "LineString", "coordinates": [[2296.8, 4160.3], [2306.0, 4174.0], [2341.7, 4228.5], [2351.6, 4243.9]]}}, {"type": "Feature", "properties": {"name": null, "highway": "service", "trusted": 1.0}, "geometry": {"type": "LineString", "coordinates": [[2357.0, 4056.4], [2400.2, 4128.7]]}}, {"type": "Feature", "properties": {"name": "T\u00f4n \u0110\u1ee9c Th\u1eafng", "highway": "primary", "trusted": 1.0}, "geometry": {"type": "LineString", "coordinates": [[8105.1, 5275.3], [8222.1, 5162.2], [8241.7, 5142.8], [8269.8, 5113.8]]}}, {"type": "Feature", "properties": {"name": "Ho\u00e0ng Di\u1ec7u", "highway": "secondary", "trusted": 0.0}, "geometry": {"type": "LineString", "coordinates": [[504.1, 4286.0], [487.9, 4261.3], [394.9, 4118.4], [369.4, 4078.3]]}}, {"type": "Feature", "properties": {"name": "Nguy\u1ec5n H\u1eefu H\u00e0o", "highway": "tertiary", "trusted": 0.0}, "geometry": {"type": "LineString", "coordinates": [[504.1, 4286.0], [483.1, 4300.0]]}}, {"type": "Feature", "properties": {"name": "L\u00ea L\u1ee3i", "highway": "tertiary", "trusted": 1.0}, "geometry": {"type": "LineString", "coordinates": [[4392.1, 3902.6], [4370.4, 3883.3], [4061.6, 3615.3], [4028.4, 3586.9]]}}, {"type": "Feature", "properties": {"name": "L\u00ea L\u1ee3i", "highway": "tertiary", "trusted": 1.0}, "geometry": {"type": "LineString", "coordinates": [[4667.9, 4303.8], [4721.5, 4358.7], [4875.0, 4522.1], [4968.6, 4622.9], [4984.3, 4639.8], [5017.3, 4675.7]]}}, {"type": "Feature", "properties": {"name": "Hu\u1ef3nh Th\u00fac Kh\u00e1ng", "highway": "residential", "trusted": 1.0}, "geometry": {"type": "LineString", "coordinates": [[3882.1, 4211.0], [3894.5, 4233.0], [4026.4, 4534.6], [4048.8, 4567.5]]}}, {"type": "Feature", "properties": {"name": "L\u00ea L\u1ee3i", "highway": "tertiary", "trusted": 1.0}, "geometry": {"type": "LineString", "coordinates": [[4390.1, 3990.2], [4432.9, 4028.3], [4654.3, 4237.9], [4669.3, 4252.9], [4705.6, 4289.2]]}}, {"type": "Feature", "properties": {"name": "Calmette", "highway": "secondary", "trusted": 1.0}, "geometry": {"type": "LineString", "coordinates": [[3063.9, 3370.6], [3221.0, 3256.1]]}}, {"type": "Feature", "properties": {"name": "L\u00ea L\u1ee3i", "highway": "tertiary", "trusted": 1.0}, "geometry": {"type": "LineString", "coordinates": [[4366.2, 3929.3], [4345.1, 3910.5], [4033.8, 3642.3], [3996.4, 3609.5]]}}, {"type": "Feature", "properties": {"name": "V\u00f5 V\u0103n Ki\u1ec7t", "highway": "primary", "trusted": 1.0}, "geometry": {"type": "LineString", "coordinates": [[1698.0, 3846.1], [1689.6, 3802.6], [1678.5, 3779.5], [1650.2, 3728.0], [1620.4, 3679.2]]}}, {"type": "Feature", "properties": {"name": "Tr\u01b0\u01a1ng \u0110\u1ecbnh", "highway": "tertiary", "trusted": 0.0}, "geometry": {"type": "LineString", "coordinates": [[3670.3, 2911.5], [3730.9, 2878.1], [3779.6, 2847.0]]}}, {"type": "Feature", "properties": {"name": "Tr\u01b0\u01a1ng \u0110\u1ecbnh", "highway": "tertiary", "trusted": 0.0}, "geometry": {"type": "LineString", "coordinates": [[3974.5, 2709.9], [4200.2, 2528.7]]}}, {"type": "Feature", "properties": {"name": "L\u00ea Th\u1ecb H\u1ed3ng G\u1ea5m", "highway": "residential", "trusted": 1.0}, "geometry": {"type": "LineString", "coordinates": [[3415.2, 3751.9], [3247.8, 3570.1], [3182.1, 3494.9], [3063.9, 3370.6]]}}, {"type": "Feature", "properties": {"name": "Calmette", "highway": "secondary", "trusted": 1.0}, "geometry": {"type": "LineString", "coordinates": [[3221.0, 3256.1], [3302.8, 3197.8], [3355.2, 3163.1]]}}, {"type": "Feature", "properties": {"name": "K\u00fd Con", "highway": "tertiary", "trusted": 0.0}, "geometry": {"type": "LineString", "coordinates": [[2921.3, 2970.4], [3002.1, 2896.1], [3017.9, 2867.7]]}}, {"type": "Feature", "properties": {"name": "Nguy\u1ec5n Trung Tr\u1ef1c", "highway": "residential", "trusted": 1.0}, "geometry": {"type": "LineString", "coordinates": [[4392.1, 3902.6], [4406.4, 3887.8], [4421.1, 3872.5], [4517.6, 3772.9]]}}, {"type": "Feature", "properties": {"name": "Nguy\u1ec5n Trung Tr\u1ef1c", "highway": "residential", "trusted": 1.0}, "geometry": {"type": "LineString", "coordinates": [[4517.6, 3772.9], [4592.7, 3692.6], [4609.0, 3675.4], [4638.0, 3644.9]]}}, {"type": "Feature", "properties": {"name": "\u0110i\u1ec7n Bi\u00ean Ph\u1ee7", "highway": "trunk", "trusted": 0.0}, "geometry": {"type": "LineString", "coordinates": [[11477.1, 4760.9], [11377.9, 4669.9]]}}, {"type": "Feature", "properties": {"name": "\u0110i\u1ec7n Bi\u00ean Ph\u1ee7", "highway": "trunk", "trusted": 0.0}, "geometry": {"type": "LineString", "coordinates": [[11377.9, 4669.9], [11368.3, 4661.2], [11360.2, 4653.5], [11342.7, 4635.1]]}}, {"type": "Feature", "properties": {"name": "\u0110i\u1ec7n Bi\u00ean Ph\u1ee7", "highway": "primary", "trusted": 0.0}, "geometry": {"type": "LineString", "coordinates": [[11492.7, 4747.9], [11484.9, 4740.8], [11410.3, 4670.5]]}}, {"type": "Feature", "properties": {"name": "Calmette", "highway": "secondary", "trusted": 1.0}, "geometry": {"type": "LineString", "coordinates": [[2751.2, 3606.9], [2772.4, 3590.6], [3044.2, 3384.8], [3063.9, 3370.6]]}}, {"type": "Feature", "properties": {"name": "Nguy\u1ec5n Th\u00e1i B\u00ecnh", "highway": "residential", "trusted": 1.0}, "geometry": {"type": "LineString", "coordinates": [[3080.7, 3950.5], [3065.8, 3934.1], [3028.4, 3893.6], [2916.5, 3777.5], [2877.1, 3736.7], [2818.3, 3675.9], [2780.7, 3637.0], [2751.2, 3606.9]]}}, {"type": "Feature", "properties": {"name": "Ph\u00f3 \u0110\u1ee9c Ch\u00ednh", "highway": "tertiary", "trusted": 1.0}, "geometry": {"type": "LineString", "coordinates": [[2398.9, 4345.4], [2408.1, 4340.4], [2534.5, 4271.2], [2629.1, 4218.5], [2662.3, 4199.8]]}}, {"type": "Feature", "properties": {"name": null, "highway": "service", "trusted": 1.0}, "geometry": {"type": "LineString", "coordinates": [[2425.4, 6441.1], [2321.1, 6488.5]]}}, {"type": "Feature", "properties": {"name": null, "highway": "service", "trusted": 1.0}, "geometry": {"type": "LineString", "coordinates": [[8533.9, 4277.4], [8409.3, 4173.1]]}}, {"type": "Feature", "properties": {"name": null, "highway": "service", "trusted": 1.0}, "geometry": {"type": "LineString", "coordinates": [[9120.4, 5345.7], [9081.2, 5380.2]]}}, {"type": "Feature", "properties": {"name": null, "highway": "service", "trusted": 1.0}, "geometry": {"type": "LineString", "coordinates": [[8443.5, 4536.5], [8505.0, 4466.0], [8512.1, 4457.7], [8525.4, 4442.1]]}}, {"type": "Feature", "properties": {"name": null, "highway": "service", "trusted": 1.0}, "geometry": {"type": "LineString", "coordinates": [[10209.9, 4779.8], [10258.2, 4719.4]]}}, {"type": "Feature", "properties": {"name": null, "highway": "service", "trusted": 1.0}, "geometry": {"type": "LineString", "coordinates": [[9785.3, 4689.8], [9796.3, 4701.0], [9861.0, 4765.2]]}}, {"type": "Feature", "properties": {"name": "H\u1ebbm 4 Ph\u00f9ng Kh\u1eafc Khoan", "highway": "service", "trusted": 1.0}, "geometry": {"type": "LineString", "coordinates": [[7843.6, 3604.6], [7953.5, 3720.5], [7995.3, 3682.5]]}}, {"type": "Feature", "properties": {"name": null, "highway": "service", "trusted": 0.0}, "geometry": {"type": "LineString", "coordinates": [[8298.1, 1050.5], [8344.8, 1095.2]]}}, {"type": "Feature", "properties": {"name": null, "highway": "service", "trusted": 0.0}, "geometry": {"type": "LineString", "coordinates": [[1325.1, 759.4], [1390.0, 720.4]]}}, {"type": "Feature", "properties": {"name": "H\u1ebbm 122/10 Tr\u1ea7n \u0110\u00ecnh Xu", "highway": "service", "trusted": 0.0}, "geometry": {"type": "LineString", "coordinates": [[997.6, 355.7], [1018.7, 245.6]]}}, {"type": "Feature", "properties": {"name": null, "highway": "service", "trusted": 0.67}, "geometry": {"type": "LineString", "coordinates": [[1016.5, 2280.6], [1205.1, 2135.9], [1335.9, 1943.4]]}}, {"type": "Feature", "properties": {"name": null, "highway": "service", "trusted": 1.0}, "geometry": {"type": "LineString", "coordinates": [[1189.0, 2493.7], [1353.9, 2343.2], [1518.8, 2193.8]]}}, {"type": "Feature", "properties": {"name": "L\u00ea L\u1ee3i", "highway": "tertiary", "trusted": 1.0}, "geometry": {"type": "LineString", "coordinates": [[4705.6, 4289.2], [4751.8, 4337.0], [4996.7, 4600.2], [5009.0, 4613.5], [5017.3, 4675.7]]}}, {"type": "Feature", "properties": {"name": "L\u00ea L\u1ee3i", "highway": "tertiary", "trusted": 1.0}, "geometry": {"type": "LineString", "coordinates": [[4736.7, 4277.9], [4694.2, 4235.8], [4483.4, 4033.9], [4454.0, 4007.2], [4420.8, 3977.2]]}}, {"type": "Feature", "properties": {"name": "Nguy\u1ec5n Th\u1ecb Minh Khai", "highway": "primary", "trusted": 1.0}, "geometry": {"type": "LineString", "coordinates": [[9692.3, 5508.1], [9678.5, 5523.7]]}}, {"type": "Feature", "properties": {"name": "H\u1ebbm 42 H\u1ed3 H\u1ea3o H\u1edbn", "highway": "service", "trusted": 0.0}, "geometry": {"type": "LineString", "coordinates": [[555.4, 1395.9], [643.7, 1491.6], [719.9, 1576.1], [733.7, 1591.3], [738.4, 1594.0], [746.0, 1590.7], [754.6, 1587.4], [761.2, 1592.9], [802.9, 1636.8]]}}, {"type": "Feature", "properties": {"name": "H\u1ebbm 602 \u0110i\u1ec7n Bi\u00ean Ph\u1ee7", "highway": "service", "trusted": 0.0}, "geometry": {"type": "LineString", "coordinates": [[11360.0, 9118.6], [11408.5, 9168.1], [11440.6, 9150.5]]}}, {"type": "Feature", "properties": {"name": null, "highway": "service", "trusted": 0.0}, "geometry": {"type": "LineString", "coordinates": [[6831.1, 1185.8], [6863.2, 1216.1], [6872.9, 1225.3]]}}, {"type": "Feature", "properties": {"name": null, "highway": "service", "trusted": 0.0}, "geometry": {"type": "LineString", "coordinates": [[6599.6, 1267.6], [6569.7, 1298.2], [6556.3, 1311.9]]}}, {"type": "Feature", "properties": {"name": null, "highway": "service", "trusted": 0.0}, "geometry": {"type": "LineString", "coordinates": [[10850.4, 996.4], [10862.4, 988.0], [10875.5, 983.7]]}}, {"type": "Feature", "properties": {"name": "Pasteur", "highway": "secondary", "trusted": 1.0}, "geometry": {"type": "LineString", "coordinates": [[4370.1, 4420.1], [4387.2, 4413.0], [4488.3, 4371.9], [4548.8, 4348.3], [4631.0, 4317.8], [4645.5, 4312.3], [4667.9, 4303.8]]}}, {"type": "Feature", "properties": {"name": "L\u00ea L\u1ee3i", "highway": "tertiary", "trusted": 1.0}, "geometry": {"type": "LineString", "coordinates": [[4773.7, 4264.4], [4725.3, 4214.1], [4655.9, 4142.7], [4501.6, 4001.2], [4479.7, 3981.8], [4458.6, 3962.4]]}}, {"type": "Feature", "properties": {"name": "L\u00ea L\u1ee3i", "highway": "tertiary", "trusted": 1.0}, "geometry": {"type": "LineString", "coordinates": [[4351.7, 4006.4], [4406.7, 4054.4], [4628.8, 4264.3], [4639.0, 4274.5], [4667.9, 4303.8]]}}, {"type": "Feature", "properties": {"name": "Pasteur", "highway": "secondary", "trusted": 1.0}, "geometry": {"type": "LineString", "coordinates": [[4667.9, 4303.8], [4705.6, 4289.2]]}}, {"type": "Feature", "properties": {"name": null, "highway": "service", "trusted": 0.0}, "geometry": {"type": "LineString", "coordinates": [[11556.6, 2361.0], [11614.7, 2366.0], [11619.9, 2374.8], [11622.4, 2382.2], [11635.4, 2389.6]]}}, {"type": "Feature", "properties": {"name": null, "highway": "service", "trusted": 0.0}, "geometry": {"type": "LineString", "coordinates": [[12166.2, 2308.1], [12112.8, 2273.5]]}}, {"type": "Feature", "properties": {"name": "H\u1ebbm 15 Nguy\u1ec5n Th\u1ecb Minh Khai", "highway": "service", "trusted": 1.0}, "geometry": {"type": "LineString", "coordinates": [[8278.9, 4333.0], [8376.4, 4404.1], [8336.4, 4447.4], [8443.5, 4536.5]]}}, {"type": "Feature", "properties": {"name": null, "highway": "service", "trusted": 1.0}, "geometry": {"type": "LineString", "coordinates": [[5008.6, 2006.9], [4989.4, 2028.4]]}}, {"type": "Feature", "properties": {"name": null, "highway": "service", "trusted": 0.0}, "geometry": {"type": "LineString", "coordinates": [[6295.3, 1655.7], [6275.7, 1674.0]]}}, {"type": "Feature", "properties": {"name": null, "highway": "service", "trusted": 1.0}, "geometry": {"type": "LineString", "coordinates": [[5265.6, 2246.2], [5282.9, 2261.2]]}}, {"type": "Feature", "properties": {"name": null, "highway": "service", "trusted": 0.0}, "geometry": {"type": "LineString", "coordinates": [[9732.9, 8103.3], [9727.6, 8118.8], [9744.9, 8127.7], [9741.7, 8142.4], [9808.8, 8180.4], [9791.6, 8219.4]]}}, {"type": "Feature", "properties": {"name": null, "highway": "service", "trusted": 0.0}, "geometry": {"type": "LineString", "coordinates": [[9727.6, 8118.8], [9710.9, 8112.2]]}}, {"type": "Feature", "properties": {"name": null, "highway": "service", "trusted": 0.0}, "geometry": {"type": "LineString", "coordinates": [[1863.7, 213.0], [1726.2, 161.8]]}}, {"type": "Feature", "properties": {"name": "\u0110\u01b0\u1eddng N17", "highway": "residential", "trusted": 0.0}, "geometry": {"type": "LineString", "coordinates": [[3381.4, 9045.3], [3377.1, 9023.3], [3346.8, 8835.1], [3352.1, 8745.4], [3309.8, 8485.4]]}}, {"type": "Feature", "properties": {"name": "L\u00fd T\u1ef1 Tr\u1ecdng", "highway": "tertiary", "trusted": 0.0}, "geometry": {"type": "LineString", "coordinates": [[5179.2, 3702.8], [5201.7, 3723.0], [5354.5, 3860.4], [5458.7, 3954.3], [5496.6, 3988.5]]}}, {"type": "Feature", "properties": {"name": null, "highway": "service", "trusted": 1.0}, "geometry": {"type": "LineString", "coordinates": [[5703.1, 4147.8], [5713.8, 4136.1], [5720.9, 4127.8]]}}, {"type": "Feature", "properties": {"name": null, "highway": "service", "trusted": 1.0}, "geometry": {"type": "LineString", "coordinates": [[5720.9, 4127.8], [5756.1, 4088.8]]}}, {"type": "Feature", "properties": {"name": "Ho\u00e0ng Di\u1ec7u", "highway": "primary", "trusted": 0.0}, "geometry": {"type": "LineString", "coordinates": [[114.9, 3769.4], [214.4, 3906.5]]}}, {"type": "Feature", "properties": {"name": "\u0110\u01b0\u1eddng N11", "highway": "residential", "trusted": 0.0}, "geometry": {"type": "LineString", "coordinates": [[6105.5, 8836.8], [6180.1, 8753.0], [6236.4, 8689.8], [6314.8, 8601.7], [6466.3, 8433.4], [6476.1, 8422.5], [6516.0, 8378.1]]}}, {"type": "Feature", "properties": {"name": "Tr\u1ea7n B\u1ea1ch \u0110\u1eb1ng", "highway": "residential", "trusted": 0.0}, "geometry": {"type": "LineString", "coordinates": [[6105.5, 8836.8], [6073.2, 8810.2], [6018.5, 8765.3], [5974.9, 8730.1], [5917.0, 8685.7], [5836.9, 8626.5], [5754.2, 8569.9], [5727.4, 8552.1], [5718.9, 8546.6], [5713.1, 8542.8]]}}, {"type": "Feature", "properties": {"name": "T\u00f4n \u0110\u1ee9c Th\u1eafng", "highway": "primary", "trusted": 1.0}, "geometry": {"type": "LineString", "coordinates": [[8029.9, 5349.7], [8049.8, 5330.1], [8105.1, 5275.3]]}}, {"type": "Feature", "properties": {"name": "T\u00f4n \u0110\u1ee9c Th\u1eafng", "highway": "primary", "trusted": 1.0}, "geometry": {"type": "LineString", "coordinates": [[8072.3, 5247.9], [7997.6, 5324.4]]}}, {"type": "Feature", "properties": {"name": null, "highway": "service", "trusted": 1.0}, "geometry": {"type": "LineString", "coordinates": [[5553.8, 4357.7], [5571.3, 4336.4]]}}, {"type": "Feature", "properties": {"name": null, "highway": "service", "trusted": 1.0}, "geometry": {"type": "LineString", "coordinates": [[5491.7, 4436.2], [5504.5, 4420.1], [5509.3, 4414.3]]}}, {"type": "Feature", "properties": {"name": null, "highway": "service", "trusted": 1.0}, "geometry": {"type": "LineString", "coordinates": [[5445.0, 4392.5], [5456.7, 4376.3], [5461.7, 4369.5]]}}, {"type": "Feature", "properties": {"name": null, "highway": "service", "trusted": 1.0}, "geometry": {"type": "LineString", "coordinates": [[5505.5, 4318.1], [5529.7, 4288.6]]}}, {"type": "Feature", "properties": {"name": "H\u1ebbm 26/24 \u00d0\u1ed7 Quang \u00d0\u1ea7u", "highway": "service", "trusted": 0.0}, "geometry": {"type": "LineString", "coordinates": [[2341.9, 1221.1], [2314.3, 1242.6], [2295.3, 1217.6]]}}, {"type": "Feature", "properties": {"name": "H\u1ebbm 26/24 \u00d0\u1ed7 Quang \u00d0\u1ea7u", "highway": "service", "trusted": 0.0}, "geometry": {"type": "LineString", "coordinates": [[2314.3, 1242.6], [2321.3, 1250.6]]}}, {"type": "Feature", "properties": {"name": null, "highway": "residential", "trusted": 1.0}, "geometry": {"type": "LineString", "coordinates": [[2269.3, 6096.1], [2281.7, 6121.9]]}}, {"type": "Feature", "properties": {"name": null, "highway": "service", "trusted": 0.0}, "geometry": {"type": "LineString", "coordinates": [[11647.8, 4477.1], [11732.9, 4553.2]]}}, {"type": "Feature", "properties": {"name": "H\u1ebbm 53 Tr\u1ea7n Kh\u00e1nh D\u01b0", "highway": "service", "trusted": 0.0}, "geometry": {"type": "LineString", "coordinates": [[11306.6, 1503.1], [11336.9, 1527.6], [11340.8, 1546.2]]}}, {"type": "Feature", "properties": {"name": null, "highway": "service", "trusted": 0.25}, "geometry": {"type": "LineString", "coordinates": [[5703.7, 5213.3], [5720.1, 5162.4], [5679.2, 5121.7], [5649.1, 5143.6]]}}, {"type": "Feature", "properties": {"name": null, "highway": "service", "trusted": 1.0}, "geometry": {"type": "LineString", "coordinates": [[4783.6, 1017.2], [4774.4, 1026.4], [4727.1, 1071.0]]}}, {"type": "Feature", "properties": {"name": "H\u1ebbm 250 Hai B\u00e0 Tr\u01b0ng", "highway": "service", "trusted": 1.0}, "geometry": {"type": "LineString", "coordinates": [[9394.1, 1261.8], [9408.0, 1272.9], [9412.1, 1276.1], [9482.6, 1335.0]]}}, {"type": "Feature", "properties": {"name": "H\u1ebbm 250 Hai B\u00e0 Tr\u01b0ng", "highway": "service", "trusted": 1.0}, "geometry": {"type": "LineString", "coordinates": [[9513.1, 1287.5], [9482.6, 1335.0], [9432.5, 1401.8]]}}, {"type": "Feature", "properties": {"name": null, "highway": "service", "trusted": 0.0}, "geometry": {"type": "LineString", "coordinates": [[9495.9, 734.6], [9455.7, 781.5]]}}, {"type": "Feature", "properties": {"name": null, "highway": "service", "trusted": 0.0}, "geometry": {"type": "LineString", "coordinates": [[4494.5, 2942.4], [4413.2, 2989.6]]}}, {"type": "Feature", "properties": {"name": "H\u1ebbm 177 L\u00fd T\u1ef1 Tr\u1ecdng", "highway": "service", "trusted": 0.0}, "geometry": {"type": "LineString", "coordinates": [[4369.4, 2923.7], [4293.1, 2811.1], [4366.1, 2761.1]]}}, {"type": "Feature", "properties": {"name": null, "highway": "service", "trusted": 0.0}, "geometry": {"type": "LineString", "coordinates": [[9711.4, 7375.5], [9612.3, 7372.5]]}}, {"type": "Feature", "properties": {"name": "Nguy\u1ec5n Th\u1ecb Minh Khai", "highway": "primary", "trusted": 1.0}, "geometry": {"type": "LineString", "coordinates": [[9522.7, 5371.4], [9412.6, 5279.1], [9375.8, 5246.6], [9366.5, 5238.3], [9334.7, 5210.4]]}}, {"type": "Feature", "properties": {"name": "Nguy\u1ec5n Th\u1ecb Minh Khai", "highway": "primary", "trusted": 1.0}, "geometry": {"type": "LineString", "coordinates": [[9322.6, 5224.5], [9353.9, 5252.7], [9559.3, 5425.9], [9678.5, 5523.7]]}}, {"type": "Feature", "properties": {"name": null, "highway": "residential", "trusted": 0.0}, "geometry": {"type": "LineString", "coordinates": [[2588.6, 2332.9], [2553.3, 2363.9]]}}, {"type": "Feature", "properties": {"name": "Th\u1ee7 Khoa Hu\u00e2n", "highway": "residential", "trusted": 0.0}, "geometry": {"type": "LineString", "coordinates": [[4589.6, 3077.0], [4468.1, 3149.9], [4332.4, 3231.3], [4314.2, 3242.3]]}}, {"type": "Feature", "properties": {"name": "H\u1ebbm 48 M\u00ea Linh", "highway": "service", "trusted": 1.0}, "geometry": {"type": "LineString", "coordinates": [[9652.0, 7132.7], [9651.4, 7214.6]]}}, {"type": "Feature", "properties": {"name": "\u0110\u01b0\u1eddng n\u1ed9i b\u1ed9 Chung c\u01b0", "highway": "service", "trusted": 1.0}, "geometry": {"type": "LineString", "coordinates": [[2137.7, 5210.8], [2157.3, 5196.8], [2172.5, 5182.2], [2279.5, 5014.1], [2279.5, 5002.6], [2275.8, 4991.4]]}}, {"type": "Feature", "properties": {"name": "\u0110\u01b0\u1eddng n\u1ed9i b\u1ed9 Chung c\u01b0", "highway": "service", "trusted": 1.0}, "geometry": {"type": "LineString", "coordinates": [[2298.1, 4954.3], [2299.2, 4967.8], [2295.5, 4979.9], [2286.1, 4989.6], [2275.8, 4991.4]]}}, {"type": "Feature", "properties": {"name": null, "highway": "service", "trusted": 0.0}, "geometry": {"type": "LineString", "coordinates": [[448.1, 2519.5], [519.7, 2431.1]]}}, {"type": "Feature", "properties": {"name": null, "highway": "residential", "trusted": 1.0}, "geometry": {"type": "LineString", "coordinates": [[2968.4, 4120.9], [2888.0, 4169.6], [2831.9, 4205.6]]}}, {"type": "Feature", "properties": {"name": "Ho\u00e0ng Sa", "highway": "tertiary", "trusted": 0.5}, "geometry": {"type": "LineString", "coordinates": [[10815.4, 3921.4], [10826.0, 3985.2], [10824.1, 4015.7], [10814.0, 4055.4], [10705.6, 4157.3], [10692.5, 4217.7], [10684.0, 4249.8], [10675.7, 4271.1]]}}, {"type": "Feature", "properties": {"name": "Ho\u00e0ng Sa", "highway": "tertiary", "trusted": 1.0}, "geometry": {"type": "LineString", "coordinates": [[10666.2, 4328.6], [10631.3, 4543.7], [10607.3, 4664.8], [10588.2, 4786.4], [10533.6, 5058.6], [10524.8, 5106.8], [10509.3, 5191.9], [10494.0, 5265.7], [10476.4, 5339.0], [10456.4, 5412.0], [10434.0, 5484.3], [10418.1, 5537.2], [10400.2, 5589.4], [10380.4, 5642.1], [10364.0, 5681.5], [10346.4, 5720.6], [10343.0, 5727.8], [10338.7, 5734.4], [10333.4, 5740.3], [10324.8, 5747.1], [10315.2, 5751.8], [10098.4, 5841.5], [10085.9, 5846.5]]}}, {"type": "Feature", "properties": {"name": "Ho\u00e0ng Sa", "highway": "tertiary", "trusted": 0.0}, "geometry": {"type": "LineString", "coordinates": [[10859.2, 3303.4], [10837.4, 3640.5], [10818.5, 3859.3], [10815.4, 3921.4]]}}, {"type": "Feature", "properties": {"name": "Ho\u00e0ng Sa", "highway": "tertiary", "trusted": 0.0}, "geometry": {"type": "LineString", "coordinates": [[10865.6, 3247.9], [10859.2, 3303.4]]}}, {"type": "Feature", "properties": {"name": "Ho\u00e0ng Sa", "highway": "tertiary", "trusted": 0.0}, "geometry": {"type": "LineString", "coordinates": [[10862.0, 2846.0], [10871.6, 2941.8], [10879.0, 3010.5], [10889.0, 3095.9], [10871.9, 3207.1], [10865.6, 3247.9]]}}, {"type": "Feature", "properties": {"name": "Ho\u00e0ng Sa", "highway": "tertiary", "trusted": 0.0}, "geometry": {"type": "LineString", "coordinates": [[10852.7, 2751.6], [10862.0, 2846.0]]}}, {"type": "Feature", "properties": {"name": "Ho\u00e0ng Sa", "highway": "tertiary", "trusted": 0.0}, "geometry": {"type": "LineString", "coordinates": [[11454.2, 1479.3], [11388.4, 1558.1], [11322.6, 1654.5], [11305.7, 1685.8], [11297.1, 1716.9], [11285.8, 1768.1], [11287.4, 1797.4], [11299.0, 1900.6]]}}, {"type": "Feature", "properties": {"name": "Ho\u00e0ng Sa", "highway": "tertiary", "trusted": 0.0}, "geometry": {"type": "LineString", "coordinates": [[11299.0, 1900.6], [11307.6, 1964.2]]}}, {"type": "Feature", "properties": {"name": "Tr\u01b0\u1eddng Sa", "highway": "tertiary", "trusted": 0.0}, "geometry": {"type": "LineString", "coordinates": [[10949.5, 4461.4], [10940.2, 4492.1], [10933.7, 4547.7], [10949.0, 4571.8]]}}, {"type": "Feature", "properties": {"name": "Tr\u01b0\u1eddng Sa", "highway": "tertiary", "trusted": 0.0}, "geometry": {"type": "LineString", "coordinates": [[10949.0, 4571.8], [10974.0, 4493.6]]}}, {"type": "Feature", "properties": {"name": "Tr\u01b0\u1eddng Sa", "highway": "tertiary", "trusted": 0.0}, "geometry": {"type": "LineString", "coordinates": [[10949.0, 4571.8], [10948.7, 4534.4], [10948.0, 4501.3]]}}, {"type": "Feature", "properties": {"name": "Tr\u01b0\u1eddng Sa", "highway": "tertiary", "trusted": 0.0}, "geometry": {"type": "LineString", "coordinates": [[11048.3, 4145.5], [11032.4, 4161.0], [11026.0, 4182.6], [11017.6, 4232.8], [11015.1, 4283.5], [11004.6, 4341.7], [10994.4, 4364.1], [10972.4, 4393.3], [10958.3, 4426.6], [10949.5, 4461.4]]}}, {"type": "Feature", "properties": {"name": "Tr\u01b0\u1eddng Sa", "highway": "tertiary", "trusted": 0.0}, "geometry": {"type": "LineString", "coordinates": [[10948.0, 4501.3], [10949.5, 4461.4]]}}, {"type": "Feature", "properties": {"name": null, "highway": "service", "trusted": 0.0}, "geometry": {"type": "LineString", "coordinates": [[2480.9, 690.6], [2549.7, 630.9]]}}, {"type": "Feature", "properties": {"name": "L\u00ea Lai", "highway": "secondary", "trusted": 0.0}, "geometry": {"type": "LineString", "coordinates": [[2703.9, 515.4], [2669.0, 428.0]]}}, {"type": "Feature", "properties": {"name": "B\u00e0 Huy\u1ec7n Thanh Quan", "highway": "secondary", "trusted": 1.0}, "geometry": {"type": "LineString", "coordinates": [[4831.5, 1020.3], [4810.0, 1041.9]]}}, {"type": "Feature", "properties": {"name": "\u0110inh Ti\u00ean Ho\u00e0ng", "highway": "primary", "trusted": 1.0}, "geometry": {"type": "LineString", "coordinates": [[9929.0, 3296.9], [9952.2, 3268.2]]}}, {"type": "Feature", "properties": {"name": "Ng\u00e3 s\u00e1u Ph\u00f9 \u0110\u1ed5ng", "highway": "primary", "trusted": 0.0}, "geometry": {"type": "LineString", "coordinates": [[3775.7, 1846.9], [3778.6, 1836.2], [3780.2, 1830.0], [3782.0, 1811.0], [3780.4, 1793.3], [3773.8, 1777.4]]}}, {"type": "Feature", "properties": {"name": "Ng\u00e3 s\u00e1u Ph\u00f9 \u0110\u1ed5ng", "highway": "primary", "trusted": 0.0}, "geometry": {"type": "LineString", "coordinates": [[3759.9, 1875.7], [3768.7, 1862.9], [3775.7, 1846.9]]}}, {"type": "Feature", "properties": {"name": "Ng\u00e3 s\u00e1u Ph\u00f9 \u0110\u1ed5ng", "highway": "primary", "trusted": 0.0}, "geometry": {"type": "LineString", "coordinates": [[3773.8, 1777.4], [3763.5, 1766.0], [3762.7, 1765.1], [3749.7, 1758.8], [3736.8, 1758.0], [3722.9, 1762.3]]}}, {"type": "Feature", "properties": {"name": "Ng\u00e3 s\u00e1u Ph\u00f9 \u0110\u1ed5ng", "highway": "primary", "trusted": 0.0}, "geometry": {"type": "LineString", "coordinates": [[3691.2, 1861.6], [3697.9, 1873.1], [3704.4, 1879.7], [3706.6, 1881.9], [3717.0, 1886.8]]}}, {"type": "Feature", "properties": {"name": "Nguy\u1ec5n Th\u1ecb Ngh\u0129a", "highway": "primary", "trusted": 0.0}, "geometry": {"type": "LineString", "coordinates": [[3396.7, 2057.2], [3394.8, 2058.3], [3363.8, 2076.3], [3336.7, 2091.0]]}}, {"type": "Feature", "properties": {"name": null, "highway": "secondary", "trusted": 1.0}, "geometry": {"type": "LineString", "coordinates": [[6633.1, 3540.0], [6627.2, 3536.4], [6620.3, 3534.5], [6613.2, 3534.4], [6606.4, 3536.1]]}}, {"type": "Feature", "properties": {"name": "\u0110inh Ti\u00ean Ho\u00e0ng", "highway": "primary", "trusted": 1.0}, "geometry": {"type": "LineString", "coordinates": [[9970.7, 3244.6], [10034.0, 3163.4]]}}, {"type": "Feature", "properties": {"name": "Nguy\u1ec5n V\u0103n Giai", "highway": "tertiary", "trusted": 1.0}, "geometry": {"type": "LineString", "coordinates": [[10161.7, 3141.5], [10122.9, 3128.4], [10111.4, 3119.8], [10105.3, 3111.0], [10099.8, 3096.4], [10096.5, 3082.5]]}}, {"type": "Feature", "properties": {"name": "V\u00f5 Th\u1ecb S\u00e1u", "highway": "primary", "trusted": 1.0}, "geometry": {"type": "LineString", "coordinates": [[9748.2, 2135.8], [9560.1, 1940.0], [9507.8, 1888.1], [9433.0, 1814.8], [9379.8, 1761.3], [9327.8, 1709.2], [9271.6, 1653.3], [9266.1, 1648.0], [9187.8, 1570.9], [9171.3, 1554.7]]}}, {"type": "Feature", "properties": {"name": "Hai B\u00e0 Tr\u01b0ng", "highway": "primary", "trusted": 1.0}, "geometry": {"type": "LineString", "coordinates": [[7061.3, 3853.9], [7092.1, 3821.0], [7242.8, 3664.8]]}}, {"type": "Feature", "properties": {"name": null, "highway": "secondary", "trusted": 1.0}, "geometry": {"type": "LineString", "coordinates": [[6640.1, 3561.3], [6641.0, 3555.5], [6640.0, 3549.8], [6637.4, 3544.4], [6633.1, 3540.0]]}}, {"type": "Feature", "properties": {"name": null, "highway": "service", "trusted": 1.0}, "geometry": {"type": "LineString", "coordinates": [[8937.4, 5644.6], [8950.3, 5657.2], [8962.4, 5669.0], [9042.1, 5749.5], [9156.7, 5868.9]]}}, {"type": "Feature", "properties": {"name": null, "highway": "service", "trusted": 0.0}, "geometry": {"type": "LineString", "coordinates": [[3226.9, 1814.6], [3322.6, 1750.3]]}}, {"type": "Feature", "properties": {"name": "\u0110\u01b0\u1eddng Hai B\u00e0 Tr\u01b0ng", "highway": "primary", "trusted": 1.0}, "geometry": {"type": "LineString", "coordinates": [[7043.2, 3873.3], [7061.3, 3853.9]]}}, {"type": "Feature", "properties": {"name": "T\u00f4n \u0110\u1ee9c Th\u1eafng", "highway": "primary", "trusted": 0.0}, "geometry": {"type": "LineString", "coordinates": [[3522.6, 5979.1], [3480.7, 5974.2]]}}, {"type": "Feature", "properties": {"name": "V\u00f5 V\u0103n Ki\u1ec7t", "highway": "primary", "trusted": 1.0}, "geometry": {"type": "LineString", "coordinates": [[2501.7, 4717.8], [2576.9, 4792.6], [2623.1, 4854.2], [2658.6, 4904.9], [2693.0, 4962.2], [2715.5, 4991.6], [2741.5, 5015.0], [2769.9, 5032.6], [2805.1, 5048.9], [2847.0, 5066.0]]}}, {"type": "Feature", "properties": {"name": null, "highway": "primary", "trusted": 1.0}, "geometry": {"type": "LineString", "coordinates": [[2847.0, 5066.0], [2852.7, 5074.1], [2860.4, 5079.9], [2869.4, 5082.9], [2879.5, 5082.7], [2888.8, 5079.0], [2896.2, 5072.0], [2900.7, 5062.8]]}}, {"type": "Feature", "properties": {"name": null, "highway": "primary", "trusted": 1.0}, "geometry": {"type": "LineString", "coordinates": [[2900.7, 5062.8], [2902.0, 5052.4], [2900.6, 5044.7], [2896.7, 5036.6], [2891.2, 5030.0]]}}, {"type": "Feature", "properties": {"name": "Pasteur", "highway": "secondary", "trusted": 1.0}, "geometry": {"type": "LineString", "coordinates": [[3607.1, 4762.9], [3641.1, 4747.0]]}}, {"type": "Feature", "properties": {"name": "H\u00e0m Nghi", "highway": "primary", "trusted": 1.0}, "geometry": {"type": "LineString", "coordinates": [[3623.8, 4372.5], [3625.8, 4325.1]]}}, {"type": "Feature", "properties": {"name": null, "highway": "residential", "trusted": 0.0}, "geometry": {"type": "LineString", "coordinates": [[4920.3, 8232.0], [4859.2, 8224.2]]}}, {"type": "Feature", "properties": {"name": "Tr\u1ea7n B\u1ea1ch \u0110\u1eb1ng", "highway": "tertiary", "trusted": 0.0}, "geometry": {"type": "LineString", "coordinates": [[4912.5, 8266.8], [4853.4, 8256.7]]}}, {"type": "Feature", "properties": {"name": "Tr\u1ea7n B\u1ea1ch \u0110\u1eb1ng", "highway": "tertiary", "trusted": 0.0}, "geometry": {"type": "LineString", "coordinates": [[4847.9, 8293.4], [4904.9, 8302.4]]}}, {"type": "Feature", "properties": {"name": null, "highway": "residential", "trusted": 0.0}, "geometry": {"type": "LineString", "coordinates": [[4842.8, 8325.2], [4898.1, 8334.4]]}}, {"type": "Feature", "properties": {"name": "Ng\u00e3 n\u0103m C\u1ed1ng Qu\u1ef3nh", "highway": "secondary", "trusted": 0.0}, "geometry": {"type": "LineString", "coordinates": [[2246.5, 182.4], [2238.0, 181.6], [2229.0, 183.6]]}}, {"type": "Feature", "properties": {"name": "Tr\u1ea7n H\u01b0ng \u0110\u1ea1o", "highway": "primary", "trusted": 0.0}, "geometry": {"type": "LineString", "coordinates": [[2729.8, 2518.0], [2712.6, 2502.7], [2703.4, 2490.6]]}}, {"type": "Feature", "properties": {"name": "Ng\u00e3 s\u00e1u Ph\u00f9 \u0110\u1ed5ng", "highway": "primary", "trusted": 0.0}, "geometry": {"type": "LineString", "coordinates": [[3728.0, 1889.3], [3748.0, 1884.8]]}}, {"type": "Feature", "properties": {"name": "Nguy\u1ec5n Th\u1ecb Minh Khai", "highway": "primary", "trusted": 1.0}, "geometry": {"type": "LineString", "coordinates": [[4442.7, 703.2], [4467.4, 717.8], [4536.7, 782.7]]}}, {"type": "Feature", "properties": {"name": "Nguy\u1ec5n Th\u1ecb Minh Khai", "highway": "primary", "trusted": 1.0}, "geometry": {"type": "LineString", "coordinates": [[6027.8, 2118.5], [6165.6, 2250.5], [6178.0, 2262.6], [6369.4, 2453.3], [6384.1, 2468.2]]}}, {"type": "Feature", "properties": {"name": "V\u00f5 Th\u1ecb S\u00e1u", "highway": "primary", "trusted": 0.0}, "geometry": {"type": "LineString", "coordinates": [[7848.0, 207.4], [7757.3, 116.9]]}}, {"type": "Feature", "properties": {"name": "Nguy\u1ec5n \u0110\u00ecnh Chi\u1ec3u", "highway": "secondary", "trusted": 0.0}, "geometry": {"type": "LineString", "coordinates": [[6678.2, 1428.5], [6556.3, 1311.9], [6502.9, 1260.9], [6498.6, 1256.7], [6478.8, 1237.8], [6284.5, 1052.0]]}}, {"type": "Feature", "properties": {"name": "Ng\u00e3 s\u00e1u Ph\u00f9 \u0110\u1ed5ng", "highway": "primary", "trusted": 0.0}, "geometry": {"type": "LineString", "coordinates": [[3722.9, 1762.3], [3710.2, 1771.3], [3699.8, 1783.4]]}}, {"type": "Feature", "properties": {"name": "H\u1ebbm 65 Th\u1ee7 Khoa Hu\u00e2n", "highway": "service", "trusted": 0.0}, "geometry": {"type": "LineString", "coordinates": [[4794.3, 2870.0], [4726.7, 2789.1], [4668.4, 2837.6]]}}, {"type": "Feature", "properties": {"name": null, "highway": "service", "trusted": 0.0}, "geometry": {"type": "LineString", "coordinates": [[8618.3, 7193.3], [8426.9, 7400.8]]}}, {"type": "Feature", "properties": {"name": null, "highway": "service", "trusted": 0.0}, "geometry": {"type": "LineString", "coordinates": [[8343.9, 7321.8], [8540.1, 7119.7]]}}, {"type": "Feature", "properties": {"name": "\u0110i\u1ec7n Bi\u00ean Ph\u1ee7", "highway": "primary", "trusted": 0.0}, "geometry": {"type": "LineString", "coordinates": [[8362.9, 1743.7], [8534.8, 1910.3]]}}, {"type": "Feature", "properties": {"name": "Ph\u1ea1m Ng\u1ecdc Th\u1ea1ch", "highway": "tertiary", "trusted": 0.29}, "geometry": {"type": "LineString", "coordinates": [[8362.9, 1743.7], [8514.3, 1585.8], [8538.4, 1560.6], [8605.3, 1490.8], [8677.0, 1416.1], [8822.8, 1364.6], [8901.5, 1292.9]]}}, {"type": "Feature", "properties": {"name": "C\u00f4ng tr\u01b0\u1eddng Qu\u1ed1c t\u1ebf", "highway": "secondary", "trusted": 1.0}, "geometry": {"type": "LineString", "coordinates": [[7464.9, 2702.7], [7448.3, 2690.0], [7429.8, 2679.7], [7409.9, 2672.3], [7389.0, 2667.8], [7367.8, 2666.3], [7346.5, 2668.0], [7326.0, 2672.8], [7306.7, 2680.5], [7289.0, 2690.9], [7273.3, 2703.8]]}}, {"type": "Feature", "properties": {"name": "C\u00f4ng tr\u01b0\u1eddng Qu\u1ed1c t\u1ebf", "highway": "secondary", "trusted": 1.0}, "geometry": {"type": "LineString", "coordinates": [[7273.3, 2703.8], [7260.3, 2718.7], [7250.1, 2735.2], [7242.9, 2753.1], [7238.8, 2771.8], [7238.0, 2790.8], [7240.6, 2809.9], [7246.4, 2828.4], [7255.3, 2845.9], [7267.1, 2862.1], [7281.5, 2876.4]]}}, {"type": "Feature", "properties": {"name": "V\u00f5 Th\u1ecb S\u00e1u", "highway": "primary", "trusted": 1.0}, "geometry": {"type": "LineString", "coordinates": [[9159.4, 1543.0], [9036.7, 1423.6]]}}, {"type": "Feature", "properties": {"name": "Tr\u01b0\u1eddng Sa", "highway": "tertiary", "trusted": 0.0}, "geometry": {"type": "LineString", "coordinates": [[11066.0, 2882.1], [11057.1, 2821.4], [11052.6, 2762.8]]}}, {"type": "Feature", "properties": {"name": "Tr\u01b0\u1eddng Sa", "highway": "tertiary", "trusted": 0.0}, "geometry": {"type": "LineString", "coordinates": [[11493.5, 1914.4], [11484.9, 1854.0]]}}, {"type": "Feature", "properties": {"name": "Tr\u1ea7n Quang Kh\u1ea3i", "highway": "tertiary", "trusted": 0.4}, "geometry": {"type": "LineString", "coordinates": [[10371.4, 831.9], [10376.6, 866.8], [10414.5, 1120.9], [10405.1, 1184.3], [10417.4, 1338.6]]}}, {"type": "Feature", "properties": {"name": "Nguy\u1ec5n \u0110\u00ecnh Chi\u1ec3u", "highway": "secondary", "trusted": 0.33}, "geometry": {"type": "LineString", "coordinates": [[8070.7, 2763.5], [8048.8, 2741.9], [7689.1, 2483.8], [7423.0, 2236.9], [7332.3, 2054.0], [7039.1, 1773.6]]}}, {"type": "Feature", "properties": {"name": "Nam K\u1ef3 Kh\u1edfi Ngh\u0129a", "highway": "secondary", "trusted": 1.0}, "geometry": {"type": "LineString", "coordinates": [[3549.4, 4358.6], [3522.6, 4370.7], [3506.1, 4378.1]]}}, {"type": "Feature", "properties": {"name": "X\u00f4 Vi\u1ebft Ngh\u1ec7 T\u0129nh", "highway": "primary", "trusted": 0.25}, "geometry": {"type": "LineString", "coordinates": [[10895.1, 6655.6], [10802.3, 6567.0], [10755.5, 6523.8], [10619.9, 6392.7]]}}, {"type": "Feature", "properties": {"name": "X\u00f4 Vi\u1ebft Ngh\u1ec7 T\u0129nh", "highway": "primary", "trusted": 0.5}, "geometry": {"type": "LineString", "coordinates": [[10603.6, 6408.2], [10879.4, 6671.5]]}}, {"type": "Feature", "properties": {"name": "Nguy\u1ec5n Th\u00e1i B\u00ecnh", "highway": "residential", "trusted": 1.0}, "geometry": {"type": "LineString", "coordinates": [[2506.9, 3338.8], [2488.5, 3316.6], [2450.5, 3273.0], [2359.3, 3175.5], [2340.8, 3153.6]]}}, {"type": "Feature", "properties": {"name": "Tr\u1ea7n H\u01b0ng \u0110\u1ea1o", "highway": "primary", "trusted": 1.0}, "geometry": {"type": "LineString", "coordinates": [[3355.2, 3163.1], [3371.8, 3177.5], [3401.1, 3202.7], [3623.5, 3392.0]]}}, {"type": "Feature", "properties": {"name": "L\u00fd T\u1ef1 Tr\u1ecdng", "highway": "tertiary", "trusted": 0.0}, "geometry": {"type": "LineString", "coordinates": [[4200.2, 2528.7], [4306.9, 2678.2], [4349.0, 2737.2], [4366.1, 2761.1], [4377.3, 2776.9], [4428.8, 2849.6], [4494.5, 2942.4], [4589.6, 3077.0]]}}, {"type": "Feature", "properties": {"name": "Tr\u01b0\u01a1ng \u0110\u1ecbnh", "highway": "tertiary", "trusted": 0.0}, "geometry": {"type": "LineString", "coordinates": [[4200.2, 2528.7], [4473.9, 2228.5]]}}, {"type": "Feature", "properties": {"name": "T\u00f4n \u0110\u1ee9c Th\u1eafng", "highway": "primary", "trusted": 0.0}, "geometry": {"type": "LineString", "coordinates": [[7666.0, 5590.2], [7619.0, 5620.0], [7600.3, 5638.5], [7442.7, 5806.2]]}}, {"type": "Feature", "properties": {"name": "X\u00f4 Vi\u1ebft Ngh\u1ec7 T\u0129nh", "highway": "primary", "trusted": 0.0}, "geometry": {"type": "LineString", "coordinates": [[11328.0, 7099.3], [11514.3, 7273.0]]}}, {"type": "Feature", "properties": {"name": "X\u00f4 Vi\u1ebft Ngh\u1ec7 T\u0129nh", "highway": "primary", "trusted": 0.0}, "geometry": {"type": "LineString", "coordinates": [[11528.0, 7259.3], [11338.3, 7077.8]]}}, {"type": "Feature", "properties": {"name": "T\u00f4n \u0110\u1ee9c Th\u1eafng", "highway": "primary", "trusted": 0.6}, "geometry": {"type": "LineString", "coordinates": [[7251.4, 5999.7], [7225.9, 6017.9], [7166.3, 6094.8], [7147.5, 6112.8], [7126.2, 6138.1]]}}, {"type": "Feature", "properties": {"name": "Nam K\u1ef3 Kh\u1edfi Ngh\u0129a", "highway": "secondary", "trusted": 0.71}, "geometry": {"type": "LineString", "coordinates": [[5179.2, 3702.8], [5156.5, 3717.9], [5178.7, 3694.1], [4896.6, 3802.4], [4872.8, 3811.7], [4870.7, 3812.4], [4834.1, 3825.4]]}}, {"type": "Feature", "properties": {"name": "L\u00ea Th\u00e1nh T\u00f4n", "highway": "tertiary", "trusted": 1.0}, "geometry": {"type": "LineString", "coordinates": [[4834.1, 3825.4], [4797.2, 3791.7], [4673.2, 3677.0], [4638.0, 3644.9]]}}, {"type": "Feature", "properties": {"name": null, "highway": "secondary", "trusted": 1.0}, "geometry": {"type": "LineString", "coordinates": [[3655.4, 4311.8], [3625.8, 4325.1]]}}, {"type": "Feature", "properties": {"name": null, "highway": "service", "trusted": 0.0}, "geometry": {"type": "LineString", "coordinates": [[9673.2, 675.4], [9652.6, 718.9], [9637.3, 730.3]]}}, {"type": "Feature", "properties": {"name": "Tr\u1ea7n Qu\u1ed1c To\u1ea3n", "highway": "tertiary", "trusted": 0.0}, "geometry": {"type": "LineString", "coordinates": [[9673.2, 675.4], [9614.4, 639.5], [9474.1, 570.5], [9354.4, 515.7], [9247.0, 466.9]]}}, {"type": "Feature", "properties": {"name": null, "highway": "service", "trusted": 1.0}, "geometry": {"type": "LineString", "coordinates": [[8548.8, 3808.4], [8581.5, 3839.2]]}}, {"type": "Feature", "properties": {"name": null, "highway": "service", "trusted": 1.0}, "geometry": {"type": "LineString", "coordinates": [[8478.6, 3548.0], [8461.4, 3535.0], [8453.8, 3522.2], [8453.0, 3508.2], [8465.9, 3495.3], [8489.5, 3488.6], [8502.2, 3493.7], [8519.7, 3511.3]]}}, {"type": "Feature", "properties": {"name": "L\u00ea L\u1ee3i", "highway": "tertiary", "trusted": 1.0}, "geometry": {"type": "LineString", "coordinates": [[4458.6, 3962.4], [4392.1, 3902.6]]}}, {"type": "Feature", "properties": {"name": null, "highway": "residential", "trusted": 1.0}, "geometry": {"type": "LineString", "coordinates": [[4320.4, 3978.7], [4345.8, 3951.8]]}}, {"type": "Feature", "properties": {"name": null, "highway": "service", "trusted": 1.0}, "geometry": {"type": "LineString", "coordinates": [[4370.1, 4420.1], [4386.1, 4385.1], [4448.3, 4360.7], [4488.3, 4371.9]]}}, {"type": "Feature", "properties": {"name": null, "highway": "service", "trusted": 1.0}, "geometry": {"type": "LineString", "coordinates": [[4256.5, 4045.1], [4263.8, 4075.5], [4186.9, 4109.4], [4164.6, 4086.3]]}}, {"type": "Feature", "properties": {"name": null, "highway": "tertiary", "trusted": 0.0}, "geometry": {"type": "LineString", "coordinates": [[1397.1, 960.8], [1393.2, 966.0], [1390.9, 972.1], [1390.1, 978.6], [1390.5, 982.9], [1391.7, 987.1], [1393.6, 991.1], [1398.2, 997.0], [1404.4, 1001.2], [1411.5, 1003.5], [1419.0, 1003.6], [1420.0, 1003.4]]}}, {"type": "Feature", "properties": {"name": "Nguy\u1ec5n C\u01b0 Trinh", "highway": "tertiary", "trusted": 0.0}, "geometry": {"type": "LineString", "coordinates": [[1569.5, 1415.9], [1567.1, 1409.5], [1565.1, 1403.1], [1559.6, 1386.1]]}}, {"type": "Feature", "properties": {"name": "Tr\u1ea7n H\u01b0ng \u0110\u1ea1o", "highway": "primary", "trusted": 0.0}, "geometry": {"type": "LineString", "coordinates": [[991.2, 1051.9], [1013.4, 1072.1], [1067.1, 1120.9], [1167.7, 1210.0], [1230.7, 1265.6], [1253.8, 1285.4], [1322.8, 1344.8], [1371.4, 1386.5], [1390.9, 1403.3], [1482.6, 1482.2], [1489.3, 1487.9], [1507.2, 1503.6]]}}, {"type": "Feature", "properties": {"name": null, "highway": "secondary", "trusted": 1.0}, "geometry": {"type": "LineString", "coordinates": [[3586.1, 4342.5], [3549.4, 4358.6]]}}, {"type": "Feature", "properties": {"name": "Nguy\u1ec5n Th\u1ecb Minh Khai", "highway": "primary", "trusted": 1.0}, "geometry": {"type": "LineString", "coordinates": [[7806.8, 3788.3], [7816.6, 3798.9]]}}, {"type": "Feature", "properties": {"name": "B\u1ebfn V\u00e2n \u0110\u1ed3n", "highway": "secondary", "trusted": 0.0}, "geometry": {"type": "LineString", "coordinates": [[380.1, 3000.2], [413.1, 3026.0], [413.9, 3026.6], [437.4, 3045.0]]}}, {"type": "Feature", "properties": {"name": "Kh\u00e1nh H\u1ed9i", "highway": "secondary", "trusted": 0.0}, "geometry": {"type": "LineString", "coordinates": [[460.1, 3020.0], [437.4, 3045.0]]}}, {"type": "Feature", "properties": {"name": "Ng\u00e3 n\u0103m C\u1ed1ng Qu\u1ef3nh", "highway": "secondary", "trusted": 0.0}, "geometry": {"type": "LineString", "coordinates": [[2229.0, 183.6], [2221.1, 188.4]]}}, {"type": "Feature", "properties": {"name": "H\u1ebbm 47 Hu\u1ef3nh M\u1eabn \u0110\u1ea1t", "highway": "service", "trusted": 1.0}, "geometry": {"type": "LineString", "coordinates": [[9998.4, 6876.6], [9960.7, 7003.9], [9964.4, 7013.3], [9938.8, 7094.5], [9956.5, 7103.3], [9952.6, 7116.0]]}}, {"type": "Feature", "properties": {"name": null, "highway": "service", "trusted": 1.0}, "geometry": {"type": "LineString", "coordinates": [[9964.4, 7013.3], [9924.5, 7006.1]]}}, {"type": "Feature", "properties": {"name": "Ng\u00e3 n\u0103m C\u1ed1ng Qu\u1ef3nh", "highway": "secondary", "trusted": 0.0}, "geometry": {"type": "LineString", "coordinates": [[2227.7, 234.8], [2231.5, 236.3], [2235.5, 237.2], [2239.6, 237.6], [2243.7, 237.3], [2253.6, 233.9]]}}, {"type": "Feature", "properties": {"name": null, "highway": "tertiary", "trusted": 0.0}, "geometry": {"type": "LineString", "coordinates": [[1420.0, 1003.4], [1426.5, 1002.1], [1432.2, 998.4], [1436.4, 993.1], [1439.6, 987.7], [1440.9, 978.7]]}}, {"type": "Feature", "properties": {"name": null, "highway": "service", "trusted": 1.0}, "geometry": {"type": "LineString", "coordinates": [[10709.2, 2217.6], [10708.5, 2285.6], [10705.2, 2335.6], [10704.9, 2374.5], [10738.3, 2394.4]]}}, {"type": "Feature", "properties": {"name": "Nguy\u1ec5n Th\u1ecb Minh Khai", "highway": "primary", "trusted": 1.0}, "geometry": {"type": "LineString", "coordinates": [[3924.6, 144.3], [3901.2, 121.8]]}}, {"type": "Feature", "properties": {"name": null, "highway": "service", "trusted": 0.0}, "geometry": {"type": "LineString", "coordinates": [[11099.3, 3661.5], [11142.1, 3666.1], [11139.3, 3728.4]]}}, {"type": "Feature", "properties": {"name": null, "highway": "service", "trusted": 0.0}, "geometry": {"type": "LineString", "coordinates": [[11142.1, 3666.1], [11149.9, 3644.8]]}}, {"type": "Feature", "properties": {"name": "H\u1ebbm 95 L\u00ea Th\u1ecb Ri\u00eang", "highway": "service", "trusted": 0.0}, "geometry": {"type": "LineString", "coordinates": [[3476.1, 1104.6], [3459.3, 1105.9], [3421.5, 1081.2], [3389.4, 1062.3]]}}, {"type": "Feature", "properties": {"name": null, "highway": "service", "trusted": 0.0}, "geometry": {"type": "LineString", "coordinates": [[5948.9, 8464.5], [5940.6, 8469.3], [5933.6, 8472.2], [5927.9, 8473.3], [5923.1, 8475.4], [5918.6, 8480.2], [5891.3, 8525.9], [5889.9, 8531.6], [5891.7, 8537.5], [5896.4, 8542.2], [5902.8, 8545.7], [5909.6, 8546.5], [5915.3, 8544.1], [5920.2, 8539.6], [5945.1, 8496.8], [5947.6, 8489.8], [5947.5, 8481.1], [5947.2, 8472.9], [5948.9, 8464.5]]}}, {"type": "Feature", "properties": {"name": "H\u00e0m Nghi", "highway": "primary", "trusted": 1.0}, "geometry": {"type": "LineString", "coordinates": [[3566.3, 4779.9], [3564.7, 4819.6], [3556.6, 5015.4], [3553.9, 5092.9]]}}, {"type": "Feature", "properties": {"name": "H\u00e0m Nghi", "highway": "primary", "trusted": 1.0}, "geometry": {"type": "LineString", "coordinates": [[3594.9, 5074.0], [3597.3, 5016.8], [3604.6, 4818.8], [3607.1, 4762.9]]}}, {"type": "Feature", "properties": {"name": "Tr\u01b0\u1eddng Sa", "highway": "residential", "trusted": 1.0}, "geometry": {"type": "LineString", "coordinates": [[9125.8, 7084.9], [9042.3, 7241.4], [9018.9, 7259.6], [8998.9, 7279.5]]}}, {"type": "Feature", "properties": {"name": null, "highway": "service", "trusted": 1.0}, "geometry": {"type": "LineString", "coordinates": [[10338.5, 1771.0], [10332.3, 1771.3], [10246.4, 1774.4], [10220.6, 1776.1], [10200.5, 1759.4], [10203.9, 1740.1], [10195.7, 1722.1], [10204.8, 1708.5]]}}, {"type": "Feature", "properties": {"name": null, "highway": "service", "trusted": 1.0}, "geometry": {"type": "LineString", "coordinates": [[10338.5, 1811.4], [10332.6, 1812.0], [10275.2, 1817.8], [10274.6, 1836.7]]}}, {"type": "Feature", "properties": {"name": null, "highway": "service", "trusted": 1.0}, "geometry": {"type": "LineString", "coordinates": [[9752.4, 5438.6], [9860.9, 5525.9]]}}, {"type": "Feature", "properties": {"name": "K\u00fd Con", "highway": "tertiary", "trusted": 1.0}, "geometry": {"type": "LineString", "coordinates": [[1883.5, 3897.1], [1853.0, 3910.2], [1829.1, 3938.8]]}}, {"type": "Feature", "properties": {"name": "K\u00fd Con", "highway": "tertiary", "trusted": 1.0}, "geometry": {"type": "LineString", "coordinates": [[1829.1, 3938.8], [1860.7, 3922.4], [1883.5, 3897.1]]}}, {"type": "Feature", "properties": {"name": "Ph\u00f3 \u0110\u1ee9c Ch\u00ednh", "highway": "tertiary", "trusted": 1.0}, "geometry": {"type": "LineString", "coordinates": [[2356.9, 4372.9], [2398.9, 4345.4]]}}, {"type": "Feature", "properties": {"name": "H\u1ebbm 145 \u00d0\u1ec1 Th\u00e1m", "highway": "service", "trusted": 1.0}, "geometry": {"type": "LineString", "coordinates": [[1837.8, 2158.2], [1829.9, 2159.1], [1813.0, 2162.9], [1783.5, 2177.9]]}}, {"type": "Feature", "properties": {"name": null, "highway": "service", "trusted": 1.0}, "geometry": {"type": "LineString", "coordinates": [[1705.6, 2179.7], [1691.0, 2212.8], [1666.1, 2214.2], [1653.8, 2212.7]]}}, {"type": "Feature", "properties": {"name": null, "highway": "service", "trusted": 0.0}, "geometry": {"type": "LineString", "coordinates": [[1760.6, 1891.1], [1732.7, 1866.7], [1703.7, 1838.8]]}}, {"type": "Feature", "properties": {"name": null, "highway": "service", "trusted": 0.0}, "geometry": {"type": "LineString", "coordinates": [[1737.4, 2000.2], [1704.6, 2002.6], [1689.8, 2003.7], [1632.9, 1990.5]]}}, {"type": "Feature", "properties": {"name": "\u0110i\u1ec7n Bi\u00ean Ph\u1ee7", "highway": "primary", "trusted": 0.0}, "geometry": {"type": "LineString", "coordinates": [[7690.5, 1090.8], [7983.7, 1375.4]]}}, {"type": "Feature", "properties": {"name": "B\u00f9i Th\u1ecb Xu\u00e2n", "highway": "tertiary", "trusted": 0.0}, "geometry": {"type": "LineString", "coordinates": [[3589.5, 595.6], [3468.5, 483.5]]}}, {"type": "Feature", "properties": {"name": "L\u00ea Th\u1ecb Ri\u00eang", "highway": "tertiary", "trusted": 0.0}, "geometry": {"type": "LineString", "coordinates": [[3524.2, 642.0], [3471.7, 538.6], [3468.5, 483.5]]}}, {"type": "Feature", "properties": {"name": null, "highway": "service", "trusted": 1.0}, "geometry": {"type": "LineString", "coordinates": [[9807.5, 1862.4], [9752.1, 1966.1], [9708.0, 1903.8]]}}, {"type": "Feature", "properties": {"name": null, "highway": "service", "trusted": 1.0}, "geometry": {"type": "LineString", "coordinates": [[9709.2, 1633.9], [9749.8, 1651.8], [9794.1, 1683.4]]}}, {"type": "Feature", "properties": {"name": null, "highway": "service", "trusted": 1.0}, "geometry": {"type": "LineString", "coordinates": [[10165.7, 1621.6], [10140.7, 1690.6]]}}, {"type": "Feature", "properties": {"name": "H\u1ebbm 90 Th\u1ea1ch Th\u1ecb Thanh", "highway": "service", "trusted": 1.0}, "geometry": {"type": "LineString", "coordinates": [[10213.8, 1550.1], [10057.0, 1481.6], [10052.0, 1479.4]]}}, {"type": "Feature", "properties": {"name": "Mai Th\u1ecb L\u1ef1u", "highway": "residential", "trusted": 0.0}, "geometry": {"type": "LineString", "coordinates": [[10659.3, 3239.7], [10649.8, 3297.2]]}}, {"type": "Feature", "properties": {"name": "H\u1ebbm 120 Mai Th\u1ecb L\u1ef1u", "highway": "service", "trusted": 0.0}, "geometry": {"type": "LineString", "coordinates": [[10703.1, 3340.2], [10727.6, 3346.7], [10742.4, 3349.9], [10761.2, 3352.6], [10779.2, 3357.3], [10788.8, 3359.7]]}}, {"type": "Feature", "properties": {"name": "B\u00f9i Th\u1ecb Xu\u00e2n", "highway": "tertiary", "trusted": 0.71}, "geometry": {"type": "LineString", "coordinates": [[3854.6, 933.7], [3822.5, 904.1], [3789.4, 873.5], [3766.7, 852.5], [3688.7, 777.2], [3642.4, 643.5], [3589.5, 595.6]]}}, {"type": "Feature", "properties": {"name": null, "highway": "service", "trusted": 1.0}, "geometry": {"type": "LineString", "coordinates": [[3860.5, 1179.0], [3812.7, 1190.7]]}}, {"type": "Feature", "properties": {"name": "H\u1ebbm 18Bis Nguy\u1ec5n Th\u1ecb Minh Khai", "highway": "service", "trusted": 1.0}, "geometry": {"type": "LineString", "coordinates": [[8454.4, 3899.0], [8486.1, 3912.3], [8492.4, 3910.4], [8500.4, 3904.4], [8526.5, 3882.8]]}}, {"type": "Feature", "properties": {"name": "L\u00ea Th\u1ecb H\u1ed3ng G\u1ea5m", "highway": "residential", "trusted": 0.75}, "geometry": {"type": "LineString", "coordinates": [[2732.1, 2975.1], [2529.1, 2789.9], [2435.8, 2689.6], [2415.4, 2665.5]]}}, {"type": "Feature", "properties": {"name": "Yersin", "highway": "tertiary", "trusted": 0.0}, "geometry": {"type": "LineString", "coordinates": [[2732.1, 2975.1], [2839.4, 2922.7], [2841.6, 2921.6], [2974.6, 2870.6], [3007.3, 2858.1]]}}, {"type": "Feature", "properties": {"name": "Nguy\u1ec5n C\u00f4ng Tr\u1ee9", "highway": "tertiary", "trusted": 0.5}, "geometry": {"type": "LineString", "coordinates": [[3258.6, 5203.5], [3246.5, 5175.3], [3183.7, 4975.7], [3169.6, 4943.1]]}}, {"type": "Feature", "properties": {"name": "Nguy\u1ec5n H\u1eefu C\u1ea3nh", "highway": "primary", "trusted": 0.0}, "geometry": {"type": "LineString", "coordinates": [[7995.1, 6596.1], [7959.8, 6565.3], [7800.8, 6426.1]]}}, {"type": "Feature", "properties": {"name": "T\u00f4n \u0110\u1ee9c Th\u1eafng", "highway": "primary", "trusted": 0.0}, "geometry": {"type": "LineString", "coordinates": [[7341.3, 6027.0], [7372.4, 5993.9], [7382.9, 5982.6]]}}, {"type": "Feature", "properties": {"name": "Nguy\u1ec5n Du", "highway": "tertiary", "trusted": 1.0}, "geometry": {"type": "LineString", "coordinates": [[6287.1, 4059.2], [6211.5, 3994.9]]}}, {"type": "Feature", "properties": {"name": "\u0110\u1ed3ng Kh\u1edfi", "highway": "tertiary", "trusted": 0.6}, "geometry": {"type": "LineString", "coordinates": [[6211.5, 3994.9], [6181.7, 4027.1], [6138.2, 4074.0], [5895.0, 4323.0], [5868.6, 4350.5]]}}, {"type": "Feature", "properties": {"name": "L\u00fd T\u1ef1 Tr\u1ecdng", "highway": "tertiary", "trusted": 0.17}, "geometry": {"type": "LineString", "coordinates": [[5496.6, 3988.5], [5512.1, 4003.2], [5612.5, 4098.8], [5703.1, 4147.8], [5846.4, 4328.3], [5868.6, 4350.5]]}}, {"type": "Feature", "properties": {"name": "L\u00ea Th\u00e1nh T\u00f4n", "highway": "tertiary", "trusted": 0.17}, "geometry": {"type": "LineString", "coordinates": [[6050.1, 4958.7], [6027.2, 4938.8], [5899.1, 4827.8], [5757.7, 4698.2], [5651.7, 4606.7], [5657.7, 4589.3]]}}, {"type": "Feature", "properties": {"name": "Hai B\u00e0 Tr\u01b0ng", "highway": "primary", "trusted": 0.0}, "geometry": {"type": "LineString", "coordinates": [[6050.1, 4958.7], [6066.0, 4941.7], [6164.5, 4836.1], [6272.8, 4723.3]]}}, {"type": "Feature", "properties": {"name": "\u0110\u1ed3ng Kh\u1edfi", "highway": "tertiary", "trusted": 0.2}, "geometry": {"type": "LineString", "coordinates": [[5868.6, 4350.5], [5748.4, 4475.4], [5709.3, 4516.0], [5655.6, 4571.8], [5657.7, 4589.3]]}}, {"type": "Feature", "properties": {"name": "\u0110\u1ed3ng Kh\u1edfi", "highway": "tertiary", "trusted": 1.0}, "geometry": {"type": "LineString", "coordinates": [[5657.7, 4589.3], [5643.1, 4605.0], [5435.6, 4827.7], [5426.8, 4837.2], [5376.8, 4890.7], [5319.3, 4952.1], [5303.3, 4969.1], [5257.7, 5017.5], [5215.7, 5061.9], [5114.4, 5168.0], [5005.8, 5281.0]]}}, {"type": "Feature", "properties": {"name": "Nguy\u1ec5n H\u1eefu C\u1ea3nh", "highway": "primary", "trusted": 0.0}, "geometry": {"type": "LineString", "coordinates": [[7904.2, 6576.5], [7925.1, 6594.6], [7930.8, 6599.6], [7964.3, 6628.4]]}}, {"type": "Feature", "properties": {"name": "Riverview 9", "highway": "residential", "trusted": 0.0}, "geometry": {"type": "LineString", "coordinates": [[7964.3, 6628.4], [7951.6, 6640.1], [7910.9, 6681.7]]}}, {"type": "Feature", "properties": {"name": "Nguy\u1ec5n H\u1eefu C\u1ea3nh", "highway": "primary", "trusted": 0.0}, "geometry": {"type": "LineString", "coordinates": [[7964.3, 6628.4], [8008.6, 6666.9], [8021.8, 6678.4]]}}, {"type": "Feature", "properties": {"name": "\u0110\u01b0\u1eddng N17", "highway": "residential", "trusted": 0.0}, "geometry": {"type": "LineString", "coordinates": [[3292.7, 8380.0], [3246.4, 8107.7], [3230.0, 8081.1]]}}, {"type": "Feature", "properties": {"name": "L\u00fd T\u1ef1 Tr\u1ecdng", "highway": "tertiary", "trusted": 0.0}, "geometry": {"type": "LineString", "coordinates": [[6272.8, 4723.3], [6427.1, 4869.2], [6655.6, 5085.2]]}}, {"type": "Feature", "properties": {"name": null, "highway": "service", "trusted": 1.0}, "geometry": {"type": "LineString", "coordinates": [[1175.6, 2876.4], [1134.1, 2819.1], [1127.1, 2820.4], [1120.6, 2816.6], [1080.6, 2839.9], [1063.6, 2847.8]]}}, {"type": "Feature", "properties": {"name": null, "highway": "service", "trusted": 0.0}, "geometry": {"type": "LineString", "coordinates": [[10655.3, 8939.2], [10655.3, 8966.1], [10661.4, 8980.8], [10679.8, 8994.2]]}}, {"type": "Feature", "properties": {"name": null, "highway": "service", "trusted": 0.0}, "geometry": {"type": "LineString", "coordinates": [[10716.9, 8960.6], [10688.0, 8953.0], [10663.1, 8959.9], [10655.3, 8966.1], [10648.8, 8968.4], [10645.9, 8969.0], [10634.1, 8969.2], [10593.7, 8969.7]]}}, {"type": "Feature", "properties": {"name": "H\u1ebbm 98 \u0110o\u00e0n V\u0103n B\u01a1", "highway": "service", "trusted": 1.0}, "geometry": {"type": "LineString", "coordinates": [[988.8, 4802.8], [1061.1, 4869.4]]}}, {"type": "Feature", "properties": {"name": "H\u1ebbm 240 L\u00ea Th\u00e1nh T\u00f4n", "highway": "service", "trusted": 0.0}, "geometry": {"type": "LineString", "coordinates": [[4133.7, 2771.8], [4197.7, 2869.2]]}}, {"type": "Feature", "properties": {"name": "H\u1ebbm 240 L\u00ea Th\u00e1nh T\u00f4n", "highway": "service", "trusted": 0.0}, "geometry": {"type": "LineString", "coordinates": [[4133.7, 2771.8], [4100.4, 2714.3]]}}, {"type": "Feature", "properties": {"name": "Tr\u1ea7n B\u1ea1ch \u0110\u1eb1ng", "highway": "tertiary", "trusted": 0.0}, "geometry": {"type": "LineString", "coordinates": [[5697.2, 8569.8], [5665.3, 8549.7]]}}, {"type": "Feature", "properties": {"name": null, "highway": "residential", "trusted": 0.0}, "geometry": {"type": "LineString", "coordinates": [[5713.1, 8542.8], [5681.5, 8521.7]]}}, {"type": "Feature", "properties": {"name": "Tr\u1ea7n B\u1ea1ch \u0110\u1eb1ng", "highway": "tertiary", "trusted": 0.0}, "geometry": {"type": "LineString", "coordinates": [[5648.2, 8579.7], [5679.0, 8598.5]]}}, {"type": "Feature", "properties": {"name": null, "highway": "residential", "trusted": 0.0}, "geometry": {"type": "LineString", "coordinates": [[5630.7, 8610.3], [5660.8, 8629.2]]}}, {"type": "Feature", "properties": {"name": null, "highway": "service", "trusted": 1.0}, "geometry": {"type": "LineString", "coordinates": [[8894.9, 5604.2], [8844.7, 5622.9], [8821.8, 5628.6]]}}, {"type": "Feature", "properties": {"name": null, "highway": "service", "trusted": 1.0}, "geometry": {"type": "LineString", "coordinates": [[8822.7, 5657.1], [8853.3, 5647.5], [8880.8, 5637.4], [8914.8, 5622.7]]}}, {"type": "Feature", "properties": {"name": null, "highway": "service", "trusted": 1.0}, "geometry": {"type": "LineString", "coordinates": [[8783.3, 5645.5], [8784.9, 5653.0], [8788.9, 5659.4], [8794.9, 5663.9], [8802.2, 5666.1], [8809.8, 5665.6], [8817.0, 5662.5], [8822.7, 5657.1], [8826.3, 5650.2], [8827.4, 5642.5], [8825.9, 5635.0], [8821.8, 5628.6], [8815.8, 5624.1], [8808.5, 5622.0], [8800.9, 5622.5], [8793.8, 5625.6], [8788.0, 5631.0], [8784.4, 5637.9], [8783.3, 5645.5]]}}, {"type": "Feature", "properties": {"name": "L\u00ea Lai", "highway": "secondary", "trusted": 0.0}, "geometry": {"type": "LineString", "coordinates": [[3303.5, 2006.6], [3254.8, 1884.5], [3226.9, 1814.6], [3180.6, 1696.7], [3168.0, 1666.2], [3162.2, 1652.4], [3155.8, 1636.2]]}}, {"type": "Feature", "properties": {"name": null, "highway": "service", "trusted": 1.0}, "geometry": {"type": "MultiLineString", "coordinates": [[[9054.2, 3777.7], [8984.4, 3842.8], [8957.6, 3820.8]], [[8957.6, 3820.8], [8927.8, 3796.5], [8864.9, 3856.3], [8893.5, 3880.8], [8957.6, 3820.8]]]}}, {"type": "Feature", "properties": {"name": null, "highway": "service", "trusted": 1.0}, "geometry": {"type": "LineString", "coordinates": [[9073.7, 3742.9], [9065.1, 3751.0], [9057.1, 3758.6], [9044.8, 3769.7]]}}, {"type": "Feature", "properties": {"name": null, "highway": "service", "trusted": 1.0}, "geometry": {"type": "LineString", "coordinates": [[9054.2, 3777.7], [9066.8, 3766.0], [9074.2, 3758.9], [9082.7, 3750.7]]}}, {"type": "Feature", "properties": {"name": null, "highway": "service", "trusted": 1.0}, "geometry": {"type": "LineString", "coordinates": [[1244.7, 3774.5], [1234.6, 3779.5], [1107.7, 3844.9], [1114.5, 3859.7]]}}, {"type": "Feature", "properties": {"name": null, "highway": "service", "trusted": 1.0}, "geometry": {"type": "LineString", "coordinates": [[1471.4, 4951.7], [1404.9, 4906.9]]}}, {"type": "Feature", "properties": {"name": "H\u1ebbm 12 Nguy\u1ec5n \u00d0\u00ecnh Chi\u1ec3u", "highway": "service", "trusted": 1.0}, "geometry": {"type": "LineString", "coordinates": [[10245.3, 4644.1], [10250.9, 4644.8], [10284.4, 4612.8], [10295.6, 4624.7]]}}, {"type": "Feature", "properties": {"name": "H\u1ebbm 12 Nguy\u1ec5n \u00d0\u00ecnh Chi\u1ec3u", "highway": "service", "trusted": 1.0}, "geometry": {"type": "LineString", "coordinates": [[10245.3, 4644.1], [10242.9, 4633.5], [10252.2, 4617.7]]}}, {"type": "Feature", "properties": {"name": null, "highway": "service", "trusted": 0.0}, "geometry": {"type": "LineString", "coordinates": [[8856.5, 1061.7], [8870.3, 1080.0]]}}, {"type": "Feature", "properties": {"name": "H\u1ebbm 149 C\u00f4 Giang", "highway": "service", "trusted": 1.0}, "geometry": {"type": "LineString", "coordinates": [[744.0, 2242.1], [722.9, 2214.7]]}}, {"type": "Feature", "properties": {"name": "H\u1ebbm 138 L\u00fd T\u1ef1 Tr\u1ecdng", "highway": "service", "trusted": 0.0}, "geometry": {"type": "LineString", "coordinates": [[4428.8, 2849.6], [4444.0, 2831.7], [4510.7, 2753.3], [4484.7, 2729.8]]}}, {"type": "Feature", "properties": {"name": "H\u1ebbm 46/10 \u0110\u01b0\u1eddng Nguy\u1ec5n C\u1eedu V\u00e2n", "highway": "residential", "trusted": 0.0}, "geometry": {"type": "LineString", "coordinates": [[12071.6, 6497.9], [12026.8, 6587.3]]}}, {"type": "Feature", "properties": {"name": "L\u00ea L\u1ee3i", "highway": "tertiary", "trusted": 1.0}, "geometry": {"type": "LineString", "coordinates": [[4420.8, 3977.2], [4366.2, 3929.3]]}}, {"type": "Feature", "properties": {"name": null, "highway": "residential", "trusted": 1.0}, "geometry": {"type": "LineString", "coordinates": [[4366.2, 3929.3], [4392.1, 3902.6]]}}, {"type": "Feature", "properties": {"name": "L\u00ea L\u1ee3i", "highway": "tertiary", "trusted": 1.0}, "geometry": {"type": "LineString", "coordinates": [[4345.8, 3951.8], [4390.1, 3990.2]]}}, {"type": "Feature", "properties": {"name": null, "highway": "residential", "trusted": 1.0}, "geometry": {"type": "LineString", "coordinates": [[4345.8, 3951.8], [4366.2, 3929.3]]}}, {"type": "Feature", "properties": {"name": "L\u00ea L\u1ee3i", "highway": "tertiary", "trusted": 1.0}, "geometry": {"type": "LineString", "coordinates": [[4320.4, 3978.7], [4351.7, 4006.4]]}}, {"type": "Feature", "properties": {"name": null, "highway": "service", "trusted": 0.5}, "geometry": {"type": "LineString", "coordinates": [[10786.7, 5704.7], [10702.2, 5628.9]]}}, {"type": "Feature", "properties": {"name": null, "highway": "service", "trusted": 1.0}, "geometry": {"type": "LineString", "coordinates": [[10247.0, 5410.7], [10220.0, 5558.1]]}}, {"type": "Feature", "properties": {"name": null, "highway": "service", "trusted": 0.0}, "geometry": {"type": "LineString", "coordinates": [[10600.6, 1038.3], [10592.6, 987.0], [10588.4, 959.4]]}}, {"type": "Feature", "properties": {"name": null, "highway": "service", "trusted": 0.0}, "geometry": {"type": "LineString", "coordinates": [[10592.6, 987.0], [10564.1, 992.6]]}}, {"type": "Feature", "properties": {"name": "H\u1ebbm 32 \u0110\u1eb7ng Dung", "highway": "service", "trusted": 0.0}, "geometry": {"type": "LineString", "coordinates": [[10792.8, 1026.8], [10790.1, 1010.3]]}}, {"type": "Feature", "properties": {"name": "H\u1ebbm 29 M\u1ea1c \u0110\u0129nh Chi", "highway": "service", "trusted": 1.0}, "geometry": {"type": "LineString", "coordinates": [[8111.4, 3898.2], [8091.4, 3876.4], [8016.0, 3791.1]]}}, {"type": "Feature", "properties": {"name": "Nguy\u1ec5n Ng\u1ecdc Ph\u01b0\u01a1ng", "highway": "residential", "trusted": 1.0}, "geometry": {"type": "LineString", "coordinates": [[10201.6, 6328.9], [10061.9, 6435.2], [10024.7, 6463.7], [9875.9, 6575.7], [9856.6, 6591.4], [9642.1, 6739.2], [9618.7, 6755.3], [9508.1, 6817.0]]}}, {"type": "Feature", "properties": {"name": "H\u1ebbm 92 B\u00f9i Th\u1ecb Xu\u00e2n", "highway": "service", "trusted": 0.67}, "geometry": {"type": "LineString", "coordinates": [[3642.4, 643.5], [3680.8, 634.9], [3652.5, 607.2]]}}, {"type": "Feature", "properties": {"name": "H\u1ebbm 92 B\u00f9i Th\u1ecb Xu\u00e2n", "highway": "service", "trusted": 1.0}, "geometry": {"type": "LineString", "coordinates": [[3680.8, 634.9], [3691.9, 644.2]]}}, {"type": "Feature", "properties": {"name": null, "highway": "service", "trusted": 0.0}, "geometry": {"type": "LineString", "coordinates": [[9327.7, 184.7], [9325.8, 141.1]]}}, {"type": "Feature", "properties": {"name": "H\u1ebbm 54 K\u1ef3 Con", "highway": "service", "trusted": 1.0}, "geometry": {"type": "LineString", "coordinates": [[2131.0, 3768.3], [2083.6, 3719.2]]}}, {"type": "Feature", "properties": {"name": "H\u1ebbm 54 K\u1ef3 Con", "highway": "service", "trusted": 1.0}, "geometry": {"type": "LineString", "coordinates": [[2155.5, 3796.9], [2131.0, 3768.3]]}}, {"type": "Feature", "properties": {"name": null, "highway": "service", "trusted": 0.0}, "geometry": {"type": "LineString", "coordinates": [[1372.3, 7003.2], [869.6, 7470.4]]}}, {"type": "Feature", "properties": {"name": null, "highway": "service", "trusted": 1.0}, "geometry": {"type": "LineString", "coordinates": [[6482.9, 6130.1], [6472.1, 6128.2], [6462.6, 6130.6], [6450.9, 6148.4], [6441.3, 6169.2], [6445.3, 6177.6], [6453.2, 6186.1], [6482.9, 6130.1]]}}, {"type": "Feature", "properties": {"name": null, "highway": "service", "trusted": 0.6}, "geometry": {"type": "LineString", "coordinates": [[505.2, 3766.7], [501.1, 3763.1], [494.5, 3756.2], [492.5, 3749.9], [496.5, 3738.5], [513.3, 3723.8], [666.6, 3730.1], [764.7, 3674.4], [822.9, 3615.7], [849.7, 3597.0], [865.3, 3591.7], [954.7, 3500.2], [966.3, 3495.0], [973.2, 3494.0], [993.0, 3494.8]]}}, {"type": "Feature", "properties": {"name": null, "highway": "service", "trusted": 1.0}, "geometry": {"type": "LineString", "coordinates": [[638.6, 3910.3], [614.8, 3901.6], [596.6, 3877.0]]}}, {"type": "Feature", "properties": {"name": null, "highway": "service", "trusted": 0.5}, "geometry": {"type": "LineString", "coordinates": [[596.6, 3877.0], [532.2, 3834.9], [533.8, 3853.4], [601.3, 3939.8]]}}, {"type": "Feature", "properties": {"name": null, "highway": "service", "trusted": 0.5}, "geometry": {"type": "LineString", "coordinates": [[505.2, 3766.7], [596.6, 3877.0]]}}, {"type": "Feature", "properties": {"name": null, "highway": "service", "trusted": 1.0}, "geometry": {"type": "LineString", "coordinates": [[811.4, 3780.8], [809.6, 3787.0], [807.6, 3797.1], [806.4, 3807.6], [805.6, 3815.0]]}}, {"type": "Feature", "properties": {"name": null, "highway": "service", "trusted": 1.0}, "geometry": {"type": "LineString", "coordinates": [[811.4, 3780.8], [676.2, 3886.7], [638.6, 3910.3], [601.3, 3939.8], [595.4, 3967.7], [597.5, 3998.9]]}}, {"type": "Feature", "properties": {"name": null, "highway": "service", "trusted": 1.0}, "geometry": {"type": "LineString", "coordinates": [[1027.4, 3521.8], [1026.2, 3535.0], [1024.0, 3544.3], [1020.9, 3553.1], [1007.0, 3577.0], [992.3, 3600.1], [955.2, 3641.2], [920.5, 3675.9], [888.5, 3707.0], [811.4, 3780.8]]}}, {"type": "Feature", "properties": {"name": "Yersin", "highway": "tertiary", "trusted": 0.67}, "geometry": {"type": "LineString", "coordinates": [[2535.1, 3065.4], [2558.2, 3055.5], [2732.1, 2975.1]]}}, {"type": "Feature", "properties": {"name": null, "highway": "service", "trusted": 0.0}, "geometry": {"type": "LineString", "coordinates": [[536.6, 6752.8], [591.6, 6787.6], [589.2, 6791.4], [615.2, 6807.7], [670.1, 6842.1]]}}, {"type": "Feature", "properties": {"name": null, "highway": "service", "trusted": 0.0}, "geometry": {"type": "LineString", "coordinates": [[531.4, 6885.0], [589.2, 6791.4]]}}, {"type": "Feature", "properties": {"name": null, "highway": "service", "trusted": 1.0}, "geometry": {"type": "LineString", "coordinates": [[6366.9, 6357.2], [6398.9, 6294.0], [6375.0, 6295.2], [6356.8, 6326.2], [6366.9, 6357.2]]}}, {"type": "Feature", "properties": {"name": null, "highway": "service", "trusted": 1.0}, "geometry": {"type": "LineString", "coordinates": [[6332.4, 6425.8], [6335.8, 6419.0], [6344.0, 6402.7], [6349.4, 6391.8], [6366.9, 6357.2]]}}, {"type": "Feature", "properties": {"name": null, "highway": "service", "trusted": 1.0}, "geometry": {"type": "LineString", "coordinates": [[6296.8, 6415.3], [6297.6, 6407.3], [6298.1, 6394.2], [6298.5, 6388.3], [6297.3, 6378.1], [6295.4, 6371.8], [6251.7, 6358.6], [6245.7, 6363.0], [6233.1, 6372.1], [6215.3, 6384.9], [6208.1, 6390.2]]}}, {"type": "Feature", "properties": {"name": null, "highway": "service", "trusted": 1.0}, "geometry": {"type": "LineString", "coordinates": [[6484.3, 6076.2], [6459.4, 6090.9], [6436.1, 6091.9], [6411.3, 6073.4], [6411.6, 6046.5], [6420.2, 6019.9]]}}, {"type": "Feature", "properties": {"name": "Nguy\u1ec5n Th\u1ecb Minh Khai", "highway": "primary", "trusted": 1.0}, "geometry": {"type": "LineString", "coordinates": [[5705.8, 1814.1], [5814.0, 1914.9], [5902.6, 1998.3], [6027.8, 2118.5]]}}, {"type": "Feature", "properties": {"name": null, "highway": "residential", "trusted": 0.0}, "geometry": {"type": "LineString", "coordinates": [[5727.4, 8552.1], [5710.7, 8579.0], [5693.4, 8607.8], [5675.9, 8638.6]]}}, {"type": "Feature", "properties": {"name": "H\u1ebbm 83 H\u1ed3 H\u1ea3o H\u1edbn", "highway": "service", "trusted": 0.0}, "geometry": {"type": "LineString", "coordinates": [[665.0, 1129.0], [615.0, 1077.0]]}}, {"type": "Feature", "properties": {"name": "H\u1ebbm 83 H\u1ed3 H\u1ea3o H\u1edbn", "highway": "service", "trusted": 0.0}, "geometry": {"type": "LineString", "coordinates": [[728.9, 1079.0], [687.3, 1029.7]]}}, {"type": "Feature", "properties": {"name": "H\u1ebbm 93 H\u1ed3 H\u1ea3o H\u1edbn", "highway": "service", "trusted": 0.0}, "geometry": {"type": "LineString", "coordinates": [[735.9, 992.7], [722.6, 1010.9], [712.0, 1025.6]]}}, {"type": "Feature", "properties": {"name": "H\u1ebbm Nguy\u1ec5n H\u1eefu C\u1ea7u", "highway": "residential", "trusted": 1.0}, "geometry": {"type": "LineString", "coordinates": [[9745.0, 1301.0], [9651.5, 1224.4]]}}, {"type": "Feature", "properties": {"name": "Tr\u1ea7n H\u01b0ng \u0110\u1ea1o", "highway": "primary", "trusted": 0.0}, "geometry": {"type": "LineString", "coordinates": [[1507.2, 1503.6], [1620.8, 1608.0]]}}, {"type": "Feature", "properties": {"name": "\u0110\u01b0\u1eddng N12", "highway": "residential", "trusted": 0.0}, "geometry": {"type": "LineString", "coordinates": [[5536.7, 7750.1], [5433.3, 8013.9], [5410.3, 8072.5], [5305.5, 8343.5]]}}, {"type": "Feature", "properties": {"name": null, "highway": "service", "trusted": 0.0}, "geometry": {"type": "LineString", "coordinates": [[5055.1, 7598.2], [5135.9, 7618.1], [5250.3, 7650.4], [5346.7, 7680.8], [5442.2, 7714.1], [5536.7, 7750.1]]}}, {"type": "Feature", "properties": {"name": null, "highway": "service", "trusted": 0.0}, "geometry": {"type": "LineString", "coordinates": [[11055.4, 1134.8], [11069.0, 1241.4], [11085.1, 1327.4]]}}, {"type": "Feature", "properties": {"name": null, "highway": "service", "trusted": 0.0}, "geometry": {"type": "LineString", "coordinates": [[11130.4, 1487.8], [11142.9, 1480.2], [11152.6, 1468.3], [11165.1, 1448.3]]}}, {"type": "Feature", "properties": {"name": null, "highway": "service", "trusted": 0.0}, "geometry": {"type": "LineString", "coordinates": [[11048.7, 1422.4], [11055.2, 1468.6], [11064.2, 1467.9], [11086.3, 1470.8], [11105.6, 1474.7], [11130.4, 1487.8], [11137.8, 1502.0], [11139.3, 1505.5], [11133.5, 1520.9], [11134.6, 1546.9], [11130.4, 1607.0]]}}, {"type": "Feature", "properties": {"name": null, "highway": "service", "trusted": 0.0}, "geometry": {"type": "LineString", "coordinates": [[11137.0, 1122.0], [11153.4, 1231.2]]}}, {"type": "Feature", "properties": {"name": null, "highway": "service", "trusted": 0.0}, "geometry": {"type": "LineString", "coordinates": [[11028.3, 973.1], [11067.8, 974.7], [11107.4, 975.1]]}}, {"type": "Feature", "properties": {"name": null, "highway": "service", "trusted": 0.0}, "geometry": {"type": "LineString", "coordinates": [[11067.8, 974.7], [11068.6, 1017.1]]}}, {"type": "Feature", "properties": {"name": null, "highway": "service", "trusted": 1.0}, "geometry": {"type": "LineString", "coordinates": [[10207.9, 1651.5], [10203.1, 1648.1], [10165.7, 1621.6]]}}, {"type": "Feature", "properties": {"name": null, "highway": "service", "trusted": 1.0}, "geometry": {"type": "LineString", "coordinates": [[10223.9, 1620.2], [10207.9, 1651.5]]}}, {"type": "Feature", "properties": {"name": "V\u00f5 V\u0103n Ki\u1ec7t", "highway": "trunk", "trusted": 0.5}, "geometry": {"type": "LineString", "coordinates": [[445.1, 2694.0], [630.4, 2847.3]]}}, {"type": "Feature", "properties": {"name": "Nguy\u1ec5n Du", "highway": "tertiary", "trusted": 0.44}, "geometry": {"type": "LineString", "coordinates": [[4473.9, 2228.5], [4453.3, 2197.8], [4414.7, 2145.1], [4237.0, 1939.6], [4215.8, 1913.4], [4135.8, 1752.2], [4089.3, 1686.6], [3966.8, 1586.0], [3949.2, 1562.6]]}}, {"type": "Feature", "properties": {"name": "H\u1ebbm 42 Tr\u1ea7n \u00d0\u00ecnh Xu", "highway": "service", "trusted": 0.0}, "geometry": {"type": "LineString", "coordinates": [[59.4, 1510.0], [57.7, 1510.8]]}}, {"type": "Feature", "properties": {"name": "H\u1ebbm 46 Tr\u1ea7n \u00d0\u00ecnh Xu", "highway": "service", "trusted": 0.0}, "geometry": {"type": "LineString", "coordinates": [[258.3, 1542.6], [236.7, 1496.8]]}}, {"type": "Feature", "properties": {"name": "Tr\u1ea7n \u0110\u00ecnh Xu", "highway": "tertiary", "trusted": 0.0}, "geometry": {"type": "LineString", "coordinates": [[60.9, 1302.4], [75.0, 1295.6], [143.9, 1257.1], [190.8, 1223.5], [237.8, 1180.6], [272.5, 1129.9], [319.4, 1053.8], [350.3, 1003.7], [413.8, 909.2], [457.5, 840.5], [482.0, 802.5], [519.3, 740.5], [548.1, 693.4]]}}, {"type": "Feature", "properties": {"name": "H\u1ebbm 69 Tr\u1ea7n \u0110\u00ecnh Xu", "highway": "service", "trusted": 0.0}, "geometry": {"type": "LineString", "coordinates": [[457.5, 840.5], [363.8, 762.8]]}}, {"type": "Feature", "properties": {"name": "H\u1ebbm 137 Tr\u1ea7n \u00d0\u00ecnh Xu", "highway": "service", "trusted": 0.0}, "geometry": {"type": "LineString", "coordinates": [[995.4, 18.7], [985.5, 12.3]]}}, {"type": "Feature", "properties": {"name": "H\u1ebbm 115 Tr\u1ea7n \u0110\u00ecnh Xu", "highway": "service", "trusted": 0.0}, "geometry": {"type": "LineString", "coordinates": [[925.8, 122.8], [882.8, 96.8], [872.0, 97.5], [864.8, 100.7], [858.7, 103.8], [852.6, 107.0], [837.3, 116.3], [829.2, 117.9], [813.1, 109.2], [802.6, 102.8], [780.8, 88.4], [753.5, 129.7], [666.7, 63.8]]}}, {"type": "Feature", "properties": {"name": "H\u1ebbm 117 Phan V\u0103n H\u00e2n", "highway": "service", "trusted": 0.0}, "geometry": {"type": "LineString", "coordinates": [[10786.7, 5704.7], [10797.5, 5640.3], [10799.7, 5633.1], [10814.3, 5585.5], [10826.7, 5544.9]]}}, {"type": "Feature", "properties": {"name": "Phan X\u00edch Long", "highway": "tertiary", "trusted": 0.0}, "geometry": {"type": "LineString", "coordinates": [[12179.8, 1428.8], [12170.2, 1548.1], [12169.7, 1554.6], [12158.6, 1703.7], [12148.8, 1898.4]]}}, {"type": "Feature", "properties": {"name": "\u0110\u01b0\u1eddng s\u1ed1 11", "highway": "residential", "trusted": 0.0}, "geometry": {"type": "LineString", "coordinates": [[12169.7, 1554.6], [12040.8, 1545.3], [11912.5, 1538.3]]}}, {"type": "Feature", "properties": {"name": "\u0110\u01b0\u1eddng s\u1ed1 11", "highway": "residential", "trusted": 0.0}, "geometry": {"type": "LineString", "coordinates": [[11912.5, 1538.3], [11775.4, 1531.4]]}}, {"type": "Feature", "properties": {"name": "H\u1ebbm 10 Nguy\u1ec5n Th\u1ecb Minh Khai", "highway": "service", "trusted": 1.0}, "geometry": {"type": "LineString", "coordinates": [[9382.0, 4855.5], [9325.4, 4912.8]]}}, {"type": "Feature", "properties": {"name": "\u0110\u01b0\u1eddng B\u00f9i H\u1eefu Ngh\u0129a", "highway": "tertiary", "trusted": 0.0}, "geometry": {"type": "LineString", "coordinates": [[12145.0, 3681.9], [11679.2, 3535.4]]}}, {"type": "Feature", "properties": {"name": null, "highway": "service", "trusted": 0.0}, "geometry": {"type": "LineString", "coordinates": [[5665.9, 8006.4], [5697.9, 8021.1], [5728.2, 7964.8], [5653.2, 7928.7], [5628.3, 7988.2], [5665.9, 8006.4]]}}, {"type": "Feature", "properties": {"name": null, "highway": "service", "trusted": 0.0}, "geometry": {"type": "LineString", "coordinates": [[5606.2, 8156.0], [5665.9, 8006.4]]}}, {"type": "Feature", "properties": {"name": null, "highway": "service", "trusted": 1.0}, "geometry": {"type": "LineString", "coordinates": [[1336.1, 4322.9], [1333.5, 4257.0]]}}, {"type": "Feature", "properties": {"name": "H\u1ebbm 16 \u0110inh Ti\u00ean Ho\u00e0ng", "highway": "service", "trusted": 1.0}, "geometry": {"type": "LineString", "coordinates": [[9393.2, 4320.6], [9363.7, 4349.1]]}}, {"type": "Feature", "properties": {"name": "H\u1ebbm 1 \u0110\u01b0\u1eddng Pasteur", "highway": "service", "trusted": 1.0}, "geometry": {"type": "LineString", "coordinates": [[3038.8, 5000.7], [2942.4, 4773.4]]}}, {"type": "Feature", "properties": {"name": "\u0110\u01b0\u1eddng Hoa Lan", "highway": "residential", "trusted": 0.0}, "geometry": {"type": "LineString", "coordinates": [[12040.8, 1545.3], [12041.0, 1540.9], [12060.0, 1110.6]]}}, {"type": "Feature", "properties": {"name": "\u0110\u01b0\u1eddng Nguy\u1ec5n C\u00f4ng Hoan", "highway": "residential", "trusted": 0.0}, "geometry": {"type": "LineString", "coordinates": [[12060.0, 1110.6], [12041.6, 1114.4]]}}, {"type": "Feature", "properties": {"name": null, "highway": "residential", "trusted": 1.0}, "geometry": {"type": "LineString", "coordinates": [[10352.3, 5227.2], [10302.2, 5217.6]]}}, {"type": "Feature", "properties": {"name": null, "highway": "residential", "trusted": 1.0}, "geometry": {"type": "LineString", "coordinates": [[10336.3, 5318.2], [10290.0, 5308.9]]}}, {"type": "Feature", "properties": {"name": null, "highway": "service", "trusted": 1.0}, "geometry": {"type": "LineString", "coordinates": [[10185.0, 5382.6], [10210.6, 5261.6], [10228.8, 5155.0], [10248.6, 5072.1], [10286.2, 5037.9], [10321.7, 5072.9]]}}, {"type": "Feature", "properties": {"name": "H\u1ebbm 122 \u0110\u01b0\u1eddng T\u00f4n \u0110\u1ea3n", "highway": "service", "trusted": 0.0}, "geometry": {"type": "LineString", "coordinates": [[229.3, 5595.9], [245.0, 5577.6], [273.3, 5598.2]]}}, {"type": "Feature", "properties": {"name": "H\u1ebbm 122/38 V\u0129nh Kh\u00e1nh", "highway": "service", "trusted": 0.0}, "geometry": {"type": "LineString", "coordinates": [[278.5, 5703.3], [244.5, 5708.5], [205.9, 5704.4], [166.5, 5681.1]]}}, {"type": "Feature", "properties": {"name": "H\u1ebbm 18Bis Nguy\u1ec5n Th\u1ecb Minh Khai", "highway": "service", "trusted": 1.0}, "geometry": {"type": "LineString", "coordinates": [[8531.2, 3790.6], [8548.8, 3808.4], [8454.4, 3899.0]]}}, {"type": "Feature", "properties": {"name": null, "highway": "service", "trusted": 1.0}, "geometry": {"type": "LineString", "coordinates": [[6502.4, 6092.1], [6482.9, 6130.1]]}}, {"type": "Feature", "properties": {"name": null, "highway": "service", "trusted": 0.0}, "geometry": {"type": "LineString", "coordinates": [[2967.8, 8198.7], [2982.7, 8236.1], [3010.5, 8305.1], [3061.9, 8282.2], [3031.1, 8211.2], [3015.9, 8174.5]]}}, {"type": "Feature", "properties": {"name": "H\u1ebbm 53 Tr\u1ea7n Kh\u00e1nh D\u01b0", "highway": "service", "trusted": 0.0}, "geometry": {"type": "LineString", "coordinates": [[11301.7, 1635.1], [11322.6, 1654.5]]}}, {"type": "Feature", "properties": {"name": null, "highway": "service", "trusted": 0.0}, "geometry": {"type": "LineString", "coordinates": [[11261.6, 2092.4], [11319.5, 2079.5]]}}, {"type": "Feature", "properties": {"name": "H\u1ebbm 28 Tr\u1ea7n Nguy\u00ean \u0110\u00e1n", "highway": "service", "trusted": 0.0}, "geometry": {"type": "LineString", "coordinates": [[10846.5, 2034.2], [10865.6, 2072.8], [10889.9, 2115.1], [10894.6, 2148.9]]}}, {"type": "Feature", "properties": {"name": "H\u1ebbm 30 Tr\u1ea7n Nguy\u00ean \u0110\u00e1n", "highway": "service", "trusted": 0.0}, "geometry": {"type": "LineString", "coordinates": [[10865.5, 2043.3], [10924.5, 2062.1], [10999.6, 2076.3]]}}, {"type": "Feature", "properties": {"name": null, "highway": "service", "trusted": 0.0}, "geometry": {"type": "LineString", "coordinates": [[10846.5, 2034.2], [10825.6, 1895.5], [10928.9, 1879.1]]}}, {"type": "Feature", "properties": {"name": "H\u1ebbm 59 H\u1ed3 H\u1ea3o H\u1edbn", "highway": "service", "trusted": 0.0}, "geometry": {"type": "LineString", "coordinates": [[699.7, 1275.6], [670.5, 1243.5], [646.6, 1217.6], [629.0, 1223.6], [624.5, 1220.7], [593.4, 1242.1]]}}, {"type": "Feature", "properties": {"name": "H\u1ebbm 91-93 V\u00f5 V\u0103n T\u1ea7n", "highway": "service", "trusted": 1.0}, "geometry": {"type": "LineString", "coordinates": [[5377.0, 940.1], [5352.2, 966.1], [5284.4, 1038.6], [5230.2, 1093.5]]}}, {"type": "Feature", "properties": {"name": "H\u1ebbm 148 Tr\u1ea7n Quang Kh\u1ea3i", "highway": "service", "trusted": 0.67}, "geometry": {"type": "LineString", "coordinates": [[10405.1, 1184.3], [10413.4, 1181.9], [10570.3, 1173.5]]}}, {"type": "Feature", "properties": {"name": "H\u1ebbm 264 Pasteur", "highway": "service", "trusted": 0.0}, "geometry": {"type": "LineString", "coordinates": [[8792.4, 525.0], [8869.7, 595.2], [8901.2, 561.6]]}}, {"type": "Feature", "properties": {"name": "H\u1ebbm 60/3 L\u00ea Th\u1ecb Ri\u00eang", "highway": "service", "trusted": 1.0}, "geometry": {"type": "LineString", "coordinates": [[3884.8, 1350.8], [3903.8, 1324.4], [3900.8, 1314.4], [3895.0, 1300.1], [3882.0, 1279.1], [3877.5, 1271.6]]}}, {"type": "Feature", "properties": {"name": "H\u1ebbm 60/3 L\u00ea Th\u1ecb Ri\u00eang", "highway": "service", "trusted": 1.0}, "geometry": {"type": "LineString", "coordinates": [[3877.5, 1271.6], [3883.4, 1265.8], [3940.4, 1193.7]]}}, {"type": "Feature", "properties": {"name": null, "highway": "service", "trusted": 0.0}, "geometry": {"type": "LineString", "coordinates": [[4973.5, 6208.6], [4973.0, 6213.8], [4970.8, 6231.8]]}}, {"type": "Feature", "properties": {"name": "Nguy\u1ec5n Tr\u01b0\u1eddng T\u1ed9", "highway": "tertiary", "trusted": 1.0}, "geometry": {"type": "LineString", "coordinates": [[2192.8, 5359.1], [2219.6, 5376.4], [2379.4, 5302.9], [2455.3, 5268.5], [2476.2, 5259.1], [2500.5, 5248.1]]}}, {"type": "Feature", "properties": {"name": "H\u1ebbm 89 Nguy\u1ec5n Tr\u00e3i", "highway": "service", "trusted": 0.0}, "geometry": {"type": "LineString", "coordinates": [[3283.8, 1222.8], [3212.4, 1275.2]]}}, {"type": "Feature", "properties": {"name": null, "highway": "service", "trusted": 0.0}, "geometry": {"type": "LineString", "coordinates": [[11866.0, 9176.3], [11859.9, 9168.4], [11768.5, 9050.4], [11640.0, 8884.6]]}}, {"type": "Feature", "properties": {"name": null, "highway": "service", "trusted": 1.0}, "geometry": {"type": "LineString", "coordinates": [[6977.7, 4465.3], [6984.0, 4440.2], [6988.4, 4420.7], [6947.1, 4379.8], [6915.5, 4416.4], [6898.9, 4436.4]]}}, {"type": "Feature", "properties": {"name": null, "highway": "service", "trusted": 1.0}, "geometry": {"type": "LineString", "coordinates": [[7112.3, 3939.9], [7088.2, 3965.8], [7075.8, 3979.1], [7165.0, 4074.2], [7177.1, 4060.4], [7206.4, 4040.1]]}}, {"type": "Feature", "properties": {"name": "Yersin", "highway": "tertiary", "trusted": 1.0}, "geometry": {"type": "LineString", "coordinates": [[1628.0, 3578.3], [1639.3, 3571.4], [1650.8, 3563.6], [1746.0, 3508.6], [1912.1, 3399.9], [1941.9, 3381.6]]}}, {"type": "Feature", "properties": {"name": "Nguy\u1ec5n C\u00f4ng Tr\u1ee9", "highway": "tertiary", "trusted": 1.0}, "geometry": {"type": "LineString", "coordinates": [[2173.9, 3639.1], [2155.3, 3618.9], [2100.6, 3553.6], [2054.9, 3503.7], [2008.5, 3453.7], [1967.1, 3408.5], [1941.9, 3381.6]]}}, {"type": "Feature", "properties": {"name": "\u0110\u1ed3ng Kh\u1edfi", "highway": "tertiary", "trusted": 1.0}, "geometry": {"type": "LineString", "coordinates": [[5005.8, 5281.0], [4888.1, 5404.2]]}}, {"type": "Feature", "properties": {"name": "Hai B\u00e0 Tr\u01b0ng", "highway": "primary", "trusted": 0.5}, "geometry": {"type": "LineString", "coordinates": [[5267.3, 5780.0], [5411.3, 5652.7]]}}, {"type": "Feature", "properties": {"name": "L\u00fd T\u1ef1 Tr\u1ecdng", "highway": "tertiary", "trusted": 0.0}, "geometry": {"type": "LineString", "coordinates": [[7123.4, 5510.7], [7280.6, 5656.2], [7328.1, 5700.2], [7442.7, 5806.2]]}}, {"type": "Feature", "properties": {"name": "Chu M\u1ea1nh Trinh", "highway": "residential", "trusted": 0.5}, "geometry": {"type": "LineString", "coordinates": [[6981.0, 5756.4], [7123.4, 5510.7]]}}, {"type": "Feature", "properties": {"name": "Nguy\u1ec5n Du", "highway": "tertiary", "trusted": 1.0}, "geometry": {"type": "LineString", "coordinates": [[7885.7, 5092.9], [7862.2, 5072.7], [7709.9, 4938.4]]}}, {"type": "Feature", "properties": {"name": "Nguy\u1ec5n Du", "highway": "tertiary", "trusted": 1.0}, "geometry": {"type": "LineString", "coordinates": [[7709.9, 4938.4], [7571.3, 4812.5], [7413.1, 4653.5], [7392.7, 4631.3]]}}, {"type": "Feature", "properties": {"name": "Nam K\u1ef3 Kh\u1edfi Ngh\u0129a", "highway": "secondary", "trusted": 1.0}, "geometry": {"type": "LineString", "coordinates": [[4834.1, 3825.4], [4788.6, 3840.7], [4680.3, 3878.8], [4497.9, 3947.3], [4480.1, 3954.1], [4458.6, 3962.4]]}}, {"type": "Feature", "properties": {"name": null, "highway": "service", "trusted": 1.0}, "geometry": {"type": "LineString", "coordinates": [[8981.5, 3663.4], [8972.8, 3671.3], [8969.0, 3674.6], [8952.0, 3691.1], [9026.6, 3754.2], [9035.4, 3761.7], [9039.5, 3765.2], [9044.8, 3769.7], [9054.2, 3777.7]]}}, {"type": "Feature", "properties": {"name": null, "highway": "service", "trusted": 1.0}, "geometry": {"type": "LineString", "coordinates": [[9068.1, 3738.1], [9059.5, 3746.2], [9051.8, 3753.6], [9039.5, 3765.2]]}}, {"type": "Feature", "properties": {"name": "L\u00ea Anh Xu\u00e2n", "highway": "residential", "trusted": 0.0}, "geometry": {"type": "LineString", "coordinates": [[3690.6, 2542.9], [3751.7, 2510.5], [3803.3, 2483.0], [3823.2, 2472.5]]}}, {"type": "Feature", "properties": {"name": "Ph\u1ea1m H\u1ed3ng Th\u00e1i", "highway": "primary", "trusted": 0.0}, "geometry": {"type": "LineString", "coordinates": [[3672.8, 2541.8], [3670.6, 2578.2], [3660.5, 2746.2], [3653.6, 2872.2]]}}, {"type": "Feature", "properties": {"name": "\u0110i\u1ec7n Bi\u00ean Ph\u1ee7", "highway": "primary", "trusted": 0.0}, "geometry": {"type": "LineString", "coordinates": [[11283.3, 4693.8], [11331.2, 4751.0], [11433.2, 4844.4], [11715.0, 5115.8], [11736.7, 5136.7], [11789.7, 5187.8], [11912.0, 5301.9], [12113.7, 5495.3], [12116.9, 5498.3]]}}, {"type": "Feature", "properties": {"name": null, "highway": "service", "trusted": 1.0}, "geometry": {"type": "LineString", "coordinates": [[8627.1, 5061.1], [8552.2, 4999.7], [8549.9, 4976.6], [8473.4, 4913.1], [8441.5, 4886.7]]}}, {"type": "Feature", "properties": {"name": null, "highway": "service", "trusted": 1.0}, "geometry": {"type": "LineString", "coordinates": [[8338.4, 5005.9], [8373.8, 5034.1], [8451.3, 5097.2], [8506.3, 5108.6], [8533.3, 5128.9]]}}, {"type": "Feature", "properties": {"name": "H\u1ebbm 27 \u0110i\u1ec7n Bi\u00ean Ph\u1ee7", "highway": "residential", "trusted": 0.0}, "geometry": {"type": "LineString", "coordinates": [[11690.7, 3824.8], [11586.3, 3796.6], [11559.7, 3788.9], [11483.8, 3767.0], [11451.1, 3760.9]]}}, {"type": "Feature", "properties": {"name": "H\u1ebbm 146/35 V\u00f5 Th\u1ecb S\u00e1u", "highway": "service", "trusted": 0.0}, "geometry": {"type": "LineString", "coordinates": [[8976.6, 1000.5], [8939.8, 974.2]]}}, {"type": "Feature", "properties": {"name": null, "highway": "service", "trusted": 0.0}, "geometry": {"type": "LineString", "coordinates": [[8967.7, 1016.7], [8945.8, 1001.1]]}}, {"type": "Feature", "properties": {"name": "Hai B\u00e0 Tr\u01b0ng", "highway": "primary", "trusted": 0.0}, "geometry": {"type": "LineString", "coordinates": [[8662.6, 2034.3], [8564.7, 2148.1], [8543.4, 2173.3], [8472.2, 2258.9], [8384.9, 2364.0], [8381.8, 2396.6]]}}, {"type": "Feature", "properties": {"name": "Hai B\u00e0 Tr\u01b0ng", "highway": "primary", "trusted": 0.0}, "geometry": {"type": "LineString", "coordinates": [[8381.8, 2396.6], [8407.0, 2386.5], [8524.2, 2245.5], [8568.1, 2192.7], [8660.4, 2077.5], [8680.7, 2052.1]]}}, {"type": "Feature", "properties": {"name": "L\u00ea Th\u00e1nh T\u00f4n", "highway": "tertiary", "trusted": 0.0}, "geometry": {"type": "LineString", "coordinates": [[4314.2, 3242.3], [4295.4, 3211.7], [4244.9, 3132.1], [4216.1, 3086.6]]}}, {"type": "Feature", "properties": {"name": "H\u1ebbm 25 Nguy\u1ec5n Th\u1ecb Minh Khai", "highway": "service", "trusted": 1.0}, "geometry": {"type": "LineString", "coordinates": [[7816.6, 3798.9], [7756.7, 3860.0], [7712.5, 3905.2]]}}, {"type": "Feature", "properties": {"name": null, "highway": "service", "trusted": 0.0}, "geometry": {"type": "LineString", "coordinates": [[3318.5, 695.9], [3292.4, 712.5], [3276.4, 725.4], [3182.7, 798.6]]}}, {"type": "Feature", "properties": {"name": null, "highway": "service", "trusted": 0.0}, "geometry": {"type": "LineString", "coordinates": [[11211.3, 1642.7], [11210.8, 1600.7], [11209.8, 1586.8], [11196.5, 1586.6], [11191.0, 1567.2], [11188.9, 1542.8]]}}, {"type": "Feature", "properties": {"name": null, "highway": "service", "trusted": 0.0}, "geometry": {"type": "LineString", "coordinates": [[3541.4, 7268.1], [3561.2, 7305.4], [3603.0, 7312.8], [3972.1, 7242.4]]}}, {"type": "Feature", "properties": {"name": "H\u1ebbm 6 \u0110\u1eb7ng Tr\u1ea7n C\u00f4n", "highway": "service", "trusted": 0.0}, "geometry": {"type": "LineString", "coordinates": [[4057.7, 2144.7], [4024.4, 2094.7], [3981.8, 2127.2]]}}, {"type": "Feature", "properties": {"name": null, "highway": "service", "trusted": 1.0}, "geometry": {"type": "LineString", "coordinates": [[6205.5, 4200.1], [6230.6, 4226.7], [6195.0, 4267.4]]}}, {"type": "Feature", "properties": {"name": "H\u1ebbm 53/112 Tr\u1ea7n Kh\u00e1nh D\u01b0", "highway": "service", "trusted": 0.0}, "geometry": {"type": "LineString", "coordinates": [[11298.6, 1582.6], [11262.5, 1584.6], [11236.7, 1588.2]]}}, {"type": "Feature", "properties": {"name": "H\u1ebbm 84 \u0110inh Ti\u00ean Ho\u00e0ng", "highway": "service", "trusted": 1.0}, "geometry": {"type": "LineString", "coordinates": [[9822.8, 3425.8], [9834.1, 3436.9], [9854.7, 3458.4], [9878.1, 3480.5], [9900.4, 3497.5], [9937.7, 3451.0], [9896.1, 3408.0]]}}, {"type": "Feature", "properties": {"name": "H\u1ebbm 84 \u0110inh Ti\u00ean Ho\u00e0ng", "highway": "service", "trusted": 1.0}, "geometry": {"type": "LineString", "coordinates": [[9900.4, 3497.5], [9883.3, 3520.6]]}}, {"type": "Feature", "properties": {"name": "H\u1ebbm 43 \u0110o\u00e0n Nh\u01b0 H\u00e0i", "highway": "service", "trusted": 1.0}, "geometry": {"type": "LineString", "coordinates": [[2008.6, 5766.6], [1990.8, 5775.0], [1986.5, 5770.1], [1970.3, 5777.0], [1958.3, 5749.4]]}}, {"type": "Feature", "properties": {"name": "H\u1ebbm 29 Nguy\u1ec5n V\u0103n Th\u1ee7", "highway": "residential", "trusted": 1.0}, "geometry": {"type": "LineString", "coordinates": [[10384.2, 4299.6], [10363.6, 4321.7], [10330.6, 4359.2]]}}, {"type": "Feature", "properties": {"name": "H\u1ebbm 15 Nguy\u1ec5n V\u0103n Th\u1ee7", "highway": "service", "trusted": 1.0}, "geometry": {"type": "LineString", "coordinates": [[10427.3, 4448.0], [10467.5, 4405.9], [10477.5, 4393.3]]}}, {"type": "Feature", "properties": {"name": "H\u1ebbm 96 L\u00ea Lai", "highway": "service", "trusted": 0.0}, "geometry": {"type": "LineString", "coordinates": [[3254.8, 1884.5], [3311.6, 1847.8], [3354.6, 1820.0], [3379.7, 1803.8]]}}, {"type": "Feature", "properties": {"name": "H\u1ebbm 96 L\u00ea Lai", "highway": "service", "trusted": 0.0}, "geometry": {"type": "LineString", "coordinates": [[3354.6, 1820.0], [3396.0, 1869.9]]}}, {"type": "Feature", "properties": {"name": "H\u1ebbm 96 L\u00ea Lai", "highway": "service", "trusted": 0.0}, "geometry": {"type": "LineString", "coordinates": [[3311.6, 1847.8], [3351.8, 1891.0]]}}, {"type": "Feature", "properties": {"name": "H\u1ebbm 81/77 Nguy\u1ec5n C\u1eedu V\u00e2n", "highway": "service", "trusted": 0.0}, "geometry": {"type": "LineString", "coordinates": [[11488.5, 5983.7], [11449.6, 5976.7], [11450.6, 5972.8], [11425.7, 5966.3]]}}, {"type": "Feature", "properties": {"name": null, "highway": "service", "trusted": 0.0}, "geometry": {"type": "LineString", "coordinates": [[11436.0, 4262.7], [11466.9, 4230.8], [11479.0, 4212.6], [11480.5, 4197.7]]}}, {"type": "Feature", "properties": {"name": null, "highway": "service", "trusted": 1.0}, "geometry": {"type": "LineString", "coordinates": [[10585.5, 1685.0], [10579.0, 1633.2]]}}, {"type": "Feature", "properties": {"name": null, "highway": "service", "trusted": 1.0}, "geometry": {"type": "LineString", "coordinates": [[10665.5, 1692.2], [10647.6, 1582.7]]}}, {"type": "Feature", "properties": {"name": null, "highway": "service", "trusted": 0.0}, "geometry": {"type": "LineString", "coordinates": [[856.9, 5720.3], [831.3, 5762.7]]}}, {"type": "Feature", "properties": {"name": "H\u1ebbm 55 Tr\u1ea7n Qu\u1ed1c To\u1ea3n", "highway": "service", "trusted": 0.0}, "geometry": {"type": "LineString", "coordinates": [[9128.1, 399.6], [9108.0, 430.3], [9090.2, 455.0], [9091.8, 463.9], [9090.6, 472.4], [9061.5, 500.9]]}}, {"type": "Feature", "properties": {"name": "H\u1ebbm 30 Hai B\u00e0 Tr\u01b0ng", "highway": "service", "trusted": 1.0}, "geometry": {"type": "LineString", "coordinates": [[5526.4, 5526.5], [5571.6, 5572.6], [5601.1, 5608.2]]}}, {"type": "Feature", "properties": {"name": "H\u1ebbm 360 Nguy\u1ec5n Th\u1ecb Minh Khai", "highway": "service", "trusted": 1.0}, "geometry": {"type": "LineString", "coordinates": [[4117.8, 142.1], [4027.2, 243.0]]}}, {"type": "Feature", "properties": {"name": "H\u1ebbm 360 Nguy\u1ec5n Th\u1ecb Minh Khai", "highway": "service", "trusted": 1.0}, "geometry": {"type": "LineString", "coordinates": [[4132.2, 125.5], [4117.8, 142.1]]}}, {"type": "Feature", "properties": {"name": "H\u1ebbm 10 H\u1ed3 Hu\u1ea5n Nghi\u1ec7p", "highway": "service", "trusted": 0.75}, "geometry": {"type": "LineString", "coordinates": [[4735.0, 5732.0], [4821.2, 5667.2], [4832.1, 5682.3], [4842.0, 5674.4]]}}, {"type": "Feature", "properties": {"name": "H\u1ebbm 17 Nguy\u1ec5n Th\u1ecb Minh Khai", "highway": "service", "trusted": 1.0}, "geometry": {"type": "LineString", "coordinates": [[8185.9, 4351.9], [8171.9, 4365.0], [8139.5, 4338.8], [8115.5, 4321.4], [8057.2, 4376.9], [8078.4, 4397.1]]}}, {"type": "Feature", "properties": {"name": "H\u1ebbm 245/35 Nguy\u1ec5n Tr\u00e3i", "highway": "service", "trusted": 0.0}, "geometry": {"type": "LineString", "coordinates": [[1516.1, 205.4], [1662.3, 244.7], [1697.4, 254.1], [1731.2, 263.2], [1770.3, 273.7], [1795.8, 280.5]]}}, {"type": "Feature", "properties": {"name": "H\u1ebbm 245/87 Nguy\u1ec5n Tr\u00e3i", "highway": "service", "trusted": 0.0}, "geometry": {"type": "LineString", "coordinates": [[1795.8, 280.5], [1737.1, 479.0], [1727.3, 488.0]]}}, {"type": "Feature", "properties": {"name": "Nguy\u1ec5n V\u0103n Th\u1ee7", "highway": "residential", "trusted": 1.0}, "geometry": {"type": "LineString", "coordinates": [[9368.1, 3394.6], [9396.7, 3418.7], [9481.5, 3490.3]]}}, {"type": "Feature", "properties": {"name": "Nguy\u1ec5n \u0110\u00ecnh Chi\u1ec3u", "highway": "secondary", "trusted": 1.0}, "geometry": {"type": "LineString", "coordinates": [[9173.0, 3828.8], [9155.8, 3813.4], [9096.3, 3762.2], [9087.7, 3755.0], [9085.1, 3752.8], [9082.7, 3750.7], [9079.4, 3747.8], [9073.7, 3742.9], [9068.1, 3738.1], [9063.8, 3734.4], [8981.5, 3663.4], [8974.9, 3657.6], [8948.7, 3634.9], [8900.0, 3592.7], [8895.5, 3588.6], [8864.6, 3561.3], [8829.3, 3530.4], [8785.3, 3490.0], [8657.5, 3377.3]]}}, {"type": "Feature", "properties": {"name": "M\u1ea1c \u0110\u0129nh Chi", "highway": "tertiary", "trusted": 1.0}, "geometry": {"type": "LineString", "coordinates": [[8657.5, 3377.3], [8519.7, 3511.3], [8478.6, 3548.0], [8465.3, 3563.3], [8447.1, 3583.0], [8412.1, 3614.3], [8333.3, 3685.0]]}}, {"type": "Feature", "properties": {"name": "Nguy\u1ec5n V\u0103n Th\u1ee7", "highway": "tertiary", "trusted": 0.0}, "geometry": {"type": "LineString", "coordinates": [[8958.1, 2987.1], [8895.6, 2921.5], [8691.3, 2711.2]]}}, {"type": "Feature", "properties": {"name": "Ph\u00f9ng Kh\u1eafc Khoan", "highway": "tertiary", "trusted": 0.5}, "geometry": {"type": "LineString", "coordinates": [[8691.3, 2711.2], [9035.2, 2442.1]]}}, {"type": "Feature", "properties": {"name": "H\u1ebbm 1 Ph\u00f3 \u00d0\u1ee9c Ch\u00ednh", "highway": "service", "trusted": 1.0}, "geometry": {"type": "LineString", "coordinates": [[2351.6, 4243.9], [2338.5, 4255.0], [2221.3, 4187.7]]}}, {"type": "Feature", "properties": {"name": "H\u1ebbm 34/16 L\u00ea V\u0103n Duy\u1ec7t", "highway": "service", "trusted": 0.0}, "geometry": {"type": "LineString", "coordinates": [[11429.4, 3104.9], [11393.4, 3107.2]]}}, {"type": "Feature", "properties": {"name": "H\u1ebbm 117 X\u00f4 Vi\u1ebft Ngh\u1ec7 T\u0129nh", "highway": "service", "trusted": 0.0}, "geometry": {"type": "LineString", "coordinates": [[11257.7, 6765.8], [11345.2, 6835.7]]}}, {"type": "Feature", "properties": {"name": "Hai B\u00e0 Tr\u01b0ng", "highway": "primary", "trusted": 0.0}, "geometry": {"type": "LineString", "coordinates": [[10131.8, 285.7], [10155.0, 275.9], [10192.1, 230.5], [10201.1, 212.5], [10208.8, 189.8]]}}, {"type": "Feature", "properties": {"name": "Hai B\u00e0 Tr\u01b0ng", "highway": "primary", "trusted": 0.0}, "geometry": {"type": "LineString", "coordinates": [[10237.2, 155.1], [10208.8, 189.8]]}}, {"type": "Feature", "properties": {"name": "Hai B\u00e0 Tr\u01b0ng", "highway": "primary", "trusted": 0.0}, "geometry": {"type": "LineString", "coordinates": [[10131.8, 285.7], [10078.6, 343.7]]}}, {"type": "Feature", "properties": {"name": null, "highway": "residential", "trusted": 1.0}, "geometry": {"type": "LineString", "coordinates": [[4203.6, 827.6], [4267.5, 751.3]]}}, {"type": "Feature", "properties": {"name": null, "highway": "service", "trusted": 1.0}, "geometry": {"type": "LineString", "coordinates": [[9100.9, 1641.3], [9124.1, 1661.2], [8962.3, 1850.5]]}}, {"type": "Feature", "properties": {"name": null, "highway": "service", "trusted": 1.0}, "geometry": {"type": "LineString", "coordinates": [[9717.2, 3553.4], [9775.1, 3609.2]]}}, {"type": "Feature", "properties": {"name": "H\u1ebbm 120 Mai Th\u1ecb L\u1ef1u", "highway": "service", "trusted": 0.0}, "geometry": {"type": "LineString", "coordinates": [[10649.8, 3297.2], [10690.8, 3312.0], [10688.3, 3334.6], [10703.1, 3340.2]]}}, {"type": "Feature", "properties": {"name": "H\u1ebbm 57/70 \u0110i\u1ec7n Bi\u00ean Ph\u1ee7", "highway": "service", "trusted": 0.0}, "geometry": {"type": "LineString", "coordinates": [[12050.3, 4210.8], [12086.6, 4255.5]]}}, {"type": "Feature", "properties": {"name": "H\u1ebbm 329 Tr\u1ea7n Nh\u00e2n T\u00f4ng", "highway": "service", "trusted": 0.0}, "geometry": {"type": "LineString", "coordinates": [[572.2, 871.4], [596.5, 893.7], [609.5, 908.3], [630.2, 929.7], [637.1, 933.0]]}}, {"type": "Feature", "properties": {"name": "H\u1ebbm 104 Mai Th\u1ecb L\u1ef1u", "highway": "service", "trusted": 0.0}, "geometry": {"type": "LineString", "coordinates": [[10539.5, 3436.3], [10612.0, 3496.6], [10620.0, 3498.0], [10642.9, 3497.3]]}}, {"type": "Feature", "properties": {"name": "Riverview 9", "highway": "residential", "trusted": 0.0}, "geometry": {"type": "LineString", "coordinates": [[7910.9, 6681.7], [7853.8, 6742.0], [7800.3, 6798.5]]}}, {"type": "Feature", "properties": {"name": "H\u1ebbm 385 Nguy\u1ec5n C\u00f4ng Tr\u1ee9", "highway": "service", "trusted": 1.0}, "geometry": {"type": "LineString", "coordinates": [[1780.8, 3212.8], [1722.5, 3251.9], [1763.3, 3322.8]]}}, {"type": "Feature", "properties": {"name": "H\u1ebbm 385 Nguy\u1ec5n C\u00f4ng Tr\u1ee9", "highway": "service", "trusted": 1.0}, "geometry": {"type": "LineString", "coordinates": [[1722.5, 3251.9], [1713.1, 3239.1], [1665.2, 3265.9]]}}, {"type": "Feature", "properties": {"name": "H\u1ebbm 110 H\u00e0m Nghi", "highway": "service", "trusted": 1.0}, "geometry": {"type": "LineString", "coordinates": [[3637.0, 4828.1], [3719.4, 4821.9], [3972.6, 4712.4]]}}, {"type": "Feature", "properties": {"name": "H\u1ebbm 8 B\u00e0 Huy\u1ec7n Thanh Quan", "highway": "service", "trusted": 1.0}, "geometry": {"type": "LineString", "coordinates": [[5006.6, 842.6], [5134.5, 970.0]]}}, {"type": "Feature", "properties": {"name": "C\u1ea7u \u00d4ng L\u00e3nh", "highway": "primary", "trusted": 0.0}, "geometry": {"type": "LineString", "coordinates": [[344.3, 4094.3], [357.4, 4086.0], [369.4, 4078.3]]}}, {"type": "Feature", "properties": {"name": null, "highway": "service", "trusted": 0.0}, "geometry": {"type": "LineString", "coordinates": [[11212.4, 3608.8], [11188.1, 3683.1]]}}, {"type": "Feature", "properties": {"name": "H\u1ebbm 100 T\u00f4n \u0110\u1ea3n", "highway": "service", "trusted": 0.0}, "geometry": {"type": "LineString", "coordinates": [[5.4, 6208.1], [29.8, 6115.6]]}}, {"type": "Feature", "properties": {"name": null, "highway": "service", "trusted": 0.0}, "geometry": {"type": "LineString", "coordinates": [[7101.7, 106.7], [7102.3, 108.7], [7129.0, 131.2], [7150.8, 152.6]]}}, {"type": "Feature", "properties": {"name": null, "highway": "service", "trusted": 1.0}, "geometry": {"type": "LineString", "coordinates": [[9377.2, 2734.6], [9351.8, 2762.1]]}}, {"type": "Feature", "properties": {"name": "\u0110i\u1ec7n Bi\u00ean Ph\u1ee7", "highway": "primary", "trusted": 0.0}, "geometry": {"type": "LineString", "coordinates": [[10443.2, 3719.5], [10347.9, 3630.3]]}}, {"type": "Feature", "properties": {"name": null, "highway": "service", "trusted": 0.8}, "geometry": {"type": "LineString", "coordinates": [[10585.9, 3786.9], [10600.9, 3739.0], [10603.0, 3717.5], [10603.6, 3702.4], [10644.5, 3749.2]]}}, {"type": "Feature", "properties": {"name": null, "highway": "service", "trusted": 0.43}, "geometry": {"type": "LineString", "coordinates": [[10589.4, 3710.5], [10577.7, 3718.8], [10566.9, 3728.5], [10556.1, 3740.7], [10512.0, 3700.2], [10505.1, 3714.8], [10497.3, 3733.5]]}}, {"type": "Feature", "properties": {"name": null, "highway": "service", "trusted": 0.03}, "geometry": {"type": "LineString", "coordinates": [[10683.3, 3628.1], [10676.5, 3624.6], [10669.8, 3624.3], [10663.8, 3626.0], [10653.6, 3631.4], [10645.1, 3639.1], [10596.1, 3683.4], [10592.5, 3689.2], [10590.1, 3695.7], [10589.0, 3702.4], [10589.4, 3710.5], [10591.7, 3718.3], [10595.8, 3725.4], [10601.3, 3731.4], [10610.2, 3739.8], [10614.7, 3744.1], [10619.8, 3747.5], [10624.8, 3749.7], [10629.2, 3750.7], [10594.1, 3690.2], [10639.1, 3750.8], [10644.5, 3749.2], [10649.2, 3746.1], [10710.1, 3686.3], [10714.1, 3680.0], [10714.9, 3671.8], [10713.6, 3665.4], [10710.8, 3659.6], [10706.6, 3654.6], [10683.3, 3628.1]]}}, {"type": "Feature", "properties": {"name": null, "highway": "service", "trusted": 0.0}, "geometry": {"type": "LineString", "coordinates": [[7890.3, 3010.0], [7933.8, 2960.8]]}}, {"type": "Feature", "properties": {"name": null, "highway": "service", "trusted": 0.0}, "geometry": {"type": "LineString", "coordinates": [[7947.5, 2973.0], [7933.8, 2960.8], [7916.7, 2947.1]]}}, {"type": "Feature", "properties": {"name": null, "highway": "service", "trusted": 0.0}, "geometry": {"type": "LineString", "coordinates": [[7874.9, 2997.0], [7890.3, 3010.0], [7905.6, 3013.6], [7914.3, 3011.0], [7947.5, 2973.0]]}}, {"type": "Feature", "properties": {"name": null, "highway": "service", "trusted": 0.0}, "geometry": {"type": "LineString", "coordinates": [[7994.7, 2892.0], [7976.9, 2875.4]]}}, {"type": "Feature", "properties": {"name": null, "highway": "service", "trusted": 0.0}, "geometry": {"type": "LineString", "coordinates": [[7933.8, 2960.8], [7994.7, 2892.0]]}}, {"type": "Feature", "properties": {"name": null, "highway": "service", "trusted": 0.86}, "geometry": {"type": "LineString", "coordinates": [[7143.9, 6076.8], [7168.0, 6050.2], [7179.9, 6028.7], [7167.8, 5995.1], [7180.9, 5979.6], [7169.2, 5963.0], [7158.3, 5953.2]]}}, {"type": "Feature", "properties": {"name": null, "highway": "service", "trusted": 1.0}, "geometry": {"type": "LineString", "coordinates": [[7143.9, 6076.8], [7117.8, 6102.2]]}}, {"type": "Feature", "properties": {"name": null, "highway": "service", "trusted": 1.0}, "geometry": {"type": "LineString", "coordinates": [[7166.3, 6094.8], [7143.9, 6076.8]]}}, {"type": "Feature", "properties": {"name": null, "highway": "service", "trusted": 1.0}, "geometry": {"type": "LineString", "coordinates": [[7158.3, 5953.2], [7180.8, 5929.5]]}}, {"type": "Feature", "properties": {"name": null, "highway": "service", "trusted": 0.5}, "geometry": {"type": "LineString", "coordinates": [[6251.1, 1874.4], [6225.9, 1860.4], [6217.1, 1859.7], [6208.4, 1862.7], [6144.5, 1939.5], [6142.3, 1946.9], [6144.8, 1959.3], [6158.9, 1980.5]]}}, {"type": "Feature", "properties": {"name": null, "highway": "service", "trusted": 1.0}, "geometry": {"type": "LineString", "coordinates": [[7442.5, 4395.3], [7431.2, 4405.9], [7445.1, 4422.6], [7487.8, 4471.6], [7488.8, 4500.8], [7501.1, 4517.1]]}}, {"type": "Feature", "properties": {"name": null, "highway": "service", "trusted": 1.0}, "geometry": {"type": "LineString", "coordinates": [[7456.9, 4381.6], [7449.7, 4388.4], [7442.5, 4395.3]]}}, {"type": "Feature", "properties": {"name": null, "highway": "service", "trusted": 1.0}, "geometry": {"type": "LineString", "coordinates": [[7467.9, 4371.1], [7456.9, 4381.6]]}}, {"type": "Feature", "properties": {"name": null, "highway": "service", "trusted": 0.0}, "geometry": {"type": "LineString", "coordinates": [[10449.4, 721.7], [10455.1, 715.7], [10446.8, 686.1], [10436.3, 639.5]]}}, {"type": "Feature", "properties": {"name": null, "highway": "service", "trusted": 0.0}, "geometry": {"type": "LineString", "coordinates": [[10446.8, 686.1], [10484.4, 675.5]]}}, {"type": "Feature", "properties": {"name": null, "highway": "service", "trusted": 0.0}, "geometry": {"type": "LineString", "coordinates": [[334.3, 5310.7], [395.5, 5423.2], [463.8, 5504.3], [476.1, 5493.8]]}}, {"type": "Feature", "properties": {"name": "H\u1ebbm 25 Nguy\u1ec5n Phi Khanh", "highway": "service", "trusted": 1.0}, "geometry": {"type": "LineString", "coordinates": [[10349.6, 2440.2], [10342.4, 2441.3], [10255.7, 2454.5]]}}, {"type": "Feature", "properties": {"name": "Tr\u1ea7n H\u01b0ng \u0110\u1ea1o", "highway": "primary", "trusted": 1.0}, "geometry": {"type": "LineString", "coordinates": [[3624.7, 3358.0], [3592.1, 3330.1], [3356.8, 3125.0]]}}, {"type": "Feature", "properties": {"name": "Nam K\u1ef3 Kh\u1edfi Ngh\u0129a", "highway": "secondary", "trusted": 1.0}, "geometry": {"type": "LineString", "coordinates": [[4458.6, 3962.4], [4420.8, 3977.2]]}}, {"type": "Feature", "properties": {"name": "L\u00ea Th\u00e1nh T\u00f4n", "highway": "tertiary", "trusted": 1.0}, "geometry": {"type": "LineString", "coordinates": [[5445.0, 4392.5], [5409.4, 4359.0], [5357.4, 4309.9], [5231.6, 4190.2], [5195.3, 4155.7], [5157.2, 4119.5]]}}, {"type": "Feature", "properties": {"name": "Nguy\u1ec5n Hu\u1ec7", "highway": "tertiary", "trusted": 1.0}, "geometry": {"type": "LineString", "coordinates": [[5420.1, 4419.2], [5445.0, 4392.5]]}}, {"type": "Feature", "properties": {"name": "L\u00ea Th\u00e1nh T\u00f4n", "highway": "tertiary", "trusted": 1.0}, "geometry": {"type": "LineString", "coordinates": [[5491.7, 4436.2], [5463.3, 4409.7], [5445.0, 4392.5]]}}, {"type": "Feature", "properties": {"name": "C\u00f4ng tr\u01b0\u1eddng C\u00f4ng x\u00e3 Paris", "highway": "tertiary", "trusted": 1.0}, "geometry": {"type": "LineString", "coordinates": [[6648.2, 3659.8], [6655.0, 3637.1], [6647.1, 3608.5], [6628.4, 3574.3]]}}, {"type": "Feature", "properties": {"name": "L\u00ea Du\u1ea9n", "highway": "tertiary", "trusted": 1.0}, "geometry": {"type": "LineString", "coordinates": [[6648.2, 3659.8], [6683.8, 3652.5], [6721.8, 3650.3], [6746.6, 3649.1]]}}, {"type": "Feature", "properties": {"name": null, "highway": "service", "trusted": 1.0}, "geometry": {"type": "LineString", "coordinates": [[8984.4, 3842.8], [8976.3, 3850.1]]}}, {"type": "Feature", "properties": {"name": "\u0110\u1ed3ng Kh\u1edfi", "highway": "tertiary", "trusted": 0.0}, "geometry": {"type": "LineString", "coordinates": [[4463.0, 5809.8], [4441.9, 5832.5], [4275.0, 6003.5], [4234.4, 6046.6]]}}, {"type": "Feature", "properties": {"name": "Nguy\u1ec5n T\u1ea5t Th\u00e0nh", "highway": "secondary", "trusted": 0.0}, "geometry": {"type": "LineString", "coordinates": [[2619.4, 5867.5], [2639.2, 5858.7]]}}, {"type": "Feature", "properties": {"name": "H\u1ebbm 230 Hai B\u00e0 Tr\u01b0ng", "highway": "service", "trusted": 1.0}, "geometry": {"type": "LineString", "coordinates": [[9332.0, 1355.0], [9338.9, 1361.1], [9368.5, 1386.6], [9394.5, 1407.1], [9401.8, 1413.8], [9404.5, 1418.1], [9405.0, 1421.1], [9405.8, 1425.6], [9407.5, 1428.0], [9416.7, 1436.8]]}}, {"type": "Feature", "properties": {"name": "H\u1ebbm 151 V\u00f5 V\u0103n T\u1ea7n", "highway": "service", "trusted": 1.0}, "geometry": {"type": "LineString", "coordinates": [[4799.5, 666.5], [4754.6, 624.8], [4788.1, 586.5]]}}, {"type": "Feature", "properties": {"name": "Nguy\u1ec5n Th\u1ecb Minh Khai", "highway": "primary", "trusted": 1.0}, "geometry": {"type": "LineString", "coordinates": [[7806.8, 3788.3], [7806.0, 3774.9], [7773.4, 3738.2], [7754.1, 3715.8], [7751.3, 3703.2], [7754.1, 3692.2], [7759.9, 3683.4]]}}, {"type": "Feature", "properties": {"name": "T\u00f4n \u0110\u1ee9c Th\u1eafng", "highway": "primary", "trusted": 0.0}, "geometry": {"type": "LineString", "coordinates": [[4818.7, 6069.5], [4805.9, 6084.1], [4788.3, 6093.8], [4771.4, 6095.3], [4443.0, 6067.8], [4301.1, 6053.4], [4234.4, 6046.6]]}}, {"type": "Feature", "properties": {"name": "Nguy\u1ec5n Th\u1ecb Minh Khai", "highway": "primary", "trusted": 1.0}, "geometry": {"type": "LineString", "coordinates": [[7816.6, 3798.9], [8007.4, 3997.8]]}}, {"type": "Feature", "properties": {"name": "L\u00ea Du\u1ea9n", "highway": "secondary", "trusted": 1.0}, "geometry": {"type": "LineString", "coordinates": [[6541.3, 3483.2], [6606.4, 3536.1]]}}, {"type": "Feature", "properties": {"name": "C\u00f4ng tr\u01b0\u1eddng C\u00f4ng x\u00e3 Paris", "highway": "tertiary", "trusted": 1.0}, "geometry": {"type": "LineString", "coordinates": [[6606.4, 3536.1], [6594.9, 3531.4], [6583.0, 3528.0], [6571.2, 3526.1], [6559.4, 3525.5], [6548.0, 3526.2], [6536.9, 3528.1], [6516.2, 3533.4]]}}, {"type": "Feature", "properties": {"name": "C\u00f4ng tr\u01b0\u1eddng C\u00f4ng x\u00e3 Paris", "highway": "tertiary", "trusted": 1.0}, "geometry": {"type": "LineString", "coordinates": [[6516.2, 3533.4], [6504.4, 3546.2], [6499.4, 3551.6]]}}, {"type": "Feature", "properties": {"name": "L\u00fd T\u1ef1 Tr\u1ecdng", "highway": "tertiary", "trusted": 0.0}, "geometry": {"type": "LineString", "coordinates": [[4589.6, 3077.0], [4677.4, 3202.4], [4710.7, 3239.5], [4861.0, 3410.8]]}}, {"type": "Feature", "properties": {"name": "Nguy\u1ec5n Trung Tr\u1ef1c", "highway": "residential", "trusted": 0.5}, "geometry": {"type": "LineString", "coordinates": [[4638.0, 3644.9], [4660.6, 3620.8], [4707.6, 3580.7], [4861.0, 3410.8]]}}, {"type": "Feature", "properties": {"name": "H\u1ebbm 174 \u0110i\u1ec7n Bi\u00ean Ph\u1ee7", "highway": "residential", "trusted": 0.0}, "geometry": {"type": "LineString", "coordinates": [[12085.5, 5916.3], [12110.3, 5930.3]]}}, {"type": "Feature", "properties": {"name": "L\u00ea Du\u1ea9n", "highway": "tertiary", "trusted": 1.0}, "geometry": {"type": "LineString", "coordinates": [[6522.8, 3467.4], [6527.1, 3476.2], [6529.8, 3485.6], [6530.2, 3494.5]]}}, {"type": "Feature", "properties": {"name": "C\u00f4ng tr\u01b0\u1eddng C\u00f4ng x\u00e3 Paris", "highway": "tertiary", "trusted": 1.0}, "geometry": {"type": "LineString", "coordinates": [[6530.2, 3494.5], [6530.2, 3504.6], [6527.6, 3515.1], [6522.8, 3524.9], [6516.2, 3533.4]]}}, {"type": "Feature", "properties": {"name": "H\u1ebbm 153 V\u00f5 V\u0103n T\u1ea7n", "highway": "residential", "trusted": 1.0}, "geometry": {"type": "LineString", "coordinates": [[4855.7, 469.2], [4773.3, 564.6]]}}, {"type": "Feature", "properties": {"name": "Nguy\u1ec5n Thi\u1ec7n Th\u00e0nh", "highway": "residential", "trusted": 0.0}, "geometry": {"type": "LineString", "coordinates": [[6516.0, 8378.1], [6564.6, 8425.1], [6631.9, 8492.4], [6681.7, 8546.5], [6738.0, 8609.5], [6767.5, 8645.1], [6865.5, 8772.7], [6914.6, 8836.7], [6920.8, 8851.3], [6923.8, 8869.1], [6921.4, 8885.7], [6916.2, 8898.5], [6907.5, 8909.5], [6654.3, 9095.8]]}}, {"type": "Feature", "properties": {"name": "V\u0129nh Kh\u00e1nh", "highway": "tertiary", "trusted": 1.0}, "geometry": {"type": "LineString", "coordinates": [[700.5, 4598.7], [689.7, 4612.7], [624.8, 4715.7]]}}, {"type": "Feature", "properties": {"name": "Ho\u00e0ng Di\u1ec7u", "highway": "secondary", "trusted": 0.29}, "geometry": {"type": "LineString", "coordinates": [[344.3, 4094.3], [370.5, 4133.4], [467.4, 4275.9], [483.1, 4300.0], [505.2, 4330.9], [681.6, 4571.3], [700.5, 4598.7]]}}, {"type": "Feature", "properties": {"name": "V\u0129nh Kh\u00e1nh", "highway": "tertiary", "trusted": 1.0}, "geometry": {"type": "LineString", "coordinates": [[721.8, 4574.0], [700.5, 4598.7]]}}, {"type": "Feature", "properties": {"name": "Ho\u00e0ng Di\u1ec7u", "highway": "secondary", "trusted": 0.6}, "geometry": {"type": "LineString", "coordinates": [[721.8, 4574.0], [703.3, 4549.3], [635.1, 4457.6], [525.6, 4315.9], [504.1, 4286.0]]}}, {"type": "Feature", "properties": {"name": "Nguy\u1ec5n H\u1eefu H\u00e0o", "highway": "tertiary", "trusted": 0.0}, "geometry": {"type": "LineString", "coordinates": [[363.5, 4384.0], [383.0, 4370.2], [465.2, 4310.7], [483.1, 4300.0]]}}, {"type": "Feature", "properties": {"name": "Kh\u00e1nh H\u1ed9i", "highway": "secondary", "trusted": 0.0}, "geometry": {"type": "LineString", "coordinates": [[437.4, 3045.0], [419.0, 3064.5], [419.0, 3064.6], [391.6, 3093.7]]}}, {"type": "Feature", "properties": {"name": "Kh\u00e1nh H\u1ed9i", "highway": "secondary", "trusted": 0.0}, "geometry": {"type": "LineString", "coordinates": [[328.1, 3149.3], [249.1, 3211.2], [238.1, 3219.9], [135.0, 3288.8]]}}, {"type": "Feature", "properties": {"name": "Nguy\u1ec5n Thi\u1ec7n Th\u00e0nh", "highway": "residential", "trusted": 0.0}, "geometry": {"type": "LineString", "coordinates": [[6268.5, 7655.5], [6097.6, 7951.2], [6074.9, 7986.3], [6076.1, 8018.2], [6087.3, 8036.4], [6102.2, 8050.6], [6205.0, 8119.5], [6280.3, 8175.3], [6381.5, 8256.3], [6420.9, 8291.0], [6463.0, 8328.4], [6516.0, 8378.1]]}}, {"type": "Feature", "properties": {"name": "L\u00ea Th\u00e1nh T\u00f4n", "highway": "tertiary", "trusted": 1.0}, "geometry": {"type": "LineString", "coordinates": [[7071.0, 5835.5], [7054.7, 5821.5], [6981.0, 5756.4]]}}, {"type": "Feature", "properties": {"name": null, "highway": "service", "trusted": 0.0}, "geometry": {"type": "LineString", "coordinates": [[356.5, 1080.7], [371.1, 1073.2], [446.0, 1128.4], [437.5, 1147.5]]}}, {"type": "Feature", "properties": {"name": null, "highway": "living_street", "trusted": 0.0}, "geometry": {"type": "LineString", "coordinates": [[505.6, 3292.8], [467.7, 3244.8]]}}, {"type": "Feature", "properties": {"name": null, "highway": "service", "trusted": 1.0}, "geometry": {"type": "LineString", "coordinates": [[10219.7, 4206.3], [10199.8, 4188.7], [10191.6, 4188.8], [10162.7, 4220.8], [10164.8, 4230.9], [10180.7, 4248.2]]}}, {"type": "Feature", "properties": {"name": null, "highway": "service", "trusted": 0.0}, "geometry": {"type": "LineString", "coordinates": [[7328.1, 5700.2], [7350.6, 5674.6], [7304.5, 5631.6], [7280.6, 5656.2]]}}, {"type": "Feature", "properties": {"name": null, "highway": "service", "trusted": 0.0}, "geometry": {"type": "LineString", "coordinates": [[3755.8, 2337.1], [3886.6, 2268.2]]}}, {"type": "Feature", "properties": {"name": "V\u0169 Huy T\u1ea5n", "highway": "tertiary", "trusted": 0.0}, "geometry": {"type": "LineString", "coordinates": [[11754.6, 1870.7], [11739.8, 2088.6]]}}, {"type": "Feature", "properties": {"name": "Nguy\u1ec5n B\u1ec9nh Khi\u00eam", "highway": "primary", "trusted": 1.0}, "geometry": {"type": "LineString", "coordinates": [[10407.6, 4006.5], [10438.0, 3973.5], [10495.5, 3919.3]]}}, {"type": "Feature", "properties": {"name": null, "highway": "service", "trusted": 0.0}, "geometry": {"type": "LineString", "coordinates": [[6117.2, 4579.5], [6110.3, 4586.9], [6097.7, 4600.3]]}}, {"type": "Feature", "properties": {"name": "\u0110inh Ti\u00ean Ho\u00e0ng", "highway": "residential", "trusted": 1.0}, "geometry": {"type": "LineString", "coordinates": [[10054.6, 3112.9], [10056.3, 3113.0], [10057.4, 3113.0], [10058.6, 3112.6], [10059.5, 3112.1], [10060.2, 3111.4], [10067.0, 3103.0], [10073.4, 3095.4], [10084.3, 3085.7], [10088.6, 3083.0], [10092.6, 3082.4], [10096.5, 3082.5]]}}, {"type": "Feature", "properties": {"name": "Nguy\u1ec5n \u0110\u00ecnh Chi\u1ec3u", "highway": "secondary", "trusted": 1.0}, "geometry": {"type": "LineString", "coordinates": [[9704.3, 4304.3], [9536.7, 4148.9]]}}, {"type": "Feature", "properties": {"name": "Ng\u00f4 V\u0103n N\u0103m", "highway": "residential", "trusted": 1.0}, "geometry": {"type": "LineString", "coordinates": [[6870.0, 6089.3], [6895.1, 6079.5], [6932.1, 6040.2], [6973.2, 5991.1], [6982.9, 5946.5]]}}, {"type": "Feature", "properties": {"name": null, "highway": "secondary", "trusted": 1.0}, "geometry": {"type": "LineString", "coordinates": [[6628.4, 3574.3], [6635.8, 3568.8], [6640.1, 3561.3]]}}, {"type": "Feature", "properties": {"name": "Aqua 4", "highway": "residential", "trusted": 1.0}, "geometry": {"type": "LineString", "coordinates": [[8774.8, 7144.1], [8779.2, 7211.7]]}}, {"type": "Feature", "properties": {"name": "Tr\u01b0\u1eddng Sa", "highway": "tertiary", "trusted": 1.0}, "geometry": {"type": "LineString", "coordinates": [[10423.6, 6107.0], [10417.9, 6116.3], [10417.6, 6125.7]]}}, {"type": "Feature", "properties": {"name": "H\u1ebbm 15 \u0110\u01b0\u1eddng L\u00ea Th\u00e1nh T\u00f4n", "highway": "service", "trusted": 1.0}, "geometry": {"type": "LineString", "coordinates": [[6972.2, 5764.3], [6958.7, 5757.4], [6925.4, 5792.3]]}}, {"type": "Feature", "properties": {"name": null, "highway": "service", "trusted": 0.0}, "geometry": {"type": "LineString", "coordinates": [[8538.4, 1560.6], [8423.5, 1458.9]]}}, {"type": "Feature", "properties": {"name": "H\u1ebbm 240 L\u00ea Th\u00e1nh T\u00f4n", "highway": "service", "trusted": 0.0}, "geometry": {"type": "LineString", "coordinates": [[4050.0, 2827.6], [4133.7, 2771.8]]}}, {"type": "Feature", "properties": {"name": "Nguy\u1ec5n Trung Ng\u1ea1n", "highway": "residential", "trusted": 0.5}, "geometry": {"type": "LineString", "coordinates": [[7725.2, 5736.0], [7666.9, 5688.1]]}}, {"type": "Feature", "properties": {"name": "H\u00e0m Nghi", "highway": "primary", "trusted": 1.0}, "geometry": {"type": "LineString", "coordinates": [[3529.3, 4798.2], [3528.6, 4818.8], [3522.7, 5014.1], [3519.3, 5106.9]]}}, {"type": "Feature", "properties": {"name": "Ho\u00e0ng Sa", "highway": "tertiary", "trusted": 0.0}, "geometry": {"type": "LineString", "coordinates": [[11311.7, 171.7], [11313.1, 175.9], [11388.2, 328.3], [11424.3, 401.3], [11475.9, 504.6], [11527.4, 613.3], [11533.6, 634.3], [11538.8, 650.7]]}}, {"type": "Feature", "properties": {"name": "Nguy\u1ec5n Tr\u01b0\u1eddng T\u1ed9", "highway": "tertiary", "trusted": 1.0}, "geometry": {"type": "LineString", "coordinates": [[2487.9, 5218.7], [2463.4, 5229.7], [2414.1, 5252.2], [2297.0, 5306.0], [2208.1, 5347.4], [2192.8, 5359.1]]}}, {"type": "Feature", "properties": {"name": "Hai B\u00e0 Tr\u01b0ng", "highway": "primary", "trusted": 0.5}, "geometry": {"type": "LineString", "coordinates": [[8695.6, 2033.5], [8942.3, 1835.7]]}}, {"type": "Feature", "properties": {"name": "Hai B\u00e0 Tr\u01b0ng", "highway": "primary", "trusted": 0.0}, "geometry": {"type": "LineString", "coordinates": [[8678.6, 2015.8], [8662.6, 2034.3]]}}, {"type": "Feature", "properties": {"name": "\u0110i\u1ec7n Bi\u00ean Ph\u1ee7", "highway": "primary", "trusted": 0.0}, "geometry": {"type": "LineString", "coordinates": [[8662.6, 2034.3], [8672.4, 2043.8]]}}, {"type": "Feature", "properties": {"name": "\u0110i\u1ec7n Bi\u00ean Ph\u1ee7", "highway": "primary", "trusted": 0.0}, "geometry": {"type": "LineString", "coordinates": [[8672.4, 2043.8], [8680.7, 2052.1]]}}, {"type": "Feature", "properties": {"name": "Hai B\u00e0 Tr\u01b0ng", "highway": "primary", "trusted": 0.0}, "geometry": {"type": "LineString", "coordinates": [[8680.7, 2052.1], [8695.6, 2033.5]]}}, {"type": "Feature", "properties": {"name": "Nguy\u1ec5n C\u00f4ng Tr\u1ee9", "highway": "tertiary", "trusted": 1.0}, "geometry": {"type": "LineString", "coordinates": [[3169.6, 4943.1], [3154.1, 4910.2], [3150.8, 4902.8], [3094.7, 4779.8], [3090.1, 4770.0], [3088.4, 4766.2], [3021.6, 4621.6], [3004.2, 4594.3]]}}, {"type": "Feature", "properties": {"name": "Nam K\u1ef3 Kh\u1edfi Ngh\u0129a", "highway": "secondary", "trusted": 1.0}, "geometry": {"type": "LineString", "coordinates": [[3004.2, 4594.3], [2980.6, 4604.3], [2818.2, 4671.2]]}}, {"type": "Feature", "properties": {"name": "Ng\u00e3 s\u00e1u Ph\u00f9 \u0110\u1ed5ng", "highway": "primary", "trusted": 0.0}, "geometry": {"type": "LineString", "coordinates": [[3748.0, 1884.8], [3759.9, 1875.7]]}}, {"type": "Feature", "properties": {"name": "Tr\u1ea7n Qu\u1ed1c To\u1ea3n", "highway": "secondary", "trusted": 0.0}, "geometry": {"type": "LineString", "coordinates": [[8721.3, 147.0], [8696.1, 131.4]]}}, {"type": "Feature", "properties": {"name": "Nam K\u1ef3 Kh\u1edfi Ngh\u0129a", "highway": "primary", "trusted": 0.0}, "geometry": {"type": "LineString", "coordinates": [[8262.9, 532.0], [8337.2, 448.1], [8604.1, 168.1], [8639.8, 130.5]]}}, {"type": "Feature", "properties": {"name": "Ph\u1ea1m H\u1ed3ng Th\u00e1i", "highway": "primary", "trusted": 0.0}, "geometry": {"type": "LineString", "coordinates": [[3706.6, 2305.7], [3727.3, 1965.7], [3729.2, 1944.2], [3736.0, 1917.7], [3748.0, 1884.8]]}}, {"type": "Feature", "properties": {"name": "Ng\u00e3 s\u00e1u Ph\u00f9 \u0110\u1ed5ng", "highway": "primary", "trusted": 0.0}, "geometry": {"type": "LineString", "coordinates": [[3717.0, 1886.8], [3728.0, 1889.3]]}}, {"type": "Feature", "properties": {"name": null, "highway": "service", "trusted": 0.0}, "geometry": {"type": "LineString", "coordinates": [[74.7, 1897.7], [52.0, 1878.5]]}}, {"type": "Feature", "properties": {"name": "H\u1ebbm 53/27 Tr\u1ea7n Kh\u00e1nh D\u01b0", "highway": "service", "trusted": 0.0}, "geometry": {"type": "LineString", "coordinates": [[11258.7, 1244.9], [11306.5, 1245.0], [11315.4, 1288.9]]}}, {"type": "Feature", "properties": {"name": null, "highway": "service", "trusted": 1.0}, "geometry": {"type": "LineString", "coordinates": [[3807.5, 4983.2], [3837.9, 5047.1]]}}, {"type": "Feature", "properties": {"name": "H\u1ebbm 76 T\u00f4n Th\u1ea5t \u00d0\u1ea1m", "highway": "service", "trusted": 1.0}, "geometry": {"type": "LineString", "coordinates": [[3871.9, 5031.0], [3837.9, 5047.1], [3805.0, 5062.9]]}}, {"type": "Feature", "properties": {"name": "Pasteur", "highway": "secondary", "trusted": 1.0}, "geometry": {"type": "LineString", "coordinates": [[4705.6, 4289.2], [4736.7, 4277.9]]}}, {"type": "Feature", "properties": {"name": "Pasteur", "highway": "secondary", "trusted": 1.0}, "geometry": {"type": "LineString", "coordinates": [[4736.7, 4277.9], [4773.7, 4264.4]]}}, {"type": "Feature", "properties": {"name": null, "highway": "service", "trusted": 0.0}, "geometry": {"type": "LineString", "coordinates": [[9930.7, 459.3], [9961.0, 483.0]]}}, {"type": "Feature", "properties": {"name": null, "highway": "service", "trusted": 0.0}, "geometry": {"type": "LineString", "coordinates": [[9930.7, 459.3], [9929.3, 458.2]]}}, {"type": "Feature", "properties": {"name": "Hai B\u00e0 Tr\u01b0ng", "highway": "primary", "trusted": 0.0}, "geometry": {"type": "LineString", "coordinates": [[9634.3, 879.4], [9655.5, 853.9], [9695.1, 807.4]]}}, {"type": "Feature", "properties": {"name": "Hai B\u00e0 Tr\u01b0ng", "highway": "primary", "trusted": 0.0}, "geometry": {"type": "LineString", "coordinates": [[9739.4, 753.5], [9749.5, 740.6], [9758.0, 730.3], [9771.1, 714.3]]}}, {"type": "Feature", "properties": {"name": "Hai B\u00e0 Tr\u01b0ng", "highway": "primary", "trusted": 0.0}, "geometry": {"type": "LineString", "coordinates": [[9695.1, 807.4], [9707.8, 803.1], [9730.6, 775.4], [9735.8, 769.1], [9739.4, 753.5]]}}, {"type": "Feature", "properties": {"name": null, "highway": "service", "trusted": 1.0}, "geometry": {"type": "LineString", "coordinates": [[10620.7, 3047.4], [10726.5, 3049.0]]}}, {"type": "Feature", "properties": {"name": null, "highway": "service", "trusted": 1.0}, "geometry": {"type": "LineString", "coordinates": [[4108.6, 4149.3], [4113.8, 4149.4], [4120.6, 4151.1], [4125.4, 4155.6], [4156.1, 4211.8], [4157.1, 4219.0], [4153.4, 4226.7], [4145.7, 4233.0], [4133.8, 4238.4], [4126.4, 4238.8], [4119.9, 4235.7], [4086.6, 4181.6], [4083.4, 4173.3], [4084.2, 4164.9], [4087.9, 4159.8], [4096.6, 4154.2], [4108.6, 4149.3]]}}, {"type": "Feature", "properties": {"name": null, "highway": "service", "trusted": 1.0}, "geometry": {"type": "LineString", "coordinates": [[4081.0, 4123.1], [4096.6, 4154.2]]}}, {"type": "Feature", "properties": {"name": null, "highway": "service", "trusted": 1.0}, "geometry": {"type": "LineString", "coordinates": [[3713.0, 1310.9], [3794.9, 1299.2], [3785.3, 1248.6]]}}, {"type": "Feature", "properties": {"name": null, "highway": "service", "trusted": 0.0}, "geometry": {"type": "LineString", "coordinates": [[4049.9, 2152.9], [4094.5, 2196.0], [4148.1, 2134.7]]}}, {"type": "Feature", "properties": {"name": null, "highway": "service", "trusted": 0.0}, "geometry": {"type": "LineString", "coordinates": [[3470.7, 162.9], [3408.0, 107.9], [3355.2, 159.4], [3418.7, 213.7]]}}, {"type": "Feature", "properties": {"name": null, "highway": "service", "trusted": 0.0}, "geometry": {"type": "LineString", "coordinates": [[719.2, 1934.4], [638.6, 1985.8]]}}, {"type": "Feature", "properties": {"name": "Tr\u1ea7n Nguy\u00ean \u0110\u00e1n", "highway": "tertiary", "trusted": 1.0}, "geometry": {"type": "LineString", "coordinates": [[10522.0, 2040.5], [10581.8, 2027.5], [10599.2, 2016.9]]}}, {"type": "Feature", "properties": {"name": "Tr\u1ea7n Nguy\u00ean \u0110\u00e1n", "highway": "tertiary", "trusted": 1.0}, "geometry": {"type": "LineString", "coordinates": [[10599.2, 2016.9], [10579.5, 2015.3], [10534.6, 2025.7], [10520.2, 2029.2]]}}, {"type": "Feature", "properties": {"name": "\u0110i\u1ec7n Bi\u00ean Ph\u1ee7", "highway": "primary", "trusted": 0.0}, "geometry": {"type": "LineString", "coordinates": [[12119.3, 5345.0], [12028.6, 5256.9], [11492.7, 4747.9]]}}, {"type": "Feature", "properties": {"name": "\u0110i\u1ec7n Bi\u00ean Ph\u1ee7", "highway": "trunk", "trusted": 0.0}, "geometry": {"type": "LineString", "coordinates": [[11319.3, 4673.7], [11365.0, 4702.8], [11524.9, 4849.6], [11687.8, 5009.6], [12070.4, 5382.1], [12118.0, 5427.6]]}}, {"type": "Feature", "properties": {"name": "\u0110i\u1ec7n Bi\u00ean Ph\u1ee7", "highway": "primary", "trusted": 0.0}, "geometry": {"type": "LineString", "coordinates": [[11319.3, 4673.7], [11333.5, 4700.5], [11491.3, 4850.2], [11955.7, 5299.9], [12061.2, 5403.0], [12117.6, 5454.9]]}}, {"type": "Feature", "properties": {"name": null, "highway": "service", "trusted": 1.0}, "geometry": {"type": "LineString", "coordinates": [[4239.8, 1588.7], [4208.0, 1510.4], [4076.4, 1437.4], [4055.1, 1425.6], [4034.7, 1412.7]]}}, {"type": "Feature", "properties": {"name": null, "highway": "service", "trusted": 0.0}, "geometry": {"type": "LineString", "coordinates": [[7143.5, 1181.9], [7038.8, 1288.7]]}}, {"type": "Feature", "properties": {"name": "\u0110i\u1ec7n Bi\u00ean Ph\u1ee7", "highway": "primary", "trusted": 0.0}, "geometry": {"type": "LineString", "coordinates": [[11410.3, 4670.5], [11376.7, 4651.4], [11342.7, 4635.1]]}}, {"type": "Feature", "properties": {"name": "\u0110i\u1ec7n Bi\u00ean Ph\u1ee7", "highway": "trunk", "trusted": 0.0}, "geometry": {"type": "LineString", "coordinates": [[11266.6, 4631.3], [11319.3, 4673.7]]}}, {"type": "Feature", "properties": {"name": null, "highway": "service", "trusted": 0.0}, "geometry": {"type": "LineString", "coordinates": [[908.9, 11.1], [872.1, 67.9]]}}, {"type": "Feature", "properties": {"name": null, "highway": "service", "trusted": 0.0}, "geometry": {"type": "LineString", "coordinates": [[1301.7, 17.2], [1325.8, 25.3]]}}, {"type": "Feature", "properties": {"name": "\u0110i\u1ec7n Bi\u00ean Ph\u1ee7", "highway": "trunk", "trusted": 0.0}, "geometry": {"type": "LineString", "coordinates": [[12118.9, 5371.6], [11477.1, 4760.9]]}}, {"type": "Feature", "properties": {"name": null, "highway": "service", "trusted": 0.0}, "geometry": {"type": "LineString", "coordinates": [[3299.2, 459.9], [3350.5, 531.8]]}}, {"type": "Feature", "properties": {"name": "H\u1ea7m chui Nguy\u1ec5n H\u1eefu C\u1ea3nh", "highway": "primary", "trusted": 0.0}, "geometry": {"type": "LineString", "coordinates": [[9525.3, 8590.7], [9555.6, 8554.7]]}}, {"type": "Feature", "properties": {"name": "T\u00f4n \u0110\u1ee9c Th\u1eafng", "highway": "primary", "trusted": 1.0}, "geometry": {"type": "LineString", "coordinates": [[6416.3, 6451.3], [6332.4, 6425.8], [6311.9, 6419.7], [6296.8, 6415.3], [6208.1, 6390.2], [6149.8, 6373.8], [6112.6, 6363.9], [5944.7, 6319.7]]}}, {"type": "Feature", "properties": {"name": "T\u00f4n \u0110\u1ee9c Th\u1eafng", "highway": "primary", "trusted": 1.0}, "geometry": {"type": "LineString", "coordinates": [[6678.6, 6526.8], [6658.7, 6522.8], [6585.5, 6501.3], [6578.6, 6499.3], [6561.8, 6494.3]]}}, {"type": "Feature", "properties": {"name": "C\u1ea7u Th\u1ee7 Thi\u00eam", "highway": "secondary", "trusted": 0.0}, "geometry": {"type": "LineString", "coordinates": [[9541.4, 8629.1], [9548.1, 8594.4]]}}, {"type": "Feature", "properties": {"name": "B\u1ebfn V\u00e2n \u0110\u1ed3n", "highway": "secondary", "trusted": 0.0}, "geometry": {"type": "LineString", "coordinates": [[437.4, 3045.0], [470.8, 3071.9], [504.0, 3098.7]]}}, {"type": "Feature", "properties": {"name": null, "highway": "secondary", "trusted": 0.0}, "geometry": {"type": "LineString", "coordinates": [[2679.0, 5696.9], [2677.5, 5700.3], [2676.5, 5703.8], [2676.1, 5706.9], [2676.1, 5710.4], [2676.6, 5713.8], [2677.5, 5717.0], [2678.8, 5719.9], [2680.4, 5722.7], [2682.4, 5725.2], [2684.7, 5727.4]]}}, {"type": "Feature", "properties": {"name": "Nguy\u1ec5n Tr\u01b0\u1eddng T\u1ed9", "highway": "tertiary", "trusted": 1.0}, "geometry": {"type": "LineString", "coordinates": [[1978.4, 5460.4], [2014.3, 5443.4], [2132.3, 5387.5], [2192.8, 5359.1]]}}, {"type": "Feature", "properties": {"name": "C\u1ea7u \u0110i\u1ec7n Bi\u00ean Ph\u1ee7 2", "highway": "primary", "trusted": 1.0}, "geometry": {"type": "LineString", "coordinates": [[10711.7, 4028.9], [10695.4, 4011.4]]}}, {"type": "Feature", "properties": {"name": null, "highway": "service", "trusted": 1.0}, "geometry": {"type": "LineString", "coordinates": [[4975.9, 1146.8], [5102.0, 1011.5]]}}, {"type": "Feature", "properties": {"name": null, "highway": "service", "trusted": 1.0}, "geometry": {"type": "LineString", "coordinates": [[3789.4, 873.5], [3889.1, 766.2], [3918.8, 795.4]]}}, {"type": "Feature", "properties": {"name": null, "highway": "service", "trusted": 0.0}, "geometry": {"type": "LineString", "coordinates": [[2652.9, 1293.1], [2630.0, 1302.3], [2576.0, 1323.2], [2552.7, 1265.4]]}}, {"type": "Feature", "properties": {"name": "H\u1ebbm 9 B\u00f9i Th\u1ecb Xu\u00e2n", "highway": "service", "trusted": 1.0}, "geometry": {"type": "LineString", "coordinates": [[3975.8, 1045.2], [3910.2, 1176.1], [3887.6, 1163.4]]}}, {"type": "Feature", "properties": {"name": "H\u1ebbm 9 B\u00f9i Th\u1ecb Xu\u00e2n", "highway": "service", "trusted": 1.0}, "geometry": {"type": "LineString", "coordinates": [[3910.2, 1176.1], [3940.4, 1193.7]]}}, {"type": "Feature", "properties": {"name": "H\u1ebbm 21B B\u00f9i Th\u1ecb Xu\u00e2n", "highway": "service", "trusted": 1.0}, "geometry": {"type": "LineString", "coordinates": [[3822.5, 904.1], [3771.1, 960.2], [3795.7, 985.6]]}}, {"type": "Feature", "properties": {"name": "H\u1ebbm 159 Nguy\u1ec5n Du", "highway": "service", "trusted": 0.0}, "geometry": {"type": "LineString", "coordinates": [[4089.3, 1686.6], [4027.3, 1762.7]]}}, {"type": "Feature", "properties": {"name": "Hai B\u00e0 Tr\u01b0ng", "highway": "primary", "trusted": 1.0}, "geometry": {"type": "LineString", "coordinates": [[8942.3, 1835.7], [9100.9, 1641.3], [9154.2, 1575.8], [9171.3, 1554.7]]}}, {"type": "Feature", "properties": {"name": "V\u00f5 Th\u1ecb S\u00e1u", "highway": "primary", "trusted": 1.0}, "geometry": {"type": "LineString", "coordinates": [[9171.3, 1554.7], [9165.4, 1548.9], [9159.4, 1543.0]]}}, {"type": "Feature", "properties": {"name": "Hai B\u00e0 Tr\u01b0ng", "highway": "primary", "trusted": 1.0}, "geometry": {"type": "LineString", "coordinates": [[9379.7, 1282.2], [9367.0, 1289.6], [9240.7, 1443.9], [9193.2, 1502.0], [9172.5, 1527.1], [9167.2, 1533.6], [9159.4, 1543.0]]}}, {"type": "Feature", "properties": {"name": "Tr\u01b0\u1eddng Sa", "highway": "tertiary", "trusted": 0.0}, "geometry": {"type": "LineString", "coordinates": [[11710.0, 1460.4], [11733.2, 1434.1]]}}, {"type": "Feature", "properties": {"name": null, "highway": "service", "trusted": 1.0}, "geometry": {"type": "LineString", "coordinates": [[3877.5, 1271.6], [3850.3, 1290.2], [3857.5, 1322.7]]}}, {"type": "Feature", "properties": {"name": "V\u00f5 V\u0103n Ki\u1ec7t", "highway": "primary", "trusted": 0.0}, "geometry": {"type": "LineString", "coordinates": [[3400.9, 6025.2], [3423.8, 6030.4], [3435.9, 6030.5]]}}, {"type": "Feature", "properties": {"name": "H\u1ebbm 38 Tr\u1ea7n Kh\u1eafc Ch\u00e2n", "highway": "service", "trusted": 0.0}, "geometry": {"type": "LineString", "coordinates": [[11003.6, 1615.6], [11008.3, 1624.2], [11015.0, 1631.3], [11025.4, 1635.5], [11030.5, 1636.2], [11035.4, 1636.2], [11062.3, 1634.8], [11070.1, 1633.2], [11084.7, 1635.9], [11088.4, 1653.1], [11094.0, 1656.0], [11098.7, 1671.1], [11097.6, 1679.4], [11094.7, 1687.2], [11099.0, 1693.6], [11107.2, 1695.8], [11111.0, 1697.5], [11115.3, 1699.8], [11128.4, 1702.1], [11137.4, 1708.6], [11142.2, 1714.9], [11151.5, 1717.2], [11157.3, 1705.4], [11163.0, 1687.8], [11171.4, 1680.7], [11182.6, 1678.8], [11195.2, 1679.2], [11198.7, 1680.0], [11217.6, 1684.8], [11233.6, 1694.6], [11237.4, 1709.0], [11239.8, 1724.3], [11241.5, 1730.4]]}}, {"type": "Feature", "properties": {"name": null, "highway": "service", "trusted": 0.0}, "geometry": {"type": "LineString", "coordinates": [[10985.0, 1479.4], [10916.5, 1493.1]]}}, {"type": "Feature", "properties": {"name": null, "highway": "service", "trusted": 1.0}, "geometry": {"type": "LineString", "coordinates": [[10039.4, 1631.6], [9998.5, 1609.2], [9991.2, 1603.8]]}}, {"type": "Feature", "properties": {"name": "\u0110inh Ti\u00ean Ho\u00e0ng", "highway": "primary", "trusted": 1.0}, "geometry": {"type": "LineString", "coordinates": [[8589.9, 4703.5], [8606.4, 4690.7], [8642.7, 4645.6], [8654.3, 4629.6], [8660.7, 4620.7], [8686.2, 4586.2]]}}, {"type": "Feature", "properties": {"name": "\u0110inh Ti\u00ean Ho\u00e0ng", "highway": "primary", "trusted": 1.0}, "geometry": {"type": "LineString", "coordinates": [[8338.4, 5005.9], [8314.2, 5016.8], [8287.4, 5047.8], [8282.6, 5050.3], [8255.9, 5064.0]]}}, {"type": "Feature", "properties": {"name": "\u0110inh Ti\u00ean Ho\u00e0ng", "highway": "primary", "trusted": 1.0}, "geometry": {"type": "LineString", "coordinates": [[8679.8, 4580.5], [8646.3, 4622.4], [8596.5, 4684.3], [8589.9, 4703.5]]}}, {"type": "Feature", "properties": {"name": null, "highway": "service", "trusted": 0.0}, "geometry": {"type": "LineString", "coordinates": [[3171.8, 7392.3], [3136.1, 7173.3], [3054.7, 7186.0], [3029.1, 7190.2], [3004.0, 7196.0], [2977.3, 7202.1], [2942.8, 7211.0], [2903.8, 7222.2], [2862.3, 7236.1], [2813.0, 7252.8], [2764.0, 7270.3]]}}, {"type": "Feature", "properties": {"name": null, "highway": "service", "trusted": 0.0}, "geometry": {"type": "LineString", "coordinates": [[12030.2, 2911.4], [12028.0, 2981.6]]}}, {"type": "Feature", "properties": {"name": "Nguy\u1ec5n Huy T\u1ef1", "highway": "tertiary", "trusted": 1.0}, "geometry": {"type": "LineString", "coordinates": [[10631.4, 2795.9], [10627.9, 2806.0], [10627.4, 2855.3], [10630.9, 2864.1]]}}, {"type": "Feature", "properties": {"name": null, "highway": "residential", "trusted": 0.83}, "geometry": {"type": "LineString", "coordinates": [[7011.8, 6403.1], [7030.4, 6420.6], [7122.5, 6507.5], [7190.5, 6434.2], [7112.4, 6341.6], [7093.9, 6323.0]]}}, {"type": "Feature", "properties": {"name": "H\u1ebbm 92 X\u00f4 vi\u1ebft Ngh\u1ec7 T\u0129nh", "highway": "residential", "trusted": 0.0}, "geometry": {"type": "LineString", "coordinates": [[11660.8, 7361.1], [11582.6, 7516.4], [11568.6, 7544.9], [11564.7, 7563.1], [11549.2, 7607.3], [11527.0, 7674.2]]}}, {"type": "Feature", "properties": {"name": "Nguy\u1ec5n Si\u00eau", "highway": "residential", "trusted": 1.0}, "geometry": {"type": "LineString", "coordinates": [[6693.8, 6261.1], [6502.4, 6092.1]]}}, {"type": "Feature", "properties": {"name": "T\u00f4n \u0110\u1ee9c Th\u1eafng", "highway": "primary", "trusted": 1.0}, "geometry": {"type": "LineString", "coordinates": [[6842.9, 6414.0], [6828.2, 6429.0]]}}, {"type": "Feature", "properties": {"name": "Mai Th\u1ecb L\u1ef1u", "highway": "residential", "trusted": 0.0}, "geometry": {"type": "LineString", "coordinates": [[10649.8, 3297.2], [10649.2, 3299.9], [10623.1, 3353.1], [10539.5, 3436.3], [10505.7, 3470.6], [10472.7, 3504.0], [10347.9, 3630.3]]}}, {"type": "Feature", "properties": {"name": "H\u1ebbm 219 Ph\u1ea1m Ng\u0169 L\u00e3o", "highway": "service", "trusted": 0.0}, "geometry": {"type": "LineString", "coordinates": [[2702.4, 1685.8], [2714.4, 1717.5]]}}, {"type": "Feature", "properties": {"name": "B\u1ebfn V\u00e2n \u0110\u1ed3n", "highway": "secondary", "trusted": 1.0}, "geometry": {"type": "LineString", "coordinates": [[826.0, 3368.7], [912.6, 3435.7], [960.9, 3471.2], [993.0, 3494.8], [1027.4, 3521.8], [1057.8, 3546.3]]}}, {"type": "Feature", "properties": {"name": "X\u00f4 Vi\u1ebft Ngh\u1ec7 T\u0129nh", "highway": "tertiary", "trusted": 1.0}, "geometry": {"type": "LineString", "coordinates": [[10417.6, 6125.7], [10417.5, 6128.7], [10418.6, 6137.3]]}}, {"type": "Feature", "properties": {"name": "Phan T\u00f4n", "highway": "service", "trusted": 1.0}, "geometry": {"type": "LineString", "coordinates": [[9924.8, 2684.7], [9880.5, 2653.1]]}}, {"type": "Feature", "properties": {"name": "Nguy\u1ec5n Huy T\u1ef1", "highway": "tertiary", "trusted": 1.0}, "geometry": {"type": "LineString", "coordinates": [[10631.4, 2795.9], [10631.1, 2789.4], [10630.4, 2761.6]]}}, {"type": "Feature", "properties": {"name": "Nguy\u1ec5n Huy T\u1ef1", "highway": "tertiary", "trusted": 1.0}, "geometry": {"type": "LineString", "coordinates": [[10630.9, 2864.1], [10633.7, 2855.7], [10633.9, 2806.1], [10631.4, 2795.9]]}}, {"type": "Feature", "properties": {"name": null, "highway": "service", "trusted": 1.0}, "geometry": {"type": "LineString", "coordinates": [[4179.4, 4504.2], [4250.9, 4665.2]]}}, {"type": "Feature", "properties": {"name": "C\u1ea7u Ho\u00e0ng Hoa Th\u00e1m", "highway": "tertiary", "trusted": 0.0}, "geometry": {"type": "LineString", "coordinates": [[11020.0, 1991.5], [11005.5, 1995.1]]}}, {"type": "Feature", "properties": {"name": "C\u1ea7u Ho\u00e0ng Hoa Th\u00e1m", "highway": "tertiary", "trusted": 0.0}, "geometry": {"type": "LineString", "coordinates": [[11012.1, 2015.2], [11025.0, 2012.2]]}}, {"type": "Feature", "properties": {"name": "H\u1ebbm 9 L\u00fd V\u0103n Ph\u1ee9c", "highway": "residential", "trusted": 1.0}, "geometry": {"type": "LineString", "coordinates": [[10115.9, 1841.6], [10092.4, 1811.4], [10081.4, 1805.8], [10073.4, 1807.0], [9947.6, 1950.4], [9944.5, 1972.5], [9956.4, 1989.6], [9965.0, 2001.2], [9969.2, 2001.5], [9973.6, 2001.5], [9977.6, 1999.4], [9987.7, 1989.2], [10011.5, 1961.6]]}}, {"type": "Feature", "properties": {"name": "\u0110i\u1ec7n Bi\u00ean Ph\u1ee7", "highway": "trunk", "trusted": 0.0}, "geometry": {"type": "LineString", "coordinates": [[11342.7, 4635.1], [11334.1, 4626.1], [11296.5, 4589.8]]}}, {"type": "Feature", "properties": {"name": null, "highway": "service", "trusted": 0.0}, "geometry": {"type": "LineString", "coordinates": [[10124.7, 949.4], [10039.6, 914.9]]}}, {"type": "Feature", "properties": {"name": null, "highway": "residential", "trusted": 0.0}, "geometry": {"type": "LineString", "coordinates": [[2273.9, 945.7], [2297.1, 976.1], [2269.5, 1000.5], [2235.9, 1026.1]]}}, {"type": "Feature", "properties": {"name": "H\u1ebbm 29A Nguy\u1ec5n \u0110\u00ecnh Chi\u1ec3u", "highway": "service", "trusted": 1.0}, "geometry": {"type": "LineString", "coordinates": [[8733.6, 3760.5], [8678.7, 3808.4], [8692.7, 3824.9]]}}, {"type": "Feature", "properties": {"name": null, "highway": "residential", "trusted": 0.0}, "geometry": {"type": "LineString", "coordinates": [[2269.5, 1000.5], [2279.5, 1012.4], [2307.0, 1047.3]]}}, {"type": "Feature", "properties": {"name": "H\u1ebbm 280 Nguy\u1ec5n T\u1ea5t Thanh", "highway": "service", "trusted": 0.0}, "geometry": {"type": "LineString", "coordinates": [[601.2, 6954.9], [509.1, 6904.5]]}}, {"type": "Feature", "properties": {"name": null, "highway": "service", "trusted": 0.0}, "geometry": {"type": "LineString", "coordinates": [[196.3, 6808.0], [223.2, 6764.7], [166.7, 6730.0]]}}, {"type": "Feature", "properties": {"name": null, "highway": "service", "trusted": 0.0}, "geometry": {"type": "LineString", "coordinates": [[324.7, 6637.7], [377.6, 6672.0]]}}, {"type": "Feature", "properties": {"name": null, "highway": "service", "trusted": 0.0}, "geometry": {"type": "LineString", "coordinates": [[164.7, 6886.5], [137.6, 6940.8]]}}, {"type": "Feature", "properties": {"name": null, "highway": "service", "trusted": 0.5}, "geometry": {"type": "LineString", "coordinates": [[10808.6, 5393.0], [10712.6, 5320.6]]}}, {"type": "Feature", "properties": {"name": null, "highway": "service", "trusted": 0.0}, "geometry": {"type": "LineString", "coordinates": [[461.6, 4887.4], [489.1, 4893.6], [504.5, 4919.6]]}}, {"type": "Feature", "properties": {"name": "H\u1ebbm 237 Ho\u00e0ng Di\u1ec7u", "highway": "service", "trusted": 0.5}, "geometry": {"type": "LineString", "coordinates": [[778.3, 4709.9], [642.2, 4877.9], [606.3, 4925.1], [600.7, 4931.0], [512.8, 4900.2], [511.6, 4903.0], [504.5, 4919.6], [489.0, 4933.9]]}}, {"type": "Feature", "properties": {"name": null, "highway": "service", "trusted": 0.0}, "geometry": {"type": "LineString", "coordinates": [[496.4, 4944.1], [472.9, 4969.0], [465.7, 4967.9], [461.8, 4966.8], [447.7, 5010.8]]}}, {"type": "Feature", "properties": {"name": null, "highway": "service", "trusted": 1.0}, "geometry": {"type": "LineString", "coordinates": [[5134.1, 5399.8], [5164.2, 5366.1], [5132.0, 5335.0], [5098.8, 5367.3]]}}, {"type": "Feature", "properties": {"name": null, "highway": "service", "trusted": 1.0}, "geometry": {"type": "LineString", "coordinates": [[7215.7, 3212.2], [7251.4, 3199.9], [7295.8, 3240.0], [7284.1, 3271.4]]}}, {"type": "Feature", "properties": {"name": null, "highway": "service", "trusted": 1.0}, "geometry": {"type": "LineString", "coordinates": [[8895.5, 3588.6], [8874.3, 3619.4], [8917.9, 3657.0], [8948.7, 3634.9]]}}, {"type": "Feature", "properties": {"name": null, "highway": "service", "trusted": 0.0}, "geometry": {"type": "LineString", "coordinates": [[7167.1, 1205.5], [7150.5, 1248.1], [7200.4, 1300.9], [7246.5, 1284.8]]}}, {"type": "Feature", "properties": {"name": null, "highway": "service", "trusted": 1.0}, "geometry": {"type": "LineString", "coordinates": [[7220.5, 4056.2], [7201.5, 4102.5], [7204.4, 4125.8], [7228.1, 4152.5], [7243.5, 4150.7], [7277.9, 4125.3]]}}, {"type": "Feature", "properties": {"name": null, "highway": "service", "trusted": 0.0}, "geometry": {"type": "LineString", "coordinates": [[3024.6, 8170.6], [3018.5, 8163.1], [3001.9, 8142.8], [2942.4, 8173.5], [2950.0, 8193.7], [2954.4, 8205.5]]}}, {"type": "Feature", "properties": {"name": null, "highway": "service", "trusted": 0.0}, "geometry": {"type": "LineString", "coordinates": [[6236.4, 8689.8], [6224.0, 8690.8], [6181.8, 8739.9], [6180.1, 8753.0]]}}, {"type": "Feature", "properties": {"name": null, "highway": "service", "trusted": 1.0}, "geometry": {"type": "LineString", "coordinates": [[6955.9, 3479.3], [7032.2, 3544.0], [7063.3, 3511.1]]}}, {"type": "Feature", "properties": {"name": null, "highway": "service", "trusted": 1.0}, "geometry": {"type": "LineString", "coordinates": [[7082.6, 3526.5], [7034.8, 3576.8]]}}, {"type": "Feature", "properties": {"name": null, "highway": "service", "trusted": 0.0}, "geometry": {"type": "LineString", "coordinates": [[748.2, 6506.5], [766.3, 6511.9], [782.9, 6500.0], [869.9, 6331.5], [873.7, 6319.2], [793.8, 6253.1]]}}, {"type": "Feature", "properties": {"name": null, "highway": "service", "trusted": 0.0}, "geometry": {"type": "LineString", "coordinates": [[6002.9, 8374.6], [5948.9, 8464.5]]}}, {"type": "Feature", "properties": {"name": null, "highway": "service", "trusted": 0.0}, "geometry": {"type": "LineString", "coordinates": [[11192.2, 3747.9], [11174.4, 3826.2]]}}, {"type": "Feature", "properties": {"name": "L\u00ea Du\u1ea9n", "highway": "primary", "trusted": 1.0}, "geometry": {"type": "LineString", "coordinates": [[8937.4, 5644.6], [8914.8, 5622.7], [8894.9, 5604.2], [8889.4, 5599.1]]}}, {"type": "Feature", "properties": {"name": "Nguy\u1ec5n Th\u1ecb Minh Khai", "highway": "primary", "trusted": 1.0}, "geometry": {"type": "LineString", "coordinates": [[8679.8, 4580.5], [8686.2, 4586.2]]}}, {"type": "Feature", "properties": {"name": null, "highway": "service", "trusted": 0.0}, "geometry": {"type": "LineString", "coordinates": [[3324.3, 48.4], [3337.3, 65.2]]}}, {"type": "Feature", "properties": {"name": "L\u00ea V\u0103n Linh", "highway": "tertiary", "trusted": 0.5}, "geometry": {"type": "LineString", "coordinates": [[1201.9, 6153.7], [980.5, 5998.5]]}}, {"type": "Feature", "properties": {"name": "L\u00ea V\u0103n Linh", "highway": "tertiary", "trusted": 0.5}, "geometry": {"type": "LineString", "coordinates": [[970.2, 6014.9], [1191.4, 6171.2]]}}, {"type": "Feature", "properties": {"name": "L\u00ea Th\u1ea1ch", "highway": "tertiary", "trusted": 1.0}, "geometry": {"type": "LineString", "coordinates": [[1439.7, 5747.5], [1424.3, 5759.1], [1410.7, 5784.7], [1367.1, 5865.9], [1360.0, 5879.5], [1348.9, 5900.0], [1210.2, 6139.9], [1201.9, 6153.7], [1191.4, 6171.2]]}}, {"type": "Feature", "properties": {"name": "L\u00ea Qu\u1ed1c H\u01b0ng", "highway": "tertiary", "trusted": 0.85}, "geometry": {"type": "LineString", "coordinates": [[1356.8, 5512.0], [1331.9, 5534.6], [1324.2, 5548.5], [1303.9, 5585.2], [1274.2, 5638.7], [1202.7, 5766.7], [1195.4, 5779.6], [1175.0, 5815.4], [1148.1, 5860.2], [1122.3, 5902.8], [1095.5, 5947.3], [1000.3, 5934.3], [965.8, 5990.0]]}}, {"type": "Feature", "properties": {"name": "L\u00ea Qu\u1ed1c H\u01b0ng", "highway": "tertiary", "trusted": 0.83}, "geometry": {"type": "LineString", "coordinates": [[980.5, 5998.5], [1209.2, 5787.8], [1216.4, 5774.8], [1286.7, 5648.4], [1343.5, 5545.3], [1356.8, 5512.0]]}}, {"type": "Feature", "properties": {"name": "L\u00ea Th\u1ea1ch", "highway": "tertiary", "trusted": 1.0}, "geometry": {"type": "LineString", "coordinates": [[1439.7, 5747.5], [1466.2, 5710.3]]}}, {"type": "Feature", "properties": {"name": "H\u1ebbm 32 Nguy\u1ec5n H\u1eefu C\u1ea7u", "highway": "service", "trusted": 0.33}, "geometry": {"type": "LineString", "coordinates": [[10168.5, 1244.9], [10215.8, 1178.1], [10231.5, 1125.3]]}}, {"type": "Feature", "properties": {"name": "H\u1ebbm 52 Nguy\u1ec5n H\u1eefu C\u1ea7u", "highway": "service", "trusted": 0.25}, "geometry": {"type": "LineString", "coordinates": [[10169.4, 1086.5], [10142.8, 1098.6], [10136.7, 1105.4], [10079.2, 1186.6]]}}, {"type": "Feature", "properties": {"name": null, "highway": "service", "trusted": 0.0}, "geometry": {"type": "LineString", "coordinates": [[10142.8, 1098.6], [10145.9, 1066.6], [10136.5, 1049.5]]}}, {"type": "Feature", "properties": {"name": null, "highway": "service", "trusted": 0.0}, "geometry": {"type": "LineString", "coordinates": [[9974.4, 7755.4], [9999.4, 7813.2], [10009.0, 7843.4], [10008.8, 7871.8], [9993.4, 7911.9]]}}, {"type": "Feature", "properties": {"name": "\u0110i\u1ec7n Bi\u00ean Ph\u1ee7", "highway": "primary", "trusted": 0.0}, "geometry": {"type": "LineString", "coordinates": [[8534.8, 1910.3], [8644.2, 2016.5], [8662.6, 2034.3]]}}, {"type": "Feature", "properties": {"name": "V\u00f5 Th\u1ecb S\u00e1u", "highway": "primary", "trusted": 1.0}, "geometry": {"type": "LineString", "coordinates": [[9036.7, 1423.6], [8920.3, 1311.0], [8901.5, 1292.9]]}}, {"type": "Feature", "properties": {"name": "Ho\u00e0ng Di\u1ec7u", "highway": "residential", "trusted": 1.0}, "geometry": {"type": "LineString", "coordinates": [[1724.9, 6342.1], [1738.9, 6357.4], [1754.1, 6372.3]]}}, {"type": "Feature", "properties": {"name": "Ho\u00e0ng Di\u1ec7u", "highway": "residential", "trusted": 1.0}, "geometry": {"type": "LineString", "coordinates": [[1754.1, 6372.3], [1755.7, 6364.6], [1758.6, 6351.1], [1763.7, 6327.0]]}}, {"type": "Feature", "properties": {"name": null, "highway": "service", "trusted": 1.0}, "geometry": {"type": "LineString", "coordinates": [[10073.6, 2967.0], [9973.2, 2889.9]]}}, {"type": "Feature", "properties": {"name": "Nguy\u1ec5n H\u1eefu C\u1ea3nh", "highway": "primary", "trusted": 0.0}, "geometry": {"type": "LineString", "coordinates": [[9641.6, 8055.2], [9667.0, 7906.5]]}}, {"type": "Feature", "properties": {"name": "Nguy\u1ec5n H\u1eefu C\u1ea3nh", "highway": "primary", "trusted": 0.0}, "geometry": {"type": "LineString", "coordinates": [[9605.5, 7766.0], [9611.1, 7828.4], [9610.5, 7872.5], [9606.2, 7923.4], [9595.5, 7997.4], [9587.7, 8045.1]]}}, {"type": "Feature", "properties": {"name": "Nguy\u1ec5n H\u1eefu C\u1ea3nh", "highway": "primary", "trusted": 0.0}, "geometry": {"type": "LineString", "coordinates": [[9667.0, 7906.5], [9660.9, 7858.5], [9660.8, 7802.3], [9649.2, 7711.3], [9642.9, 7673.7], [9629.8, 7622.9]]}}, {"type": "Feature", "properties": {"name": "Nguy\u1ec5n H\u1eefu C\u1ea3nh", "highway": "primary", "trusted": 0.0}, "geometry": {"type": "LineString", "coordinates": [[9589.3, 7635.2], [9602.4, 7680.9], [9610.1, 7716.9], [9612.0, 7739.6], [9605.5, 7766.0]]}}, {"type": "Feature", "properties": {"name": "X\u00f4 Vi\u1ebft Ngh\u1ec7 T\u0129nh", "highway": "primary", "trusted": 0.0}, "geometry": {"type": "LineString", "coordinates": [[11514.3, 7273.0], [11553.0, 7309.2]]}}, {"type": "Feature", "properties": {"name": "X\u00f4 Vi\u1ebft Ngh\u1ec7 T\u0129nh", "highway": "primary", "trusted": 0.0}, "geometry": {"type": "LineString", "coordinates": [[11586.7, 7299.1], [11528.0, 7259.3]]}}, {"type": "Feature", "properties": {"name": "V\u0129nh Kh\u00e1nh", "highway": "tertiary", "trusted": 1.0}, "geometry": {"type": "LineString", "coordinates": [[882.2, 4851.6], [902.7, 4834.5]]}}, {"type": "Feature", "properties": {"name": "Ho\u00e0ng Di\u1ec7u", "highway": "secondary", "trusted": 1.0}, "geometry": {"type": "LineString", "coordinates": [[902.7, 4834.5], [902.2, 4833.8], [800.9, 4691.8], [735.3, 4594.2], [721.8, 4574.0]]}}, {"type": "Feature", "properties": {"name": "\u00d0inh L\u1ec5", "highway": "residential", "trusted": 1.0}, "geometry": {"type": "LineString", "coordinates": [[1195.4, 5779.6], [1209.2, 5787.8], [1346.8, 5871.5], [1360.0, 5879.5], [1371.0, 5886.2]]}}, {"type": "Feature", "properties": {"name": "H\u1ebbm 154 L\u00ea Qu\u1ed1c H\u01b0ng", "highway": "service", "trusted": 1.0}, "geometry": {"type": "LineString", "coordinates": [[1202.7, 5766.7], [1183.0, 5757.5]]}}, {"type": "Feature", "properties": {"name": "H\u1ebbm 154 L\u00ea Qu\u1ed1c H\u01b0ng", "highway": "service", "trusted": 1.0}, "geometry": {"type": "LineString", "coordinates": [[1183.0, 5757.5], [1195.4, 5779.6]]}}, {"type": "Feature", "properties": {"name": null, "highway": "service", "trusted": 1.0}, "geometry": {"type": "LineString", "coordinates": [[7328.9, 3311.4], [7343.7, 3304.4], [7362.9, 3322.6], [7356.3, 3336.3]]}}, {"type": "Feature", "properties": {"name": "C\u1ea7u Ba Son", "highway": "secondary", "trusted": 0.33}, "geometry": {"type": "LineString", "coordinates": [[5939.7, 8053.4], [6180.9, 7627.0], [6664.2, 6752.9]]}}, {"type": "Feature", "properties": {"name": null, "highway": "service", "trusted": 1.0}, "geometry": {"type": "LineString", "coordinates": [[4694.5, 5605.5], [4655.3, 5605.8], [4609.3, 5654.7], [4610.0, 5692.3]]}}, {"type": "Feature", "properties": {"name": null, "highway": "service", "trusted": 1.0}, "geometry": {"type": "LineString", "coordinates": [[6575.5, 2860.9], [6555.0, 2835.8], [6555.1, 2821.6], [6569.5, 2803.9], [6593.1, 2779.1], [6603.0, 2766.2], [6602.8, 2748.2], [6593.1, 2732.1], [6528.9, 2668.1], [6511.8, 2652.6], [6517.0, 2636.2], [6532.6, 2618.8]]}}, {"type": "Feature", "properties": {"name": null, "highway": "service", "trusted": 1.0}, "geometry": {"type": "LineString", "coordinates": [[6510.4, 2596.5], [6447.5, 2662.7], [6440.0, 2680.7], [6454.2, 2698.9], [6468.6, 2690.4], [6517.0, 2636.2]]}}, {"type": "Feature", "properties": {"name": null, "highway": "service", "trusted": 1.0}, "geometry": {"type": "LineString", "coordinates": [[7720.7, 4642.5], [7694.9, 4674.1], [7694.6, 4701.9], [7698.7, 4716.7], [7714.1, 4735.7], [7732.4, 4750.8], [7750.5, 4759.0], [7774.0, 4758.9], [7808.5, 4723.8]]}}, {"type": "Feature", "properties": {"name": null, "highway": "service", "trusted": 1.0}, "geometry": {"type": "LineString", "coordinates": [[1497.7, 4753.3], [1516.4, 4748.6], [1552.6, 4691.5], [1546.7, 4671.1]]}}, {"type": "Feature", "properties": {"name": null, "highway": "service", "trusted": 0.0}, "geometry": {"type": "LineString", "coordinates": [[6890.9, 936.5], [6888.0, 954.2], [6903.4, 970.2], [6921.7, 967.3]]}}, {"type": "Feature", "properties": {"name": null, "highway": "service", "trusted": 1.0}, "geometry": {"type": "LineString", "coordinates": [[7793.6, 4211.2], [7795.9, 4219.9], [7787.8, 4227.7], [7780.3, 4224.6]]}}, {"type": "Feature", "properties": {"name": null, "highway": "service", "trusted": 0.0}, "geometry": {"type": "LineString", "coordinates": [[5615.1, 3866.9], [5625.6, 3869.5], [5636.7, 3858.0], [5634.1, 3847.5]]}}, {"type": "Feature", "properties": {"name": "Tr\u1ea7n Quang Kh\u1ea3i", "highway": "tertiary", "trusted": 1.0}, "geometry": {"type": "LineString", "coordinates": [[10522.0, 2040.5], [10527.6, 2071.9], [10540.7, 2144.0], [10541.8, 2151.0], [10550.6, 2203.7], [10554.3, 2225.4], [10558.6, 2250.5], [10578.6, 2385.0], [10587.6, 2476.9], [10600.3, 2568.7], [10603.7, 2591.4]]}}, {"type": "Feature", "properties": {"name": "Tr\u1ea7n Quang Kh\u1ea3i", "highway": "tertiary", "trusted": 1.0}, "geometry": {"type": "LineString", "coordinates": [[10520.2, 2029.2], [10522.0, 2040.5]]}}, {"type": "Feature", "properties": {"name": "Mai Ch\u00ed Th\u1ecd", "highway": "tertiary", "trusted": 0.0}, "geometry": {"type": "LineString", "coordinates": [[3336.6, 8506.8], [3383.2, 8816.2], [3397.6, 8852.3], [3421.4, 8989.7], [3425.1, 9008.5], [3429.4, 9030.4], [3432.8, 9046.1]]}}, {"type": "Feature", "properties": {"name": "Mai Ch\u00ed Th\u1ecd", "highway": "tertiary", "trusted": 0.0}, "geometry": {"type": "LineString", "coordinates": [[3311.1, 8338.4], [3336.6, 8506.8]]}}, {"type": "Feature", "properties": {"name": null, "highway": "service", "trusted": 0.0}, "geometry": {"type": "LineString", "coordinates": [[3416.0, 8501.8], [3455.2, 8749.0], [3391.1, 8758.8]]}}, {"type": "Feature", "properties": {"name": null, "highway": "service", "trusted": 0.0}, "geometry": {"type": "LineString", "coordinates": [[3361.1, 7910.6], [3284.0, 7922.8]]}}, {"type": "Feature", "properties": {"name": null, "highway": "service", "trusted": 0.0}, "geometry": {"type": "LineString", "coordinates": [[3305.1, 7743.4], [3312.1, 7784.7], [3319.7, 7829.4], [3237.7, 7842.8]]}}, {"type": "Feature", "properties": {"name": null, "highway": "service", "trusted": 0.0}, "geometry": {"type": "LineString", "coordinates": [[3339.3, 7780.4], [3312.1, 7784.7]]}}, {"type": "Feature", "properties": {"name": null, "highway": "service", "trusted": 0.0}, "geometry": {"type": "LineString", "coordinates": [[577.1, 6185.3], [589.7, 6194.0], [593.0, 6198.7], [594.7, 6204.5], [594.2, 6211.2], [591.2, 6219.6], [578.5, 6244.0], [574.8, 6251.7], [570.9, 6258.3], [567.6, 6261.3], [564.9, 6262.7], [561.8, 6262.9], [557.7, 6262.4], [551.8, 6260.0], [526.8, 6244.1]]}}, {"type": "Feature", "properties": {"name": null, "highway": "service", "trusted": 0.0}, "geometry": {"type": "LineString", "coordinates": [[549.5, 6170.2], [579.1, 6114.1]]}}, {"type": "Feature", "properties": {"name": null, "highway": "service", "trusted": 0.0}, "geometry": {"type": "LineString", "coordinates": [[475.5, 6129.9], [549.5, 6170.2], [577.1, 6185.3], [609.6, 6130.8]]}}, {"type": "Feature", "properties": {"name": null, "highway": "service", "trusted": 1.0}, "geometry": {"type": "LineString", "coordinates": [[2231.1, 6012.0], [2308.9, 5972.6]]}}, {"type": "Feature", "properties": {"name": null, "highway": "service", "trusted": 1.0}, "geometry": {"type": "LineString", "coordinates": [[2186.2, 5913.6], [2207.5, 5902.3], [2246.7, 5881.6], [2183.2, 5744.9], [2145.1, 5765.0], [2123.6, 5776.4]]}}, {"type": "Feature", "properties": {"name": null, "highway": "service", "trusted": 0.0}, "geometry": {"type": "LineString", "coordinates": [[2631.5, 5892.3], [2768.2, 6190.2]]}}, {"type": "Feature", "properties": {"name": "L\u00ea Qu\u1ed1c H\u01b0ng", "highway": "tertiary", "trusted": 0.0}, "geometry": {"type": "LineString", "coordinates": [[970.2, 6014.9], [980.5, 5998.5]]}}, {"type": "Feature", "properties": {"name": null, "highway": "service", "trusted": 1.0}, "geometry": {"type": "LineString", "coordinates": [[1432.1, 5950.3], [1450.1, 5993.7]]}}, {"type": "Feature", "properties": {"name": null, "highway": "service", "trusted": 1.0}, "geometry": {"type": "LineString", "coordinates": [[9937.4, 1723.4], [10031.8, 1782.0]]}}, {"type": "Feature", "properties": {"name": "L\u00ea V\u0103n Linh", "highway": "tertiary", "trusted": 0.0}, "geometry": {"type": "LineString", "coordinates": [[956.0, 6006.0], [970.2, 6014.9]]}}, {"type": "Feature", "properties": {"name": null, "highway": "service", "trusted": 1.0}, "geometry": {"type": "LineString", "coordinates": [[1657.5, 5804.2], [1691.7, 5885.0]]}}, {"type": "Feature", "properties": {"name": "H\u1ebbm 68 Ho\u00e0ng Di\u1ec7u", "highway": "service", "trusted": 1.0}, "geometry": {"type": "LineString", "coordinates": [[1818.0, 5727.6], [1828.7, 5722.5], [1841.3, 5722.3], [1854.6, 5716.2], [1869.0, 5709.7]]}}, {"type": "Feature", "properties": {"name": null, "highway": "service", "trusted": 1.0}, "geometry": {"type": "LineString", "coordinates": [[1796.1, 5674.3], [1818.0, 5727.6]]}}, {"type": "Feature", "properties": {"name": null, "highway": "service", "trusted": 1.0}, "geometry": {"type": "LineString", "coordinates": [[1883.9, 5788.5], [1860.3, 5800.0], [1860.6, 5805.0], [1856.8, 5806.8], [1691.7, 5885.0]]}}, {"type": "Feature", "properties": {"name": null, "highway": "service", "trusted": 1.0}, "geometry": {"type": "LineString", "coordinates": [[1691.7, 5885.0], [1725.3, 5965.1]]}}, {"type": "Feature", "properties": {"name": null, "highway": "service", "trusted": 1.0}, "geometry": {"type": "LineString", "coordinates": [[1891.4, 5888.9], [1856.8, 5806.8]]}}, {"type": "Feature", "properties": {"name": null, "highway": "service", "trusted": 1.0}, "geometry": {"type": "LineString", "coordinates": [[1624.9, 5725.1], [1645.4, 5774.8]]}}, {"type": "Feature", "properties": {"name": "Nguy\u1ec5n C\u01b0 Trinh", "highway": "tertiary", "trusted": 0.0}, "geometry": {"type": "LineString", "coordinates": [[1341.2, 830.4], [1340.8, 799.3]]}}, {"type": "Feature", "properties": {"name": "Nguy\u1ec5n C\u01b0 Trinh", "highway": "tertiary", "trusted": 0.0}, "geometry": {"type": "LineString", "coordinates": [[1315.0, 807.6], [1341.2, 830.4]]}}, {"type": "Feature", "properties": {"name": null, "highway": "service", "trusted": 1.0}, "geometry": {"type": "LineString", "coordinates": [[10100.8, 1371.3], [9966.3, 1304.8], [9874.1, 1245.0]]}}, {"type": "Feature", "properties": {"name": null, "highway": "service", "trusted": 1.0}, "geometry": {"type": "LineString", "coordinates": [[10157.6, 5506.8], [10185.0, 5382.6]]}}, {"type": "Feature", "properties": {"name": "H\u1ebbm 49 Hu\u1ef3nh M\u1eabn \u0110\u1ea1t", "highway": "service", "trusted": 1.0}, "geometry": {"type": "LineString", "coordinates": [[9894.0, 7208.1], [9886.4, 7257.4]]}}, {"type": "Feature", "properties": {"name": null, "highway": "service", "trusted": 0.0}, "geometry": {"type": "LineString", "coordinates": [[9919.6, 7419.2], [9840.7, 7415.0]]}}, {"type": "Feature", "properties": {"name": null, "highway": "residential", "trusted": 0.0}, "geometry": {"type": "LineString", "coordinates": [[10169.5, 7516.3], [10171.5, 7432.5], [10170.9, 7427.9], [10169.4, 7423.5], [10167.1, 7417.7], [10163.1, 7413.5], [10159.8, 7411.3], [10155.0, 7409.5], [9936.8, 7396.8], [9929.1, 7396.7], [9927.5, 7397.4], [9926.4, 7398.5], [9924.8, 7400.0], [9923.5, 7401.8], [9921.8, 7405.6], [9920.7, 7409.6], [9919.6, 7419.2], [9919.4, 7422.8], [9916.1, 7509.9]]}}, {"type": "Feature", "properties": {"name": null, "highway": "tertiary", "trusted": 1.0}, "geometry": {"type": "LineString", "coordinates": [[3371.8, 3177.5], [3373.0, 3219.2], [3380.1, 3261.7], [3544.6, 3672.3]]}}, {"type": "Feature", "properties": {"name": null, "highway": "service", "trusted": 1.0}, "geometry": {"type": "LineString", "coordinates": [[2760.4, 3981.4], [2736.4, 3998.8], [2732.1, 4001.3], [2730.6, 4001.7], [2729.1, 4001.5], [2727.8, 4000.6], [2726.6, 3999.3], [2710.0, 3977.8], [2709.9, 3977.1], [2709.8, 3976.3], [2709.8, 3975.6], [2710.0, 3975.0], [2710.6, 3973.7], [2711.7, 3972.3], [2737.7, 3947.3]]}}, {"type": "Feature", "properties": {"name": null, "highway": "service", "trusted": 1.0}, "geometry": {"type": "LineString", "coordinates": [[8049.8, 5330.1], [8142.9, 5412.9]]}}, {"type": "Feature", "properties": {"name": null, "highway": "service", "trusted": 1.0}, "geometry": {"type": "LineString", "coordinates": [[6866.4, 5780.4], [6818.3, 5855.4]]}}, {"type": "Feature", "properties": {"name": null, "highway": "service", "trusted": 0.5}, "geometry": {"type": "LineString", "coordinates": [[6926.2, 5719.7], [6846.0, 5874.4]]}}, {"type": "Feature", "properties": {"name": null, "highway": "service", "trusted": 0.0}, "geometry": {"type": "LineString", "coordinates": [[9782.7, 8610.3], [9817.5, 8556.3]]}}, {"type": "Feature", "properties": {"name": null, "highway": "service", "trusted": 0.0}, "geometry": {"type": "LineString", "coordinates": [[12068.4, 8641.8], [12062.9, 8636.0]]}}, {"type": "Feature", "properties": {"name": null, "highway": "service", "trusted": 0.0}, "geometry": {"type": "LineString", "coordinates": [[143.6, 2075.6], [122.5, 2040.0], [171.2, 2011.4]]}}, {"type": "Feature", "properties": {"name": "Tr\u01b0\u1eddng Sa", "highway": "tertiary", "trusted": 0.0}, "geometry": {"type": "LineString", "coordinates": [[11579.9, 223.3], [11554.9, 175.5]]}}, {"type": "Feature", "properties": {"name": "Tr\u01b0\u1eddng Sa", "highway": "tertiary", "trusted": 0.0}, "geometry": {"type": "LineString", "coordinates": [[11782.7, 821.2], [11769.6, 664.5], [11737.6, 502.8], [11681.7, 407.6], [11579.9, 223.3]]}}, {"type": "Feature", "properties": {"name": "Tr\u01b0\u1eddng Sa", "highway": "tertiary", "trusted": 0.0}, "geometry": {"type": "LineString", "coordinates": [[11539.2, 175.2], [11555.9, 210.9], [11579.9, 223.3]]}}, {"type": "Feature", "properties": {"name": null, "highway": "service", "trusted": 0.0}, "geometry": {"type": "LineString", "coordinates": [[1511.4, 217.4], [1463.3, 203.3], [1422.2, 195.5], [1407.3, 196.7], [1364.1, 184.1], [1363.2, 170.5], [1355.6, 164.6], [1298.6, 154.0]]}}, {"type": "Feature", "properties": {"name": "C\u00f4ng tr\u01b0\u1eddng Lam S\u01a1n", "highway": "residential", "trusted": 0.0}, "geometry": {"type": "LineString", "coordinates": [[5799.7, 5219.5], [5718.1, 5228.0]]}}, {"type": "Feature", "properties": {"name": "C\u1ea7u \u00d4ng L\u00e3nh", "highway": "primary", "trusted": 1.0}, "geometry": {"type": "LineString", "coordinates": [[1721.5, 3074.7], [1765.4, 3047.1]]}}, {"type": "Feature", "properties": {"name": null, "highway": "service", "trusted": 0.0}, "geometry": {"type": "LineString", "coordinates": [[2657.4, 543.8], [2680.4, 526.0], [2703.9, 515.4]]}}, {"type": "Feature", "properties": {"name": null, "highway": "service", "trusted": 0.0}, "geometry": {"type": "LineString", "coordinates": [[2698.1, 678.4], [2696.3, 660.4], [2693.4, 641.3], [2684.3, 611.5], [2667.2, 565.3], [2657.4, 543.8]]}}, {"type": "Feature", "properties": {"name": null, "highway": "service", "trusted": 0.0}, "geometry": {"type": "LineString", "coordinates": [[2480.9, 690.6], [2512.7, 776.6]]}}, {"type": "Feature", "properties": {"name": null, "highway": "service", "trusted": 0.0}, "geometry": {"type": "LineString", "coordinates": [[2429.9, 712.3], [2465.5, 699.2], [2480.9, 690.6]]}}, {"type": "Feature", "properties": {"name": null, "highway": "service", "trusted": 1.0}, "geometry": {"type": "LineString", "coordinates": [[5320.8, 5570.0], [5397.2, 5482.9]]}}, {"type": "Feature", "properties": {"name": null, "highway": "service", "trusted": 1.0}, "geometry": {"type": "LineString", "coordinates": [[10097.1, 5888.3], [10092.1, 5900.8], [10090.9, 5909.8], [10104.3, 5938.4], [10198.2, 6032.9]]}}, {"type": "Feature", "properties": {"name": "\u0110i\u1ec7n Bi\u00ean Ph\u1ee7", "highway": "primary", "trusted": 0.0}, "geometry": {"type": "LineString", "coordinates": [[11266.6, 4631.3], [11283.3, 4693.8]]}}, {"type": "Feature", "properties": {"name": null, "highway": "service", "trusted": 1.0}, "geometry": {"type": "LineString", "coordinates": [[5814.0, 1914.9], [5822.9, 1906.6], [5853.7, 1878.0], [5937.7, 1957.0], [5910.8, 1988.6], [5902.6, 1998.3]]}}, {"type": "Feature", "properties": {"name": null, "highway": "service", "trusted": 0.0}, "geometry": {"type": "LineString", "coordinates": [[855.0, 499.5], [899.5, 515.7], [905.5, 511.1], [913.4, 505.1], [931.3, 465.4]]}}, {"type": "Feature", "properties": {"name": null, "highway": "service", "trusted": 0.0}, "geometry": {"type": "LineString", "coordinates": [[905.5, 511.1], [929.3, 507.9], [946.8, 511.2], [959.6, 524.7], [961.2, 537.2]]}}, {"type": "Feature", "properties": {"name": "L\u00ea V\u0103n Linh", "highway": "residential", "trusted": 0.0}, "geometry": {"type": "LineString", "coordinates": [[965.8, 5990.0], [920.4, 5985.8]]}}, {"type": "Feature", "properties": {"name": "L\u00ea V\u0103n Linh", "highway": "residential", "trusted": 0.0}, "geometry": {"type": "LineString", "coordinates": [[920.4, 5985.8], [956.0, 6006.0]]}}, {"type": "Feature", "properties": {"name": "L\u00ea V\u0103n Linh", "highway": "tertiary", "trusted": 0.0}, "geometry": {"type": "LineString", "coordinates": [[980.5, 5998.5], [965.8, 5990.0]]}}, {"type": "Feature", "properties": {"name": "L\u00ea Qu\u1ed1c H\u01b0ng", "highway": "tertiary", "trusted": 0.0}, "geometry": {"type": "LineString", "coordinates": [[965.8, 5990.0], [956.0, 6006.0]]}}, {"type": "Feature", "properties": {"name": "H\u1ebbm 146 V\u00f5 Th\u1ecb S\u00e1u", "highway": "service", "trusted": 0.0}, "geometry": {"type": "LineString", "coordinates": [[9041.4, 1075.9], [9115.0, 1125.0]]}}, {"type": "Feature", "properties": {"name": null, "highway": "service", "trusted": 0.0}, "geometry": {"type": "LineString", "coordinates": [[8364.5, 2417.8], [8356.2, 2415.7], [8346.1, 2428.4], [8349.0, 2436.1]]}}, {"type": "Feature", "properties": {"name": "Tr\u1ea7n Qu\u1ed1c To\u1ea3n", "highway": "tertiary", "trusted": 0.0}, "geometry": {"type": "LineString", "coordinates": [[9195.1, 437.3], [9201.1, 447.1], [9234.4, 466.4], [9247.0, 466.9]]}}, {"type": "Feature", "properties": {"name": "Tr\u1ea7n Qu\u1ed1c To\u1ea3n", "highway": "tertiary", "trusted": 0.0}, "geometry": {"type": "LineString", "coordinates": [[9247.0, 466.9], [9239.7, 456.6], [9206.0, 438.0], [9195.1, 437.3]]}}, {"type": "Feature", "properties": {"name": null, "highway": "service", "trusted": 0.0}, "geometry": {"type": "LineString", "coordinates": [[1050.6, 61.3], [1088.0, 39.6], [1102.0, 37.7], [1109.7, 39.3], [1116.6, 42.4], [1125.1, 42.5], [1129.5, 40.2], [1138.0, 33.0], [1140.3, 32.4], [1143.7, 33.6], [1147.1, 34.9], [1149.8, 35.6], [1151.7, 35.2], [1168.4, 15.1]]}}]}