{"type":"FeatureCollection","features":[{"type":"Feature","geometry":{"type":"Polygon","coordinates":[[[106.99582,16.5015],[107.01922,16.50152],[107.24571,16.50151],[107.24576,16.48928],[107.24579,16.26294],[107.24582,16.25164],[107.22746,16.25159],[106.99579,16.25151],[106.99582,16.5015],[106.99582,16.5015],[106.99582,16.5015],[106.99582,16.5015]]]},"properties":{"sheet":"6441-4","name":"A Luoi","year":"1970","edition":"003","kind":"pdf","url":"https://maps.lib.utexas.edu/maps/topo/vietnam/a_luoi-6441-4.pdf"}},{"type":"Feature","geometry":{"type":"Polygon","coordinates":[[[106.74583,17.50151],[106.76557,17.50155],[106.90139,17.50155],[106.95295,17.50158],[106.99585,17.50151],[106.99584,17.49771],[106.99584,17.25153],[106.97672,17.25155],[106.74569,17.25153],[106.74576,17.26057],[106.74583,17.50151],[106.74583,17.50151],[106.74583,17.50151],[106.74583,17.50151],[106.74583,17.50151]]]},"properties":{"sheet":"6343-1","name":"An Dinh","year":"1965","edition":"001","kind":"pdf","url":"https://maps.lib.utexas.edu/maps/topo/vietnam/an_dinh-6343-1.pdf"}},{"type":"Feature","geometry":{"type":"Polygon","coordinates":[[[108.74559,14.75172],[108.99565,14.75184],[108.99574,14.50174],[108.74559,14.50173],[108.74559,14.75172],[108.74559,14.75172],[108.74559,14.75172],[108.74559,14.75172],[108.74559,14.75172],[108.74559,14.75172],[108.74559,14.75172],[108.74559,14.75172]]]},"properties":{"sheet":"6738-2","name":"An Lao","year":"1970","edition":"002","kind":"pdf","url":"https://maps.lib.utexas.edu/maps/topo/vietnam/an_lao-6738-2.pdf"}},{"type":"Feature","geometry":{"type":"MultiPolygon","coordinates":[[[[106.49588,11.50207],[106.49588,11.50203],[106.49584,11.50207],[106.49588,11.50207]]],[[[106.49588,11.50207],[106.49593,11.75206],[106.74585,11.75205],[106.7459,11.50205],[106.49588,11.50207]]]]},"properties":{"sheet":"6332-3","name":"An Loc","year":"1967","edition":"002","kind":"pdf","url":"https://maps.lib.utexas.edu/maps/topo/vietnam/an_loc-6332-3.pdf"}},{"type":"Feature","geometry":{"type":"Polygon","coordinates":[[[105.24611,10.50212],[105.49591,10.50208],[105.49611,10.75206],[105.24587,10.75203],[105.24611,10.50212],[105.24611,10.50212]]]},"properties":{"sheet":"6030-2","name":"An Long","year":"1965","edition":"001","kind":"pdf","url":"https://maps.lib.utexas.edu/maps/topo/vietnam/an_long-6030-2.pdf"}},{"type":"Feature","geometry":{"type":"Polygon","coordinates":[[[105.99557,11.00157],[105.99555,11.25272],[106.24653,11.25239],[106.24647,11.00154],[106.24647,11.00154],[105.99557,11.00157]]]},"properties":{"sheet":"6231-3","name":"An Thanh","year":"Jan ","edition":"3","kind":"pdf","url":"https://maps.lib.utexas.edu/maps/topo/vietnam/an_thanh-6231-3.pdf"}},{"type":"Feature","geometry":{"type":"Polygon","coordinates":[[[108.49556,13.75192],[108.74571,13.75185],[108.74555,14.00188],[108.49572,14.00179],[108.49556,13.75192],[108.49556,13.75192]]]},"properties":{"sheet":"6736-4","name":"An Tuc","year":"1970","edition":"003","kind":"pdf","url":"https://maps.lib.utexas.edu/maps/topo/vietnam/an_tuc-6736-4.pdf"}},{"type":"Feature","geometry":{"type":"Polygon","coordinates":[[[106.99594,11.50201],[107.01766,11.50201],[107.21912,11.50198],[107.2459,11.502],[107.24591,11.49888],[107.24595,11.25203],[107.22507,11.25197],[106.99588,11.25204],[106.99593,11.26378],[106.99594,11.50201],[106.99594,11.50201],[106.99594,11.50201],[106.99594,11.50201],[106.99594,11.50201],[106.99594,11.50201]]]},"properties":{"sheet":"6431-4","name":"Ap Cau Cay","year":"1965","edition":"001","kind":"pdf","url":"https://maps.lib.utexas.edu/maps/topo/vietnam/ap_cau_cay-6431-4.pdf"}},{"type":"Feature","geometry":{"type":"Polygon","coordinates":[[[107.74583,10.7521],[107.99574,10.75211],[107.9958,11.00206],[107.74574,11.0021],[107.74583,10.7521],[107.74583,10.7521],[107.74583,10.7521]]]},"properties":{"sheet":"6530-1","name":"Ap Dinh Ba","year":"1983","edition":"003","kind":"pdf","url":"https://maps.lib.utexas.edu/maps/topo/vietnam/ap_dinh_ba-6530-1.pdf"}},{"type":"Feature","geometry":{"type":"Polygon","coordinates":[[[107.24581,12.25203],[107.49587,12.25189],[107.49587,12.00198],[107.24568,12.00194],[107.24581,12.25203],[107.24581,12.25203],[107.24581,12.25203]]]},"properties":{"sheet":"6433-2","name":"Ap Doan Van","year":"1965","edition":"001","kind":"pdf","url":"https://maps.lib.utexas.edu/maps/topo/vietnam/ap_doan_van-6433-2.pdf"}},{"type":"Feature","geometry":{"type":"Polygon","coordinates":[[[107.99572,11.50211],[108.24584,11.50204],[108.24573,11.25203],[107.99575,11.25196],[107.99572,11.50211],[107.99572,11.50211],[107.99572,11.50211],[107.99572,11.50211],[107.99572,11.50211]]]},"properties":{"sheet":"6631-4","name":"Ap Gia Bac","year":"1965","edition":"001","kind":"pdf","url":"https://maps.lib.utexas.edu/maps/topo/vietnam/ap_gia_bac-6631-4.pdf"}},{"type":"Feature","geometry":{"type":"Polygon","coordinates":[[[108.24566,11.00194],[108.262,11.00193],[108.42543,11.00201],[108.49581,11.00209],[108.49577,11.00851],[108.49569,11.252],[108.48053,11.25206],[108.27054,11.25211],[108.24574,11.25212],[108.24566,11.00194]]]},"properties":{"sheet":"6631-2","name":"Ap Luong Tay","year":"1984","edition":"003","kind":"pdf","url":"https://maps.lib.utexas.edu/maps/topo/vietnam/ap_luong_tay-6631-2.pdf"}},{"type":"Feature","geometry":{"type":"Polygon","coordinates":[[[107.74582,15.75179],[107.49572,15.75171],[107.49575,16.00186],[107.74566,16.00173],[107.74582,15.75179],[107.74582,15.75179],[107.74582,15.75179]]]},"properties":{"sheet":"6540-4","name":"Atiun","year":"1965","edition":"002","kind":"pdf","url":"https://maps.lib.utexas.edu/maps/topo/vietnam/atiun-6540-4.pdf"}},{"type":"Feature","geometry":{"type":"Polygon","coordinates":[[[107.74481,11.75209],[107.74585,11.75208],[107.74588,11.50207],[107.53378,11.502],[107.49589,11.50199],[107.49591,11.50355],[107.49596,11.75205],[107.74481,11.75209],[107.74481,11.75209],[107.74481,11.75209],[107.74481,11.75209]]]},"properties":{"sheet":"6532-3","name":"B Dan Deung","year":"1965","edition":"001","kind":"pdf","url":"https://maps.lib.utexas.edu/maps/topo/vietnam/b_dan_deung-6532-3.pdf"}},{"type":"Feature","geometry":{"type":"Polygon","coordinates":[[[108.49568,12.25196],[108.51995,12.25201],[108.7456,12.25198],[108.7457,12.24089],[108.74577,12.00197],[108.72376,12.00197],[108.49563,12.00196],[108.49568,12.25196],[108.49568,12.25196],[108.49568,12.25196],[108.49568,12.25196]]]},"properties":{"sheet":"6733-3","name":"B Du Damour","year":"1965","edition":"001","kind":"pdf","url":"https://maps.lib.utexas.edu/maps/topo/vietnam/b_du_damour-6733-3.pdf"}},{"type":"Feature","geometry":{"type":"Polygon","coordinates":[[[107.24588,11.50204],[107.49583,11.50205],[107.49585,11.75203],[107.24586,11.75203],[107.24588,11.50204]]]},"properties":{"sheet":"6432-2","name":"B Rdu","year":"1965","edition":"001","kind":"pdf","url":"https://maps.lib.utexas.edu/maps/topo/vietnam/b_rdu-6432-2.pdf"}},{"type":"Feature","geometry":{"type":"Polygon","coordinates":[[[104.74615,10.50212],[104.99614,10.5022],[104.99629,10.25203],[104.74609,10.25205],[104.74615,10.50212],[104.74615,10.50212],[104.74615,10.50212]]]},"properties":{"sheet":"5929-1","name":"Ba Chuc","year":"1965","edition":"001","kind":"pdf","url":"https://maps.lib.utexas.edu/maps/topo/vietnam/ba_chuc-59291.pdf"}},{"type":"Feature","geometry":{"type":"Polygon","coordinates":[[[106.49592,9.50212],[106.51571,9.50212],[106.69169,9.50216],[106.746,9.50226],[106.74592,9.50673],[106.74602,9.75212],[106.72687,9.75217],[106.496,9.75228],[106.49592,9.50212]]]},"properties":{"sheet":"6328-3","name":"Ba Dong","year":"1965","edition":"001","kind":"pdf","url":"https://maps.lib.utexas.edu/maps/topo/vietnam/ba_dong-6328-3.pdf"}},{"type":"Feature","geometry":{"type":"Polygon","coordinates":[[[106.99572,16.75164],[107.01076,16.75162],[107.24581,16.75161],[107.24579,16.74435],[107.24583,16.50146],[107.23266,16.50151],[106.99578,16.50157],[106.99572,16.75164]]]},"properties":{"sheet":"6442-3","name":"Ba Long","year":"1968","edition":"002","kind":"pdf","url":"https://maps.lib.utexas.edu/maps/topo/vietnam/ba_long-6442-3.pdf"}},{"type":"Feature","geometry":{"type":"Polygon","coordinates":[[[108.49571,15.00181],[108.51632,15.00184],[108.74565,15.00174],[108.74564,14.99713],[108.74571,14.75188],[108.72528,14.75184],[108.49566,14.7517],[108.49571,15.00181],[108.49571,15.00181],[108.49571,15.00181],[108.49571,15.00181],[108.49571,15.00181],[108.49571,15.00181]]]},"properties":{"sheet":"6738-4","name":"Ba To","year":"1965","edition":"001","kind":"pdf","url":"https://maps.lib.utexas.edu/maps/topo/vietnam/ba_to-6738-4.pdf"}},{"type":"Feature","geometry":{"type":"Polygon","coordinates":[[[105.74585,22.25106],[105.76144,22.25106],[105.86437,22.25107],[105.9958,22.25105],[105.99578,22.2468],[105.99582,22.16332],[105.99582,22.00105],[105.97171,22.00117],[105.74586,22.00108],[105.74585,22.25106],[105.74585,22.25106],[105.74585,22.25106],[105.74585,22.25106]]]},"properties":{"sheet":"6153-2","name":"Bac Kan","year":"1963","edition":"001","kind":"pdf","url":"https://maps.lib.utexas.edu/maps/topo/vietnam/bac_kan-6153-2.pdf"}},{"type":"Feature","geometry":{"type":"Polygon","coordinates":[[[105.24577,22.75099],[105.49588,22.7511],[105.49599,22.50101],[105.24566,22.50092],[105.24577,22.75099],[105.24577,22.75099],[105.24577,22.75099],[105.24577,22.75099],[105.24577,22.75099]]]},"properties":{"sheet":"6054-2","name":"Bac Me","year":"1964","edition":"001","kind":"pdf","url":"https://maps.lib.utexas.edu/maps/topo/vietnam/bac_me-6054-2.pdf"}},{"type":"Feature","geometry":{"type":"Polygon","coordinates":[[[105.9958,21.25125],[106.24575,21.25125],[106.24579,21.00139],[105.99588,21.00117],[105.9958,21.25125],[105.9958,21.25125],[105.9958,21.25125]]]},"properties":{"sheet":"6251-3","name":"Bac Ninh","year":"1966","edition":"002","kind":"pdf","url":"https://maps.lib.utexas.edu/maps/topo/vietnam/bac_ninh-6251-3.pdf"}},{"type":"Feature","geometry":{"type":"Polygon","coordinates":[[[104.74591,22.25104],[104.99603,22.25099],[104.99588,22.50104],[104.74603,22.501],[104.74591,22.25104]]]},"properties":{"sheet":"5953-1","name":"Bac Quang","year":"1971","edition":"002","kind":"pdf","url":"https://maps.lib.utexas.edu/maps/topo/vietnam/bac_quang-5953-1.pdf"}},{"type":"Feature","geometry":{"type":"Polygon","coordinates":[[[105.2459,20.00121],[105.26246,20.00127],[105.40431,20.00137],[105.49604,20.00137],[105.49606,19.99154],[105.49592,19.75121],[105.47182,19.7512],[105.24595,19.75128],[105.24595,19.75668],[105.24587,20.00124],[105.2459,20.00121],[105.2459,20.00121],[105.2459,20.00121],[105.2459,20.00121],[105.2459,20.00121]]]},"properties":{"sheet":"6048-1","name":"Bai Thuong","year":"1965","edition":"001","kind":"pdf","url":"https://maps.lib.utexas.edu/maps/topo/vietnam/bai_thuong-6048-1.pdf"}},{"type":"Feature","geometry":{"type":"Polygon","coordinates":[[[103.99607,21.25113],[104.24592,21.25115],[104.24605,21.50113],[103.996,21.50112],[103.99607,21.25113],[103.99607,21.25113],[103.99607,21.25113]]]},"properties":{"sheet":"5851-4","name":"Ban Ang","year":"1965","edition":"001","kind":"pdf","url":"https://maps.lib.utexas.edu/maps/topo/vietnam/ban_ang-5851-4.pdf"}},{"type":"Feature","geometry":{"type":"Polygon","coordinates":[[[104.99587,20.7513],[105.24602,20.75134],[105.24607,20.50119],[104.99592,20.50121],[104.99587,20.7513],[104.99587,20.7513],[104.99587,20.7513],[104.99587,20.7513]]]},"properties":{"sheet":"6050-3","name":"Ban Bang","year":"1966","edition":"002","kind":"pdf","url":"https://maps.lib.utexas.edu/maps/topo/vietnam/ban_bang-6050-3.pdf"}},{"type":"Feature","geometry":{"type":"Polygon","coordinates":[[[104.49594,21.5012],[104.74606,21.50125],[104.74594,21.25117],[104.49605,21.25115],[104.49594,21.5012]]]},"properties":{"sheet":"5951-4","name":"Ban Buc","year":"1965","edition":"001","kind":"pdf","url":"https://maps.lib.utexas.edu/maps/topo/vietnam/ban_buc-5951-4.pdf"}},{"type":"Feature","geometry":{"type":"Polygon","coordinates":[[[105.9958,22.50113],[105.99565,22.25097],[106.246,22.25093],[106.24578,22.50103],[105.99578,22.50115],[105.9958,22.50113],[105.9958,22.50113],[105.9958,22.50113],[105.9958,22.50113],[105.9958,22.50113]]]},"properties":{"sheet":"6253-4","name":"Ban Cao","year":"1966","edition":"002","kind":"pdf","url":"https://maps.lib.utexas.edu/maps/topo/vietnam/ban_cao-6253-4.pdf"}},{"type":"Feature","geometry":{"type":"Polygon","coordinates":[[[104.74592,21.50121],[104.99585,21.50113],[104.99598,21.25118],[104.82268,21.25115],[104.76646,21.25113],[104.74584,21.25115],[104.74592,21.50121]]]},"properties":{"sheet":"5951-1","name":"Ban Chua","year":"1966","edition":"002","kind":"pdf","url":"https://maps.lib.utexas.edu/maps/topo/vietnam/ban_chua-5951-1.pdf"}},{"type":"Feature","geometry":{"type":"Polygon","coordinates":[[[104.99588,19.50137],[105.01527,19.50136],[105.14626,19.50128],[105.24605,19.50135],[105.24604,19.49366],[105.246,19.25132],[105.22651,19.25133],[104.99599,19.25131],[104.99599,19.25957],[104.99591,19.50137],[104.99588,19.50137],[104.99588,19.50137],[104.99588,19.50137],[104.99588,19.50137],[104.99588,19.50137]]]},"properties":{"sheet":"6047-4","name":"Ban Dan","year":"1965","edition":"001","kind":"pdf","url":"https://maps.lib.utexas.edu/maps/topo/vietnam/ban_dan-6047-4.pdf"}},{"type":"Feature","geometry":{"type":"MultiPolygon","coordinates":[[[[107.74583,13.00194],[107.76739,13.00196],[107.99587,13.00193],[107.99584,12.99738],[107.99582,12.75194],[107.97472,12.75187],[107.7457,12.75204],[107.74572,12.76132],[107.74583,13.00194]]],[[[107.74583,13.00194],[107.7458,13.00194],[107.74583,13.002],[107.74583,13.00194]]]]},"properties":{"sheet":"6534-1","name":"Ban Don","year":"1965","edition":"001","kind":"pdf","url":"https://maps.lib.utexas.edu/maps/topo/vietnam/ban_don-6534-1.pdf"}},{"type":"Feature","geometry":{"type":"Polygon","coordinates":[[[107.99578,13.2519],[108.0178,13.2519],[108.24575,13.2519],[108.24576,13.247],[108.24577,13.00191],[108.22745,13.00193],[108.08987,13.00193],[107.99578,13.00184],[107.99578,13.2519],[107.99578,13.2519],[107.99578,13.2519],[107.99578,13.2519],[107.99578,13.2519]]]},"properties":{"sheet":"6635-3","name":"Ban Drang","year":"1970","edition":"002","kind":"pdf","url":"https://maps.lib.utexas.edu/maps/topo/vietnam/ban_drang-6635-3.pdf"}},{"type":"Feature","geometry":{"type":"Polygon","coordinates":[[[103.99603,19.50127],[104.00748,19.50131],[104.09179,19.5013],[104.23401,19.50122],[104.24624,19.50122],[104.24617,19.5144],[104.24605,19.72392],[104.24605,19.75129],[104.23502,19.75131],[104.07187,19.75137],[103.99626,19.75128],[103.99603,19.50127]]]},"properties":{"sheet":"5848-3","name":"Ban Huoi Heo","year":"1965","edition":"001","kind":"pdf","url":"https://maps.lib.utexas.edu/maps/topo/vietnam/ban_huoi_heo-5848-3.pdf"}},{"type":"Feature","geometry":{"type":"Polygon","coordinates":[[[104.996,18.75131],[105.24579,18.75143],[105.24595,18.50132],[105.24595,18.50132],[104.99594,18.50159],[104.996,18.75131],[104.996,18.75131]]]},"properties":{"sheet":"6046-3","name":"Ban Ka Long","year":"1965","edition":"001","kind":"pdf","url":"https://maps.lib.utexas.edu/maps/topo/vietnam/ban_ka_long-6046-3.pdf"}},{"type":"Feature","geometry":{"type":"Polygon","coordinates":[[[105.99599,17.50166],[106.24584,17.50152],[106.24602,17.25165],[105.99592,17.25165],[105.99599,17.50166],[105.99599,17.50166],[105.99599,17.50166]]]},"properties":{"sheet":"6243-4","name":"Ban Karai","year":"1971","edition":"005","kind":"pdf","url":"https://maps.lib.utexas.edu/maps/topo/vietnam/ban_karai-6243-4.pdf"}},{"type":"Feature","geometry":{"type":"MultiPolygon","coordinates":[[[[103.24609,21.00112],[103.24609,21.00108],[103.24609,21.00112],[103.24609,21.00112]]],[[[103.24609,21.00112],[103.24613,21.01956],[103.24614,21.05962],[103.24625,21.12843],[103.24625,21.1974],[103.24621,21.25099],[103.29544,21.25102],[103.36257,21.25104],[103.43168,21.2511],[103.47088,21.25114],[103.4961,21.25116],[103.49609,21.20759],[103.49608,21.17143],[103.49614,21.13035],[103.49627,21.09115],[103.49629,21.04895],[103.49624,21.00107],[103.4708,21.00103],[103.42629,21.00111],[103.3855,21.00115],[103.33403,21.00112],[103.27669,21.00107],[103.24609,21.00112]]]]},"properties":{"sheet":"5651-2","name":"Ban Kha","year":"1968","edition":"002","kind":"pdf","url":"https://maps.lib.utexas.edu/maps/topo/vietnam/ban_kha-5651-2.pdf"}},{"type":"Feature","geometry":{"type":"Polygon","coordinates":[[[103.49609,22.50094],[103.51703,22.50102],[103.69864,22.50105],[103.74615,22.501],[103.74607,22.49606],[103.74617,22.25093],[103.71968,22.25096],[103.53171,22.25096],[103.49611,22.25095],[103.49609,22.50094],[103.49609,22.50094],[103.49609,22.50094],[103.49609,22.50094]]]},"properties":{"sheet":"5753-4","name":"Ban Ko La","year":"1967","edition":"002","kind":"pdf","url":"https://maps.lib.utexas.edu/maps/topo/vietnam/ban_ko_la-5753-4.pdf"}},{"type":"Feature","geometry":{"type":"Polygon","coordinates":[[[102.49629,22.50092],[102.74618,22.50092],[102.74624,22.7509],[102.49624,22.75091],[102.49629,22.50092],[102.49629,22.50092],[102.49629,22.50092],[102.49629,22.50092]]]},"properties":{"sheet":"5554-3","name":"Ban La Sin","year":"1965","edition":"001","kind":"pdf","url":"https://maps.lib.utexas.edu/maps/topo/vietnam/ban_la_sin-5554-3.pdf"}},{"type":"Feature","geometry":{"type":"Polygon","coordinates":[[[105.49594,23.00106],[105.49578,22.75088],[105.24585,22.75097],[105.24574,23.00104],[105.49594,23.00106]]]},"properties":{"sheet":"6054-1","name":"Ban Le","year":"1968","edition":"002","kind":"pdf","url":"https://maps.lib.utexas.edu/maps/topo/vietnam/ban_le-6054-1.pdf"}},{"type":"Feature","geometry":{"type":"Polygon","coordinates":[[[104.24611,21.50111],[104.26221,21.50111],[104.37285,21.50104],[104.47522,21.50112],[104.49601,21.50115],[104.49603,21.49675],[104.49605,21.25113],[104.48525,21.25114],[104.24604,21.25113],[104.24611,21.50111],[104.24611,21.50111]]]},"properties":{"sheet":"5851-1","name":"Ban Luu","year":"1965","edition":"001","kind":"pdf","url":"https://maps.lib.utexas.edu/maps/topo/vietnam/ban_luu-5851-1.pdf"}},{"type":"Feature","geometry":{"type":"MultiPolygon","coordinates":[[[[102.24627,22.75088],[102.25977,22.75095],[102.26946,22.75094],[102.27923,22.75093],[102.28892,22.75095],[102.2944,22.75094],[102.30693,22.75091],[102.31682,22.7509],[102.31818,22.75085],[102.32288,22.75087],[102.33625,22.7509],[102.34601,22.75086],[102.3503,22.75085],[102.36541,22.75086],[102.37508,22.75084],[102.37646,22.75081],[102.38622,22.75089],[102.39457,22.75101],[102.40439,22.75108],[102.41403,22.75112],[102.43362,22.75114],[102.45302,22.75113],[102.47254,22.75114],[102.49207,22.75118],[102.49629,22.75114],[102.49642,22.75022],[102.49632,22.74319],[102.49626,22.69168],[102.49625,22.64349],[102.49626,22.58879],[102.49626,22.54506],[102.49628,22.51575],[102.49627,22.50104],[102.49617,22.50086],[102.48803,22.50092],[102.47842,22.50092],[102.45642,22.50098],[102.43953,22.50098],[102.42731,22.50096],[102.39814,22.50103],[102.38836,22.50096],[102.35935,22.50102],[102.34964,22.50097],[102.33996,22.50099],[102.33025,22.50104],[102.31073,22.50107],[102.30108,22.50105],[102.28162,22.50105],[102.27191,22.50106],[102.2622,22.50108],[102.24628,22.50109],[102.24631,22.5136],[102.24628,22.54109],[102.24631,22.57725],[102.24632,22.62237],[102.24631,22.64036],[102.24632,22.66743],[102.24627,22.69447],[102.24631,22.72149],[102.24627,22.75088]]],[[[102.24627,22.75088],[102.24624,22.75088],[102.24627,22.75091],[102.24627,22.75088]]]]},"properties":{"sheet":"5454-2","name":"Ban Me Rang","year":"1965","edition":"001","kind":"pdf","url":"https://maps.lib.utexas.edu/maps/topo/vietnam/ban_me_rang-5454-2.pdf"}},{"type":"Feature","geometry":{"type":"Polygon","coordinates":[[[107.99577,12.50195],[108.24569,12.50201],[108.2457,12.75192],[107.99575,12.75201],[107.99577,12.50195],[107.99577,12.50195]]]},"properties":{"sheet":"6634-3","name":"Ban Me Thuot","year":"1970","edition":"002","kind":"pdf","url":"https://maps.lib.utexas.edu/maps/topo/vietnam/ban_me_thuot-6634-3.pdf"}},{"type":"Feature","geometry":{"type":"Polygon","coordinates":[[[108.49569,13.00194],[108.51994,13.00195],[108.74557,13.00198],[108.74557,12.99778],[108.74572,12.75191],[108.72413,12.75195],[108.49557,12.75191],[108.49569,13.00194],[108.49569,13.00194],[108.49569,13.00194],[108.49569,13.00194]]]},"properties":{"sheet":"6734-4","name":"Ban Mgam","year":"1970","edition":"002","kind":"pdf","url":"https://maps.lib.utexas.edu/maps/topo/vietnam/ban_mgam-6734-4.pdf"}},{"type":"Feature","geometry":{"type":"Polygon","coordinates":[[[108.49572,12.50194],[108.74568,12.50198],[108.7457,12.7519],[108.49568,12.75199],[108.49572,12.50194],[108.49572,12.50194]]]},"properties":{"sheet":"6734-3","name":"Ban Mtrong","year":"1964","edition":"001","kind":"pdf","url":"https://maps.lib.utexas.edu/maps/topo/vietnam/ban_mtrong-6734-3.pdf"}},{"type":"Feature","geometry":{"type":"Polygon","coordinates":[[[103.24607,21.50109],[103.49619,21.50107],[103.4962,21.25106],[103.4292,21.25117],[103.27609,21.25106],[103.24626,21.25101],[103.24626,21.25161],[103.24607,21.50109],[103.24607,21.50109]]]},"properties":{"sheet":"5651-1","name":"Ban Muong Lan","year":"1965","edition":"001","kind":"pdf","url":"https://maps.lib.utexas.edu/maps/topo/vietnam/ban_muong_lan-5651-1.pdf"}},{"type":"Feature","geometry":{"type":"Polygon","coordinates":[[[104.74616,19.50128],[104.76976,19.50132],[104.92677,19.50135],[104.99608,19.50129],[104.996,19.49758],[104.99614,19.25135],[104.97631,19.25138],[104.74597,19.25131],[104.74616,19.50128],[104.74616,19.50128],[104.74616,19.50128],[104.74616,19.50128]]]},"properties":{"sheet":"5947-1","name":"Ban Na Ca","year":"1971","edition":"002","kind":"pdf","url":"https://maps.lib.utexas.edu/maps/topo/vietnam/ban_na_ca-5947-1.pdf"}},{"type":"Feature","geometry":{"type":"Polygon","coordinates":[[[103.24622,21.00104],[103.24258,21.00105],[103.16089,21.00109],[103.10681,21.00105],[103.07322,21.00102],[103.04652,21.00105],[103.0001,21.00103],[102.99627,21.00103],[102.99614,21.00121],[102.99613,21.00276],[102.99623,21.00312],[102.99622,21.02777],[102.99619,21.06616],[102.9962,21.10529],[102.9962,21.17291],[102.99615,21.2512],[102.99837,21.25113],[103.082,21.25112],[103.13477,21.25111],[103.19272,21.25116],[103.24428,21.2511],[103.24629,21.25119],[103.24629,21.24879],[103.24625,21.11185],[103.24622,21.00279],[103.24622,21.00104]]]},"properties":{"sheet":"5651-3","name":"Ban Na Phai","year":"1968","edition":"002","kind":"pdf","url":"https://maps.lib.utexas.edu/maps/topo/vietnam/ban_na_phai-5651-3.pdf"}},{"type":"Feature","geometry":{"type":"Polygon","coordinates":[[[104.7459,20.50112],[104.99598,20.50122],[104.99602,20.75131],[104.74588,20.75127],[104.7459,20.50112],[104.7459,20.50112],[104.7459,20.50112]]]},"properties":{"sheet":"5950-2","name":"Ban Na Sun","year":"1965","edition":"002","kind":"pdf","url":"https://maps.lib.utexas.edu/maps/topo/vietnam/ban_na_sun-5950-2.pdf"}},{"type":"Feature","geometry":{"type":"Polygon","coordinates":[[[103.99618,21.75123],[104.02948,21.75121],[104.05724,21.75116],[104.0874,21.75113],[104.12102,21.75109],[104.15465,21.75111],[104.1934,21.75107],[104.21866,21.75109],[104.246,21.7511],[104.24606,21.69543],[104.24613,21.61399],[104.24618,21.52382],[104.24623,21.50117],[104.21382,21.5012],[104.18185,21.50117],[104.15411,21.50115],[104.12707,21.50115],[104.09731,21.5011],[104.0785,21.50111],[104.05895,21.50112],[104.03984,21.50109],[104.0201,21.50109],[103.99604,21.50107],[103.99605,21.52591],[103.99612,21.56649],[103.99603,21.63866],[103.99614,21.70996],[103.99618,21.74745],[103.99618,21.75123],[103.99618,21.75123],[103.99618,21.75123]]]},"properties":{"sheet":"5852-3","name":"Ban Na Tong","year":"1965","edition":"001","kind":"pdf","url":"https://maps.lib.utexas.edu/maps/topo/vietnam/ban_na_tong-5852-3.pdf"}},{"type":"Feature","geometry":{"type":"Polygon","coordinates":[[[103.24607,21.75109],[103.49616,21.75113],[103.49614,22.00123],[103.24609,22.0011],[103.24607,21.75109],[103.24607,21.75109],[103.24607,21.75109],[103.24607,21.75109],[103.24607,21.75109]]]},"properties":{"sheet":"5652-1","name":"Ban Nam Nen","year":"1965","edition":"001","kind":"pdf","url":"https://maps.lib.utexas.edu/maps/topo/vietnam/ban_nam_nen-5652-1.pdf"}},{"type":"Feature","geometry":{"type":"Polygon","coordinates":[[[107.7459,12.25197],[107.95682,12.25198],[107.99574,12.25197],[107.99592,12.00194],[107.74572,12.00203],[107.74589,12.25186],[107.7459,12.25197],[107.7459,12.25197],[107.7459,12.25197],[107.7459,12.25197],[107.7459,12.25197],[107.7459,12.25197]]]},"properties":{"sheet":"6533-2","name":"Ban Ndoh","year":"1965","edition":"001","kind":"pdf","url":"https://maps.lib.utexas.edu/maps/topo/vietnam/ban_ndoh-6533-2.pdf"}},{"type":"Feature","geometry":{"type":"Polygon","coordinates":[[[109.24555,13.00195],[109.49531,13.00196],[109.49559,12.75197],[109.24538,12.75184],[109.24555,13.00195],[109.24555,13.00195],[109.24555,13.00195],[109.24555,13.00195]]]},"properties":{"sheet":"6834-1","name":"Ban Nham","year":"1969","edition":"002","kind":"pdf","url":"https://maps.lib.utexas.edu/maps/topo/vietnam/ban_nham-6834-1.pdf"}},{"type":"Feature","geometry":{"type":"Polygon","coordinates":[[[104.99599,20.00134],[105.24582,20.00128],[105.24596,19.75129],[104.99585,19.75127],[104.99599,20.00134],[104.99599,20.00134],[104.99599,20.00134]]]},"properties":{"sheet":"6048-4","name":"Ban Pang","year":"1965","edition":"001","kind":"pdf","url":"https://maps.lib.utexas.edu/maps/topo/vietnam/ban_pang-6048-4.pdf"}},{"type":"Feature","geometry":{"type":"Polygon","coordinates":[[[108.24565,13.25188],[108.27056,13.25191],[108.43156,13.25196],[108.4957,13.25195],[108.49572,13.24496],[108.49569,13.00193],[108.47989,13.00196],[108.24572,13.0019],[108.24565,13.25188],[108.24565,13.25188],[108.24565,13.25188],[108.24565,13.25188],[108.24565,13.25188],[108.24565,13.25188],[108.24565,13.25188]]]},"properties":{"sheet":"6635-2","name":"Ban Suk Hdrah","year":"1965","edition":"001","kind":"pdf","url":"https://maps.lib.utexas.edu/maps/topo/vietnam/ban_suk_hdrah-6635-2.pdf"}},{"type":"Feature","geometry":{"type":"Polygon","coordinates":[[[104.24607,19.75126],[104.24607,19.74543],[104.2462,19.58356],[104.2461,19.50127],[104.2634,19.50126],[104.45837,19.50123],[104.49608,19.50124],[104.49611,19.75124],[104.24607,19.75126],[104.24607,19.75126],[104.24607,19.75126],[104.24607,19.75126],[104.24607,19.75126]]]},"properties":{"sheet":"5848-2","name":"Ban Tha Lang","year":"1972","edition":"002","kind":"pdf","url":"https://maps.lib.utexas.edu/maps/topo/vietnam/ban_tha_lang-5848-2.pdf"}},{"type":"Feature","geometry":{"type":"Polygon","coordinates":[[[108.24571,12.50198],[108.49572,12.50193],[108.49568,12.75194],[108.24572,12.75192],[108.24571,12.50198],[108.24571,12.50198]]]},"properties":{"sheet":"6634-2","name":"Ban Ti Srenh","year":"1970","edition":"002","kind":"pdf","url":"https://maps.lib.utexas.edu/maps/topo/vietnam/ban_ti_srenh-6634-2.pdf"}},{"type":"Feature","geometry":{"type":"Polygon","coordinates":[[[107.99571,13.50205],[108.24582,13.50198],[108.24591,13.25186],[107.99566,13.25178],[107.99571,13.50205],[107.99571,13.50205],[107.99571,13.50205],[107.99571,13.50205],[107.99571,13.50205],[107.99571,13.50205]]]},"properties":{"sheet":"6635-4","name":"Ban Tsham","year":"1965","edition":"001","kind":"pdf","url":"https://maps.lib.utexas.edu/maps/topo/vietnam/ban_tsham-6635-4.pdf"}},{"type":"Feature","geometry":{"type":"Polygon","coordinates":[[[107.24591,15.25183],[107.49571,15.25183],[107.49593,15.00163],[107.24565,15.00182],[107.24591,15.25183],[107.24591,15.25183],[107.24591,15.25183]]]},"properties":{"sheet":"6439-2","name":"Ban Vangtat","year":"1968","edition":"002","kind":"pdf","url":"https://maps.lib.utexas.edu/maps/topo/vietnam/ban_vangtat-6439-2.pdf"}},{"type":"Feature","geometry":{"type":"Polygon","coordinates":[[[104.74581,19.75125],[104.99599,19.75124],[104.99582,20.00129],[104.74607,20.00112],[104.74607,20.00112],[104.74581,19.75125]]]},"properties":{"sheet":"5948-1","name":"Ban Xen Con","year":"1965","edition":"001","kind":"pdf","url":"https://maps.lib.utexas.edu/maps/topo/vietnam/ban_xen_con-5948-1.pdf"}},{"type":"Feature","geometry":{"type":"Polygon","coordinates":[[[104.49605,19.25132],[104.74604,19.25125],[104.74608,19.50124],[104.49596,19.50134],[104.49605,19.25132],[104.49605,19.25132],[104.49605,19.25132]]]},"properties":{"sheet":"5947-4","name":"Ban Xieng Lip","year":"1971","edition":"002","kind":"pdf","url":"https://maps.lib.utexas.edu/maps/topo/vietnam/ban_xieng_lip-5947-4.pdf"}},{"type":"Feature","geometry":{"type":"Polygon","coordinates":[[[107.74579,14.00193],[107.99566,14.00188],[107.99586,13.75183],[107.74562,13.7519],[107.74579,14.00193],[107.74579,14.00193],[107.74579,14.00193]]]},"properties":{"sheet":"6536-1","name":"Bao Duc","year":"1970","edition":"002","kind":"pdf","url":"https://maps.lib.utexas.edu/maps/topo/vietnam/bao_duc-6536-1.pdf"}},{"type":"Feature","geometry":{"type":"Polygon","coordinates":[[[104.24606,22.25107],[104.26646,22.25111],[104.38055,22.251],[104.49609,22.25093],[104.49603,22.24779],[104.49608,22.00109],[104.4849,22.0011],[104.3082,22.00103],[104.24607,22.00091],[104.24606,22.25107],[104.24606,22.25107],[104.24606,22.25107],[104.24606,22.25107],[104.24606,22.25107],[104.24606,22.25107]]]},"properties":{"sheet":"5853-2","name":"Bao Ha","year":"1971","edition":"002","kind":"pdf","url":"https://maps.lib.utexas.edu/maps/topo/vietnam/bao_ha-5853-2.pdf"}},{"type":"Feature","geometry":{"type":"Polygon","coordinates":[[[105.49593,23.00119],[105.7458,23.00104],[105.74591,22.75102],[105.49572,22.75112],[105.49572,22.751],[105.49567,22.75108],[105.49593,23.00119],[105.49593,23.00119],[105.49593,23.00119]]]},"properties":{"sheet":"6154-4","name":"Bao Lac","year":"1964","edition":"001","kind":"pdf","url":"https://maps.lib.utexas.edu/maps/topo/vietnam/bao_lac-6154-4.pdf"}},{"type":"Feature","geometry":{"type":"Polygon","coordinates":[[[107.7457,11.50202],[107.76298,11.50198],[107.974,11.50202],[107.99594,11.50196],[107.99583,11.50766],[107.99577,11.75206],[107.97674,11.75201],[107.7457,11.7521],[107.7457,11.50202]]]},"properties":{"sheet":"6532-2","name":"Bao Loc","year":"1968","edition":"002","kind":"pdf","url":"https://maps.lib.utexas.edu/maps/topo/vietnam/bao_loc-6532-2.pdf"}},{"type":"Feature","geometry":{"type":"Polygon","coordinates":[[[106.74611,11.002],[106.746,11.07943],[106.74599,11.17896],[106.74602,11.21425],[106.74614,11.21449],[106.74613,11.2363],[106.74643,11.23778],[106.74598,11.23909],[106.74592,11.25213],[106.64501,11.25202],[106.51696,11.25206],[106.49603,11.2521],[106.49598,11.09885],[106.49584,11.00199],[106.4975,11.00195],[106.49782,11.00208],[106.61625,11.00205],[106.71692,11.00204],[106.74608,11.00204],[106.74608,11.00204],[106.74611,11.002]]]},"properties":{"sheet":"6331-3","name":"Ben Cat","year":"1968","edition":"002","kind":"pdf","url":"https://maps.lib.utexas.edu/maps/topo/vietnam/ben_cat-6331-3.pdf"}},{"type":"Feature","geometry":{"type":"Polygon","coordinates":[[[107.74576,15.75164],[107.99566,15.75171],[107.99574,15.50171],[107.75692,15.50174],[107.74578,15.50169],[107.74577,15.50338],[107.74576,15.75164],[107.74576,15.75164],[107.74576,15.75164],[107.74576,15.75164],[107.74576,15.75164]]]},"properties":{"sheet":"6540-2","name":"Ben Giang","year":"1965","edition":"001","kind":"pdf","url":"https://maps.lib.utexas.edu/maps/topo/vietnam/ben_giang-6540-2.pdf"}},{"type":"Feature","geometry":{"type":"Polygon","coordinates":[[[107.2457,21.75119],[107.26831,21.75121],[107.32631,21.75121],[107.35539,21.7512],[107.39395,21.75117],[107.42306,21.75118],[107.44238,21.75111],[107.47612,21.75102],[107.49073,21.75104],[107.49565,21.75104],[107.49569,21.74163],[107.4957,21.70548],[107.49571,21.58807],[107.49572,21.57011],[107.49576,21.55204],[107.49574,21.53399],[107.49572,21.50689],[107.49572,21.50119],[107.45755,21.50118],[107.42868,21.5012],[107.38986,21.50111],[107.36096,21.50115],[107.35111,21.50113],[107.31252,21.50112],[107.27412,21.50109],[107.24576,21.50109],[107.24577,21.51041],[107.24566,21.54656],[107.24569,21.59174],[107.24564,21.60086],[107.2456,21.61882],[107.24567,21.64595],[107.24564,21.67311],[107.24568,21.70012],[107.24568,21.71817],[107.24564,21.75119],[107.24567,21.75119],[107.2457,21.75119],[107.2457,21.75119],[107.2457,21.75119],[107.2457,21.75119],[107.2457,21.75119]]]},"properties":{"sheet":"6452-2","name":"Binh Lieu","year":"1965","edition":"001","kind":"pdf","url":"https://maps.lib.utexas.edu/maps/topo/vietnam/binh_lieu-6452-2.pdf"}},{"type":"Feature","geometry":{"type":"Polygon","coordinates":[[[108.7456,15.50177],[108.7629,15.50175],[108.99557,15.50169],[108.99558,15.4951],[108.9956,15.25175],[108.97304,15.25174],[108.74565,15.2517],[108.7456,15.50177],[108.7456,15.50177],[108.7456,15.50177],[108.7456,15.50177],[108.7456,15.50177],[108.7456,15.50177],[108.7456,15.50177]]]},"properties":{"sheet":"6739-1","name":"Binh Son","year":"1983","edition":"003","kind":"pdf","url":"https://maps.lib.utexas.edu/maps/topo/vietnam/binh_son-6739-1.pdf"}},{"type":"Feature","geometry":{"type":"Polygon","coordinates":[[[106.24565,11.50152],[106.24548,11.75254],[106.49648,11.75246],[106.49655,11.50167],[106.49655,11.50167],[106.24565,11.50152]]]},"properties":{"sheet":"6232-2","name":"Bo Tuc","year":"Jan ","edition":"2","kind":"pdf","url":"https://maps.lib.utexas.edu/maps/topo/vietnam/bo_tuc-6232-2.pdf"}},{"type":"Feature","geometry":{"type":"Polygon","coordinates":[[[108.99559,14.25176],[109.01177,14.25178],[109.24564,14.25182],[109.24561,14.26144],[109.24566,14.50182],[109.22914,14.50182],[109.03424,14.50187],[108.99561,14.50192],[108.99559,14.25176]]]},"properties":{"sheet":"6837-4","name":"Bong Son","year":"1984","edition":"003","kind":"pdf","url":"https://maps.lib.utexas.edu/maps/topo/vietnam/bong_son-6837-4.pdf"}},{"type":"Feature","geometry":{"type":"Polygon","coordinates":[[[107.9957,12.50194],[108.24581,12.502],[108.24571,12.25198],[107.9958,12.25189],[107.9957,12.50194],[107.9957,12.50194],[107.9957,12.50194],[107.9957,12.50194],[107.9957,12.50194]]]},"properties":{"sheet":"6633-4","name":"Buon Dong Bak","year":"1970","edition":"003","kind":"pdf","url":"https://maps.lib.utexas.edu/maps/topo/vietnam/buon_dong_bak-6633-4.pdf"}},{"type":"Feature","geometry":{"type":"Polygon","coordinates":[[[108.74555,12.51011],[108.7457,12.75186],[108.99547,12.7518],[108.99558,12.5019],[108.86221,12.50185],[108.74555,12.50179],[108.74555,12.51011],[108.74555,12.51011],[108.74555,12.51011]]]},"properties":{"sheet":"6734-2","name":"Buon Ea Thi","year":"1970","edition":"002","kind":"pdf","url":"https://maps.lib.utexas.edu/maps/topo/vietnam/buon_ea_thi-6734-2.pdf"}},{"type":"Feature","geometry":{"type":"Polygon","coordinates":[[[108.2457,13.00204],[108.49575,13.00205],[108.49567,12.75199],[108.2457,12.75198],[108.2457,13.00204],[108.2457,13.00204],[108.2457,13.00204]]]},"properties":{"sheet":"6634-1","name":"Buon Ho","year":"1970","edition":"002","kind":"pdf","url":"https://maps.lib.utexas.edu/maps/topo/vietnam/buon_ho-6634-1.pdf"}},{"type":"Feature","geometry":{"type":"Polygon","coordinates":[[[108.24566,12.50192],[108.26674,12.50193],[108.49568,12.50205],[108.4957,12.49768],[108.49567,12.25192],[108.47318,12.25189],[108.24564,12.25195],[108.24566,12.50192],[108.24566,12.50192],[108.24566,12.50192],[108.24566,12.50192]]]},"properties":{"sheet":"6633-1","name":"Buon Ja Ea Kuat","year":"1965","edition":"001","kind":"pdf","url":"https://maps.lib.utexas.edu/maps/topo/vietnam/buon_ja_ea_kuat-6633-1.pdf"}},{"type":"Feature","geometry":{"type":"Polygon","coordinates":[[[108.74567,12.50198],[108.99576,12.50203],[108.99572,12.25203],[108.7457,12.25205],[108.74567,12.50198],[108.74567,12.50198],[108.74567,12.50198]]]},"properties":{"sheet":"6733-1","name":"Buon Thach Trai","year":"1965","edition":"001","kind":"pdf","url":"https://maps.lib.utexas.edu/maps/topo/vietnam/buon_thach_trai-6733-1.pdf"}},{"type":"Feature","geometry":{"type":"Polygon","coordinates":[[[108.49568,13.50188],[108.74576,13.50194],[108.74577,13.25186],[108.49568,13.25179],[108.49568,13.50188],[108.49568,13.50188],[108.49568,13.50188],[108.49568,13.50188],[108.49568,13.50188],[108.49568,13.50188],[108.49568,13.50188]]]},"properties":{"sheet":"6735-4","name":"Buon Thoat","year":"1965","edition":"001","kind":"pdf","url":"https://maps.lib.utexas.edu/maps/topo/vietnam/buon_thoat-6735-4.pdf"}},{"type":"Feature","geometry":{"type":"Polygon","coordinates":[[[107.99576,13.00201],[108.01797,13.00202],[108.18358,13.00205],[108.24564,13.00199],[108.2457,12.99713],[108.24579,12.75198],[108.22572,12.75197],[108.03726,12.75192],[107.99567,12.75193],[107.9957,12.76108],[107.99576,13.00198],[107.99576,13.00201],[107.99576,13.00201],[107.99576,13.00201],[107.99576,13.00201]]]},"properties":{"sheet":"6634-4","name":"Buon Trap","year":"1970","edition":"002","kind":"pdf","url":"https://maps.lib.utexas.edu/maps/topo/vietnam/buon_trap-6634-4.pdf"}},{"type":"Feature","geometry":{"type":"Polygon","coordinates":[[[107.74576,13.25206],[107.99586,13.25196],[107.99583,13.00198],[107.74578,13.0019],[107.74576,13.25206],[107.74576,13.25206],[107.74576,13.25206]]]},"properties":{"sheet":"6535-2","name":"Buon Ya Soup","year":"1965","edition":"001","kind":"pdf","url":"https://maps.lib.utexas.edu/maps/topo/vietnam/buon_ya_soup-6535-2.pdf"}},{"type":"Feature","geometry":{"type":"Polygon","coordinates":[[[104.99622,9.00217],[105.01909,9.00219],[105.17748,9.00216],[105.24616,9.00218],[105.24608,8.99823],[105.2462,8.79741],[105.24624,8.7522],[105.22607,8.75218],[105.03793,8.75216],[104.99602,8.75222],[104.99617,8.76174],[104.99622,9.00217],[104.99622,9.00217],[104.99622,9.00217],[104.99622,9.00217],[104.99622,9.00217],[104.99622,9.00217],[104.99622,9.00217]]]},"properties":{"sheet":"6026-4","name":"Cai Nuoc","year":"1965","edition":"001","kind":"pdf","url":"https://maps.lib.utexas.edu/maps/topo/vietnam/cai_nuoc-6026-4.pdf"}},{"type":"Feature","geometry":{"type":"Polygon","coordinates":[[[105.24594,19.00129],[105.49597,19.00142],[105.49612,18.75136],[105.24587,18.75132],[105.24594,19.00129],[105.24594,19.00129],[105.24594,19.00129],[105.24594,19.00129],[105.24594,19.00129]]]},"properties":{"sheet":"6046-1","name":"Cam Ngoc","year":"1966","edition":"002","kind":"pdf","url":"https://maps.lib.utexas.edu/maps/topo/vietnam/cam_ngoc-6046-1.pdf"}},{"type":"Feature","geometry":{"type":"Polygon","coordinates":[[[107.24567,21.00118],[107.49562,21.00129],[107.49561,21.25118],[107.24566,21.25126],[107.24567,21.00118],[107.24567,21.00118],[107.24567,21.00118]]]},"properties":{"sheet":"6451-2","name":"Cam Pha","year":"1966","edition":"002","kind":"pdf","url":"https://maps.lib.utexas.edu/maps/topo/vietnam/cam_pha-6451-2.pdf"}},{"type":"Feature","geometry":{"type":"Polygon","coordinates":[[[108.99559,12.00202],[109.01678,12.00203],[109.24564,12.00199],[109.24564,11.99669],[109.2456,11.75202],[109.22333,11.75202],[109.0033,11.75197],[108.99563,11.75202],[108.99559,12.00202],[108.99559,12.00202],[108.99559,12.00202],[108.99559,12.00202]]]},"properties":{"sheet":"6832-4","name":"Cam Ranh","year":"1970","edition":"003","kind":"pdf","url":"https://maps.lib.utexas.edu/maps/topo/vietnam/cam_ranh-6832-4.pdf"}},{"type":"Feature","geometry":{"type":"Polygon","coordinates":[[[105.74604,10.25222],[105.7633,10.25217],[105.78149,10.2522],[105.8294,10.2522],[105.86381,10.25219],[105.89115,10.25219],[105.92769,10.25211],[105.95507,10.25211],[105.96425,10.25215],[105.99332,10.25207],[105.99608,10.25205],[105.99604,10.24499],[105.99605,10.24176],[105.99605,10.21463],[105.99605,10.19394],[105.99597,10.12422],[105.99598,10.08548],[105.996,10.06092],[105.99596,10.01577],[105.99605,10.00223],[105.98158,10.00213],[105.92679,10.00213],[105.87108,10.00208],[105.79913,10.00206],[105.74595,10.00201],[105.74611,10.05251],[105.74614,10.1068],[105.74608,10.15532],[105.74604,10.2335],[105.74602,10.25216],[105.74602,10.25216],[105.74604,10.25222],[105.74604,10.25222]]]},"properties":{"sheet":"6129-2","name":"Can Tho","year":"1969","edition":"003","kind":"pdf","url":"https://maps.lib.utexas.edu/maps/topo/vietnam/can_tho-6129-2.pdf"}},{"type":"Feature","geometry":{"type":"Polygon","coordinates":[[[108.74567,13.75196],[108.99565,13.75191],[108.99573,13.50187],[108.74551,13.50196],[108.74567,13.75196],[108.74567,13.75196],[108.74567,13.75196]]]},"properties":{"sheet":"6736-2","name":"Canh Tien","year":"1970","edition":"002","kind":"pdf","url":"https://maps.lib.utexas.edu/maps/topo/vietnam/canh_tien-6736-2.pdf"}},{"type":"Feature","geometry":{"type":"Polygon","coordinates":[[[106.24558,22.75119],[106.49592,22.7509],[106.49557,22.50112],[106.24591,22.50079],[106.24558,22.75119],[106.24558,22.75119],[106.24558,22.75119],[106.24558,22.75119]]]},"properties":{"sheet":"6254-2","name":"Cao Bang","year":"1963","edition":"001","kind":"pdf","url":"https://maps.lib.utexas.edu/maps/topo/vietnam/cao_bang-6254-2.pdf"}},{"type":"Feature","geometry":{"type":"Polygon","coordinates":[[[105.49628,10.50212],[105.5166,10.50211],[105.67577,10.50209],[105.74597,10.50217],[105.74602,10.49391],[105.74623,10.2521],[105.73401,10.25211],[105.54706,10.25202],[105.49595,10.25207],[105.49628,10.50212],[105.49628,10.50212],[105.49628,10.50212],[105.49628,10.50212],[105.49628,10.50212],[105.49628,10.50212]]]},"properties":{"sheet":"6129-4","name":"Cao Lanh","year":"1965","edition":"001","kind":"pdf","url":"https://maps.lib.utexas.edu/maps/topo/vietnam/cao_lanh-6129-4.pdf"}},{"type":"Feature","geometry":{"type":"Polygon","coordinates":[[[106.99565,20.50127],[107.24569,20.50128],[107.24565,20.75124],[106.99571,20.75126],[106.99565,20.50127],[106.99565,20.50127]]]},"properties":{"sheet":"6450-3","name":"Cat Ba","year":"1983","edition":"002","kind":"pdf","url":"https://maps.lib.utexas.edu/maps/topo/vietnam/cat_ba-6450-3.pdf"}},{"type":"Feature","geometry":{"type":"Polygon","coordinates":[[[105.99607,10.00229],[105.99612,9.86198],[105.99609,9.7625],[105.99605,9.75211],[106.09033,9.75202],[106.17233,9.75212],[106.24616,9.7522],[106.2461,9.83552],[106.24605,9.90651],[106.24608,9.9749],[106.24622,9.9751],[106.2461,9.97517],[106.24602,9.97525],[106.24606,9.97878],[106.24605,10.00217],[106.10015,10.00222],[106.00906,10.00226],[105.99607,10.00229],[105.99607,10.00229],[105.99607,10.00229],[105.99607,10.00229]]]},"properties":{"sheet":"6228-4","name":"Cau Ke","year":"1965","edition":"001","kind":"pdf","url":"https://maps.lib.utexas.edu/maps/topo/vietnam/cau_ke-6228-4.pdf"}},{"type":"Feature","geometry":{"type":"Polygon","coordinates":[[[105.99595,17.75148],[106.24594,17.75144],[106.24591,17.50151],[105.99603,17.50146],[105.99595,17.75148],[105.99595,17.75148],[105.99595,17.75148],[105.99595,17.75148]]]},"properties":{"sheet":"6244-3","name":"Cha Noi","year":"1967","edition":"003","kind":"pdf","url":"https://maps.lib.utexas.edu/maps/topo/vietnam/cha_noi-6244-3.pdf"}},{"type":"Feature","geometry":{"type":"Polygon","coordinates":[[[106.99565,21.50122],[107.24578,21.5012],[107.2457,21.25112],[106.99571,21.25109],[106.99565,21.50122],[106.99565,21.50122],[106.99565,21.50122],[106.99565,21.50122],[106.99565,21.50122]]]},"properties":{"sheet":"6451-4","name":"Chau Son","year":"1965","edition":"001","kind":"pdf","url":"https://maps.lib.utexas.edu/maps/topo/vietnam/chau_son-6451-4.pdf"}},{"type":"Feature","geometry":{"type":"Polygon","coordinates":[[[104.99608,10.0022],[105.17337,10.00217],[105.24615,10.00215],[105.24616,9.80617],[105.24615,9.75205],[105.1167,9.75206],[104.99608,9.75205],[104.99608,10.0022],[104.99608,10.0022],[104.99608,10.0022],[104.99608,10.0022],[104.99608,10.0022]]]},"properties":{"sheet":"6028-4","name":"Chau Thanh","year":"1989","edition":"002","kind":"pdf","url":"https://maps.lib.utexas.edu/maps/topo/vietnam/chau_thanh-6028-4.pdf"}},{"type":"Feature","geometry":{"type":"Polygon","coordinates":[[[108.24568,13.50196],[108.49584,13.50194],[108.49586,13.25184],[108.24561,13.25174],[108.24568,13.50196],[108.24568,13.50196],[108.24568,13.50196],[108.24568,13.50196],[108.24568,13.50196]]]},"properties":{"sheet":"6635-1","name":"Cheo Reo","year":"1969","edition":"002","kind":"pdf","url":"https://maps.lib.utexas.edu/maps/topo/vietnam/cheo_reo-6635-1.pdf"}},{"type":"Feature","geometry":{"type":"Polygon","coordinates":[[[105.24574,22.00095],[105.24574,22.00667],[105.24582,22.05354],[105.24593,22.25114],[105.25423,22.25113],[105.49586,22.25102],[105.49594,22.00107],[105.49594,22.00107],[105.24574,22.00095]]]},"properties":{"sheet":"6053-2","name":"Chiem Hoa","year":"1968","edition":"002","kind":"pdf","url":"https://maps.lib.utexas.edu/maps/topo/vietnam/chiem_hoa-6053-2.pdf"}},{"type":"Feature","geometry":{"type":"Polygon","coordinates":[[[104.99598,21.00114],[105.01067,21.00119],[105.11866,21.00122],[105.21348,21.00126],[105.24592,21.00122],[105.24593,20.99742],[105.246,20.75118],[105.23336,20.75118],[104.99586,20.75116],[104.99598,21.00114],[104.99598,21.00114],[104.99598,21.00114],[104.99598,21.00114],[104.99598,21.00114],[104.99598,21.00114]]]},"properties":{"sheet":"6050-4","name":"Cho Bo","year":"1966","edition":"002","kind":"pdf","url":"https://maps.lib.utexas.edu/maps/topo/vietnam/cho_bo-6050-4.pdf"}},{"type":"Feature","geometry":{"type":"Polygon","coordinates":[[[105.49588,22.00119],[105.74577,22.00121],[105.74597,21.75122],[105.49566,21.75119],[105.49588,22.00119],[105.49588,22.00119],[105.49588,22.00119],[105.49588,22.00119]]]},"properties":{"sheet":"6152-4","name":"Cho Chu","year":"1964","edition":"001","kind":"pdf","url":"https://maps.lib.utexas.edu/maps/topo/vietnam/cho_chu-6152-4.pdf"}},{"type":"Feature","geometry":{"type":"Polygon","coordinates":[[[105.49572,22.2511],[105.74596,22.25109],[105.74591,22.00104],[105.49585,22.00099],[105.49572,22.2511],[105.49572,22.2511],[105.49572,22.2511],[105.49572,22.2511],[105.49572,22.2511],[105.49572,22.2511]]]},"properties":{"sheet":"6153-3","name":"Cho Don","year":"1968","edition":"002","kind":"pdf","url":"https://maps.lib.utexas.edu/maps/topo/vietnam/cho_don-6153-3.pdf"}},{"type":"Feature","geometry":{"type":"Polygon","coordinates":[[[105.49588,19.00129],[105.74592,19.00149],[105.74598,19.25119],[105.49588,19.25145],[105.49588,19.00129],[105.49588,19.00129],[105.49588,19.00129]]]},"properties":{"sheet":"6147-3","name":"Cho Giat","year":"1966","edition":"002","kind":"pdf","url":"https://maps.lib.utexas.edu/maps/topo/vietnam/cho_giat-6147-3.pdf"}},{"type":"Feature","geometry":{"type":"Polygon","coordinates":[[[105.7459,22.00115],[105.99583,22.00114],[105.99595,21.75107],[105.74574,21.75106],[105.7459,22.00115],[105.7459,22.00115],[105.7459,22.00115]]]},"properties":{"sheet":"6152-1","name":"Cho Moi","year":"1964","edition":"001","kind":"pdf","url":"https://maps.lib.utexas.edu/maps/topo/vietnam/cho_moi-6152-1.pdf"}},{"type":"Feature","geometry":{"type":"Polygon","coordinates":[[[107.24581,10.25213],[107.49585,10.25211],[107.49581,10.50212],[107.24586,10.50206],[107.24581,10.25213],[107.24581,10.25213]]]},"properties":{"sheet":"6429-1","name":"Cho Phuoc Hai","year":"1984","edition":"004","kind":"pdf","url":"https://maps.lib.utexas.edu/maps/topo/vietnam/cho_phuoc_hai-6429-1.pdf"}},{"type":"Feature","geometry":{"type":"Polygon","coordinates":[[[105.49585,22.29997],[105.49584,22.50107],[105.72232,22.50102],[105.74578,22.50103],[105.74584,22.27931],[105.74585,22.25109],[105.53349,22.25103],[105.49575,22.25104],[105.49585,22.29997],[105.49585,22.29997],[105.49585,22.29997]]]},"properties":{"sheet":"6153-4","name":"Cho Ra","year":"1968","edition":"002","kind":"pdf","url":"https://maps.lib.utexas.edu/maps/topo/vietnam/cho_ra-6153-4.pdf"}},{"type":"Feature","geometry":{"type":"Polygon","coordinates":[[[103.74606,22.25094],[103.99598,22.25105],[103.99592,22.00112],[103.74611,22.00102],[103.74606,22.25094],[103.74606,22.25094],[103.74606,22.25094],[103.74606,22.25094],[103.74606,22.25094],[103.74606,22.25094]]]},"properties":{"sheet":"5753-2","name":"Chom Chang","year":"1965","edition":"001","kind":"pdf","url":"https://maps.lib.utexas.edu/maps/topo/vietnam/chom_chang-5753-2.pdf"}},{"type":"Feature","geometry":{"type":"Polygon","coordinates":[[[106.4959,21.50108],[106.74566,21.50127],[106.74581,21.25114],[106.49574,21.251],[106.4959,21.50108],[106.4959,21.50108],[106.4959,21.50108],[106.4959,21.50108],[106.4959,21.50108]]]},"properties":{"sheet":"6351-4","name":"Chu","year":"1965","edition":"001","kind":"pdf","url":"https://maps.lib.utexas.edu/maps/topo/vietnam/chu-6351-4.pdf"}},{"type":"Feature","geometry":{"type":"Polygon","coordinates":[[[108.24573,14.0019],[108.26749,14.00193],[108.49575,14.0019],[108.49576,13.99829],[108.49571,13.7519],[108.47648,13.75188],[108.27255,13.75175],[108.24572,13.7518],[108.24573,14.0019],[108.24573,14.0019],[108.24573,14.0019],[108.24573,14.0019]]]},"properties":{"sheet":"6636-1","name":"Chu Rpan","year":"1970","edition":"002","kind":"pdf","url":"https://maps.lib.utexas.edu/maps/topo/vietnam/chu_rpan-6636-1.pdf"}},{"type":"Feature","geometry":{"type":"Polygon","coordinates":[[[108.2457,14.50184],[108.49564,14.50179],[108.49569,14.75179],[108.24567,14.75175],[108.2457,14.50184],[108.2457,14.50184]]]},"properties":{"sheet":"6638-2","name":"Chuong Nghia","year":"1965","edition":"001","kind":"pdf","url":"https://maps.lib.utexas.edu/maps/topo/vietnam/chuong_nghia-6638-2.pdf"}},{"type":"Feature","geometry":{"type":"Polygon","coordinates":[[[107.74587,11.502],[107.77144,11.50201],[107.94427,11.50201],[107.99578,11.50198],[107.99578,11.49762],[107.99584,11.2521],[107.97596,11.25209],[107.80123,11.25198],[107.74579,11.252],[107.74587,11.502],[107.74587,11.502],[107.74587,11.502],[107.74587,11.502],[107.74587,11.502],[107.74587,11.502]]]},"properties":{"sheet":"6531-1","name":"Cirlao Da Srang","year":"1965","edition":"001","kind":"pdf","url":"https://maps.lib.utexas.edu/maps/topo/vietnam/cirlao_da_srang-6531-1.pdf"}},{"type":"Feature","geometry":{"type":"Polygon","coordinates":[[[105.24608,10.00215],[105.24608,10.01615],[105.24615,10.25213],[105.26546,10.25208],[105.40319,10.2521],[105.49608,10.25222],[105.4961,10.24462],[105.49623,10.00207],[105.24608,10.00215],[105.24608,10.00215],[105.24608,10.00215],[105.24608,10.00215]]]},"properties":{"sheet":"6029-2","name":"Co Do","year":"1965","edition":"001","kind":"pdf","url":"https://maps.lib.utexas.edu/maps/topo/vietnam/co_do-6029-2.pdf"}},{"type":"Feature","geometry":{"type":"Polygon","coordinates":[[[106.24593,17.50161],[106.26656,17.50162],[106.31352,17.5016],[106.33308,17.50158],[106.38141,17.50161],[106.44413,17.50154],[106.49585,17.50146],[106.49587,17.49892],[106.49586,17.25155],[106.47834,17.25155],[106.37824,17.25148],[106.29849,17.25147],[106.24588,17.25146],[106.24589,17.25941],[106.24593,17.50161],[106.24593,17.50161],[106.24593,17.50161],[106.24593,17.50161],[106.24593,17.50161]]]},"properties":{"sheet":"6243-1","name":"Co Trang","year":"1966","edition":"002","kind":"pdf","url":"https://maps.lib.utexas.edu/maps/topo/vietnam/co_trang-6243-1.pdf"}},{"type":"Feature","geometry":{"type":"Polygon","coordinates":[[[104.74603,19.25135],[104.76763,19.25137],[104.79618,19.25135],[104.82474,19.25139],[104.8534,19.25136],[104.87257,19.25136],[104.89134,19.25132],[104.91407,19.25133],[104.9375,19.25133],[104.95879,19.25133],[104.98653,19.25131],[104.99613,19.2513],[104.99612,19.19401],[104.99595,19.14894],[104.99596,19.0857],[104.99604,19.04955],[104.99613,19.01341],[104.9962,19.00134],[104.97582,19.00135],[104.95262,19.00132],[104.92693,19.00137],[104.90279,19.00134],[104.88113,19.00136],[104.85745,19.00132],[104.83308,19.00128],[104.80831,19.00125],[104.78643,19.00124],[104.7608,19.00124],[104.74606,19.00121],[104.74609,19.02068],[104.74615,19.08381],[104.74598,19.15963],[104.74601,19.22072],[104.74602,19.24599],[104.74603,19.25135],[104.74603,19.25135],[104.74603,19.25135]]]},"properties":{"sheet":"5947-2","name":"Con Cuong","year":"1965","edition":"001","kind":"pdf","url":"https://maps.lib.utexas.edu/maps/topo/vietnam/con_cuong-5947-2.pdf"}},{"type":"Feature","geometry":{"type":"Polygon","coordinates":[[[105.99585,20.00133],[106.01417,20.00133],[106.17368,20.00126],[106.24572,20.00127],[106.24571,19.99858],[106.2458,19.75129],[106.22865,19.75128],[105.99575,19.75124],[105.99572,19.76092],[105.99585,20.00133],[105.99585,20.00133],[105.99585,20.00133],[105.99585,20.00133],[105.99585,20.00133]]]},"properties":{"sheet":"6248-4","name":"Cua Day","year":"1966","edition":"002","kind":"pdf","url":"https://maps.lib.utexas.edu/maps/topo/vietnam/cua_day-6248-4.pdf"}},{"type":"Feature","geometry":{"type":"Polygon","coordinates":[[[104.24617,19.50134],[104.496,19.50129],[104.49608,19.25124],[104.24605,19.2513],[104.24617,19.50134],[104.24617,19.50134],[104.24617,19.50134]]]},"properties":{"sheet":"5847-1","name":"Cua Rao","year":"1971","edition":"002","kind":"pdf","url":"https://maps.lib.utexas.edu/maps/topo/vietnam/cua_rao-5847-1.pdf"}},{"type":"Feature","geometry":{"type":"Polygon","coordinates":[[[106.50224,20.50122],[106.51642,20.50127],[106.59886,20.50136],[106.70633,20.50135],[106.74574,20.50129],[106.7458,20.25123],[106.73261,20.25127],[106.60106,20.25124],[106.54713,20.25134],[106.54705,20.24368],[106.54688,20.22662],[106.54103,20.22671],[106.4957,20.22711],[106.49563,20.23714],[106.49579,20.38264],[106.4957,20.50123],[106.50224,20.50122]],[[106.50224,20.50122],[106.49573,20.5012],[106.50565,20.50122],[106.50224,20.50122]]]},"properties":{"sheet":"6349-4","name":"Cua Tra Ly","year":"1966","edition":"003","kind":"pdf","url":"https://maps.lib.utexas.edu/maps/topo/vietnam/cua_tra_ly-6349-4.pdf"}},{"type":"Feature","geometry":{"type":"Polygon","coordinates":[[[108.24568,12.00205],[108.24945,12.00204],[108.25439,12.00201],[108.26109,12.00204],[108.26497,12.00205],[108.29795,12.00204],[108.30471,12.00204],[108.36975,12.00202],[108.40927,12.00203],[108.45891,12.00201],[108.49581,12.00198],[108.49584,11.99617],[108.49579,11.85954],[108.49581,11.80451],[108.49575,11.75196],[108.48766,11.75197],[108.44079,11.75199],[108.39931,11.75191],[108.37132,11.7519],[108.3441,11.75188],[108.30773,11.75191],[108.28567,11.75191],[108.25843,11.75194],[108.24571,11.75193],[108.24568,12.00205],[108.24568,12.00205]]]},"properties":{"sheet":"6632-1","name":"Da Lat","year":"1989","edition":"002","kind":"pdf","url":"https://maps.lib.utexas.edu/maps/topo/vietnam/da_lat-6632-1.pdf"}},{"type":"Feature","geometry":{"type":"Polygon","coordinates":[[[107.99569,16.00184],[108.24562,16.00172],[108.24561,15.75182],[107.99557,15.75171],[107.99569,16.00184],[107.99569,16.00184],[107.99569,16.00184]]]},"properties":{"sheet":"6640-4","name":"Dai Loc","year":"1984","edition":"004","kind":"pdf","url":"https://maps.lib.utexas.edu/maps/topo/vietnam/dai_loc-6640-4.pdf"}},{"type":"Feature","geometry":{"type":"Polygon","coordinates":[[[108.24578,11.50198],[108.49567,11.50212],[108.49572,11.75195],[108.24568,11.75208],[108.24578,11.50198],[108.24578,11.50198]]]},"properties":{"sheet":"6632-2","name":"Dai Ninh","year":"1965","edition":"001","kind":"pdf","url":"https://maps.lib.utexas.edu/maps/topo/vietnam/dai_ninh-6632-2.pdf"}},{"type":"Feature","geometry":{"type":"Polygon","coordinates":[[[105.49596,21.75117],[105.7458,21.75122],[105.74592,21.50106],[105.4957,21.50136],[105.49596,21.75117],[105.49596,21.75117],[105.49596,21.75117]]]},"properties":{"sheet":"6152-3","name":"Dai Tu","year":"1964","edition":"001","kind":"pdf","url":"https://maps.lib.utexas.edu/maps/topo/vietnam/dai_tu-6152-3.pdf"}},{"type":"Feature","geometry":{"type":"Polygon","coordinates":[[[107.49581,14.50172],[107.7458,14.5018],[107.74569,14.75167],[107.74372,14.75166],[107.52065,14.75173],[107.49588,14.75173],[107.49581,14.50172],[107.49581,14.50172],[107.49581,14.50172],[107.49581,14.50172],[107.49581,14.50172]]]},"properties":{"sheet":"6538-3","name":"Dak Mot Lop","year":"1968","edition":"003","kind":"pdf","url":"https://maps.lib.utexas.edu/maps/topo/vietnam/dak_mot_lop-6538-3.pdf"}},{"type":"Feature","geometry":{"type":"Polygon","coordinates":[[[108.24568,15.00186],[108.49571,15.00168],[108.49575,14.75175],[108.24564,14.75174],[108.24568,15.00186],[108.24568,15.00186],[108.24568,15.00186]]]},"properties":{"sheet":"6638-1","name":"Dak Ninh Kola","year":"1965","edition":"001","kind":"pdf","url":"https://maps.lib.utexas.edu/maps/topo/vietnam/dak_ninh_6638-1.pdf"}},{"type":"Feature","geometry":{"type":"Polygon","coordinates":[[[107.49569,21.5012],[107.74559,21.50121],[107.74581,21.25113],[107.49553,21.25114],[107.49569,21.5012],[107.49569,21.5012],[107.49569,21.5012],[107.49569,21.5012],[107.49569,21.5012],[107.49569,21.5012]]]},"properties":{"sheet":"6551-4","name":"Dam Ha","year":"1965","edition":"001","kind":"pdf","url":"https://maps.lib.utexas.edu/maps/topo/vietnam/dam_ha-6551-4.pdf"}},{"type":"Feature","geometry":{"type":"Polygon","coordinates":[[[108.24575,12.2521],[108.49573,12.25192],[108.49573,12.00204],[108.24569,12.00185],[108.24575,12.2521],[108.24575,12.2521],[108.24575,12.2521],[108.24575,12.2521],[108.24575,12.2521],[108.24575,12.2521]]]},"properties":{"sheet":"6633-2","name":"Dan Kia","year":"1989","edition":"003","kind":"pdf","url":"https://maps.lib.utexas.edu/maps/topo/vietnam/dan_kia-6633-2.pdf"}},{"type":"Feature","geometry":{"type":"Polygon","coordinates":[[[107.99581,11.75211],[108.01927,11.7521],[108.20545,11.75197],[108.24574,11.75191],[108.24571,11.74865],[108.24574,11.50209],[108.22901,11.50204],[108.06383,11.5019],[107.99572,11.5018],[107.99581,11.75211],[107.99581,11.75211],[107.99581,11.75211],[107.99581,11.75211],[107.99581,11.75211]]]},"properties":{"sheet":"6632-3","name":"Di Linh","year":"1965","edition":"001","kind":"pdf","url":"https://maps.lib.utexas.edu/maps/topo/vietnam/di_linh-6632-3.pdf"}},{"type":"Feature","geometry":{"type":"Polygon","coordinates":[[[107.24584,11.50198],[107.23099,11.50199],[107.19637,11.50192],[107.15054,11.50195],[107.12283,11.50196],[107.09559,11.50196],[107.06182,11.502],[107.04016,11.502],[107.01292,11.50206],[107.00353,11.50212],[106.99572,11.50218],[106.99583,11.51185],[106.99605,11.55707],[106.99608,11.61126],[106.99607,11.6352],[106.99596,11.67462],[106.99592,11.70164],[106.99591,11.71975],[106.9959,11.73779],[106.9959,11.75201],[107.01488,11.75201],[107.04317,11.75206],[107.06994,11.75206],[107.08837,11.75208],[107.11099,11.75207],[107.12664,11.75209],[107.1525,11.75211],[107.17315,11.75216],[107.19522,11.75217],[107.22177,11.75215],[107.24063,11.75219],[107.24582,11.75216],[107.24585,11.75018],[107.24593,11.73241],[107.24591,11.68998],[107.24586,11.65042],[107.24587,11.59932],[107.24585,11.555],[107.24587,11.52828],[107.2459,11.50207],[107.24584,11.50198],[107.24584,11.50198],[107.24584,11.50198],[107.24584,11.50198],[107.24584,11.50198]]]},"properties":{"sheet":"6432-3","name":"Dia Diem Bunard","year":"1968","edition":"002","kind":"pdf","url":"https://maps.lib.utexas.edu/maps/topo/vietnam/dia_diem_bunard-6432-3.pdf"}},{"type":"Feature","geometry":{"type":"Polygon","coordinates":[[[102.99606,21.50118],[103.24622,21.50124],[103.24628,21.251],[102.99594,21.251],[102.99606,21.50118],[102.99606,21.50118],[102.99606,21.50118]]]},"properties":{"sheet":"5651-4","name":"Dien Bien Phu","year":"1966","edition":"003","kind":"pdf","url":"https://maps.lib.utexas.edu/maps/topo/vietnam/dien_bien_phu-5651-4.pdf"}},{"type":"Feature","geometry":{"type":"Polygon","coordinates":[[[107.24581,21.50115],[107.24585,21.51087],[107.24557,21.65122],[107.24532,21.75138],[107.23347,21.75143],[107.02658,21.75126],[106.99523,21.75122],[106.99529,21.7463],[106.99568,21.50107],[107.24581,21.50115]]]},"properties":{"sheet":"6452-3","name":"Dinh Lap","year":"1964","edition":"001","kind":"pdf","url":"https://maps.lib.utexas.edu/maps/topo/vietnam/dinh_lap-6452-3.pdf"}},{"type":"Feature","geometry":{"type":"Polygon","coordinates":[[[107.24578,11.25203],[107.27006,11.25206],[107.41967,11.25211],[107.49595,11.25195],[107.49598,11.24955],[107.49578,11.00209],[107.47331,11.0021],[107.24595,11.00198],[107.24578,11.25203],[107.24578,11.25203],[107.24578,11.25203],[107.24578,11.25203],[107.24578,11.25203]]]},"properties":{"sheet":"6431-2","name":"Dinh Quan","year":"1965","edition":"001","kind":"pdf","url":"https://maps.lib.utexas.edu/maps/topo/vietnam/dinh_quan-6431-2.pdf"}},{"type":"Feature","geometry":{"type":"Polygon","coordinates":[[[105.24601,21.7511],[105.24603,21.66443],[105.24593,21.61336],[105.24595,21.56066],[105.24601,21.50111],[105.22771,21.50114],[105.07929,21.5011],[104.99589,21.50099],[104.99585,21.57972],[104.99582,21.64308],[104.99586,21.68832],[104.99586,21.7244],[104.99593,21.75122],[105.0056,21.75119],[105.02701,21.75113],[105.05172,21.75118],[105.05651,21.75116],[105.08759,21.75112],[105.18535,21.75127],[105.20227,21.7512],[105.22577,21.75117],[105.23952,21.75122],[105.24593,21.75112],[105.24597,21.75112],[105.24601,21.7511],[105.24601,21.7511],[105.24601,21.7511]]]},"properties":{"sheet":"6052-3","name":"Doan Hung","year":"1966","edition":"002","kind":"pdf","url":"https://maps.lib.utexas.edu/maps/topo/vietnam/doan_hung-6052-3.pdf"}},{"type":"Feature","geometry":{"type":"Polygon","coordinates":[[[108.49561,12.00206],[108.49564,12.00041],[108.49567,12.00001],[108.49561,11.92045],[108.49568,11.85718],[108.49558,11.79391],[108.49562,11.75308],[108.49555,11.75189],[108.49585,11.75174],[108.49773,11.75185],[108.64259,11.75193],[108.74359,11.75194],[108.74575,11.75181],[108.74583,11.75229],[108.74589,11.75359],[108.74577,11.75367],[108.74597,11.7866],[108.74601,11.8031],[108.74578,11.80325],[108.74576,11.80427],[108.74596,11.80429],[108.74596,11.80462],[108.74594,11.80469],[108.74579,11.80469],[108.74577,11.81657],[108.74599,11.81671],[108.74594,11.91359],[108.74601,11.98329],[108.746,12.00216],[108.74441,12.00216],[108.7443,12.00205],[108.68019,12.00209],[108.55005,12.00209],[108.49564,12.0021],[108.49561,12.00206],[108.49561,12.00206]]]},"properties":{"sheet":"6732-4","name":"Don Duong","year":"1989","edition":"002","kind":"pdf","url":"https://maps.lib.utexas.edu/maps/topo/vietnam/don_duong-6732-4.pdf"}},{"type":"Feature","geometry":{"type":"Polygon","coordinates":[[[108.99546,13.25208],[109.24559,13.25198],[109.24572,13.00209],[108.99552,13.00187],[108.99546,13.25208],[108.99546,13.25208],[108.99546,13.25208],[108.99546,13.25208]]]},"properties":{"sheet":"6835-3","name":"Dong Cam","year":"1971","edition":"002","kind":"pdf","url":"https://maps.lib.utexas.edu/maps/topo/vietnam/dong_cam-6835-3.pdf"}},{"type":"Feature","geometry":{"type":"Polygon","coordinates":[[[106.49553,21.75129],[106.7458,21.75132],[106.74551,22.00122],[106.4958,22.00125],[106.49553,21.75129],[106.49553,21.75129],[106.49553,21.75129],[106.49553,21.75129],[106.49553,21.75129]]]},"properties":{"sheet":"6352-4","name":"Dong Dang","year":"1964","edition":"001","kind":"pdf","url":"https://maps.lib.utexas.edu/maps/topo/vietnam/dong_dang-6352-4.pdf"}},{"type":"Feature","geometry":{"type":"Polygon","coordinates":[[[104.99612,9.502],[105.01517,9.50199],[105.10333,9.50201],[105.17434,9.50213],[105.22004,9.50213],[105.24611,9.50214],[105.24606,9.54889],[105.24613,9.69512],[105.24618,9.75202],[105.22905,9.75205],[105.01553,9.75209],[104.99613,9.75208],[104.99612,9.502],[104.99612,9.502],[104.99612,9.502],[104.99612,9.502]]]},"properties":{"sheet":"6028-3","name":"Dong Hoa","year":"1989","edition":"002","kind":"pdf","url":"https://maps.lib.utexas.edu/maps/topo/vietnam/dong_hoa-6028-3.pdf"}},{"type":"Feature","geometry":{"type":"Polygon","coordinates":[[[106.49582,17.25154],[106.7459,17.25156],[106.74581,17.5015],[106.49589,17.50151],[106.49582,17.25154],[106.49582,17.25154]]]},"properties":{"sheet":"6343-4","name":"Dong Hoi","year":"1968","edition":"003","kind":"pdf","url":"https://maps.lib.utexas.edu/maps/topo/vietnam/dong_hoi-6343-4.pdf"}},{"type":"Feature","geometry":{"type":"Polygon","coordinates":[[[104.74611,9.75228],[104.99627,9.75218],[104.99627,9.50212],[104.74613,9.50206],[104.74611,9.75228],[104.74611,9.75228],[104.74611,9.75228]]]},"properties":{"sheet":"5928-2","name":"Dong Hung","year":"1965","edition":"001","kind":"pdf","url":"https://maps.lib.utexas.edu/maps/topo/vietnam/dong_hung-5928-2.pdf"}},{"type":"Feature","geometry":{"type":"Polygon","coordinates":[[[106.74566,21.50111],[106.99576,21.50126],[106.99563,21.75109],[106.74581,21.75121],[106.74566,21.50111],[106.74566,21.50111]]]},"properties":{"sheet":"6352-2","name":"Dong Quan","year":"1964","edition":"001","kind":"pdf","url":"https://maps.lib.utexas.edu/maps/topo/vietnam/dong_quan-6352-2.pdf"}},{"type":"Feature","geometry":{"type":"Polygon","coordinates":[[[106.99572,11.75207],[107.0113,11.75202],[107.05955,11.75192],[107.16142,11.75192],[107.23077,11.75189],[107.24589,11.75189],[107.2459,11.76205],[107.24588,11.92911],[107.24585,12.00204],[107.22614,12.00208],[107.04554,12.00189],[106.99578,12.00184],[106.99584,11.99918],[106.99588,11.92719],[106.99591,11.80044],[106.99563,11.75195],[106.99572,11.75207],[106.99572,11.75207],[106.99572,11.75207],[106.99572,11.75207],[106.99572,11.75207]]]},"properties":{"sheet":"6432-4","name":"Dong Sre Viet","year":"1969","edition":"002","kind":"pdf","url":"https://maps.lib.utexas.edu/maps/topo/vietnam/dong_sre_viet-6432-4.pdf"}},{"type":"Feature","geometry":{"type":"Polygon","coordinates":[[[105.49606,19.50122],[105.48934,19.50121],[105.42558,19.50124],[105.40275,19.50127],[105.37327,19.50127],[105.34422,19.50125],[105.32286,19.50123],[105.29784,19.50123],[105.2804,19.50121],[105.25957,19.5012],[105.2458,19.50123],[105.24582,19.50651],[105.24591,19.5621],[105.24595,19.62533],[105.24591,19.64027],[105.24593,19.6483],[105.24598,19.70486],[105.24599,19.75126],[105.25542,19.75126],[105.33533,19.75121],[105.37011,19.75121],[105.3922,19.75124],[105.42566,19.75123],[105.44004,19.75125],[105.45782,19.75126],[105.46573,19.75129],[105.4828,19.75127],[105.49377,19.75127],[105.49588,19.75129],[105.49595,19.73094],[105.49593,19.67137],[105.49599,19.62035],[105.49602,19.56687],[105.49605,19.50734],[105.49606,19.50122]]]},"properties":{"sheet":"6048-2","name":"Dong Tau","year":"1966","edition":"002","kind":"pdf","url":"https://maps.lib.utexas.edu/maps/topo/vietnam/dong_tau-6048-2.pdf"}},{"type":"Feature","geometry":{"type":"MultiPolygon","coordinates":[[[[104.7462,10.00226],[104.77721,10.00224],[104.8228,10.00225],[104.90489,10.00221],[104.99624,10.00215],[104.99623,9.9901],[104.99615,9.93585],[104.99611,9.88162],[104.99623,9.80016],[104.99623,9.75205],[104.95206,9.75208],[104.85954,9.7521],[104.74586,9.75212],[104.7459,9.7542],[104.74603,9.75441],[104.74614,9.80009],[104.74612,9.86345],[104.74615,9.93583],[104.7462,10.00226]]],[[[104.7462,10.00226],[104.74618,10.00226],[104.7462,10.00226],[104.7462,10.00226]]]]},"properties":{"sheet":"5928-1","name":"Dong Thai","year":"1965","edition":"001","kind":"pdf","url":"https://maps.lib.utexas.edu/maps/topo/vietnam/dong_thai-5928-1.pdf"}},{"type":"Feature","geometry":{"type":"Polygon","coordinates":[[[106.49571,21.00124],[106.74572,21.00124],[106.74573,21.2512],[106.49573,21.2512],[106.49571,21.00124],[106.49571,21.00124]]]},"properties":{"sheet":"6351-3","name":"Dong Trieu","year":"1984","edition":"002","kind":"pdf","url":"https://maps.lib.utexas.edu/maps/topo/vietnam/dong_trieu-6351-3.pdf"}},{"type":"Feature","geometry":{"type":"Polygon","coordinates":[[[106.74585,11.75205],[106.99602,11.752],[106.99604,11.50201],[106.74574,11.5019],[106.74585,11.75205],[106.74585,11.75205],[106.74585,11.75205],[106.74585,11.75205],[106.74585,11.75205]]]},"properties":{"sheet":"6332-2","name":"Dong Xoai","year":"1968","edition":"002","kind":"pdf","url":"https://maps.lib.utexas.edu/maps/topo/vietnam/dong_xoai-6332-2.pdf"}},{"type":"Feature","geometry":{"type":"Polygon","coordinates":[[[106.24602,11.00202],[106.49597,11.00207],[106.49604,10.75198],[106.24585,10.75196],[106.24602,11.00202],[106.24602,11.00202],[106.24602,11.00202],[106.24602,11.00202],[106.24602,11.00202],[106.24602,11.00202]]]},"properties":{"sheet":"6230-1","name":"Duc Hoa","year":"1969","edition":"002","kind":"pdf","url":"https://maps.lib.utexas.edu/maps/topo/vietnam/duc_hoa-6230-1.pdf"}},{"type":"Feature","geometry":{"type":"Polygon","coordinates":[[[105.49611,10.0021],[105.49617,9.75218],[105.24621,9.75207],[105.24617,10.00213],[105.49611,10.0021],[105.49611,10.0021],[105.49611,10.0021]]]},"properties":{"sheet":"6028-1","name":"Duc Long","year":"1965","edition":"001","kind":"pdf","url":"https://maps.lib.utexas.edu/maps/topo/vietnam/duc_long-6028-1.pdf"}},{"type":"Feature","geometry":{"type":"Polygon","coordinates":[[[107.49558,12.25167],[107.49536,12.5024],[107.74635,12.50245],[107.74628,12.25163],[107.74628,12.25163],[107.49558,12.25167]]]},"properties":{"sheet":"6533-4","name":"Duc Minh","year":"Jan ","edition":"1","kind":"pdf","url":"https://maps.lib.utexas.edu/maps/topo/vietnam/duc_minh-6533-4.pdf"}},{"type":"Feature","geometry":{"type":"Polygon","coordinates":[[[107.24571,12.00201],[107.49584,12.00206],[107.49585,11.75201],[107.24574,11.75207],[107.24571,12.00201],[107.24571,12.00201],[107.24571,12.00201]]]},"properties":{"sheet":"6432-1","name":"Duc Phong","year":"1965","edition":"001","kind":"pdf","url":"https://maps.lib.utexas.edu/maps/topo/vietnam/duc_phong-6432-1.pdf"}},{"type":"Feature","geometry":{"type":"Polygon","coordinates":[[[107.74577,12.50198],[107.99578,12.50193],[107.99577,12.25209],[107.74572,12.252],[107.74577,12.50198],[107.74577,12.50198],[107.74577,12.50198]]]},"properties":{"sheet":"6533-1","name":"Duc Xuyen","year":"1969","edition":"002","kind":"pdf","url":"https://maps.lib.utexas.edu/maps/topo/vietnam/duc_xuyen-6533-1.pdf"}},{"type":"Feature","geometry":{"type":"Polygon","coordinates":[[[104.99617,8.50225],[104.99618,8.51387],[104.99622,8.75223],[105.02035,8.75226],[105.20866,8.75228],[105.24617,8.75222],[105.2462,8.74902],[105.24625,8.50222],[105.22556,8.5022],[105.03705,8.50224],[104.99617,8.50222],[104.99617,8.50225],[104.99617,8.50225],[104.99617,8.50225],[104.99617,8.50225],[104.99617,8.50225]]]},"properties":{"sheet":"6026-3","name":"Duong Keo","year":"1965","edition":"001","kind":"pdf","url":"https://maps.lib.utexas.edu/maps/topo/vietnam/duong_keo-6026-3.pdf"}},{"type":"Feature","geometry":{"type":"Polygon","coordinates":[[[108.74564,12.25202],[108.7702,12.25203],[108.83141,12.25204],[108.92354,12.25202],[108.96886,12.25202],[108.99561,12.25198],[108.99565,12.24158],[108.99571,12.14521],[108.99576,12.00186],[108.97524,12.00187],[108.87623,12.00188],[108.80827,12.00183],[108.74552,12.00182],[108.74564,12.25202],[108.74564,12.25202],[108.74564,12.25202]]]},"properties":{"sheet":"6733-2","name":"E Lam Thuong","year":"1989","edition":"002","kind":"pdf","url":"https://maps.lib.utexas.edu/maps/topo/vietnam/e_lam_thuong_6733-2.pdf"}},{"type":"Feature","geometry":{"type":"Polygon","coordinates":[[[106.2456,22.25098],[106.24574,22.001],[106.4957,22.00094],[106.49583,22.25115],[106.2456,22.251],[106.2456,22.25098],[106.2456,22.25098],[106.2456,22.25098],[106.2456,22.25098],[106.2456,22.25098]]]},"properties":{"sheet":"6253-2","name":"Fac Ta","year":"1964","edition":"001","kind":"pdf","url":"https://maps.lib.utexas.edu/maps/topo/vietnam/fac_ta-6253-2.pdf"}},{"type":"Feature","geometry":{"type":"Polygon","coordinates":[[[107.99576,15.00179],[107.74565,15.00188],[107.74575,15.25173],[107.99579,15.25171],[107.99576,15.00179],[107.99576,15.00179],[107.99576,15.00179]]]},"properties":{"sheet":"6539-2","name":"G Rieng","year":"1965","edition":"001","kind":"pdf","url":"https://maps.lib.utexas.edu/maps/topo/vietnam/g_rieng-6539-2.pdf"}},{"type":"Feature","geometry":{"type":"Polygon","coordinates":[[[108.24565,15.00177],[108.49569,15.00185],[108.49558,15.25171],[108.24571,15.25182],[108.24565,15.00177],[108.24565,15.00177]]]},"properties":{"sheet":"6639-2","name":"Gi Lang","year":"1965","edition":"001","kind":"pdf","url":"https://maps.lib.utexas.edu/maps/topo/vietnam/gi_lang-6639-2.pdf"}},{"type":"Feature","geometry":{"type":"Polygon","coordinates":[[[107.49573,11.75204],[107.74581,11.752],[107.74571,12.00196],[107.49584,12.00193],[107.49573,11.75204],[107.49573,11.75204]]]},"properties":{"sheet":"6532-4","name":"Gia Nghia","year":"1965","edition":"001","kind":"pdf","url":"https://maps.lib.utexas.edu/maps/topo/vietnam/gia_nghia-6532-4.pdf"}},{"type":"Feature","geometry":{"type":"Polygon","coordinates":[[[105.49614,9.25224],[105.49623,9.00214],[105.24594,9.00209],[105.24614,9.2522],[105.49614,9.25224],[105.49614,9.25224],[105.49614,9.25224],[105.49614,9.25224],[105.49614,9.25224]]]},"properties":{"sheet":"6027-2","name":"Gia Rai","year":"1965","edition":"001","kind":"pdf","url":"https://maps.lib.utexas.edu/maps/topo/vietnam/gia_rai-6027-2.pdf"}},{"type":"Feature","geometry":{"type":"Polygon","coordinates":[[[108.49566,14.75175],[108.51764,14.75175],[108.74566,14.75167],[108.74566,14.74916],[108.74566,14.50176],[108.72419,14.50172],[108.49567,14.50173],[108.49566,14.75175],[108.49566,14.75175],[108.49566,14.75175],[108.49566,14.75175],[108.49566,14.75175]]]},"properties":{"sheet":"6738-3","name":"Gia Vuc","year":"1965","edition":"001","kind":"pdf","url":"https://maps.lib.utexas.edu/maps/topo/vietnam/gia_vuc-6738-3.pdf"}},{"type":"Feature","geometry":{"type":"Polygon","coordinates":[[[102.24634,22.501],[102.26474,22.501],[102.28418,22.50104],[102.31073,22.50102],[102.32048,22.50098],[102.33991,22.50097],[102.3496,22.50099],[102.35942,22.501],[102.36913,22.50098],[102.40305,22.50099],[102.43707,22.50102],[102.46629,22.50104],[102.48573,22.50093],[102.49629,22.50096],[102.49629,22.50031],[102.49631,22.49691],[102.49634,22.49016],[102.49627,22.46313],[102.4963,22.43609],[102.49629,22.40062],[102.49636,22.38364],[102.49625,22.37298],[102.49632,22.3279],[102.49627,22.29182],[102.49623,22.26467],[102.49628,22.251],[102.47938,22.25099],[102.45024,22.25101],[102.4211,22.25102],[102.39203,22.25103],[102.36293,22.25097],[102.33392,22.251],[102.29499,22.251],[102.29499,22.251],[102.26595,22.25099],[102.24636,22.25092],[102.24626,22.26113],[102.24627,22.3063],[102.24628,22.35138],[102.24626,22.40368],[102.24621,22.44446],[102.24634,22.501],[102.24634,22.501],[102.24634,22.501],[102.24634,22.501]]]},"properties":{"sheet":"5453-1","name":"Giang Mung Pho","year":"1965","edition":"001","kind":"pdf","url":"https://maps.lib.utexas.edu/maps/topo/vietnam/giang_mung_pho-5453-1.pdf"}},{"type":"Feature","geometry":{"type":"Polygon","coordinates":[[[105.74579,9.25207],[105.76328,9.25216],[105.81428,9.25226],[105.83786,9.25234],[105.86206,9.25235],[105.91727,9.25238],[105.9403,9.2524],[105.96897,9.25238],[105.98331,9.25234],[105.99623,9.2523],[105.99618,9.19782],[105.99596,9.00202],[105.87801,9.00209],[105.84232,9.00208],[105.77852,9.00214],[105.74607,9.00213],[105.74608,9.01436],[105.74609,9.0645],[105.74579,9.25207],[105.74579,9.25207],[105.74579,9.25207],[105.74579,9.25207]]]},"properties":{"sheet":"6127-2","name":"Giong Giua","year":"1965","edition":"001","kind":"pdf","url":"https://maps.lib.utexas.edu/maps/topo/vietnam/giong_giua-6127-2.pdf"}},{"type":"Feature","geometry":{"type":"Polygon","coordinates":[[[107.74545,21.50116],[107.74545,21.49446],[107.74555,21.2512],[107.7617,21.25116],[107.96167,21.25119],[107.99557,21.25122],[107.99556,21.26128],[107.99556,21.50119],[107.97682,21.50118],[107.81025,21.50124],[107.74545,21.50122],[107.74545,21.50116],[107.74545,21.50116]]]},"properties":{"sheet":"6551-1","name":"Ha Coi","year":"1989","edition":"002","kind":"pdf","url":"https://maps.lib.utexas.edu/maps/topo/vietnam/ha_coi-6551-1.pdf"}},{"type":"Feature","geometry":{"type":"Polygon","coordinates":[[[105.74584,21.00119],[105.78403,21.00118],[105.85441,21.00115],[105.91035,21.00115],[105.96729,21.00122],[105.99581,21.0012],[105.99587,20.93537],[105.9959,20.84],[105.99588,20.75117],[105.95314,20.75117],[105.90099,20.75116],[105.84353,20.75111],[105.79504,20.75112],[105.76828,20.75114],[105.74574,20.75118],[105.74586,20.79235],[105.7459,20.80559],[105.74592,20.8117],[105.7459,20.83852],[105.74584,21.00119],[105.74584,21.00119],[105.74584,21.00119]]]},"properties":{"sheet":"6150-1","name":"Ha Dong","year":"1983","edition":"003","kind":"pdf","url":"https://maps.lib.utexas.edu/maps/topo/vietnam/ha_dong-6150-1.pdf"}},{"type":"Feature","geometry":{"type":"Polygon","coordinates":[[[104.74595,22.751],[104.99594,22.75097],[104.99577,23.00089],[104.74594,23.00095],[104.74595,22.751],[104.74595,22.751]]]},"properties":{"sheet":"5954-1","name":"Ha Giang","year":"1966","edition":"002","kind":"pdf","url":"https://maps.lib.utexas.edu/maps/topo/vietnam/ha_giang-5954-1.pdf"}},{"type":"Feature","geometry":{"type":"Polygon","coordinates":[[[105.74578,21.25117],[105.99593,21.25117],[105.99594,21.00116],[105.7458,21.0011],[105.74578,21.25117],[105.74578,21.25117],[105.74578,21.25117],[105.74578,21.25117],[105.74578,21.25117],[105.74578,21.25117]]]},"properties":{"sheet":"6151-2","name":"Ha Noi","year":"1984","edition":"003","kind":"pdf","url":"https://maps.lib.utexas.edu/maps/topo/vietnam/ha_noi-6151-2.pdf"}},{"type":"Feature","geometry":{"type":"Polygon","coordinates":[[[105.74567,18.25132],[105.74569,18.26088],[105.74564,18.2676],[105.74564,18.26952],[105.7456,18.2831],[105.74543,18.32236],[105.74554,18.35673],[105.74556,18.38386],[105.74582,18.38611],[105.74579,18.49491],[105.74579,18.50165],[105.74828,18.50166],[105.74884,18.50154],[105.76331,18.50153],[105.77282,18.50152],[105.79172,18.50152],[105.8297,18.50149],[105.84869,18.50149],[105.85799,18.50151],[105.877,18.50147],[105.89599,18.50142],[105.93403,18.50143],[105.94353,18.50141],[105.95301,18.50141],[105.96244,18.50138],[105.96821,18.50141],[105.98138,18.50138],[105.99593,18.50139],[105.99594,18.49865],[105.9959,18.49566],[105.99595,18.49022],[105.99595,18.4883],[105.99596,18.48661],[105.99593,18.47761],[105.99592,18.46852],[105.99594,18.45952],[105.99591,18.45048],[105.99596,18.43239],[105.99595,18.39627],[105.99591,18.38725],[105.99594,18.3782],[105.99598,18.36916],[105.99595,18.36011],[105.9959,18.35103],[105.99589,18.34205],[105.99586,18.26071],[105.99577,18.25112],[105.98521,18.25123],[105.98254,18.25139],[105.97507,18.25143],[105.84653,18.25138],[105.76537,18.25137],[105.76146,18.25138],[105.74571,18.25132],[105.74569,18.25134],[105.74567,18.25132],[105.74567,18.25132],[105.74567,18.25132]]]},"properties":{"sheet":"6145-1","name":"Ha Tinh","year":"1966","edition":"002","kind":"pdf","url":"https://maps.lib.utexas.edu/maps/topo/vietnam/ha_tinh-6145-1.pdf"}},{"type":"Feature","geometry":{"type":"Polygon","coordinates":[[[106.24583,21.00124],[106.27107,21.00125],[106.39774,21.00117],[106.46461,21.00127],[106.49579,21.00127],[106.49582,20.99735],[106.49584,20.75122],[106.48142,20.7512],[106.26541,20.75118],[106.24579,20.7512],[106.24571,20.76554],[106.24583,21.00124],[106.24583,21.00124],[106.24583,21.00124],[106.24583,21.00124]]]},"properties":{"sheet":"6250-1","name":"Hai Duong","year":"1984","edition":"003","kind":"pdf","url":"https://maps.lib.utexas.edu/maps/topo/vietnam/hai_duong-6250-1.pdf"}},{"type":"Feature","geometry":{"type":"Polygon","coordinates":[[[107.24581,16.75161],[107.2663,16.75163],[107.49573,16.75169],[107.49577,16.74387],[107.49583,16.50158],[107.47679,16.50158],[107.24571,16.50155],[107.24581,16.75161],[107.24581,16.75161],[107.24581,16.75161],[107.24581,16.75161],[107.24581,16.75161]]]},"properties":{"sheet":"6442-2","name":"Hai Lang","year":"1968","edition":"002","kind":"pdf","url":"https://maps.lib.utexas.edu/maps/topo/vietnam/hai_lang-6442-2.pdf"}},{"type":"Feature","geometry":{"type":"Polygon","coordinates":[[[108.24572,11.00212],[108.49577,11.00212],[108.4958,10.75213],[108.24558,10.75208],[108.24572,11.00212],[108.24572,11.00212],[108.24572,11.00212],[108.24572,11.00212],[108.24572,11.00212],[108.24572,11.00212]]]},"properties":{"sheet":"6630-1","name":"Hai Long","year":"1965","edition":"001","kind":"pdf","url":"https://maps.lib.utexas.edu/maps/topo/vietnam/hai_long-6630-1.pdf"}},{"type":"Feature","geometry":{"type":"Polygon","coordinates":[[[108.4958,11.50199],[108.74571,11.50196],[108.7458,11.25206],[108.49576,11.25201],[108.4958,11.50199],[108.4958,11.50199],[108.4958,11.50199],[108.4958,11.50199],[108.4958,11.50199]]]},"properties":{"sheet":"6731-4","name":"Hai Ninh","year":"1984","edition":"002","kind":"pdf","url":"https://maps.lib.utexas.edu/maps/topo/vietnam/hai_ninh-6731-4.pdf"}},{"type":"Feature","geometry":{"type":"Polygon","coordinates":[[[107.74582,10.50217],[107.99577,10.50218],[107.99578,10.75213],[107.74581,10.75217],[107.74582,10.50217],[107.74582,10.50217]]]},"properties":{"sheet":"6530-2","name":"Ham Tan","year":"1983","edition":"003","kind":"pdf","url":"https://maps.lib.utexas.edu/maps/topo/vietnam/ham_tan-6530-2.pdf"}},{"type":"Feature","geometry":{"type":"Polygon","coordinates":[[[107.99571,11.25204],[108.24576,11.25192],[108.24561,11.00214],[107.99574,11.00199],[107.99571,11.25204],[107.99571,11.25204],[107.99571,11.25204],[107.99571,11.25204],[107.99571,11.25204]]]},"properties":{"sheet":"6631-3","name":"Ham Thuan Bac","year":"1989","edition":"002","kind":"pdf","url":"https://maps.lib.utexas.edu/maps/topo/vietnam/ham_thuan_bac-6631-3.pdf"}},{"type":"Feature","geometry":{"type":"Polygon","coordinates":[[[104.99598,22.25111],[105.24602,22.25117],[105.24614,22.00107],[104.9958,22.00099],[104.99598,22.25111],[104.99598,22.25111],[104.99598,22.25111],[104.99598,22.25111],[104.99598,22.25111]]]},"properties":{"sheet":"6053-3","name":"Ham Yen","year":"1964","edition":"001","kind":"pdf","url":"https://maps.lib.utexas.edu/maps/topo/vietnam/ham_yen-6053-3.pdf"}},{"type":"Feature","geometry":{"type":"Polygon","coordinates":[[[107.99572,15.50176],[108.01717,15.50182],[108.19953,15.50179],[108.24559,15.50176],[108.24565,15.49894],[108.2457,15.25172],[108.22868,15.25168],[108.01641,15.25173],[107.99563,15.25177],[107.99572,15.50176],[107.99572,15.50176],[107.99572,15.50176],[107.99572,15.50176]]]},"properties":{"sheet":"6639-4","name":"Hau Duc","year":"1970","edition":"002","kind":"pdf","url":"https://maps.lib.utexas.edu/maps/topo/vietnam/hau_duc-6639-4.pdf"}},{"type":"Feature","geometry":{"type":"Polygon","coordinates":[[[107.99569,15.50174],[108.24574,15.5017],[108.24565,15.75168],[107.99575,15.75163],[107.99569,15.50174],[107.99569,15.50174],[107.99569,15.50174]]]},"properties":{"sheet":"6640-3","name":"Hiep Duc","year":"1965","edition":"001","kind":"pdf","url":"https://maps.lib.utexas.edu/maps/topo/vietnam/hiep_duc-6640-3.pdf"}},{"type":"Feature","geometry":{"type":"Polygon","coordinates":[[[106.24607,11.25208],[106.27031,11.25206],[106.38274,11.25205],[106.47559,11.25207],[106.49593,11.25206],[106.49595,11.24607],[106.49594,11.07059],[106.49601,11.00211],[106.47869,11.00203],[106.29753,11.00203],[106.24594,11.00205],[106.24607,11.25208],[106.24607,11.25208],[106.24607,11.25208],[106.24607,11.25208],[106.24607,11.25208]]]},"properties":{"sheet":"6231-2","name":"Hieu Thien","year":"1968","edition":"002","kind":"pdf","url":"https://maps.lib.utexas.edu/maps/topo/vietnam/hieu_thien-6231-2.pdf"}},{"type":"Feature","geometry":{"type":"Polygon","coordinates":[[[105.24585,20.75123],[105.49607,20.75126],[105.49583,21.0012],[105.24602,21.00125],[105.24585,20.75123],[105.24585,20.75123],[105.24585,20.75123],[105.24585,20.75123],[105.24585,20.75123]]]},"properties":{"sheet":"6050-1","name":"Hoa Binh","year":"1966","edition":"003","kind":"pdf","url":"https://maps.lib.utexas.edu/maps/topo/vietnam/hoa_binh-6050-1.pdf"}},{"type":"Feature","geometry":{"type":"Polygon","coordinates":[[[108.74558,14.25179],[108.99557,14.2519],[108.99555,14.50176],[108.74557,14.50186],[108.74558,14.25179],[108.74558,14.25179]]]},"properties":{"sheet":"6737-1","name":"Hoai An","year":"1984","edition":"002","kind":"pdf","url":"https://maps.lib.utexas.edu/maps/topo/vietnam/hoai_an-6737-1.pdf"}},{"type":"Feature","geometry":{"type":"Polygon","coordinates":[[[104.4958,22.50109],[104.74602,22.50096],[104.74579,22.7511],[104.496,22.75099],[104.4958,22.50109],[104.4958,22.50109],[104.4958,22.50109]]]},"properties":{"sheet":"5954-3","name":"Hoang Su Phi","year":"1964","edition":"001","kind":"pdf","url":"https://maps.lib.utexas.edu/maps/topo/vietnam/hoang_su_phi-5954-3.pdf"}},{"type":"Feature","geometry":{"type":"Polygon","coordinates":[[[105.246,21.2513],[105.49582,21.25123],[105.49597,21.00139],[105.2458,21.00114],[105.2458,21.00177],[105.246,21.2513],[105.246,21.2513],[105.246,21.2513]]]},"properties":{"sheet":"6051-2","name":"Hoang Xa","year":"1965","edition":"001","kind":"pdf","url":"https://maps.lib.utexas.edu/maps/topo/vietnam/hoang_xa-6051-2.pdf"}},{"type":"Feature","geometry":{"type":"Polygon","coordinates":[[[108.24563,16.00176],[108.24559,15.89793],[108.24555,15.76914],[108.24556,15.75151],[108.36438,15.75165],[108.49585,15.75153],[108.49581,15.91608],[108.49582,16.00171],[108.25661,16.00166],[108.24563,16.00173],[108.24563,16.00176]]]},"properties":{"sheet":"6640-1","name":"Hoi An","year":"1984","edition":"003","kind":"pdf","url":"https://maps.lib.utexas.edu/maps/topo/vietnam/hoi_an-6640-1.pdf"}},{"type":"Feature","geometry":{"type":"Polygon","coordinates":[[[104.996,20.25116],[105.24592,20.25131],[105.24593,20.5012],[104.99593,20.50136],[104.996,20.25116],[104.996,20.25116],[104.996,20.25116]]]},"properties":{"sheet":"6049-4","name":"Hoi Xuan","year":"1965","edition":"001","kind":"pdf","url":"https://maps.lib.utexas.edu/maps/topo/vietnam/hoi_xuan-6049-4.pdf"}},{"type":"Feature","geometry":{"type":"Polygon","coordinates":[[[104.74619,10.2522],[104.74627,10.00205],[104.49605,10.00208],[104.49614,10.0963],[104.49626,10.09632],[104.49624,10.0964],[104.49134,10.09642],[104.49132,10.10193],[104.49131,10.11189],[104.49122,10.1221],[104.49124,10.13863],[104.49113,10.14973],[104.49605,10.14969],[104.49616,10.2522],[104.74619,10.2522],[104.74619,10.2522],[104.74619,10.2522],[104.74619,10.2522],[104.74619,10.2522],[104.74619,10.2522],[104.74619,10.2522]]]},"properties":{"sheet":"5929-3","name":"Hon Chong","year":"1965","edition":"001","kind":"pdf","url":"https://maps.lib.utexas.edu/maps/topo/vietnam/hon_chong-5929-3.pdf"}},{"type":"Feature","geometry":{"type":"Polygon","coordinates":[[[106.99564,20.75122],[107.24565,20.75131],[107.24563,21.00119],[106.99566,21.00126],[106.99564,20.75122],[106.99564,20.75122],[106.99564,20.75122]]]},"properties":{"sheet":"6450-4","name":"Hong Gai","year":"1983","edition":"002","kind":"pdf","url":"https://maps.lib.utexas.edu/maps/topo/vietnam/hong_gai-6450-4.pdf"}},{"type":"Feature","geometry":{"type":"Polygon","coordinates":[[[105.7456,17.50121],[105.74587,17.75178],[105.99632,17.75182],[105.99626,17.50106],[105.99626,17.50106],[105.7456,17.50121]]]},"properties":{"sheet":"6144-2","name":"Hung Trung","year":"Jan ","edition":"5","kind":"pdf","url":"https://maps.lib.utexas.edu/maps/topo/vietnam/hung_trung-6144-2.pdf"}},{"type":"Feature","geometry":{"type":"Polygon","coordinates":[[[106.24587,20.75125],[106.24587,20.74624],[106.24578,20.65026],[106.24585,20.54963],[106.2458,20.50355],[106.24578,20.50118],[106.22454,20.50122],[105.99586,20.50126],[105.99575,20.5103],[105.99577,20.75117],[106.24587,20.75125]]]},"properties":{"sheet":"6250-3","name":"Hung Yen","year":"1966","edition":"002","kind":"pdf","url":"https://maps.lib.utexas.edu/maps/topo/vietnam/hung_yen-6250-3.pdf"}},{"type":"Feature","geometry":{"type":"Polygon","coordinates":[[[106.49578,16.75161],[106.51649,16.75163],[106.66482,16.75158],[106.74594,16.75159],[106.74594,16.74632],[106.74583,16.5016],[106.72564,16.50154],[106.66689,16.50166],[106.49593,16.50159],[106.49578,16.75161],[106.49578,16.75161],[106.49578,16.75161],[106.49578,16.75161],[106.49578,16.75161]]]},"properties":{"sheet":"6342-3","name":"Huong Hoa","year":"1971","edition":"006","kind":"pdf","url":"https://maps.lib.utexas.edu/maps/topo/vietnam/huong_hoa-6342-3.pdf"}},{"type":"Feature","geometry":{"type":"Polygon","coordinates":[[[105.4958,18.25147],[105.74605,18.25159],[105.74592,18.00142],[105.49598,18.00149],[105.4958,18.25147],[105.4958,18.25147],[105.4958,18.25147]]]},"properties":{"sheet":"6145-3","name":"Huong Khe","year":"1966","edition":"002","kind":"pdf","url":"https://maps.lib.utexas.edu/maps/topo/vietnam/huong_khe-6145-3.pdf"}},{"type":"Feature","geometry":{"type":"Polygon","coordinates":[[[107.25432,21.00129],[107.26417,21.0013],[107.4291,21.00118],[107.49558,21.00124],[107.49567,20.99684],[107.49564,20.75128],[107.4801,20.75134],[107.40221,20.75134],[107.40107,20.74975],[107.4005,20.74892],[107.39967,20.74817],[107.39865,20.74724],[107.3978,20.74679],[107.39621,20.74581],[107.39475,20.74497],[107.39351,20.74447],[107.39243,20.74402],[107.39142,20.74381],[107.38961,20.74366],[107.38694,20.7434],[107.38393,20.74328],[107.38117,20.74358],[107.37987,20.74394],[107.37768,20.74511],[107.37461,20.74733],[107.37299,20.74877],[107.37125,20.75138],[107.35789,20.75133],[107.24554,20.75123],[107.24557,20.755],[107.2457,21.00132],[107.25432,21.00129]],[[107.25432,21.00129],[107.24573,21.00129],[107.26185,21.00128],[107.25432,21.00129]]]},"properties":{"sheet":"6450-1","name":"Ile Longue","year":"1965","edition":"001","kind":"pdf","url":"https://maps.lib.utexas.edu/maps/topo/vietnam/ile_longue-6450-1.pdf"}},{"type":"Feature","geometry":{"type":"Polygon","coordinates":[[[108.49568,14.25177],[108.51262,14.25177],[108.68958,14.25185],[108.74564,14.25188],[108.74561,14.24251],[108.7456,14.00183],[108.72391,14.00184],[108.49566,14.00182],[108.49568,14.25177],[108.49568,14.25177],[108.49568,14.25177],[108.49568,14.25177]]]},"properties":{"sheet":"6737-3","name":"Kan Nak","year":"1970","edition":"002","kind":"pdf","url":"https://maps.lib.utexas.edu/maps/topo/vietnam/kan_nak-6737-3.pdf"}},{"type":"Feature","geometry":{"type":"Polygon","coordinates":[[[107.74572,15.50178],[107.99566,15.50175],[107.99571,15.25193],[107.74557,15.25171],[107.74572,15.50178],[107.74572,15.50178],[107.74572,15.50178],[107.74572,15.50178]]]},"properties":{"sheet":"6539-1","name":"Kason Mai","year":"1965","edition":"001","kind":"pdf","url":"https://maps.lib.utexas.edu/maps/topo/vietnam/kason_mai-6539-1.pdf"}},{"type":"Feature","geometry":{"type":"Polygon","coordinates":[[[104.99597,19.50123],[104.99602,19.50926],[104.99598,19.5947],[104.99595,19.7044],[104.99592,19.74799],[104.9959,19.75135],[105.00915,19.75138],[105.05462,19.75145],[105.24608,19.75133],[105.24608,19.74451],[105.24606,19.65288],[105.24604,19.50122],[105.23188,19.5012],[105.20807,19.50124],[105.17085,19.50128],[105.13558,19.50126],[105.07851,19.50126],[105.03326,19.50126],[104.99961,19.50125],[104.99597,19.50123]]]},"properties":{"sheet":"6048-3","name":"Ke Bon","year":"1965","edition":"001","kind":"pdf","url":"https://maps.lib.utexas.edu/maps/topo/vietnam/ke_bon-6048-3.pdf"}},{"type":"Feature","geometry":{"type":"Polygon","coordinates":[[[105.99583,20.75119],[106.24581,20.75124],[106.24579,21.00117],[105.99582,21.00126],[105.99583,20.75119],[105.99583,20.75119]]]},"properties":{"sheet":"6250-4","name":"Ke Sat","year":"1966","edition":"002","kind":"pdf","url":"https://maps.lib.utexas.edu/maps/topo/vietnam/ke_sat-6250-4.pdf"}},{"type":"Feature","geometry":{"type":"Polygon","coordinates":[[[105.74607,9.75221],[105.74602,9.50203],[105.99612,9.50216],[105.99625,9.75211],[105.74607,9.75221],[105.74607,9.75221],[105.74607,9.75221],[105.74607,9.75221],[105.74607,9.75221]]]},"properties":{"sheet":"6128-2","name":"Khanh Hung","year":"1965","edition":"001","kind":"pdf","url":"https://maps.lib.utexas.edu/maps/topo/vietnam/khanh_hung-6128-2.pdf"}},{"type":"Feature","geometry":{"type":"Polygon","coordinates":[[[104.49594,19.00107],[104.49602,19.00472],[104.49616,19.25158],[104.51348,19.25152],[104.52522,19.25149],[104.56932,19.25137],[104.57076,19.25134],[104.59331,19.25128],[104.60052,19.25128],[104.61812,19.25125],[104.62549,19.25127],[104.63973,19.25128],[104.65014,19.25126],[104.66341,19.2513],[104.67434,19.25135],[104.69092,19.25135],[104.70709,19.25131],[104.72426,19.25127],[104.74126,19.25127],[104.74616,19.25125],[104.7461,19.24557],[104.74606,19.1444],[104.74602,19.08332],[104.74608,19.00566],[104.7461,19.00126],[104.74367,19.00145],[104.70706,19.00146],[104.65633,19.00146],[104.51563,19.00121],[104.50355,19.00118],[104.49594,19.00107],[104.49594,19.00107],[104.49594,19.00107]]]},"properties":{"sheet":"5947-3","name":"Khe Bo","year":"1965","edition":"001","kind":"pdf","url":"https://maps.lib.utexas.edu/maps/topo/vietnam/khe_bo-5947-3.pdf"}},{"type":"Feature","geometry":{"type":"Polygon","coordinates":[[[105.99599,10.25205],[106.24603,10.25221],[106.24596,10.50203],[105.99609,10.50219],[105.99599,10.25205],[105.99599,10.25205]]]},"properties":{"sheet":"6229-4","name":"Khiem Ich","year":"1969","edition":"002","kind":"pdf","url":"https://maps.lib.utexas.edu/maps/topo/vietnam/khiem_ich-6229-4.pdf"}},{"type":"Feature","geometry":{"type":"Polygon","coordinates":[[[105.24596,9.50206],[105.24816,9.50207],[105.24932,9.50209],[105.26043,9.50213],[105.28778,9.50213],[105.31509,9.50213],[105.34252,9.50213],[105.37887,9.50218],[105.39716,9.50213],[105.43359,9.5022],[105.46092,9.50217],[105.48821,9.50216],[105.49609,9.50216],[105.49612,9.51045],[105.49614,9.53756],[105.49615,9.56469],[105.49615,9.58279],[105.49613,9.59188],[105.49616,9.6099],[105.49614,9.61894],[105.49614,9.62803],[105.49614,9.63706],[105.49612,9.64609],[105.49612,9.65514],[105.49613,9.66417],[105.49614,9.66878],[105.49613,9.68219],[105.49613,9.69116],[105.49617,9.70928],[105.49612,9.71835],[105.49612,9.72742],[105.49616,9.73651],[105.49614,9.74556],[105.49615,9.75227],[105.49403,9.75229],[105.49401,9.75215],[105.4886,9.75211],[105.47943,9.75213],[105.44304,9.75216],[105.43102,9.75217],[105.43094,9.75241],[105.42477,9.75241],[105.42457,9.75233],[105.42119,9.75232],[105.41956,9.75222],[105.41191,9.7522],[105.38981,9.75218],[105.37116,9.75219],[105.32943,9.75219],[105.31383,9.75223],[105.31366,9.75237],[105.3135,9.75237],[105.31334,9.75227],[105.3038,9.75224],[105.29703,9.75224],[105.27071,9.75222],[105.27059,9.75238],[105.26875,9.75245],[105.26871,9.75225],[105.26533,9.75222],[105.24841,9.75223],[105.24841,9.75241],[105.2461,9.7524],[105.24598,9.75226],[105.24594,9.75005],[105.24612,9.75015],[105.2461,9.74935],[105.2461,9.73674],[105.24609,9.73082],[105.24589,9.73079],[105.24593,9.73066],[105.24604,9.73062],[105.24608,9.72753],[105.2459,9.72745],[105.24608,9.72729],[105.24611,9.72424],[105.24595,9.72406],[105.24582,9.72081],[105.24604,9.72065],[105.24609,9.71664],[105.24608,9.71495],[105.24585,9.71016],[105.24607,9.70937],[105.24603,9.69569],[105.2461,9.65647],[105.24584,9.65635],[105.2458,9.65625],[105.2461,9.65633],[105.2461,9.65603],[105.24574,9.65573],[105.24584,9.65565],[105.24606,9.65583],[105.24604,9.65527],[105.24605,9.59982],[105.2461,9.55289],[105.24615,9.52897],[105.24617,9.50878],[105.24612,9.50428],[105.246,9.50418],[105.24596,9.50208],[105.24596,9.50206],[105.24596,9.50206],[105.24596,9.50206]]]},"properties":{"sheet":"6028-2","name":"Kien Hung","year":"1965","edition":"001","kind":"pdf","url":"https://maps.lib.utexas.edu/maps/topo/vietnam/kien_hung-6028-2.pdf"}},{"type":"Feature","geometry":{"type":"Polygon","coordinates":[[[105.74594,18.00147],[105.9959,18.00151],[105.99606,17.75139],[105.74582,17.75134],[105.74594,18.00147],[105.74594,18.00147],[105.74594,18.00147],[105.74594,18.00147],[105.74594,18.00147]]]},"properties":{"sheet":"6144-1","name":"Kim Lu Xa","year":"1967","edition":"003","kind":"pdf","url":"https://maps.lib.utexas.edu/maps/topo/vietnam/kim_lu_xa-6144-1.pdf"}},{"type":"Feature","geometry":{"type":"Polygon","coordinates":[[[103.99605,21.75093],[104.24615,21.75108],[104.24604,22.00101],[103.99618,22.00112],[103.99605,21.75093],[103.99605,21.75093]]]},"properties":{"sheet":"5852-4","name":"Kim Noi","year":"1965","edition":"001","kind":"pdf","url":"https://maps.lib.utexas.edu/maps/topo/vietnam/kim_noi-5852-4.pdf"}},{"type":"Feature","geometry":{"type":"Polygon","coordinates":[[[103.49608,21.75122],[103.74623,21.75119],[103.74622,21.50111],[103.49597,21.50107],[103.49608,21.75122],[103.49608,21.75122],[103.49608,21.75122],[103.49608,21.75122]]]},"properties":{"sheet":"5752-3","name":"King Khoai","year":"1966","edition":"002","kind":"pdf","url":"https://maps.lib.utexas.edu/maps/topo/vietnam/king_khoai-5752-3.pdf"}},{"type":"Feature","geometry":{"type":"Polygon","coordinates":[[[108.49578,14.50168],[108.74562,14.50168],[108.74573,14.25182],[108.49555,14.25179],[108.49578,14.50168],[108.49578,14.50168],[108.49578,14.50168],[108.49578,14.50168],[108.49578,14.50168]]]},"properties":{"sheet":"6737-4","name":"Kon Giong","year":"1965","edition":"001","kind":"pdf","url":"https://maps.lib.utexas.edu/maps/topo/vietnam/kon_giong-6737-4.pdf"}},{"type":"Feature","geometry":{"type":"Polygon","coordinates":[[[107.74574,15.0018],[107.76614,15.00185],[107.93062,15.00182],[107.99573,15.0018],[107.9957,14.99695],[107.99578,14.75175],[107.97553,14.75172],[107.74571,14.75176],[107.74574,15.0018],[107.74574,15.0018],[107.74574,15.0018],[107.74574,15.0018]]]},"properties":{"sheet":"6538-1","name":"Kon Honong","year":"1965","edition":"001","kind":"pdf","url":"https://maps.lib.utexas.edu/maps/topo/vietnam/kon_honong-6538-1.pdf"}},{"type":"Feature","geometry":{"type":"Polygon","coordinates":[[[108.2457,14.50182],[108.2652,14.50182],[108.49564,14.50186],[108.4957,14.49874],[108.49571,14.25181],[108.47552,14.2518],[108.24571,14.25188],[108.2457,14.50182],[108.2457,14.50182],[108.2457,14.50182],[108.2457,14.50182]]]},"properties":{"sheet":"6637-1","name":"Kon Mahar","year":"1965","edition":"001","kind":"pdf","url":"https://maps.lib.utexas.edu/maps/topo/vietnam/kon_mahar-6637-1.pdf"}},{"type":"Feature","geometry":{"type":"Polygon","coordinates":[[[107.99578,14.50178],[108.24565,14.50186],[108.24574,14.75176],[107.99567,14.75184],[107.99578,14.50178],[107.99578,14.50178]]]},"properties":{"sheet":"6638-3","name":"Kong Roman","year":"1965","edition":"001","kind":"pdf","url":"https://maps.lib.utexas.edu/maps/topo/vietnam/kong_roman-6638-3.pdf"}},{"type":"Feature","geometry":{"type":"Polygon","coordinates":[[[108.24508,14.2518],[108.24579,14.25179],[108.24565,14.39835],[108.24576,14.47983],[108.24583,14.50175],[108.14933,14.5018],[108.07709,14.50183],[108.02355,14.50179],[107.99568,14.50177],[107.99587,14.31467],[107.99583,14.25177],[108.24508,14.2518],[108.24508,14.2518],[108.24508,14.2518]]]},"properties":{"sheet":"6637-4","name":"Kontum","year":"1970","edition":"002","kind":"pdf","url":"https://maps.lib.utexas.edu/maps/topo/vietnam/kontum-6637-4.pdf"}},{"type":"Feature","geometry":{"type":"Polygon","coordinates":[[[107.99578,11.93671],[107.99588,11.75217],[107.78244,11.75199],[107.74588,11.75196],[107.74582,11.98526],[107.74584,12.00195],[107.99587,12.00201],[107.99578,11.93671],[107.99578,11.93671],[107.99578,11.93671],[107.99578,11.93671],[107.99578,11.93671],[107.99578,11.93671]]]},"properties":{"sheet":"6532-1","name":"Kro Layu","year":"1965","edition":"001","kind":"pdf","url":"https://maps.lib.utexas.edu/maps/topo/vietnam/kro_layu-6532-1.pdf"}},{"type":"Feature","geometry":{"type":"Polygon","coordinates":[[[106.24584,18.00145],[106.49588,18.00154],[106.4958,18.25143],[106.24591,18.25151],[106.24584,18.00145],[106.24584,18.00145],[106.24584,18.00145]]]},"properties":{"sheet":"6245-2","name":"Ky Anh","year":"1965","edition":"001","kind":"pdf","url":"https://maps.lib.utexas.edu/maps/topo/vietnam/ky_anh-6245-2.pdf"}},{"type":"Feature","geometry":{"type":"Polygon","coordinates":[[[106.24587,21.75118],[106.24583,22.00109],[105.99595,22.00117],[105.99562,21.75112],[105.99562,21.75112],[105.99562,21.75112],[106.24587,21.75118],[106.24587,21.75118],[106.24587,21.75118],[106.24587,21.75118],[106.24587,21.75118]]]},"properties":{"sheet":"6252-4","name":"La Gieo","year":"1964","edition":"001","kind":"pdf","url":"https://maps.lib.utexas.edu/maps/topo/vietnam/la_gieo-6252-4.pdf"}},{"type":"Feature","geometry":{"type":"Polygon","coordinates":[[[105.74585,18.25134],[105.77245,18.25132],[105.80014,18.25139],[105.82948,18.25142],[105.85761,18.25142],[105.88114,18.25141],[105.90467,18.25143],[105.93264,18.25148],[105.96167,18.25146],[105.9892,18.25147],[105.9959,18.25149],[105.99592,18.19742],[105.99586,18.12488],[105.99589,18.07087],[105.99583,18.01659],[105.99586,18.00135],[105.96778,18.00131],[105.94231,18.0013],[105.91338,18.00134],[105.88267,18.00138],[105.85846,18.00136],[105.834,18.00139],[105.80738,18.00142],[105.7806,18.00144],[105.75967,18.00146],[105.74583,18.00149],[105.74591,18.0361],[105.74604,18.12148],[105.74589,18.20171],[105.74583,18.24591],[105.74585,18.25134],[105.74585,18.25134],[105.74585,18.25134]]]},"properties":{"sheet":"6145-2","name":"La Khe Thon","year":"1965","edition":"001","kind":"pdf","url":"https://maps.lib.utexas.edu/maps/topo/vietnam/la_khe_thon-6145-2.pdf"}},{"type":"Feature","geometry":{"type":"Polygon","coordinates":[[[105.99603,9.2521],[106.01522,9.25209],[106.16165,9.25216],[106.22565,9.25219],[106.24613,9.25222],[106.24608,9.26363],[106.24596,9.43122],[106.2459,9.50217],[106.23052,9.50215],[106.10233,9.50217],[106.05044,9.5022],[105.99603,9.50219],[105.99603,9.2521]]]},"properties":{"sheet":"6227-4","name":"Lac Hoa","year":"1969","edition":"002","kind":"pdf","url":"https://maps.lib.utexas.edu/maps/topo/vietnam/lac_hoa-6227-4.pdf"}},{"type":"Feature","geometry":{"type":"Polygon","coordinates":[[[107.99573,15.00171],[108.24565,15.00178],[108.24569,15.25169],[107.99569,15.25181],[107.99573,15.00171],[107.99573,15.00171]]]},"properties":{"sheet":"6639-3","name":"Lac Trom Dong","year":"1970","edition":"001","kind":"pdf","url":"https://maps.lib.utexas.edu/maps/topo/vietnam/lac_trom_dong-6639-3.pdf"}},{"type":"Feature","geometry":{"type":"Polygon","coordinates":[[[102.99628,22.25107],[103.01683,22.25105],[103.10442,22.25104],[103.17544,22.25104],[103.22358,22.25101],[103.24615,22.25097],[103.24609,22.24469],[103.24629,22.00103],[103.22603,22.00108],[103.07614,22.00097],[102.99613,22.00095],[102.99617,22.00882],[102.99628,22.25107],[102.99628,22.25107],[102.99628,22.25107],[102.99628,22.25107],[102.99628,22.25107],[102.99628,22.25107]]]},"properties":{"sheet":"5653-3","name":"Lai Chau","year":"1966","edition":"002","kind":"pdf","url":"https://maps.lib.utexas.edu/maps/topo/vietnam/lai_chau-5653-3.pdf"}},{"type":"Feature","geometry":{"type":"Polygon","coordinates":[[[108.49568,12.50204],[108.51979,12.50203],[108.74568,12.50201],[108.74577,12.49901],[108.74569,12.25201],[108.72599,12.25205],[108.49571,12.25195],[108.49568,12.50204],[108.49568,12.50204],[108.49568,12.50204],[108.49568,12.50204]]]},"properties":{"sheet":"6733-4","name":"Lak Ea Gam","year":"1965","edition":"001","kind":"pdf","url":"https://maps.lib.utexas.edu/maps/topo/vietnam/lak_ea_gam-6733-4.pdf"}},{"type":"Feature","geometry":{"type":"Polygon","coordinates":[[[105.24594,20.25121],[105.49596,20.25115],[105.49599,20.50117],[105.2459,20.50127],[105.2459,20.50127],[105.24594,20.25121]]]},"properties":{"sheet":"6049-1","name":"Lang Be","year":"1964","edition":"001","kind":"pdf","url":"https://maps.lib.utexas.edu/maps/topo/vietnam/lang_be-6049-1.pdf"}},{"type":"Feature","geometry":{"type":"MultiPolygon","coordinates":[[[[104.99591,20.00123],[104.99591,20.00115],[104.99589,20.00123],[104.99591,20.00123]]],[[[104.99591,20.00123],[104.99589,20.00977],[104.99589,20.01072],[104.99589,20.01264],[104.99588,20.01551],[104.99588,20.01838],[104.99589,20.0346],[104.9959,20.03746],[104.9959,20.04033],[104.99589,20.0432],[104.99589,20.04607],[104.99588,20.04799],[104.99588,20.05276],[104.99585,20.05591],[104.99586,20.0588],[104.9959,20.06177],[104.99591,20.08049],[104.99591,20.08144],[104.9959,20.0824],[104.9959,20.08434],[104.9959,20.08625],[104.99589,20.08817],[104.99589,20.09008],[104.99588,20.09295],[104.9959,20.10953],[104.99589,20.12242],[104.99596,20.13293],[104.99592,20.15111],[104.99594,20.16619],[104.99595,20.18059],[104.99594,20.18442],[104.99598,20.19017],[104.99597,20.19304],[104.99601,20.20634],[104.99602,20.2241],[104.99602,20.2327],[104.99605,20.24255],[104.99611,20.25139],[105.02483,20.25137],[105.04399,20.25136],[105.07275,20.25131],[105.07938,20.25131],[105.11099,20.25132],[105.13968,20.25131],[105.14921,20.25131],[105.1684,20.25133],[105.2258,20.25122],[105.2459,20.25114],[105.2459,20.24225],[105.2459,20.23323],[105.2459,20.22415],[105.24591,20.21516],[105.24589,20.20612],[105.24591,20.19708],[105.24589,20.18805],[105.24592,20.17905],[105.2459,20.16102],[105.24593,20.14298],[105.24603,20.07974],[105.24606,20.04354],[105.24609,20.02548],[105.24605,20.00745],[105.2461,20.00135],[105.22072,20.00132],[105.1968,20.00131],[105.13938,20.00127],[105.12024,20.0012],[105.09158,20.00119],[105.05333,20.00123],[105.00568,20.00121],[104.99591,20.00123]]]]},"properties":{"sheet":"6049-3","name":"Lang Chanh","year":"1964","edition":"001","kind":"pdf","url":"https://maps.lib.utexas.edu/maps/topo/vietnam/lang_chanh-6049-3.pdf"}},{"type":"Feature","geometry":{"type":"Polygon","coordinates":[[[104.74597,21.00128],[104.92264,21.00122],[104.99603,21.00124],[104.99605,20.75127],[104.95079,20.75128],[104.77056,20.75119],[104.74599,20.75119],[104.74597,21.00128]]]},"properties":{"sheet":"5950-1","name":"Lang Chum","year":"1966","edition":"002","kind":"pdf","url":"https://maps.lib.utexas.edu/maps/topo/vietnam/lang_chum-5950-1.pdf"}},{"type":"Feature","geometry":{"type":"Polygon","coordinates":[[[104.9959,22.50097],[105.24592,22.50112],[105.24594,22.25094],[104.99579,22.25101],[104.9959,22.50097],[104.9959,22.50097],[104.9959,22.50097],[104.9959,22.50097],[104.9959,22.50097]]]},"properties":{"sheet":"6053-4","name":"Lang Dat","year":"1971","edition":"002","kind":"pdf","url":"https://maps.lib.utexas.edu/maps/topo/vietnam/lang_dat-6053-4.pdf"}},{"type":"Feature","geometry":{"type":"Polygon","coordinates":[[[106.24586,21.75116],[106.26873,21.75119],[106.36254,21.75119],[106.49576,21.75111],[106.49576,21.7456],[106.49582,21.50116],[106.47519,21.50112],[106.27943,21.50115],[106.2458,21.50114],[106.24581,21.50929],[106.24591,21.70339],[106.24586,21.7511],[106.24586,21.75116],[106.24586,21.75116],[106.24586,21.75116],[106.24586,21.75116]]]},"properties":{"sheet":"6252-2","name":"Lang Met","year":"1964","edition":"001","kind":"pdf","url":"https://maps.lib.utexas.edu/maps/topo/vietnam/lang_met-6252-2.pdf"}},{"type":"Feature","geometry":{"type":"Polygon","coordinates":[[[106.2458,17.00157],[106.26225,17.00149],[106.30528,17.00151],[106.49598,17.00156],[106.4959,17.12567],[106.49591,17.25151],[106.47793,17.25161],[106.32943,17.25151],[106.24598,17.25149],[106.2458,17.00157]]]},"properties":{"sheet":"6243-2","name":"Lang Mo","year":"1971","edition":"004","kind":"pdf","url":"https://maps.lib.utexas.edu/maps/topo/vietnam/lang_mo-6243-2.pdf"}},{"type":"Feature","geometry":{"type":"Polygon","coordinates":[[[104.74602,22.25118],[104.76326,22.2512],[104.85555,22.25113],[104.94894,22.25098],[104.99594,22.25092],[104.99592,22.24439],[104.99591,22.00117],[104.97912,22.00115],[104.75979,22.00095],[104.74594,22.00099],[104.74602,22.25118],[104.74602,22.25118],[104.74602,22.25118],[104.74602,22.25118]]]},"properties":{"sheet":"5953-2","name":"Lang Muong","year":"1971","edition":"002","kind":"pdf","url":"https://maps.lib.utexas.edu/maps/topo/vietnam/lang_muong-5953-2.pdf"}},{"type":"Feature","geometry":{"type":"Polygon","coordinates":[[[104.99604,19.03536],[104.99609,19.21802],[104.99607,19.25128],[105.09213,19.25128],[105.21388,19.25129],[105.24591,19.25131],[105.24607,19.08522],[105.2461,19.01527],[105.2461,19.00133],[105.12958,19.00142],[105.05803,19.00133],[105.02754,19.00129],[104.996,19.00127],[104.99604,19.03536],[104.99604,19.03536],[104.99604,19.03536],[104.99604,19.03536]]]},"properties":{"sheet":"6047-3","name":"Lang Rao","year":"1965","edition":"001","kind":"pdf","url":"https://maps.lib.utexas.edu/maps/topo/vietnam/lang_rao-6047-3.pdf"}},{"type":"Feature","geometry":{"type":"Polygon","coordinates":[[[106.74568,21.75117],[106.9957,21.75109],[106.99567,22.00121],[106.74568,22.00108],[106.74568,21.75117],[106.74568,21.75117],[106.74568,21.75117],[106.74568,21.75117],[106.74568,21.75117]]]},"properties":{"sheet":"6352-1","name":"Lang Son","year":"1964","edition":"001","kind":"pdf","url":"https://maps.lib.utexas.edu/maps/topo/vietnam/lang_son-6352-1.pdf"}},{"type":"Feature","geometry":{"type":"Polygon","coordinates":[[[105.24601,20.75124],[105.49587,20.75118],[105.49603,20.50124],[105.2458,20.50117],[105.24601,20.75124],[105.24601,20.75124],[105.24601,20.75124],[105.24601,20.75124],[105.24601,20.75124]]]},"properties":{"sheet":"6050-2","name":"Lang Tam","year":"1964","edition":"001","kind":"pdf","url":"https://maps.lib.utexas.edu/maps/topo/vietnam/lang_tam-6050-2.pdf"}},{"type":"Feature","geometry":{"type":"Polygon","coordinates":[[[107.24567,21.25126],[107.2457,21.00109],[106.99562,21.00118],[106.99564,21.2512],[107.24567,21.25126],[107.24567,21.25126],[107.24567,21.25126],[107.24567,21.25126]]]},"properties":{"sheet":"6451-3","name":"Lang Troi","year":"1965","edition":"001","kind":"pdf","url":"https://maps.lib.utexas.edu/maps/topo/vietnam/lang_troi-6451-3.pdf"}},{"type":"Feature","geometry":{"type":"Polygon","coordinates":[[[105.24595,20.25117],[105.26426,20.25123],[105.46073,20.25126],[105.49588,20.25129],[105.49584,20.24622],[105.4959,20.00131],[105.47942,20.0013],[105.24602,20.0013],[105.24595,20.25117],[105.24595,20.25117],[105.24595,20.25117],[105.24595,20.25117],[105.24595,20.25117]]]},"properties":{"sheet":"6049-2","name":"Lang Tung","year":"1964","edition":"001","kind":"pdf","url":"https://maps.lib.utexas.edu/maps/topo/vietnam/lang_tung-6049-2.pdf"}},{"type":"Feature","geometry":{"type":"Polygon","coordinates":[[[104.74585,22.751],[104.76877,22.75105],[104.88577,22.75108],[104.95006,22.75103],[104.99603,22.75098],[104.99599,22.74403],[104.99593,22.50102],[104.98003,22.50108],[104.80236,22.50097],[104.74594,22.5009],[104.74585,22.751],[104.74585,22.751],[104.74585,22.751]]]},"properties":{"sheet":"5954-2","name":"Lang Zoi","year":"1965","edition":"001","kind":"pdf","url":"https://maps.lib.utexas.edu/maps/topo/vietnam/lang_zoi-5954-2.pdf"}},{"type":"Feature","geometry":{"type":"Polygon","coordinates":[[[103.74606,22.50096],[103.76824,22.50104],[103.99599,22.50105],[103.99602,22.49729],[103.99609,22.25097],[103.79999,22.25101],[103.74603,22.25095],[103.74599,22.26387],[103.74606,22.50096],[103.74606,22.50096],[103.74606,22.50096],[103.74606,22.50096]]]},"properties":{"sheet":"5753-1","name":"Lao Kay","year":"1966","edition":"002","kind":"pdf","url":"https://maps.lib.utexas.edu/maps/topo/vietnam/lao_kay-5753-1.pdf"}},{"type":"Feature","geometry":{"type":"Polygon","coordinates":[[[105.24584,21.75111],[105.26283,21.75109],[105.3907,21.75113],[105.49592,21.75112],[105.4959,21.74189],[105.49588,21.50111],[105.47015,21.50115],[105.24592,21.5011],[105.24589,21.51212],[105.24584,21.75111],[105.24584,21.75111],[105.24584,21.75111],[105.24584,21.75111],[105.24584,21.75111]]]},"properties":{"sheet":"6052-2","name":"Le My","year":"1964","edition":"001","kind":"pdf","url":"https://maps.lib.utexas.edu/maps/topo/vietnam/le_my-6052-2.pdf"}},{"type":"Feature","geometry":{"type":"Polygon","coordinates":[[[108.99564,13.00192],[109.01788,13.00195],[109.24556,13.0019],[109.24559,12.99972],[109.24567,12.75191],[109.22521,12.75193],[108.99554,12.75187],[108.99564,13.00192],[108.99564,13.00192],[108.99564,13.00192],[108.99564,13.00192],[108.99564,13.00192],[108.99564,13.00192]]]},"properties":{"sheet":"6834-4","name":"Lien Thach","year":"1971","edition":"002","kind":"pdf","url":"https://maps.lib.utexas.edu/maps/topo/vietnam/lien_thach-6834-4.pdf"}},{"type":"Feature","geometry":{"type":"Polygon","coordinates":[[[107.24572,11.25199],[107.26549,11.25197],[107.46355,11.25206],[107.496,11.25211],[107.49595,11.2599],[107.49566,11.50193],[107.47943,11.50192],[107.24589,11.50207],[107.24572,11.25199],[107.24572,11.25199],[107.24572,11.25199]]]},"properties":{"sheet":"6431-1","name":"Loi Tan","year":"1965","edition":"001","kind":"pdf","url":"https://maps.lib.utexas.edu/maps/topo/vietnam/loi_tan-6431-1.pdf"}},{"type":"Feature","geometry":{"type":"Polygon","coordinates":[[[105.49599,9.75214],[105.7462,9.75223],[105.74582,9.50204],[105.49604,9.50226],[105.49599,9.75214],[105.49599,9.75214],[105.49599,9.75214]]]},"properties":{"sheet":"6128-3","name":"Long My","year":"1965","edition":"001","kind":"pdf","url":"https://maps.lib.utexas.edu/maps/topo/vietnam/long_my-6128-3.pdf"}},{"type":"Feature","geometry":{"type":"Polygon","coordinates":[[[105.99605,9.75213],[106.17624,9.75212],[106.24607,9.75216],[106.24603,9.57418],[106.24603,9.50216],[106.04232,9.50214],[105.99604,9.50214],[105.99608,9.68672],[105.99606,9.7521],[105.99605,9.75213],[105.99605,9.75213],[105.99605,9.75213],[105.99605,9.75213]]]},"properties":{"sheet":"6228-3","name":"Long Pu","year":"1965","edition":"001","kind":"pdf","url":"https://maps.lib.utexas.edu/maps/topo/vietnam/long_pu-6228-3.pdf"}},{"type":"Feature","geometry":{"type":"Polygon","coordinates":[[[105.24591,10.25198],[105.24595,10.25559],[105.24605,10.32005],[105.24604,10.42301],[105.24607,10.44568],[105.24608,10.49344],[105.24607,10.5021],[105.25058,10.50206],[105.30452,10.50213],[105.34003,10.50213],[105.35269,10.50214],[105.49195,10.50211],[105.49612,10.50233],[105.49608,10.49784],[105.4962,10.3324],[105.49621,10.25598],[105.49633,10.25205],[105.4919,10.25206],[105.45543,10.25205],[105.42859,10.25204],[105.39471,10.25201],[105.36843,10.25202],[105.34665,10.252],[105.32834,10.252],[105.31091,10.252],[105.28891,10.25198],[105.26177,10.252],[105.25117,10.252],[105.24591,10.25198]]]},"properties":{"sheet":"6029-1","name":"Long Xuyen","year":"1969","edition":"002","kind":"pdf","url":"https://maps.lib.utexas.edu/maps/topo/vietnam/long_xuyen-6029-1.pdf"}},{"type":"Feature","geometry":{"type":"Polygon","coordinates":[[[104.49618,22.001],[104.49611,22.01288],[104.49596,22.25105],[104.51184,22.25106],[104.70558,22.25113],[104.74608,22.25102],[104.74607,22.2471],[104.74587,22.08461],[104.74603,22.00853],[104.74599,22.00109],[104.49618,22.001],[104.49618,22.001],[104.49618,22.001]]]},"properties":{"sheet":"5953-3","name":"Luc An Chau","year":"1965","edition":"001","kind":"pdf","url":"https://maps.lib.utexas.edu/maps/topo/vietnam/luc_an_chau-5953-3.pdf"}},{"type":"Feature","geometry":{"type":"Polygon","coordinates":[[[106.2458,21.50119],[106.26746,21.50122],[106.43111,21.50115],[106.49573,21.50116],[106.49573,21.49773],[106.49585,21.2512],[106.48085,21.25122],[106.29338,21.25118],[106.2457,21.25114],[106.24576,21.26089],[106.2458,21.50119],[106.2458,21.50119],[106.2458,21.50119],[106.2458,21.50119],[106.2458,21.50119]]]},"properties":{"sheet":"6251-1","name":"Luc Nam","year":"1965","edition":"001","kind":"pdf","url":"https://maps.lib.utexas.edu/maps/topo/vietnam/luc_nam-6251-1.pdf"}},{"type":"Feature","geometry":{"type":"Polygon","coordinates":[[[106.49588,17.75145],[106.74577,17.7516],[106.74599,17.50148],[106.49565,17.50166],[106.49588,17.75145],[106.49588,17.75145],[106.49588,17.75145]]]},"properties":{"sheet":"6344-3","name":"Ly Hoa","year":"1966","edition":"002","kind":"pdf","url":"https://maps.lib.utexas.edu/maps/topo/vietnam/ly_hoa-6344-3.pdf"}},{"type":"Feature","geometry":{"type":"Polygon","coordinates":[[[108.49564,15.50178],[108.74567,15.50179],[108.74579,15.25171],[108.49559,15.25165],[108.49564,15.50178],[108.49564,15.50178],[108.49564,15.50178],[108.49564,15.50178],[108.49564,15.50178],[108.49564,15.50178],[108.49564,15.50178],[108.49564,15.50178],[108.49564,15.50178]]]},"properties":{"sheet":"6739-4","name":"Ly Tin","year":"1983","edition":"004","kind":"pdf","url":"https://maps.lib.utexas.edu/maps/topo/vietnam/ly_tin-6739-4.pdf"}},{"type":"Feature","geometry":{"type":"Polygon","coordinates":[[[108.49582,11.7522],[108.74555,11.75207],[108.74584,11.50203],[108.49544,11.50204],[108.49582,11.7522],[108.49582,11.7522],[108.49582,11.7522]]]},"properties":{"sheet":"6732-3","name":"Ma Noi","year":"1965","edition":"001","kind":"pdf","url":"https://maps.lib.utexas.edu/maps/topo/vietnam/ma_noi-6732-3.pdf"}},{"type":"Feature","geometry":{"type":"Polygon","coordinates":[[[107.49593,11.50208],[107.74571,11.50197],[107.74583,11.25213],[107.49566,11.25211],[107.49566,11.25211],[107.49593,11.50208],[107.49593,11.50208],[107.49593,11.50208]]]},"properties":{"sheet":"6531-4","name":"Madagui","year":"1968","edition":"002","kind":"pdf","url":"https://maps.lib.utexas.edu/maps/topo/vietnam/madagui-6531-4.pdf"}},{"type":"Feature","geometry":{"type":"Polygon","coordinates":[[[103.74602,21.25122],[103.99616,21.25121],[103.9961,21.00119],[103.7461,21.00122],[103.74609,21.25116],[103.74602,21.25122]]]},"properties":{"sheet":"5751-2","name":"Mai Son","year":"1965","edition":"001","kind":"pdf","url":"https://maps.lib.utexas.edu/maps/topo/vietnam/mai_son-5751-2.pdf"}},{"type":"Feature","geometry":{"type":"Polygon","coordinates":[[[105.74587,20.25136],[105.99582,20.25132],[105.99585,20.00135],[105.74588,20.00137],[105.74587,20.25136],[105.74587,20.25136],[105.74587,20.25136]]]},"properties":{"sheet":"6149-2","name":"Mai Xa","year":"1964","edition":"001","kind":"pdf","url":"https://maps.lib.utexas.edu/maps/topo/vietnam/mai_xa-6149-2.pdf"}},{"type":"Feature","geometry":{"type":"Polygon","coordinates":[[[107.99567,14.75173],[108.24567,14.7517],[108.24566,15.00172],[107.99568,15.0017],[107.99567,14.75173],[107.99567,14.75173]]]},"properties":{"sheet":"6638-4","name":"Mang Buk","year":"1965","edition":"001","kind":"pdf","url":"https://maps.lib.utexas.edu/maps/topo/vietnam/mang_buk-6638-4.pdf"}},{"type":"Feature","geometry":{"type":"Polygon","coordinates":[[[106.24597,10.25202],[106.26553,10.25209],[106.28941,10.25209],[106.34392,10.25208],[106.49606,10.25206],[106.49591,10.26727],[106.49598,10.37055],[106.49598,10.47494],[106.49599,10.50218],[106.47779,10.50214],[106.24598,10.50211],[106.246,10.50211],[106.24597,10.25202]]]},"properties":{"sheet":"6229-1","name":"Mi Tho","year":"1984","edition":"003","kind":"pdf","url":"https://maps.lib.utexas.edu/maps/topo/vietnam/mi_tho-6229-1.pdf"}},{"type":"Feature","geometry":{"type":"Polygon","coordinates":[[[108.74555,15.00179],[108.76595,15.00176],[108.9956,15.00176],[108.9956,14.99753],[108.99559,14.75177],[108.97423,14.75177],[108.74561,14.75173],[108.74555,15.00179],[108.74555,15.00179],[108.74555,15.00179],[108.74555,15.00179],[108.74555,15.00179]]]},"properties":{"sheet":"6738-1","name":"Mo Duc","year":"1983","edition":"003","kind":"pdf","url":"https://maps.lib.utexas.edu/maps/topo/vietnam/mo_duc-6738-1.pdf"}},{"type":"Feature","geometry":{"type":"Polygon","coordinates":[[[105.99582,21.75112],[106.01598,21.75117],[106.10998,21.75116],[106.18165,21.75112],[106.22526,21.75108],[106.24583,21.75105],[106.2458,21.74802],[106.24578,21.72253],[106.24574,21.61576],[106.24583,21.50115],[106.21978,21.50113],[105.99584,21.501],[105.99582,21.75112],[105.99582,21.75112],[105.99582,21.75112],[105.99582,21.75112]]]},"properties":{"sheet":"6252-3","name":"Mo Trang","year":"1964","edition":"001","kind":"pdf","url":"https://maps.lib.utexas.edu/maps/topo/vietnam/mo_trang-6252-3.pdf"}},{"type":"Feature","geometry":{"type":"Polygon","coordinates":[[[104.49596,20.75108],[104.535,20.75103],[104.56377,20.75105],[104.60221,20.75102],[104.63099,20.75111],[104.66277,20.75111],[104.70791,20.75123],[104.74609,20.75134],[104.74609,20.75758],[104.74602,20.78469],[104.74593,20.81154],[104.74596,20.85661],[104.74597,20.87467],[104.74591,20.8928],[104.74591,20.91097],[104.74593,20.92001],[104.74592,20.92901],[104.74588,20.94708],[104.74589,20.95614],[104.74591,20.96514],[104.74584,20.97422],[104.746,21.00107],[104.72654,21.00114],[104.69759,21.00124],[104.65161,21.00124],[104.61107,21.00125],[104.57936,21.00127],[104.54379,21.00127],[104.51499,21.00128],[104.49605,21.00126],[104.49603,21.00126],[104.49596,20.75108],[104.49596,20.75108],[104.49596,20.75108]]]},"properties":{"sheet":"5950-4","name":"Moc Chau","year":"1965","edition":"001","kind":"pdf","url":"https://maps.lib.utexas.edu/maps/topo/vietnam/moc_chau-5950-4.pdf"}},{"type":"Feature","geometry":{"type":"Polygon","coordinates":[[[107.49583,15.75173],[107.74593,15.75159],[107.74581,15.50172],[107.49569,15.50176],[107.49583,15.75173],[107.49583,15.75173],[107.49583,15.75173],[107.49583,15.75173],[107.49583,15.75173],[107.49583,15.75173],[107.49583,15.75173],[107.49583,15.75173]]]},"properties":{"sheet":"6540-3","name":"Muang Bac","year":"1965","edition":"001","kind":"pdf","url":"https://maps.lib.utexas.edu/maps/topo/vietnam/muang_bac-6540-3.pdf"}},{"type":"Feature","geometry":{"type":"Polygon","coordinates":[[[102.99619,21.75115],[103.24625,21.75114],[103.24622,21.50112],[102.9962,21.50113],[102.99623,21.75113],[102.99619,21.75115],[102.99619,21.75115]]]},"properties":{"sheet":"5652-3","name":"Muong Ang","year":"1965","edition":"001","kind":"pdf","url":"https://maps.lib.utexas.edu/maps/topo/vietnam/muong_ang-5652-3.pdf"}},{"type":"Feature","geometry":{"type":"Polygon","coordinates":[[[102.74617,22.25095],[102.99629,22.25098],[102.99613,22.50091],[102.7463,22.5009],[102.74617,22.25095]]]},"properties":{"sheet":"5553-1","name":"Muong Boum","year":"1966","edition":"002","kind":"pdf","url":"https://maps.lib.utexas.edu/maps/topo/vietnam/muong_boum-5553-1.pdf"}},{"type":"Feature","geometry":{"type":"Polygon","coordinates":[[[102.74615,22.00087],[102.9961,22.0009],[102.99619,21.75111],[102.74609,21.75088],[102.74615,22.00087],[102.74615,22.00087],[102.74615,22.00087]]]},"properties":{"sheet":"5552-1","name":"Muong Cha","year":"1966","edition":"002","kind":"pdf","url":"https://maps.lib.utexas.edu/maps/topo/vietnam/muong_cha-5552-1.pdf"}},{"type":"Feature","geometry":{"type":"Polygon","coordinates":[[[104.99597,23.00101],[105.01434,23.00104],[105.16992,23.00098],[105.24592,23.001],[105.24591,22.99396],[105.24595,22.75098],[105.22471,22.75103],[104.99588,22.75098],[104.99597,23.00101],[104.99597,23.00101],[104.99597,23.00101],[104.99597,23.00101],[104.99597,23.00101],[104.99597,23.00101]]]},"properties":{"sheet":"6054-4","name":"Muong Cha","year":"1967","edition":"002","kind":"pdf","url":"https://maps.lib.utexas.edu/maps/topo/vietnam/muong_cha-6054-4.pdf"}},{"type":"Feature","geometry":{"type":"Polygon","coordinates":[[[104.24606,21.7511],[104.26209,21.75112],[104.49593,21.75099],[104.49594,21.74692],[104.49607,21.50115],[104.48137,21.50116],[104.26232,21.50104],[104.24603,21.50097],[104.24606,21.7511],[104.24606,21.7511],[104.24606,21.7511],[104.24606,21.7511]]]},"properties":{"sheet":"5852-2","name":"Muong Chen","year":"1965","edition":"001","kind":"pdf","url":"https://maps.lib.utexas.edu/maps/topo/vietnam/muong_chen-5852-2.pdf"}},{"type":"Feature","geometry":{"type":"Polygon","coordinates":[[[103.49604,22.50097],[103.74615,22.50089],[103.74604,22.75103],[103.49609,22.75097],[103.49604,22.50097],[103.49604,22.50097],[103.49604,22.50097]]]},"properties":{"sheet":"5754-3","name":"Muong Hum","year":"1965","edition":"001","kind":"pdf","url":"https://maps.lib.utexas.edu/maps/topo/vietnam/muong_hum-5754-3.pdf"}},{"type":"Feature","geometry":{"type":"Polygon","coordinates":[[[103.49614,22.25104],[103.51505,22.25109],[103.54034,22.2511],[103.5747,22.25113],[103.60601,22.25112],[103.64387,22.2511],[103.66903,22.25109],[103.69769,22.25111],[103.72106,22.25109],[103.74615,22.25104],[103.74611,22.20733],[103.74606,22.1261],[103.74607,22.02646],[103.74609,22.00098],[103.71742,22.00101],[103.68379,22.00105],[103.65752,22.00106],[103.63378,22.00104],[103.60981,22.00104],[103.58633,22.00104],[103.5623,22.00104],[103.53846,22.00103],[103.51638,22.00102],[103.49613,22.00103],[103.49616,22.03194],[103.49626,22.07945],[103.49623,22.14348],[103.4962,22.214],[103.49614,22.25104],[103.49614,22.25104],[103.49614,22.25104]]]},"properties":{"sheet":"5753-3","name":"Muong Khoa","year":"1968","edition":"002","kind":"pdf","url":"https://maps.lib.utexas.edu/maps/topo/vietnam/muong_khoa-5753-3.pdf"}},{"type":"Feature","geometry":{"type":"Polygon","coordinates":[[[103.74605,21.25126],[103.74627,21.00111],[103.49616,21.00121],[103.49609,21.25125],[103.74605,21.25126],[103.74605,21.25126],[103.74605,21.25126]]]},"properties":{"sheet":"5751-3","name":"Muong Lam","year":"1969","edition":"002","kind":"pdf","url":"https://maps.lib.utexas.edu/maps/topo/vietnam/muong_lam-5751-3.pdf"}},{"type":"Feature","geometry":{"type":"Polygon","coordinates":[[[104.49591,19.75141],[104.74614,19.7513],[104.74599,19.50137],[104.49613,19.50136],[104.49591,19.75141]]]},"properties":{"sheet":"5948-3","name":"Muong Lam","year":"1971","edition":"002","kind":"pdf","url":"https://maps.lib.utexas.edu/maps/topo/vietnam/muong_lam-5948-3.pdf"}},{"type":"Feature","geometry":{"type":"Polygon","coordinates":[[[102.7463,22.25094],[102.99614,22.25094],[102.99624,22.10861],[102.99619,22.001],[102.78019,22.00098],[102.74639,22.00094],[102.7463,22.25094],[102.7463,22.25094]]]},"properties":{"sheet":"5553-2","name":"Muong No","year":"1966","edition":"002","kind":"pdf","url":"https://maps.lib.utexas.edu/maps/topo/vietnam/muong_no-5553-2.pdf"}},{"type":"Feature","geometry":{"type":"Polygon","coordinates":[[[103.99625,19.50139],[104.24603,19.50124],[104.24607,19.25136],[103.99608,19.25129],[103.99625,19.50139],[103.99625,19.50139],[103.99625,19.50139]]]},"properties":{"sheet":"5847-4","name":"Muong Sen","year":"1965","edition":"001","kind":"pdf","url":"https://maps.lib.utexas.edu/maps/topo/vietnam/muong_sen-5847-4.pdf"}},{"type":"Feature","geometry":{"type":"Polygon","coordinates":[[[102.49622,22.50105],[102.74624,22.50092],[102.74611,22.38191],[102.74616,22.31476],[102.7462,22.26078],[102.74629,22.25095],[102.58361,22.25096],[102.5112,22.25092],[102.49637,22.25089],[102.49627,22.42523],[102.49627,22.501],[102.49622,22.50105],[102.49622,22.50105],[102.49622,22.50105]]]},"properties":{"sheet":"5553-4","name":"Muong Te","year":"1965","edition":"001","kind":"pdf","url":"https://maps.lib.utexas.edu/maps/topo/vietnam/muong_te-5553-4.pdf"}},{"type":"Feature","geometry":{"type":"Polygon","coordinates":[[[102.49638,22.25107],[102.51242,22.25114],[102.63073,22.25105],[102.74629,22.25101],[102.74632,22.24963],[102.74624,22.00106],[102.7302,22.00102],[102.51665,22.00102],[102.49623,22.00096],[102.49628,22.0124],[102.49638,22.25107],[102.49638,22.25107],[102.49638,22.25107],[102.49638,22.25107]]]},"properties":{"sheet":"5553-3","name":"Muong Tong","year":"1966","edition":"002","kind":"pdf","url":"https://maps.lib.utexas.edu/maps/topo/vietnam/muong_tong-5553-3.pdf"}},{"type":"Feature","geometry":{"type":"Polygon","coordinates":[[[102.99611,21.75101],[103.24613,21.75096],[103.24626,22.00104],[102.99609,22.00109],[102.99611,21.75101],[102.99611,21.75101]]]},"properties":{"sheet":"5652-4","name":"Muong Tong","year":"1966","edition":"002","kind":"pdf","url":"https://maps.lib.utexas.edu/maps/topo/vietnam/muong_tong-5652-4.pdf"}},{"type":"Feature","geometry":{"type":"Polygon","coordinates":[[[103.74608,21.75114],[103.99609,21.75125],[103.99615,21.50108],[103.74611,21.50111],[103.74608,21.50215],[103.74608,21.75114]]]},"properties":{"sheet":"5752-2","name":"Muong Trai","year":"1966","edition":"002","kind":"pdf","url":"https://maps.lib.utexas.edu/maps/topo/vietnam/muong_trai-5752-2.pdf"}},{"type":"Feature","geometry":{"type":"MultiPolygon","coordinates":[[[[105.74586,10.50222],[105.74586,10.50217],[105.74581,10.50222],[105.74586,10.50222]]],[[[105.74586,10.50222],[105.74602,10.55259],[105.7461,10.60801],[105.74606,10.65078],[105.74614,10.6968],[105.74613,10.75217],[105.81906,10.75215],[105.88993,10.75216],[105.94789,10.7522],[105.99584,10.75219],[105.99594,10.73727],[105.99591,10.6777],[105.99607,10.60907],[105.99608,10.56636],[105.99613,10.52855],[105.99603,10.50207],[105.95951,10.50212],[105.8975,10.50197],[105.83602,10.50205],[105.78573,10.50207],[105.74586,10.50222]]]]},"properties":{"sheet":"6130-2","name":"My An","year":"1970","edition":"002","kind":"pdf","url":"https://maps.lib.utexas.edu/maps/topo/vietnam/my_an-6130-2.pdf"}},{"type":"Feature","geometry":{"type":"Polygon","coordinates":[[[106.49592,17.25156],[106.74579,17.25155],[106.74584,17.00159],[106.49584,17.00159],[106.49592,17.25156],[106.49592,17.25156],[106.49592,17.25156]]]},"properties":{"sheet":"6343-3","name":"My Duc","year":"1968","edition":"003","kind":"pdf","url":"https://maps.lib.utexas.edu/maps/topo/vietnam/my_duc-6343-3.pdf"}},{"type":"Feature","geometry":{"type":"Polygon","coordinates":[[[106.4956,22.00109],[106.74574,22.00113],[106.7456,22.25103],[106.49572,22.25107],[106.4956,22.00109],[106.4956,22.00109]]]},"properties":{"sheet":"6353-3","name":"Na Cham","year":"1964","edition":"001","kind":"pdf","url":"https://maps.lib.utexas.edu/maps/topo/vietnam/na_cham-6353-3.pdf"}},{"type":"Feature","geometry":{"type":"Polygon","coordinates":[[[105.74572,22.25106],[105.99582,22.25103],[105.99577,22.50104],[105.74579,22.50105],[105.74572,22.25106],[105.74572,22.25106]]]},"properties":{"sheet":"6153-1","name":"Na Fac","year":"1964","edition":"001","kind":"pdf","url":"https://maps.lib.utexas.edu/maps/topo/vietnam/na_fac-6153-1.pdf"}},{"type":"Feature","geometry":{"type":"Polygon","coordinates":[[[105.24601,23.001],[105.49561,23.00083],[105.496,23.25099],[105.24559,23.25081],[105.24601,23.001],[105.24601,23.001],[105.24601,23.001],[105.24601,23.001],[105.24601,23.001]]]},"properties":{"sheet":"6055-2","name":"Na Kung","year":"1968","edition":"002","kind":"pdf","url":"https://maps.lib.utexas.edu/maps/topo/vietnam/na_kung-6055-2.pdf"}},{"type":"Feature","geometry":{"type":"Polygon","coordinates":[[[104.99577,23.00099],[105.24592,23.00092],[105.24572,23.25095],[104.99597,23.25067],[104.99577,23.00099],[104.99577,23.00099],[104.99577,23.00099],[104.99577,23.00099]]]},"properties":{"sheet":"6055-3","name":"Na Lay","year":"1968","edition":"002","kind":"pdf","url":"https://maps.lib.utexas.edu/maps/topo/vietnam/na_lay-6055-3.pdf"}},{"type":"Feature","geometry":{"type":"Polygon","coordinates":[[[104.99575,22.50106],[105.24588,22.50103],[105.24591,22.75094],[104.9959,22.75106],[104.99575,22.50106],[104.99575,22.50106],[104.99575,22.50106]]]},"properties":{"sheet":"6054-3","name":"Na Mong","year":"1964","edition":"001","kind":"pdf","url":"https://maps.lib.utexas.edu/maps/topo/vietnam/na_mong-6054-3.pdf"}},{"type":"Feature","geometry":{"type":"Polygon","coordinates":[[[104.74619,9.00219],[104.76805,9.00229],[104.91557,9.00225],[104.99619,9.00225],[104.99618,8.99941],[104.99622,8.75226],[104.97377,8.75226],[104.76775,8.75226],[104.74617,8.75226],[104.74619,9.00219],[104.74619,9.00219],[104.74619,9.00219]]]},"properties":{"sheet":"5926-1","name":"Nam Can","year":"1966","edition":"001","kind":"pdf","url":"https://maps.lib.utexas.edu/maps/topo/vietnam/nam_can-5926-1.pdf"}},{"type":"Feature","geometry":{"type":"Polygon","coordinates":[[[105.99583,20.50127],[106.01145,20.50131],[106.16112,20.50128],[106.23194,20.50131],[106.24579,20.5013],[106.24581,20.4972],[106.24576,20.25123],[106.22791,20.25128],[106.02097,20.25126],[105.99582,20.25127],[105.99583,20.50127],[105.99583,20.50127],[105.99583,20.50127],[105.99583,20.50127]]]},"properties":{"sheet":"6249-4","name":"Nam Dinh","year":"1966","edition":"002","kind":"pdf","url":"https://maps.lib.utexas.edu/maps/topo/vietnam/nam_dinh-6249-4.pdf"}},{"type":"Feature","geometry":{"type":"Polygon","coordinates":[[[103.24624,22.00101],[103.49611,22.00106],[103.49607,22.2511],[103.2462,22.25106],[103.24624,22.00101],[103.24624,22.00101],[103.24624,22.00101],[103.24624,22.00101],[103.24624,22.00101],[103.24624,22.00101]]]},"properties":{"sheet":"5653-2","name":"Nam Ma","year":"1966","edition":"002","kind":"pdf","url":"https://maps.lib.utexas.edu/maps/topo/vietnam/nam_ma-5653-2.pdf"}},{"type":"Feature","geometry":{"type":"Polygon","coordinates":[[[105.74584,22.75095],[105.99572,22.75102],[105.99581,23.00094],[105.74576,23.001],[105.74584,22.75095],[105.74584,22.75095],[105.74584,22.75095],[105.74584,22.75095]]]},"properties":{"sheet":"6154-1","name":"Nam Quet","year":"1964","edition":"001","kind":"pdf","url":"https://maps.lib.utexas.edu/maps/topo/vietnam/nam_quet-6154-1.pdf"}},{"type":"Feature","geometry":{"type":"Polygon","coordinates":[[[103.99604,22.50097],[104.24608,22.5009],[104.24602,22.75095],[103.99607,22.75093],[103.99604,22.50097]]]},"properties":{"sheet":"5854-3","name":"Ngai Fong Tion","year":"1965","edition":"001","kind":"pdf","url":"https://maps.lib.utexas.edu/maps/topo/vietnam/ngai_fong_tion-5854-3.pdf"}},{"type":"Feature","geometry":{"type":"Polygon","coordinates":[[[105.24587,19.5013],[105.49601,19.50136],[105.49597,19.25129],[105.24591,19.25127],[105.24587,19.5013],[105.24587,19.5013],[105.24587,19.5013],[105.24587,19.5013],[105.24587,19.5013]]]},"properties":{"sheet":"6047-1","name":"Nghia Hung","year":"1966","edition":"002","kind":"pdf","url":"https://maps.lib.utexas.edu/maps/topo/vietnam/nghia_hung-6047-1.pdf"}},{"type":"Feature","geometry":{"type":"Polygon","coordinates":[[[104.74609,21.75109],[104.73846,21.75112],[104.71326,21.75116],[104.68964,21.75118],[104.66514,21.75117],[104.65021,21.75115],[104.62527,21.75118],[104.59421,21.75117],[104.56678,21.75119],[104.53745,21.75117],[104.49902,21.75115],[104.49597,21.75113],[104.49602,21.74545],[104.49601,21.67764],[104.49602,21.62847],[104.496,21.56046],[104.49583,21.50097],[104.499,21.501],[104.51033,21.50102],[104.57521,21.50104],[104.63388,21.50108],[104.6817,21.50108],[104.74252,21.50104],[104.74611,21.50101],[104.74607,21.5048],[104.74604,21.74911],[104.74609,21.75109]]]},"properties":{"sheet":"5952-3","name":"Nghia Lo","year":"1965","edition":"001","kind":"pdf","url":"https://maps.lib.utexas.edu/maps/topo/vietnam/nghia_lo-5952-3.pdf"}},{"type":"Feature","geometry":{"type":"Polygon","coordinates":[[[107.49582,12.25199],[107.52505,12.25197],[107.55343,12.25194],[107.57817,12.25192],[107.59973,12.25191],[107.62895,12.2519],[107.66542,12.2519],[107.70111,12.25198],[107.73312,12.25197],[107.74585,12.25195],[107.74585,12.2103],[107.74581,12.15612],[107.74591,12.09295],[107.74594,12.02054],[107.74594,12.0019],[107.72137,12.00189],[107.69112,12.00193],[107.67116,12.00196],[107.64656,12.00195],[107.62006,12.00192],[107.59486,12.0019],[107.57175,12.00189],[107.54097,12.00185],[107.51413,12.00185],[107.49578,12.00189],[107.49579,12.01889],[107.4958,12.03918],[107.49586,12.10101],[107.49578,12.18011],[107.49581,12.24478],[107.49582,12.25199],[107.49582,12.25199],[107.49582,12.25199],[107.49582,12.25199]]]},"properties":{"sheet":"6533-3","name":"Nghia Tin","year":"1965","edition":"001","kind":"pdf","url":"https://maps.lib.utexas.edu/maps/topo/vietnam/nghia_tin-6533-3.pdf"}},{"type":"Feature","geometry":{"type":"MultiPolygon","coordinates":[[[[106.49582,17.00154],[106.51268,17.00154],[106.69393,17.00157],[106.74589,17.00158],[106.74588,16.99669],[106.74596,16.95049],[106.74595,16.75158],[106.72921,16.75151],[106.56727,16.75155],[106.49587,16.7516],[106.49586,16.7617],[106.49582,17.00154]]],[[[106.49582,17.00154],[106.49579,17.00154],[106.49582,17.00154],[106.49582,17.00154]]]]},"properties":{"sheet":"6342-4","name":"Nguon Rao","year":"1971","edition":"004","kind":"pdf","url":"https://maps.lib.utexas.edu/maps/topo/vietnam/nguon_rao-63424_geo.pdf"}},{"type":"Feature","geometry":{"type":"MultiPolygon","coordinates":[[[[105.74587,22.501],[105.74587,22.50098],[105.74581,22.501],[105.74587,22.501]]],[[[105.74587,22.501],[105.74589,22.52917],[105.74573,22.75111],[105.77677,22.75108],[105.9842,22.75104],[105.99579,22.75102],[105.99579,22.5113],[105.99574,22.50101],[105.942,22.50109],[105.85624,22.50103],[105.76571,22.501],[105.74587,22.501]]]]},"properties":{"sheet":"6154-2","name":"Nguyen Binh","year":"1964","edition":"001","kind":"pdf","url":"https://maps.lib.utexas.edu/maps/topo/vietnam/nguyen_binh-6154-2.pdf"}},{"type":"Feature","geometry":{"type":"Polygon","coordinates":[[[108.99572,12.25197],[109.24562,12.25197],[109.24574,12.00198],[108.99564,12.00199],[108.99572,12.25188],[108.99572,12.25197],[108.99572,12.25197],[108.99572,12.25197],[108.99572,12.25197],[108.99572,12.25197]]]},"properties":{"sheet":"6833-3","name":"Nha Trang","year":"1983","edition":"003","kind":"pdf","url":"https://maps.lib.utexas.edu/maps/topo/vietnam/nha_trang-6833-3.pdf"}},{"type":"Feature","geometry":{"type":"Polygon","coordinates":[[[105.99585,18.5015],[106.01836,18.50148],[106.19392,18.50149],[106.24586,18.50146],[106.24584,18.49619],[106.24588,18.25151],[106.22927,18.25148],[105.99592,18.25147],[105.99585,18.5015],[105.99585,18.5015],[105.99585,18.5015],[105.99585,18.5015]]]},"properties":{"sheet":"6245-4","name":"Nhuong Ban","year":"1966","edition":"002","kind":"pdf","url":"https://maps.lib.utexas.edu/maps/topo/vietnam/nhuong_ban-6245-4.pdf"}},{"type":"Feature","geometry":{"type":"Polygon","coordinates":[[[105.74587,20.50124],[105.76076,20.50129],[105.9111,20.50135],[105.96808,20.50131],[105.99593,20.50122],[105.9959,20.49838],[105.99586,20.25126],[105.9771,20.25123],[105.80192,20.25125],[105.74586,20.2512],[105.74587,20.50124],[105.74587,20.50124],[105.74587,20.50124],[105.74587,20.50124],[105.74587,20.50124]]]},"properties":{"sheet":"6149-1","name":"Ninh Binh","year":"1965","edition":"001","kind":"pdf","url":"https://maps.lib.utexas.edu/maps/topo/vietnam/ninh_binh-6149-1.pdf"}},{"type":"Feature","geometry":{"type":"MultiPolygon","coordinates":[[[[106.24591,20.75128],[106.26471,20.75131],[106.46724,20.75124],[106.49576,20.75123],[106.49574,20.74644],[106.49575,20.5778],[106.49587,20.50127],[106.47973,20.5013],[106.33287,20.50119],[106.26913,20.50125],[106.24583,20.5012],[106.24581,20.51176],[106.24591,20.75128]]],[[[106.24591,20.75128],[106.24588,20.75128],[106.24591,20.75128],[106.24591,20.75128]]]]},"properties":{"sheet":"6250-2","name":"Ninh Giang","year":"1966","edition":"002","kind":"pdf","url":"https://maps.lib.utexas.edu/maps/topo/vietnam/ninh_giang-6250-2.pdf"}},{"type":"Feature","geometry":{"type":"Polygon","coordinates":[[[108.99553,12.502],[109.24555,12.50197],[109.24555,12.25199],[108.99552,12.25198],[108.99553,12.502],[108.99553,12.502],[108.99553,12.502]]]},"properties":{"sheet":"6833-4","name":"Ninh Hoa","year":"1971","edition":"002","kind":"pdf","url":"https://maps.lib.utexas.edu/maps/topo/vietnam/ninh_hoa-6833-4.pdf"}},{"type":"Feature","geometry":{"type":"Polygon","coordinates":[[[109.24563,12.75195],[109.26697,12.75198],[109.46791,12.75201],[109.49549,12.75208],[109.49553,12.74891],[109.49557,12.50193],[109.47136,12.50196],[109.2455,12.50194],[109.24563,12.75195],[109.24563,12.75195],[109.24563,12.75195],[109.24563,12.75195],[109.24563,12.75195]]]},"properties":{"sheet":"6834-2","name":"Ninh Lam","year":"1971","edition":"002","kind":"pdf","url":"https://maps.lib.utexas.edu/maps/topo/vietnam/ninh_lam-6834-2.pdf"}},{"type":"Feature","geometry":{"type":"Polygon","coordinates":[[[109.24558,12.25198],[109.4956,12.25203],[109.49554,12.50195],[109.24562,12.50198],[109.24558,12.25198],[109.24558,12.25198]]]},"properties":{"sheet":"6833-1","name":"Ninh Phuoc","year":"1971","edition":"002","kind":"pdf","url":"https://maps.lib.utexas.edu/maps/topo/vietnam/ninh_phuoc-6833-1.pdf"}},{"type":"Feature","geometry":{"type":"Polygon","coordinates":[[[109.24565,12.00213],[109.26479,12.00213],[109.4956,12.00195],[109.4956,11.99815],[109.4956,11.75209],[109.47226,11.75213],[109.24566,11.75193],[109.24565,12.00213],[109.24565,12.00213],[109.24565,12.00213],[109.24565,12.00213]]]},"properties":{"sheet":"6832-1","name":"Nui Cam Linh","year":"1983","edition":"003","kind":"pdf","url":"https://maps.lib.utexas.edu/maps/topo/vietnam/nui_cam_linh-6832-1.pdf"}},{"type":"Feature","geometry":{"type":"Polygon","coordinates":[[[105.9955,22.50101],[106.24587,22.5011],[106.2456,22.75099],[105.99593,22.75104],[105.9955,22.50101],[105.9955,22.50101],[105.9955,22.50101],[105.9955,22.50101]]]},"properties":{"sheet":"6254-3","name":"Nuoc Hai","year":"1964","edition":"001","kind":"pdf","url":"https://maps.lib.utexas.edu/maps/topo/vietnam/nuoc_hai-6254-3.pdf"}},{"type":"Feature","geometry":{"type":"Polygon","coordinates":[[[104.7459,21.25112],[104.76581,21.25117],[104.99606,21.25115],[104.99607,21.24762],[104.9959,21.0012],[104.97373,21.00118],[104.75945,21.00117],[104.74607,21.00114],[104.74603,21.01005],[104.74587,21.23866],[104.7459,21.25115],[104.7459,21.25112],[104.7459,21.25112],[104.7459,21.25112],[104.7459,21.25112]]]},"properties":{"sheet":"5951-2","name":"Nuoc Moc","year":"1964","edition":"001","kind":"pdf","url":"https://maps.lib.utexas.edu/maps/topo/vietnam/nuoc_moc-5951-2.pdf"}},{"type":"Feature","geometry":{"type":"Polygon","coordinates":[[[106.74585,21.50118],[106.74586,21.75118],[106.49575,21.75121],[106.49585,21.50101],[106.74585,21.50118],[106.74585,21.50118],[106.74585,21.50118],[106.74585,21.50118],[106.74585,21.50118],[106.74585,21.50118]]]},"properties":{"sheet":"6352-3","name":"On","year":"1965","edition":"001","kind":"pdf","url":"https://maps.lib.utexas.edu/maps/topo/vietnam/on-6352-3.pdf"}},{"type":"Feature","geometry":{"type":"Polygon","coordinates":[[[104.24604,22.50104],[104.49598,22.50104],[104.496,22.75102],[104.246,22.75101],[104.24604,22.50104],[104.24604,22.50104],[104.24604,22.50104],[104.24604,22.50104]]]},"properties":{"sheet":"5854-2","name":"Pa Kha","year":"1965","edition":"001","kind":"pdf","url":"https://maps.lib.utexas.edu/maps/topo/vietnam/pa_kha-5854-2.pdf"}},{"type":"Feature","geometry":{"type":"Polygon","coordinates":[[[105.24581,22.50093],[105.26519,22.50096],[105.49595,22.50102],[105.49594,22.49695],[105.49582,22.25098],[105.47041,22.25093],[105.31675,22.25097],[105.24595,22.25106],[105.24581,22.50093],[105.24581,22.50093],[105.24581,22.50093],[105.24581,22.50093],[105.24581,22.50093]]]},"properties":{"sheet":"6053-1","name":"Paka","year":"1968","edition":"002","kind":"pdf","url":"https://maps.lib.utexas.edu/maps/topo/vietnam/paka-6053-1.pdf"}},{"type":"Feature","geometry":{"type":"Polygon","coordinates":[[[106.24578,21.25118],[106.49577,21.25122],[106.49585,21.00115],[106.24568,21.0011],[106.24578,21.25118],[106.24578,21.25118],[106.24578,21.25118],[106.24578,21.25118],[106.24578,21.25118]]]},"properties":{"sheet":"6251-2","name":"Pha Lai","year":"1966","edition":"002","kind":"pdf","url":"https://maps.lib.utexas.edu/maps/topo/vietnam/pha_lai-6251-2.pdf"}},{"type":"Feature","geometry":{"type":"Polygon","coordinates":[[[108.74562,11.7521],[108.99571,11.75212],[108.99568,11.50208],[108.74562,11.5021],[108.74562,11.7521],[108.74562,11.7521],[108.74562,11.7521]]]},"properties":{"sheet":"6732-2","name":"Phan Rang","year":"1968","edition":"003","kind":"pdf","url":"https://maps.lib.utexas.edu/maps/topo/vietnam/phan_rang-6732-2.pdf"}},{"type":"Feature","geometry":{"type":"Polygon","coordinates":[[[108.49582,11.25207],[108.51363,11.25207],[108.62127,11.25209],[108.69351,11.25213],[108.74562,11.25211],[108.74563,11.24798],[108.74572,11.00213],[108.722,11.00207],[108.49562,11.0021],[108.49582,11.25207],[108.49582,11.25207],[108.49582,11.25207],[108.49582,11.25207]]]},"properties":{"sheet":"6731-3","name":"Phan Ri","year":"1983","edition":"002","kind":"pdf","url":"https://maps.lib.utexas.edu/maps/topo/vietnam/phan_ri-6731-3.pdf"}},{"type":"Feature","geometry":{"type":"Polygon","coordinates":[[[105.99589,20.25119],[106.2458,20.25126],[106.24581,20.24214],[106.24576,20.1507],[106.24585,20.08185],[106.24586,20.02952],[106.24587,20.00135],[106.10753,20.00135],[106.03204,20.00126],[105.9958,20.00123],[105.99589,20.25119],[105.99589,20.25119],[105.99589,20.25119]]]},"properties":{"sheet":"6249-3","name":"Phat Diem","year":"1966","edition":"002","kind":"pdf","url":"https://maps.lib.utexas.edu/maps/topo/vietnam/phat_diem-6249-3.pdf"}},{"type":"Feature","geometry":{"type":"Polygon","coordinates":[[[107.99554,12.00204],[108.24585,12.00206],[108.24564,11.75189],[107.99577,11.75198],[107.99554,12.00204],[107.99554,12.00204],[107.99554,12.00204],[107.99554,12.00204],[107.99554,12.00204],[107.99554,12.00204]]]},"properties":{"sheet":"6632-4","name":"Phi Lieng","year":"1989","edition":"002","kind":"pdf","url":"https://maps.lib.utexas.edu/maps/topo/vietnam/phi_lieng-6632-4.pdf"}},{"type":"Feature","geometry":{"type":"Polygon","coordinates":[[[107.99574,12.25193],[108.24565,12.25186],[108.24574,12.00203],[107.99558,12.00191],[107.99574,12.25193],[107.99574,12.25193],[107.99574,12.25193],[107.99574,12.25193]]]},"properties":{"sheet":"6633-3","name":"Phi Sroin","year":"1989","edition":"002","kind":"pdf","url":"https://maps.lib.utexas.edu/maps/topo/vietnam/phi_sroin-6633-3.pdf"}},{"type":"Feature","geometry":{"type":"Polygon","coordinates":[[[106.24583,22.001],[106.49571,22.00103],[106.49584,21.75119],[106.49228,21.75125],[106.3789,21.75123],[106.2896,21.75112],[106.24602,21.75103],[106.24583,22.001],[106.24583,22.001],[106.24583,22.001],[106.24583,22.001]]]},"properties":{"sheet":"6252-1","name":"Pho Binh Gia","year":"1964","edition":"001","kind":"pdf","url":"https://maps.lib.utexas.edu/maps/topo/vietnam/pho_binh_gia-6252-1.pdf"}},{"type":"Feature","geometry":{"type":"Polygon","coordinates":[[[105.24581,18.75131],[105.26687,18.75126],[105.33488,18.75148],[105.3985,18.75153],[105.45376,18.75149],[105.49607,18.75143],[105.49603,18.7463],[105.49589,18.50128],[105.48345,18.50134],[105.24597,18.5014],[105.24581,18.75131],[105.24581,18.75131],[105.24581,18.75131]]]},"properties":{"sheet":"6046-2","name":"Pho Chau","year":"1971","edition":"002","kind":"pdf","url":"https://maps.lib.utexas.edu/maps/topo/vietnam/pho_chau-6046-2.pdf"}},{"type":"Feature","geometry":{"type":"Polygon","coordinates":[[[103.99601,22.50106],[104.0227,22.50104],[104.09196,22.50103],[104.24602,22.50104],[104.24601,22.25099],[104.22691,22.25101],[104.03997,22.25101],[103.99603,22.25102],[103.99601,22.26093],[103.99598,22.47379],[103.99601,22.50103],[103.99601,22.50106],[103.99601,22.50106],[103.99601,22.50106],[103.99601,22.50106],[103.99601,22.50106]]]},"properties":{"sheet":"5853-4","name":"Pho Lu","year":"1971","edition":"002","kind":"pdf","url":"https://maps.lib.utexas.edu/maps/topo/vietnam/pho_lu-5853-4.pdf"}},{"type":"Feature","geometry":{"type":"Polygon","coordinates":[[[105.49592,19.50135],[105.74592,19.50139],[105.74606,19.25133],[105.49582,19.25132],[105.49592,19.50135],[105.49592,19.50135],[105.49592,19.50135],[105.49592,19.50135]]]},"properties":{"sheet":"6147-4","name":"Phong Bai","year":"1966","edition":"002","kind":"pdf","url":"https://maps.lib.utexas.edu/maps/topo/vietnam/phong_bai-6147-4.pdf"}},{"type":"Feature","geometry":{"type":"Polygon","coordinates":[[[105.49603,10.502],[105.74614,10.50208],[105.74615,10.75215],[105.49612,10.75217],[105.49612,10.75217],[105.49603,10.502]]]},"properties":{"sheet":"6130-3","name":"Phong My","year":"1965","edition":"001","kind":"pdf","url":"https://maps.lib.utexas.edu/maps/topo/vietnam/phong_my-6130-3.pdf"}},{"type":"Feature","geometry":{"type":"Polygon","coordinates":[[[105.74618,10.00205],[105.7405,10.00202],[105.71788,10.00204],[105.70096,10.00201],[105.68041,10.00202],[105.66658,10.00201],[105.65562,10.00199],[105.63704,10.00197],[105.62097,10.00196],[105.59983,10.00194],[105.58679,10.00195],[105.561,10.00201],[105.53053,10.00204],[105.5042,10.00204],[105.49602,10.00206],[105.49603,10.00563],[105.49601,10.09481],[105.49601,10.13381],[105.49594,10.20974],[105.4959,10.25213],[105.5019,10.25214],[105.56319,10.25225],[105.59858,10.2522],[105.61116,10.25222],[105.61623,10.25222],[105.62226,10.25221],[105.66987,10.25224],[105.67277,10.25219],[105.7412,10.25212],[105.74622,10.25213],[105.74611,10.12148],[105.74603,10.0112],[105.74618,10.00205]]]},"properties":{"sheet":"6129-3","name":"Phong Phu","year":"1969","edition":"003","kind":"pdf","url":"https://maps.lib.utexas.edu/maps/topo/vietnam/phong_phu-6129-3.pdf"}},{"type":"Feature","geometry":{"type":"Polygon","coordinates":[[[103.24615,22.50094],[103.49613,22.50101],[103.49608,22.75089],[103.24616,22.75103],[103.24615,22.50094]]]},"properties":{"sheet":"5654-2","name":"Phong Tho","year":"1965","edition":"001","kind":"pdf","url":"https://maps.lib.utexas.edu/maps/topo/vietnam/phong_tho-5654-2.pdf"}},{"type":"Feature","geometry":{"type":"Polygon","coordinates":[[[105.49607,19.00139],[105.74592,19.00135],[105.74597,18.75141],[105.49598,18.75129],[105.49607,19.00139],[105.49607,19.00139],[105.49607,19.00139]]]},"properties":{"sheet":"6146-4","name":"Phu Dien Chau","year":"1966","edition":"002","kind":"pdf","url":"https://maps.lib.utexas.edu/maps/topo/vietnam/phu_dien_chau-6146-4.pdf"}},{"type":"Feature","geometry":{"type":"Polygon","coordinates":[[[108.74562,13.00193],[108.76976,13.00193],[108.99569,13.00189],[108.99572,13.0],[108.99568,12.75189],[108.97344,12.75188],[108.7457,12.75185],[108.74562,13.00193],[108.74562,13.00193],[108.74562,13.00193],[108.74562,13.00193],[108.74562,13.00193]]]},"properties":{"sheet":"6734-1","name":"Phu Duc","year":"1964","edition":"001","kind":"pdf","url":"https://maps.lib.utexas.edu/maps/topo/vietnam/phu_duc-6734-1.pdf"}},{"type":"Feature","geometry":{"type":"Polygon","coordinates":[[[109.24549,13.75191],[109.26809,13.75193],[109.3642,13.7519],[109.43976,13.75182],[109.49563,13.75178],[109.49565,13.73944],[109.49556,13.59723],[109.49563,13.50186],[109.47859,13.50186],[109.39676,13.50183],[109.27668,13.50173],[109.24558,13.50173],[109.24549,13.75191],[109.24549,13.75191],[109.24549,13.75191]]]},"properties":{"sheet":"6836-2","name":"Phu Hoi","year":"1989","edition":"002","kind":"pdf","url":"https://maps.lib.utexas.edu/maps/topo/vietnam/phu_hoi-6836-2.pdf"}},{"type":"Feature","geometry":{"type":"Polygon","coordinates":[[[106.24576,21.25118],[106.24581,21.50107],[105.99577,21.50102],[105.99589,21.25115],[106.24576,21.25118],[106.24576,21.25118],[106.24576,21.25118],[106.24576,21.25118],[106.24576,21.25118]]]},"properties":{"sheet":"6251-4","name":"Phu Lang Thuong","year":"1966","edition":"002","kind":"pdf","url":"https://maps.lib.utexas.edu/maps/topo/vietnam/phu_lang_thuong-6251-4.pdf"}},{"type":"Feature","geometry":{"type":"Polygon","coordinates":[[[108.9956,14.00193],[109.24544,14.00192],[109.24558,14.25189],[108.99551,14.25191],[108.9956,14.00193],[108.9956,14.00193],[108.9956,14.00193],[108.9956,14.00193]]]},"properties":{"sheet":"6837-3","name":"Phu My","year":"1970","edition":"002","kind":"pdf","url":"https://maps.lib.utexas.edu/maps/topo/vietnam/phu_my-6837-3.pdf"}},{"type":"Feature","geometry":{"type":"Polygon","coordinates":[[[107.99577,13.75187],[108.01545,13.75191],[108.24575,13.75188],[108.24569,13.74692],[108.24568,13.50194],[108.22892,13.50192],[108.03711,13.50185],[107.99575,13.50183],[107.99577,13.75187],[107.99577,13.75187],[107.99577,13.75187],[107.99577,13.75187]]]},"properties":{"sheet":"6636-3","name":"Phu Nhon","year":"1970","edition":"002","kind":"pdf","url":"https://maps.lib.utexas.edu/maps/topo/vietnam/phu_nhon-6636-3.pdf"}},{"type":"Feature","geometry":{"type":"Polygon","coordinates":[[[103.24589,22.50096],[103.24606,22.50096],[103.24606,22.50116],[103.24887,22.50116],[103.25714,22.50121],[103.25708,22.50101],[103.2686,22.50105],[103.29473,22.50109],[103.35444,22.50116],[103.36867,22.50117],[103.3934,22.50123],[103.41792,22.50135],[103.41809,22.50113],[103.41867,22.50123],[103.42428,22.50132],[103.45045,22.50125],[103.45058,22.50115],[103.45178,22.50111],[103.45249,22.50132],[103.46552,22.50129],[103.48032,22.50129],[103.49264,22.50127],[103.493,22.50105],[103.49324,22.50127],[103.49603,22.50128],[103.49599,22.50102],[103.49623,22.50104],[103.49614,22.5009],[103.49613,22.49867],[103.49613,22.49425],[103.4961,22.48522],[103.4961,22.47354],[103.4964,22.4734],[103.49623,22.47334],[103.49612,22.47322],[103.49612,22.47254],[103.49616,22.46712],[103.49613,22.44548],[103.49613,22.44171],[103.49612,22.43607],[103.4961,22.41561],[103.49615,22.40891],[103.49611,22.40126],[103.49613,22.38878],[103.49615,22.36355],[103.49617,22.35861],[103.49617,22.34617],[103.49614,22.32604],[103.49618,22.31265],[103.49619,22.30119],[103.49616,22.28507],[103.49615,22.27833],[103.49621,22.27263],[103.49618,22.27139],[103.49633,22.27123],[103.49635,22.27111],[103.49622,22.27113],[103.49622,22.2707],[103.4962,22.25852],[103.49619,22.25364],[103.4962,22.25093],[103.49311,22.25095],[103.48212,22.25099],[103.4433,22.25104],[103.40441,22.25104],[103.38032,22.25104],[103.3684,22.25104],[103.35843,22.25099],[103.31247,22.251],[103.28409,22.25101],[103.26862,22.25102],[103.25675,22.25086],[103.24858,22.25087],[103.24603,22.25088],[103.24606,22.25978],[103.24608,22.26576],[103.24612,22.3203],[103.24615,22.36526],[103.24614,22.41059],[103.24613,22.43321],[103.24597,22.43509],[103.24601,22.4427],[103.24616,22.44262],[103.24623,22.44455],[103.24608,22.44487],[103.24615,22.44501],[103.24616,22.44678],[103.24603,22.447],[103.24618,22.44708],[103.24612,22.44981],[103.24593,22.47398],[103.24591,22.48237],[103.24592,22.498],[103.24591,22.50094],[103.24591,22.50094],[103.24589,22.50096],[103.24589,22.50096],[103.24589,22.50096]]]},"properties":{"sheet":"5653-1","name":"Phu Nung Nong","year":"1966","edition":"002","kind":"pdf","url":"https://maps.lib.utexas.edu/maps/topo/vietnam/phu_nung_nong-5653-1.pdf"}},{"type":"Feature","geometry":{"type":"Polygon","coordinates":[[[108.24572,13.7519],[108.26658,13.7519],[108.3759,13.75184],[108.4957,13.75186],[108.4957,13.74728],[108.49569,13.50194],[108.46712,13.50194],[108.24571,13.50188],[108.24572,13.7519],[108.24572,13.7519],[108.24572,13.7519],[108.24572,13.7519]]]},"properties":{"sheet":"6636-2","name":"Phu Thien","year":"1965","edition":"001","kind":"pdf","url":"https://maps.lib.utexas.edu/maps/topo/vietnam/phu_thien-6636-2.pdf"}},{"type":"Feature","geometry":{"type":"Polygon","coordinates":[[[104.99596,21.50112],[105.01646,21.50117],[105.23591,21.50117],[105.24596,21.5011],[105.24592,21.49464],[105.24602,21.25115],[105.2364,21.25113],[104.99591,21.25108],[104.99596,21.50112],[104.99596,21.50112],[104.99596,21.50112],[104.99596,21.50112]]]},"properties":{"sheet":"6051-4","name":"Phu Tho","year":"1964","edition":"001","kind":"pdf","url":"https://maps.lib.utexas.edu/maps/topo/vietnam/phu_tho-6051-4.pdf"}},{"type":"Feature","geometry":{"type":"MultiPolygon","coordinates":[[[[108.4957,13.25185],[108.51783,13.25193],[108.74096,13.25193],[108.74562,13.25196],[108.74566,13.24579],[108.74572,13.00194],[108.7241,13.00194],[108.49566,13.00191],[108.49566,13.01193],[108.4957,13.25185]]],[[[108.4957,13.25185],[108.4957,13.25185],[108.4957,13.25188],[108.4957,13.25185]]]]},"properties":{"sheet":"6735-3","name":"Phu Tuc","year":"1965","edition":"001","kind":"pdf","url":"https://maps.lib.utexas.edu/maps/topo/vietnam/phu_tuc-6735-3.pdf"}},{"type":"Feature","geometry":{"type":"Polygon","coordinates":[[[107.49571,16.75163],[107.51629,16.75166],[107.74573,16.75166],[107.74577,16.74939],[107.74562,16.50161],[107.7306,16.50157],[107.49577,16.5016],[107.49571,16.75163],[107.49571,16.75163],[107.49571,16.75163],[107.49571,16.75163]]]},"properties":{"sheet":"6542-3","name":"Phu Vang","year":"1968","edition":"002","kind":"pdf","url":"https://maps.lib.utexas.edu/maps/topo/vietnam/phu_vang-6542-3.pdf"}},{"type":"Feature","geometry":{"type":"Polygon","coordinates":[[[106.24596,10.00227],[106.27597,10.00222],[106.29402,10.00218],[106.33297,10.00215],[106.36842,10.0021],[106.40479,10.00206],[106.43214,10.00211],[106.46239,10.00216],[106.49594,10.0021],[106.49598,9.98624],[106.49594,9.94617],[106.49598,9.90633],[106.49586,9.86347],[106.4959,9.81547],[106.4959,9.78432],[106.49586,9.75217],[106.47187,9.75216],[106.45312,9.75217],[106.41673,9.75218],[106.38224,9.75215],[106.35064,9.75208],[106.32078,9.7521],[106.28628,9.7521],[106.24595,9.75204],[106.24598,9.76622],[106.24592,9.79136],[106.24593,9.82387],[106.24591,9.85016],[106.24594,9.86989],[106.24588,9.89546],[106.24593,9.93255],[106.24593,9.98913],[106.24596,10.00231],[106.24596,10.00227]]]},"properties":{"sheet":"6228-1","name":"Phu Vinh","year":"1965","edition":"001","kind":"pdf","url":"https://maps.lib.utexas.edu/maps/topo/vietnam/phu_vinh-6228-1.pdf"}},{"type":"Feature","geometry":{"type":"Polygon","coordinates":[[[104.74587,22.00113],[104.76575,22.00118],[104.99596,22.00103],[104.99606,21.99576],[104.99592,21.75109],[104.98334,21.75111],[104.74604,21.75098],[104.74587,22.00113],[104.74587,22.00113],[104.74587,22.00113],[104.74587,22.00113]]]},"properties":{"sheet":"5952-1","name":"Phu Yen Binh","year":"1966","edition":"002","kind":"pdf","url":"https://maps.lib.utexas.edu/maps/topo/vietnam/phu_yen_binh-5952-1.pdf"}},{"type":"Feature","geometry":{"type":"Polygon","coordinates":[[[106.49573,22.501],[106.74566,22.50105],[106.7457,22.751],[106.49567,22.75106],[106.49573,22.501],[106.49573,22.501],[106.49573,22.501],[106.49573,22.501]]]},"properties":{"sheet":"6354-3","name":"Phuc Hoa","year":"1964","edition":"001","kind":"pdf","url":"https://maps.lib.utexas.edu/maps/topo/vietnam/phuc_hoa-6354-3.pdf"}},{"type":"Feature","geometry":{"type":"Polygon","coordinates":[[[107.24586,14.00181],[107.49572,14.00188],[107.49583,14.25179],[107.24575,14.25186],[107.24586,14.00181],[107.24586,14.00181]]]},"properties":{"sheet":"6437-2","name":"Phum Hay","year":"1970","edition":"003","kind":"pdf","url":"https://maps.lib.utexas.edu/maps/topo/vietnam/phum_hay-6437-2.pdf"}},{"type":"Feature","geometry":{"type":"Polygon","coordinates":[[[105.74601,10.00207],[105.99588,10.00211],[105.99607,9.75212],[105.74583,9.75223],[105.74601,10.00207],[105.74601,10.00207],[105.74601,10.00207]]]},"properties":{"sheet":"6128-1","name":"Phung Hiep","year":"1965","edition":"001","kind":"pdf","url":"https://maps.lib.utexas.edu/maps/topo/vietnam/phung_hiep-6128-1.pdf"}},{"type":"Feature","geometry":{"type":"Polygon","coordinates":[[[106.74595,12.00208],[106.99584,12.00211],[106.99591,11.75196],[106.7458,11.75206],[106.74595,12.00208],[106.74595,12.00208],[106.74595,12.00208]]]},"properties":{"sheet":"6332-1","name":"Phuoc Binh","year":"1968","edition":"002","kind":"pdf","url":"https://maps.lib.utexas.edu/maps/topo/vietnam/phuoc_binh-6332-1.pdf"}},{"type":"Feature","geometry":{"type":"Polygon","coordinates":[[[108.99556,15.00178],[109.24563,15.0017],[109.24572,14.75168],[108.99554,14.75176],[108.99556,15.00178],[108.99556,15.00178],[108.99556,15.00178],[108.99556,15.00178],[108.99556,15.00178]]]},"properties":{"sheet":"6838-4","name":"Phuoc Dien","year":"1983","edition":"003","kind":"pdf","url":"https://maps.lib.utexas.edu/maps/topo/vietnam/phuoc_dien-6838-4.pdf"}},{"type":"Feature","geometry":{"type":"Polygon","coordinates":[[[105.24618,9.50225],[105.49626,9.50214],[105.49626,9.25215],[105.24615,9.25204],[105.24618,9.50225],[105.24618,9.50225],[105.24618,9.50225],[105.24618,9.50225],[105.24618,9.50225]]]},"properties":{"sheet":"6027-1","name":"Phuoc Long","year":"1965","edition":"001","kind":"pdf","url":"https://maps.lib.utexas.edu/maps/topo/vietnam/phuoc_long-6027-1.pdf"}},{"type":"Feature","geometry":{"type":"Polygon","coordinates":[[[106.7459,11.25201],[106.99585,11.25205],[106.9959,11.50199],[106.74586,11.50199],[106.7459,11.25201],[106.7459,11.25201]]]},"properties":{"sheet":"6331-1","name":"Phuoc Vinh","year":"1969","edition":"003","kind":"pdf","url":"https://maps.lib.utexas.edu/maps/topo/vietnam/phuoc_vinh-6331-1.pdf"}},{"type":"Feature","geometry":{"type":"Polygon","coordinates":[[[107.49581,13.75193],[107.74584,13.75171],[107.74587,13.50207],[107.49578,13.50189],[107.49578,13.50189],[107.49581,13.75193],[107.49581,13.75193],[107.49581,13.75193],[107.49581,13.75193]]]},"properties":{"sheet":"6536-3","name":"Pl Ya Bo","year":"1965","edition":"003","kind":"pdf","url":"https://maps.lib.utexas.edu/maps/topo/vietnam/pl_ya_bo-6536-3.pdf"}},{"type":"Feature","geometry":{"type":"Polygon","coordinates":[[[108.49574,13.75186],[108.51759,13.75192],[108.70454,13.75188],[108.74563,13.75189],[108.7456,13.7474],[108.74573,13.5019],[108.7235,13.50193],[108.49564,13.50191],[108.49574,13.75186],[108.49574,13.75186],[108.49574,13.75186],[108.49574,13.75186],[108.49574,13.75186]]]},"properties":{"sheet":"6736-3","name":"Plei Djama","year":"1970","edition":"002","kind":"pdf","url":"https://maps.lib.utexas.edu/maps/topo/vietnam/plei_djama-6736-3.pdf"}},{"type":"Feature","geometry":{"type":"Polygon","coordinates":[[[107.74577,14.25179],[107.76493,14.25187],[107.99571,14.25179],[107.99571,14.2476],[107.99574,14.00186],[107.97351,14.00182],[107.74583,14.00172],[107.74577,14.01377],[107.74574,14.25182],[107.74577,14.25179],[107.74577,14.25179],[107.74577,14.25179],[107.74577,14.25179]]]},"properties":{"sheet":"6537-2","name":"Plei Mrong","year":"1970","edition":"002","kind":"pdf","url":"https://maps.lib.utexas.edu/maps/topo/vietnam/plei_mrong-6537-2.pdf"}},{"type":"Feature","geometry":{"type":"Polygon","coordinates":[[[107.99571,14.25181],[108.01526,14.25188],[108.24273,14.25185],[108.24576,14.25183],[108.24577,14.24785],[108.24565,14.00183],[108.23401,14.00179],[107.99576,14.00184],[107.99571,14.25181],[107.99571,14.25181],[107.99571,14.25181],[107.99571,14.25181],[107.99571,14.25181]]]},"properties":{"sheet":"6637-3","name":"Plei Neh","year":"1970","edition":"002","kind":"pdf","url":"https://maps.lib.utexas.edu/maps/topo/vietnam/plei_neh-6637-3.pdf"}},{"type":"Feature","geometry":{"type":"Polygon","coordinates":[[[108.24573,14.25192],[108.26882,14.25192],[108.45212,14.25191],[108.49562,14.25189],[108.49562,14.2492],[108.49572,14.00188],[108.47895,14.00188],[108.24564,14.00178],[108.24567,14.00911],[108.24569,14.25192],[108.24573,14.25192],[108.24573,14.25192],[108.24573,14.25192],[108.24573,14.25192],[108.24573,14.25192]]]},"properties":{"sheet":"6637-2","name":"Plei Troeh","year":"1970","edition":"002","kind":"pdf","url":"https://maps.lib.utexas.edu/maps/topo/vietnam/plei_troeh-6637-2.pdf"}},{"type":"Feature","geometry":{"type":"Polygon","coordinates":[[[107.74568,14.50189],[107.99569,14.50179],[107.99582,14.25186],[107.74569,14.25178],[107.74568,14.50189],[107.74568,14.50189],[107.74568,14.50189]]]},"properties":{"sheet":"6537-1","name":"Polei Breng","year":"1970","edition":"002","kind":"pdf","url":"https://maps.lib.utexas.edu/maps/topo/vietnam/polei_breng-6537-1.pdf"}},{"type":"Feature","geometry":{"type":"Polygon","coordinates":[[[107.49569,14.25173],[107.51574,14.25181],[107.74575,14.25188],[107.74578,14.2458],[107.74578,14.00184],[107.72429,14.00175],[107.49579,14.00185],[107.49569,14.25173],[107.49569,14.25173],[107.49569,14.25173]]]},"properties":{"sheet":"6537-3","name":"Polei Yome","year":"1970","edition":"002","kind":"pdf","url":"https://maps.lib.utexas.edu/maps/topo/vietnam/polei_yome-6537-3.pdf"}},{"type":"Feature","geometry":{"type":"Polygon","coordinates":[[[104.99628,9.25216],[105.02146,9.25218],[105.10982,9.25212],[105.22935,9.25215],[105.24611,9.25212],[105.24613,9.24853],[105.2462,9.00229],[105.22235,9.00225],[105.00017,9.00213],[104.99611,9.00215],[104.99628,9.25216],[104.99628,9.25216],[104.99628,9.25216],[104.99628,9.25216]]]},"properties":{"sheet":"6027-3","name":"Quan Long","year":"1965","edition":"001","kind":"pdf","url":"https://maps.lib.utexas.edu/maps/topo/vietnam/quan_long-6027-3.pdf"}},{"type":"Feature","geometry":{"type":"Polygon","coordinates":[[[106.2458,17.75157],[106.26335,17.75158],[106.35797,17.75155],[106.42188,17.75155],[106.49592,17.75162],[106.49588,17.74216],[106.49589,17.5015],[106.47595,17.50148],[106.40084,17.50152],[106.31511,17.50142],[106.24574,17.50145],[106.2458,17.75157],[106.2458,17.75157],[106.2458,17.75157]]]},"properties":{"sheet":"6244-2","name":"Quang Khe","year":"1989","edition":"003","kind":"pdf","url":"https://maps.lib.utexas.edu/maps/topo/vietnam/quang_khe-6244-2.pdf"}},{"type":"Feature","geometry":{"type":"Polygon","coordinates":[[[108.74555,15.25177],[108.77153,15.2518],[108.95277,15.25181],[108.9956,15.25174],[108.99556,15.24654],[108.99551,15.0018],[108.97456,15.00176],[108.7456,15.00172],[108.74555,15.25177],[108.74555,15.25177],[108.74555,15.25177],[108.74555,15.25177],[108.74555,15.25177]]]},"properties":{"sheet":"6739-2","name":"Quang Ngai","year":"1984","edition":"003","kind":"pdf","url":"https://maps.lib.utexas.edu/maps/topo/vietnam/quang_ngai-6739-2.pdf"}},{"type":"Feature","geometry":{"type":"Polygon","coordinates":[[[105.49578,18.25135],[105.49587,18.25467],[105.49594,18.31387],[105.49585,18.49798],[105.49583,18.50152],[105.49847,18.50138],[105.50759,18.50139],[105.579,18.5014],[105.63569,18.50136],[105.68272,18.50141],[105.74222,18.50146],[105.74603,18.50151],[105.74593,18.49839],[105.74598,18.25467],[105.74611,18.25136],[105.74024,18.25137],[105.68584,18.25137],[105.66915,18.25137],[105.65056,18.25137],[105.58007,18.25137],[105.50142,18.25133],[105.49578,18.25135]]]},"properties":{"sheet":"6145-4","name":"Quang Te","year":"1965","edition":"001","kind":"pdf","url":"https://maps.lib.utexas.edu/maps/topo/vietnam/quang_te-6145-4.pdf"}},{"type":"Feature","geometry":{"type":"Polygon","coordinates":[[[106.99576,17.00154],[107.01606,17.00159],[107.21718,17.0016],[107.24574,17.00158],[107.24574,16.99723],[107.24584,16.75161],[107.22872,16.75159],[106.99575,16.75153],[106.99571,16.76129],[106.99579,17.00154],[106.99579,17.00154],[106.99576,17.00154],[106.99576,17.00154],[106.99576,17.00154],[106.99576,17.00154],[106.99576,17.00154]]]},"properties":{"sheet":"6442-4","name":"Quang Tri","year":"1969","edition":"003","kind":"pdf","url":"https://maps.lib.utexas.edu/maps/topo/vietnam/quang_tri-6442-4.pdf"}},{"type":"Feature","geometry":{"type":"Polygon","coordinates":[[[106.74583,17.25155],[106.76574,17.25156],[106.9826,17.2516],[106.99574,17.25156],[106.99574,17.24759],[106.99582,17.00147],[106.97724,17.00148],[106.74575,17.00155],[106.74583,17.25155],[106.74583,17.25155],[106.74583,17.25155],[106.74583,17.25155]]]},"properties":{"sheet":"6343-2","name":"Qui Hau","year":"1971","edition":"004","kind":"pdf","url":"https://maps.lib.utexas.edu/maps/topo/vietnam/qui_hau-6343-2.pdf"}},{"type":"Feature","geometry":{"type":"Polygon","coordinates":[[[108.99564,14.00187],[109.01281,14.00189],[109.2456,14.00184],[109.2456,13.99762],[109.24564,13.75192],[109.22282,13.75189],[108.99555,13.75189],[108.99564,14.00187],[108.99564,14.00187],[108.99564,14.00187],[108.99564,14.00187]]]},"properties":{"sheet":"6836-4","name":"Qui Nhon","year":"1969","edition":"002","kind":"pdf","url":"https://maps.lib.utexas.edu/maps/topo/vietnam/qui_nhon-6836-4.pdf"}},{"type":"Feature","geometry":{"type":"Polygon","coordinates":[[[103.49606,22.00125],[103.49814,22.00123],[103.65043,22.00126],[103.74622,22.0012],[103.74619,21.96306],[103.74614,21.80734],[103.74627,21.75107],[103.7461,21.75087],[103.74539,21.75087],[103.74377,21.75092],[103.74358,21.75106],[103.73001,21.7511],[103.72997,21.75096],[103.72978,21.75104],[103.72907,21.75108],[103.7267,21.75108],[103.72666,21.75096],[103.72621,21.7511],[103.72565,21.75111],[103.70017,21.75116],[103.65985,21.75116],[103.58416,21.75107],[103.51108,21.75101],[103.49875,21.75097],[103.49783,21.75089],[103.49599,21.75097],[103.49593,21.75127],[103.49604,21.7536],[103.4961,21.75372],[103.4962,21.76103],[103.4962,21.81689],[103.49621,21.84618],[103.49611,21.92521],[103.49609,21.95754],[103.49588,21.9578],[103.49603,21.9579],[103.49609,21.95916],[103.4961,21.97326],[103.49614,21.99751],[103.49615,21.99844],[103.49602,21.9986],[103.49604,22.00125],[103.49606,22.00125],[103.49606,22.00125],[103.49606,22.00125],[103.49606,22.00125],[103.49606,22.00125],[103.49606,22.00125]]]},"properties":{"sheet":"5752-4","name":"Quynh Nhai","year":"1966","edition":"002","kind":"pdf","url":"https://maps.lib.utexas.edu/maps/topo/vietnam/quynh_nhai-5752-4.pdf"}},{"type":"Feature","geometry":{"type":"Polygon","coordinates":[[[104.9962,10.25215],[105.01794,10.25211],[105.16288,10.25211],[105.23287,10.25211],[105.24616,10.25209],[105.24621,10.24769],[105.2461,10.00218],[105.22429,10.00218],[104.99616,10.00212],[104.9962,10.25215],[104.9962,10.25215],[104.9962,10.25215],[104.9962,10.25215]]]},"properties":{"sheet":"6029-3","name":"Rach Gia","year":"1965","edition":"001","kind":"pdf","url":"https://maps.lib.utexas.edu/maps/topo/vietnam/rach_gia-6029-3.pdf"}},{"type":"Feature","geometry":{"type":"Polygon","coordinates":[[[105.74614,10.00211],[105.74617,9.75207],[105.4961,9.75208],[105.49611,10.00215],[105.74614,10.00211],[105.74614,10.00211],[105.74614,10.00211],[105.74614,10.00211],[105.74614,10.00211]]]},"properties":{"sheet":"6128-4","name":"Rach Goi","year":"1965","edition":"001","kind":"pdf","url":"https://maps.lib.utexas.edu/maps/topo/vietnam/rach_goi-6128-4.pdf"}},{"type":"Feature","geometry":{"type":"Polygon","coordinates":[[[105.24594,18.50133],[105.49585,18.50146],[105.49604,18.25134],[105.24582,18.25144],[105.24594,18.50133],[105.24594,18.50133],[105.24594,18.50133]]]},"properties":{"sheet":"6045-1","name":"Rao Qua","year":"1966","edition":"002","kind":"pdf","url":"https://maps.lib.utexas.edu/maps/topo/vietnam/rao_qua-6045-1.pdf"}},{"type":"Feature","geometry":{"type":"Polygon","coordinates":[[[106.24585,18.0015],[106.49589,18.00151],[106.49579,17.75163],[106.24583,17.75147],[106.24585,18.0015],[106.24585,18.0015],[106.24585,18.0015],[106.24585,18.0015],[106.24585,18.0015],[106.24585,18.0015],[106.24585,18.0015],[106.24585,18.0015]]]},"properties":{"sheet":"6244-1","name":"Ron","year":"1989","edition":"003","kind":"pdf","url":"https://maps.lib.utexas.edu/maps/topo/vietnam/ron-6244-1.pdf"}},{"type":"Feature","geometry":{"type":"Polygon","coordinates":[[[105.99617,10.50204],[105.99614,10.25209],[105.74607,10.25203],[105.74596,10.50213],[105.99617,10.50204],[105.99617,10.50204],[105.99617,10.50204],[105.99617,10.50204],[105.99617,10.50204]]]},"properties":{"sheet":"6129-1","name":"Sa Dec","year":"1965","edition":"001","kind":"pdf","url":"https://maps.lib.utexas.edu/maps/topo/vietnam/sa_dec-6129-1.pdf"}},{"type":"Feature","geometry":{"type":"Polygon","coordinates":[[[105.74596,19.75128],[105.76482,19.75134],[105.92071,19.7514],[105.99581,19.75136],[105.99583,19.74755],[105.99589,19.51151],[105.99591,19.50133],[105.97891,19.50133],[105.8058,19.50137],[105.74579,19.50133],[105.74582,19.50909],[105.74593,19.75134],[105.74596,19.75128],[105.74596,19.75128],[105.74596,19.75128],[105.74596,19.75128]]]},"properties":{"sheet":"6148-2","name":"Sam Son","year":"1966","edition":"002","kind":"pdf","url":"https://maps.lib.utexas.edu/maps/topo/vietnam/sam_son-6148-2.pdf"}},{"type":"Feature","geometry":{"type":"Polygon","coordinates":[[[105.99571,22.75112],[106.24572,22.75093],[106.24568,23.00111],[105.99574,23.00096],[105.99571,22.75112],[105.99571,22.75112],[105.99571,22.75112],[105.99571,22.75112]]]},"properties":{"sheet":"6254-4","name":"Soc Giang","year":"1966","edition":"002","kind":"pdf","url":"https://maps.lib.utexas.edu/maps/topo/vietnam/soc_giang-6254-4.pdf"}},{"type":"Feature","geometry":{"type":"Polygon","coordinates":[[[108.4956,15.25178],[108.74559,15.25173],[108.74561,15.00172],[108.49554,15.00184],[108.4956,15.25178],[108.4956,15.25178],[108.4956,15.25178]]]},"properties":{"sheet":"6739-3","name":"Son Ha","year":"1984","edition":"003","kind":"pdf","url":"https://maps.lib.utexas.edu/maps/topo/vietnam/son_ha-6739-3.pdf"}},{"type":"Feature","geometry":{"type":"Polygon","coordinates":[[[108.74559,13.25172],[108.99574,13.25192],[108.99557,13.00186],[108.74551,13.00205],[108.74559,13.25172],[108.74559,13.25172],[108.74559,13.25172],[108.74559,13.25172],[108.74559,13.25172]]]},"properties":{"sheet":"6735-2","name":"Son Hoa","year":"1965","edition":"001","kind":"pdf","url":"https://maps.lib.utexas.edu/maps/topo/vietnam/son_hoa-6735-2.pdf"}},{"type":"Feature","geometry":{"type":"Polygon","coordinates":[[[103.74614,21.50105],[103.77078,21.50109],[103.79385,21.50109],[103.82098,21.5011],[103.84747,21.50104],[103.87322,21.50107],[103.89774,21.50106],[103.92595,21.50106],[103.94733,21.50107],[103.97542,21.50112],[103.9961,21.50109],[103.9962,21.45009],[103.99615,21.37796],[103.99622,21.31477],[103.99617,21.26953],[103.99615,21.25104],[103.96524,21.25108],[103.94068,21.25113],[103.91784,21.25115],[103.897,21.25117],[103.8776,21.25119],[103.85838,21.25118],[103.83908,21.25114],[103.81945,21.25112],[103.80033,21.2511],[103.78141,21.25108],[103.76204,21.25106],[103.74605,21.25104],[103.74606,21.27799],[103.7461,21.31432],[103.74612,21.34775],[103.7461,21.37542],[103.74609,21.43765],[103.74614,21.50105],[103.74614,21.50105]]]},"properties":{"sheet":"5751-1","name":"Son La","year":"1966","edition":"002","kind":"pdf","url":"https://maps.lib.utexas.edu/maps/topo/vietnam/son_la-5751-1.pdf"}},{"type":"Feature","geometry":{"type":"Polygon","coordinates":[[[105.49598,21.00111],[105.7458,21.00122],[105.74593,21.25111],[105.49585,21.25122],[105.49598,21.00111],[105.49598,21.00111]]]},"properties":{"sheet":"6151-3","name":"Son Tay","year":"1966","edition":"002","kind":"pdf","url":"https://maps.lib.utexas.edu/maps/topo/vietnam/son_tay-6151-3.pdf"}},{"type":"Feature","geometry":{"type":"Polygon","coordinates":[[[104.24599,21.00131],[104.49615,21.00124],[104.49614,20.75124],[104.24601,20.75118],[104.24599,21.00131],[104.24599,21.00131],[104.24599,21.00131]]]},"properties":{"sheet":"5850-1","name":"Song Con","year":"1966","edition":"002","kind":"pdf","url":"https://maps.lib.utexas.edu/maps/topo/vietnam/song_con-5850-1.pdf"}},{"type":"Feature","geometry":{"type":"Polygon","coordinates":[[[107.49583,11.0021],[107.74578,11.00212],[107.74581,10.75211],[107.49571,10.75204],[107.49583,11.0021],[107.49583,11.0021],[107.49583,11.0021]]]},"properties":{"sheet":"6530-4","name":"Song Dinh","year":"1968","edition":"002","kind":"pdf","url":"https://maps.lib.utexas.edu/maps/topo/vietnam/song_dinh-6530-4.pdf"}},{"type":"Feature","geometry":{"type":"Polygon","coordinates":[[[104.74624,9.25222],[104.77805,9.25223],[104.80744,9.25219],[104.83251,9.2522],[104.86504,9.25218],[104.89687,9.25218],[104.93271,9.25222],[104.96906,9.25226],[104.9962,9.2522],[104.99628,9.20313],[104.99625,9.13982],[104.99632,9.06744],[104.99627,9.00215],[104.96319,9.00219],[104.93334,9.00223],[104.88817,9.00224],[104.85627,9.00221],[104.82821,9.00219],[104.80136,9.00218],[104.77857,9.00218],[104.74613,9.00219],[104.74618,9.03404],[104.74623,9.0723],[104.74622,9.13429],[104.7462,9.22534],[104.74624,9.25222],[104.74624,9.25222],[104.74624,9.25222]]]},"properties":{"sheet":"5927-2","name":"Song Ong Doc","year":"1965","edition":"001","kind":"pdf","url":"https://maps.lib.utexas.edu/maps/topo/vietnam/song_ong_doc-5927-2.pdf"}},{"type":"Feature","geometry":{"type":"Polygon","coordinates":[[[103.49611,21.00128],[103.74629,21.00114],[103.74609,20.75123],[103.64712,20.75123],[103.51404,20.7512],[103.4963,20.75117],[103.4963,20.75175],[103.49611,21.00128]]]},"properties":{"sheet":"5750-4","name":"Sop Cop","year":"1965","edition":"001","kind":"pdf","url":"https://maps.lib.utexas.edu/maps/topo/vietnam/sop_cop-5750-4.pdf"}},{"type":"Feature","geometry":{"type":"Polygon","coordinates":[[[108.24569,11.50207],[108.2667,11.50209],[108.49389,11.50195],[108.4958,11.50196],[108.49575,11.4975],[108.49569,11.25207],[108.47325,11.25206],[108.24575,11.25199],[108.24569,11.50207],[108.24569,11.50207],[108.24569,11.50207],[108.24569,11.50207],[108.24569,11.50207],[108.24569,11.50207]]]},"properties":{"sheet":"6631-1","name":"Soprai","year":"1965","edition":"001","kind":"pdf","url":"https://maps.lib.utexas.edu/maps/topo/vietnam/soprai-6631-1.pdf"}},{"type":"Feature","geometry":{"type":"Polygon","coordinates":[[[107.24585,16.00173],[107.4958,16.00168],[107.49584,15.75178],[107.24575,15.75171],[107.24585,16.00173],[107.24585,16.00173],[107.24585,16.00173]]]},"properties":{"sheet":"6440-1","name":"Ta Ko","year":"1965","edition":"001","kind":"pdf","url":"https://maps.lib.utexas.edu/maps/topo/vietnam/ta_ko-6440-1.pdf"}},{"type":"Feature","geometry":{"type":"Polygon","coordinates":[[[102.99615,22.25096],[103.24615,22.25099],[103.24612,22.50094],[102.99616,22.50097],[102.99615,22.25096]]]},"properties":{"sheet":"5653-4","name":"Ta Phing","year":"1966","edition":"002","kind":"pdf","url":"https://maps.lib.utexas.edu/maps/topo/vietnam/ta_phing-5653-4.pdf"}},{"type":"Feature","geometry":{"type":"Polygon","coordinates":[[[108.24568,15.50175],[108.49564,15.50174],[108.49566,15.75173],[108.24567,15.75172],[108.24568,15.50175],[108.24568,15.50175]]]},"properties":{"sheet":"6640-2","name":"Tam Ky","year":"1984","edition":"003","kind":"pdf","url":"https://maps.lib.utexas.edu/maps/topo/vietnam/tam_ky-6640-2.pdf"}},{"type":"Feature","geometry":{"type":"Polygon","coordinates":[[[108.49556,15.75166],[108.56897,15.75164],[108.64364,15.75167],[108.69948,15.75171],[108.74559,15.75169],[108.74562,15.68456],[108.74562,15.576],[108.74562,15.50168],[108.66476,15.50167],[108.59021,15.50166],[108.52498,15.50168],[108.4955,15.50171],[108.49567,15.56857],[108.49558,15.70083],[108.49555,15.74556],[108.49556,15.75166],[108.49556,15.75166],[108.49556,15.75166]]]},"properties":{"sheet":"6740-3","name":"Tam Ky","year":"1983","edition":"003","kind":"pdf","url":"https://maps.lib.utexas.edu/maps/topo/vietnam/tam_ky-6740-3.pdf"}},{"type":"Feature","geometry":{"type":"Polygon","coordinates":[[[108.99573,14.75188],[109.24558,14.75179],[109.24568,14.50198],[108.99558,14.50187],[108.99573,14.75188],[108.99573,14.75188],[108.99573,14.75188]]]},"properties":{"sheet":"6838-3","name":"Tam Quan","year":"1983","edition":"003","kind":"pdf","url":"https://maps.lib.utexas.edu/maps/topo/vietnam/tam_quan-6838-3.pdf"}},{"type":"Feature","geometry":{"type":"Polygon","coordinates":[[[106.3852,10.50201],[106.49599,10.50206],[106.49596,10.7521],[106.24598,10.75205],[106.24593,10.50208],[106.3852,10.50201],[106.3852,10.50201],[106.3852,10.50201],[106.3852,10.50201]]]},"properties":{"sheet":"6230-2","name":"Tan An","year":"1970","edition":"002","kind":"pdf","url":"https://maps.lib.utexas.edu/maps/topo/vietnam/tan_an-6230-2.pdf"}},{"type":"Feature","geometry":{"type":"Polygon","coordinates":[[[108.49569,15.75185],[108.49571,16.0017],[108.74565,16.00172],[108.7458,15.75172],[108.7458,15.75172],[108.49569,15.75185]]]},"properties":{"sheet":"6740-4","name":"Tan Hiep","year":"1983","edition":"002","kind":"pdf","url":"https://maps.lib.utexas.edu/maps/topo/vietnam/tan_hiep-6740-4.pdf"}},{"type":"Feature","geometry":{"type":"MultiPolygon","coordinates":[[[[106.74595,11.2521],[106.84677,11.25203],[106.99591,11.25208],[106.99599,11.23167],[106.99601,11.1413],[106.99609,11.00197],[106.899,11.00204],[106.89862,11.00171],[106.89826,11.00176],[106.89826,11.002],[106.82131,11.00193],[106.76175,11.00192],[106.76167,11.00176],[106.76141,11.00183],[106.7609,11.00185],[106.76048,11.00194],[106.74979,11.00192],[106.74961,11.00189],[106.7491,11.00186],[106.74881,11.00177],[106.74866,11.00178],[106.74866,11.00192],[106.7473,11.00198],[106.74725,11.00185],[106.74592,11.00185],[106.7458,11.00196],[106.74593,11.10672],[106.74595,11.2521]]],[[[106.74595,11.2521],[106.74594,11.2521],[106.74595,11.25213],[106.74595,11.2521]]]]},"properties":{"sheet":"6331-2","name":"Tan Uyen","year":"1969","edition":"003","kind":"pdf","url":"https://maps.lib.utexas.edu/maps/topo/vietnam/tan_uyen-6331-2.pdf"}},{"type":"Feature","geometry":{"type":"Polygon","coordinates":[[[107.4959,11.25196],[107.74584,11.25208],[107.74593,11.00199],[107.49574,11.00196],[107.4959,11.25196],[107.4959,11.25196],[107.4959,11.25196],[107.4959,11.25196],[107.4959,11.25196],[107.4959,11.25196],[107.4959,11.25196]]]},"properties":{"sheet":"6531-3","name":"Tanh Linh","year":"1968","edition":"002","kind":"pdf","url":"https://maps.lib.utexas.edu/maps/topo/vietnam/tanh_linh-6531-3.pdf"}},{"type":"Feature","geometry":{"type":"Polygon","coordinates":[[[105.99594,11.50199],[106.2461,11.50203],[106.24602,11.25192],[105.99598,11.25188],[105.99594,11.50199],[105.99594,11.50199],[105.99594,11.50199],[105.99594,11.50199],[105.99594,11.50199]]]},"properties":{"sheet":"6231-4","name":"Tay Ninh","year":"1969","edition":"003","kind":"pdf","url":"https://maps.lib.utexas.edu/maps/topo/vietnam/tay_ninh-6231-4.pdf"}},{"type":"Feature","geometry":{"type":"Polygon","coordinates":[[[108.99564,13.50194],[109.24554,13.50179],[109.24566,13.75187],[108.99553,13.7518],[108.99564,13.50194],[108.99564,13.50194]]]},"properties":{"sheet":"6836-3","name":"Thach Khe","year":"1968","edition":"002","kind":"pdf","url":"https://maps.lib.utexas.edu/maps/topo/vietnam/thach_khe-6836-3.pdf"}},{"type":"Feature","geometry":{"type":"Polygon","coordinates":[[[106.2457,20.50129],[106.49586,20.50141],[106.49571,20.25139],[106.24583,20.25133],[106.2457,20.50129],[106.2457,20.50129],[106.2457,20.50129]]]},"properties":{"sheet":"6249-1","name":"Thai Binh","year":"1984","edition":"003","kind":"pdf","url":"https://maps.lib.utexas.edu/maps/topo/vietnam/thai_binh-6249-1.pdf"}},{"type":"Feature","geometry":{"type":"Polygon","coordinates":[[[105.74599,21.50113],[105.74581,21.75115],[105.99594,21.75107],[105.99584,21.50128],[105.74599,21.50112],[105.74599,21.50113],[105.74599,21.50113],[105.74599,21.50113]]]},"properties":{"sheet":"6152-2","name":"Thai Nguyen","year":"1964","edition":"001","kind":"pdf","url":"https://maps.lib.utexas.edu/maps/topo/vietnam/thai_nguyen-6152-2.pdf"}},{"type":"Feature","geometry":{"type":"Polygon","coordinates":[[[103.74616,22.00108],[103.76906,22.00106],[103.95979,22.00103],[103.99596,22.00106],[103.99605,21.99616],[103.99618,21.75109],[103.97878,21.75108],[103.81124,21.75106],[103.74601,21.75107],[103.74616,22.00108],[103.74616,22.00108],[103.74616,22.00108],[103.74616,22.00108]]]},"properties":{"sheet":"5752-1","name":"Than Uyen","year":"1966","edition":"002","kind":"pdf","url":"https://maps.lib.utexas.edu/maps/topo/vietnam/than_uyen-5752-1.pdf"}},{"type":"Feature","geometry":{"type":"Polygon","coordinates":[[[106.74554,21.50122],[106.99554,21.50118],[106.99562,21.25122],[106.74557,21.25127],[106.74554,21.50122],[106.74554,21.50122],[106.74554,21.50122],[106.74554,21.50122]]]},"properties":{"sheet":"6351-1","name":"Thanh Am","year":"1965","edition":"001","kind":"pdf","url":"https://maps.lib.utexas.edu/maps/topo/vietnam/thanh_am-6351-1.pdf"}},{"type":"Feature","geometry":{"type":"Polygon","coordinates":[[[107.49577,14.00178],[107.51831,14.00183],[107.62705,14.00184],[107.74574,14.0019],[107.74578,13.9975],[107.74581,13.75184],[107.72516,13.75181],[107.5257,13.75187],[107.49577,13.75182],[107.49577,13.76194],[107.49577,14.00178],[107.49577,14.00178],[107.49577,14.00178],[107.49577,14.00178]]]},"properties":{"sheet":"6536-4","name":"Thanh An","year":"1970","edition":"002","kind":"pdf","url":"https://maps.lib.utexas.edu/maps/topo/vietnam/thanh_an-6536-4.pdf"}},{"type":"Feature","geometry":{"type":"Polygon","coordinates":[[[108.99564,11.75215],[109.24569,11.75212],[109.24567,11.50193],[108.99564,11.50208],[108.9956,11.50644],[108.99564,11.75215],[108.99564,11.75215],[108.99564,11.75215],[108.99564,11.75215]]]},"properties":{"sheet":"6832-3","name":"Thanh Hai","year":"0000","edition":"002","kind":"pdf","url":"https://maps.lib.utexas.edu/maps/topo/vietnam/thanh_hai-6832-3.pdf"}},{"type":"Feature","geometry":{"type":"Polygon","coordinates":[[[105.74586,20.00136],[105.81835,20.00135],[105.88545,20.00126],[105.95213,20.00122],[105.98068,20.00123],[105.99592,20.00122],[105.99583,19.91793],[105.99587,19.83454],[105.99586,19.75134],[105.95971,19.75147],[105.91232,19.75149],[105.85433,19.75143],[105.80723,19.75136],[105.76906,19.75127],[105.74584,19.75121],[105.74584,19.77426],[105.74586,19.83598],[105.74582,19.90273],[105.74582,19.98716],[105.74586,19.99863],[105.74586,20.00136],[105.74586,20.00136],[105.74586,20.00136]]]},"properties":{"sheet":"6148-1","name":"Thanh Hoa","year":"1966","edition":"002","kind":"pdf","url":"https://maps.lib.utexas.edu/maps/topo/vietnam/thanh_hoa-6148-1.pdf"}},{"type":"Feature","geometry":{"type":"Polygon","coordinates":[[[106.74597,9.75206],[106.72754,9.75205],[106.52377,9.75201],[106.49586,9.75204],[106.49588,9.76354],[106.49601,10.0021],[106.51203,10.00215],[106.74589,10.00205],[106.74592,9.9988],[106.74597,9.7521],[106.74597,9.75206]]]},"properties":{"sheet":"6328-4","name":"Thanh Phu","year":"1965","edition":"001","kind":"pdf","url":"https://maps.lib.utexas.edu/maps/topo/vietnam/thanh_phu-6328-4.pdf"}},{"type":"Feature","geometry":{"type":"Polygon","coordinates":[[[106.24574,22.50103],[106.49566,22.50106],[106.49576,22.25107],[106.2458,22.25103],[106.24577,22.501],[106.24574,22.50103],[106.24574,22.50103],[106.24574,22.50103],[106.24574,22.50103]]]},"properties":{"sheet":"6253-1","name":"That Khe","year":"1966","edition":"002","kind":"pdf","url":"https://maps.lib.utexas.edu/maps/topo/vietnam/that_khe-6253-1.pdf"}},{"type":"Feature","geometry":{"type":"Polygon","coordinates":[[[105.99589,18.00145],[106.01779,18.00147],[106.138,18.00148],[106.226,18.00147],[106.24587,18.0014],[106.24584,17.99823],[106.24585,17.75146],[106.22981,17.75147],[105.99585,17.75144],[105.99589,18.00145],[105.99589,18.00145],[105.99589,18.00145],[105.99589,18.00145]]]},"properties":{"sheet":"6244-4","name":"Thiet Son","year":"1971","edition":"003","kind":"pdf","url":"https://maps.lib.utexas.edu/maps/topo/vietnam/thiet_son-6244-4.pdf"}},{"type":"Feature","geometry":{"type":"Polygon","coordinates":[[[104.99627,9.50217],[105.02143,9.50216],[105.11196,9.50213],[105.24608,9.50219],[105.24607,9.49898],[105.24621,9.25221],[105.22423,9.25218],[105.01661,9.25215],[104.99607,9.2521],[104.99627,9.50217],[104.99627,9.50217],[104.99627,9.50217],[104.99627,9.50217],[104.99627,9.50217]]]},"properties":{"sheet":"6027-4","name":"Thoi Binh","year":"1965","edition":"001","kind":"pdf","url":"https://maps.lib.utexas.edu/maps/topo/vietnam/thoi_binh-6027-4.pdf"}},{"type":"Feature","geometry":{"type":"Polygon","coordinates":[[[105.49588,22.75113],[105.74571,22.75117],[105.7459,22.50111],[105.49579,22.50106],[105.49588,22.75113],[105.49588,22.75113],[105.49588,22.75113]]]},"properties":{"sheet":"6154-3","name":"Thom Tchay","year":"1971","edition":"002","kind":"pdf","url":"https://maps.lib.utexas.edu/maps/topo/vietnam/thom_tchay-6154-3.pdf"}},{"type":"Feature","geometry":{"type":"Polygon","coordinates":[[[106.74586,16.75161],[106.99577,16.75162],[106.99589,16.5016],[106.74577,16.50163],[106.74586,16.75161],[106.74586,16.75161],[106.74586,16.75161]]]},"properties":{"sheet":"6342-2","name":"Thon Doc Kinh","year":"1968","edition":"002","kind":"pdf","url":"https://maps.lib.utexas.edu/maps/topo/vietnam/thon_doc_kinh-6342-2.pdf"}},{"type":"Feature","geometry":{"type":"Polygon","coordinates":[[[108.74569,12.00196],[108.76915,12.00198],[108.90561,12.00202],[108.99561,12.00202],[108.99558,11.99784],[108.99573,11.75201],[108.97514,11.752],[108.74558,11.75201],[108.74569,12.00196],[108.74569,12.00196],[108.74569,12.00196],[108.74569,12.00196]]]},"properties":{"sheet":"6732-1","name":"Thon Ma Ty","year":"1965","edition":"001","kind":"pdf","url":"https://maps.lib.utexas.edu/maps/topo/vietnam/thon_ma_ty-6732-1.pdf"}},{"type":"Feature","geometry":{"type":"Polygon","coordinates":[[[107.24578,17.00162],[107.49571,17.00163],[107.49572,16.75154],[107.24567,16.7517],[107.24578,17.00162],[107.24578,17.00162],[107.24578,17.00162]]]},"properties":{"sheet":"6442-1","name":"Thon Ngo Xa Dong","year":"1966","edition":"001","kind":"pdf","url":"https://maps.lib.utexas.edu/maps/topo/vietnam/thon_ngo_xa_dong-6442-1.pdf"}},{"type":"Feature","geometry":{"type":"Polygon","coordinates":[[[108.9956,11.25211],[109.2456,11.25202],[109.24558,11.50208],[108.99564,11.50201],[108.9956,11.25211],[108.9956,11.25211],[108.9956,11.25211],[108.9956,11.25211]]]},"properties":{"sheet":"6831-4","name":"Thon Son Hai","year":"1965","edition":"001","kind":"pdf","url":"https://maps.lib.utexas.edu/maps/topo/vietnam/thon_son_hai-6831-4.pdf"}},{"type":"Feature","geometry":{"type":"Polygon","coordinates":[[[103.49605,21.50121],[103.74622,21.50119],[103.74625,21.25106],[103.49615,21.2511],[103.49605,21.50121],[103.49605,21.50121],[103.49605,21.50121]]]},"properties":{"sheet":"5751-4","name":"Thuan Chau","year":"1965","edition":"001","kind":"pdf","url":"https://maps.lib.utexas.edu/maps/topo/vietnam/thuan_chau-5751-4.pdf"}},{"type":"Feature","geometry":{"type":"Polygon","coordinates":[[[105.49509,9.00222],[105.49615,9.00222],[105.49616,8.99525],[105.49612,8.75214],[105.47308,8.75221],[105.27935,8.75218],[105.27716,8.74996],[105.27557,8.7485],[105.27428,8.74795],[105.27193,8.74786],[105.27079,8.74801],[105.26967,8.74801],[105.26793,8.74804],[105.2654,8.7483],[105.26435,8.74836],[105.26311,8.74809],[105.26125,8.74728],[105.25963,8.74656],[105.25837,8.74638],[105.25503,8.74514],[105.25407,8.74436],[105.25266,8.74379],[105.25088,8.74343],[105.24956,8.74325],[105.24824,8.74295],[105.24605,8.74166],[105.2461,8.75545],[105.24605,9.00221],[105.272,9.00228],[105.36074,9.00228],[105.45822,9.00224],[105.49509,9.00222]],[[105.49509,9.00222],[105.37911,9.00228],[105.27025,9.00225],[105.24611,9.00221],[105.49612,9.00222],[105.49509,9.00222]]]},"properties":{"sheet":"6026-1","name":"Thuan Hoa","year":"1965","edition":"001","kind":"pdf","url":"https://maps.lib.utexas.edu/maps/topo/vietnam/thuan_hoa-6026-1.pdf"}},{"type":"Feature","geometry":{"type":"Polygon","coordinates":[[[105.24582,21.76244],[105.24582,21.75125],[105.24583,21.75111],[105.4961,21.75115],[105.496,21.84969],[105.4958,22.00104],[105.39563,22.00102],[105.27229,22.00105],[105.24603,22.00106],[105.24582,21.76244],[105.24582,21.76244],[105.24582,21.76244]]]},"properties":{"sheet":"6052-1","name":"Thuc Thuy","year":"1964","edition":"001","kind":"pdf","url":"https://maps.lib.utexas.edu/maps/topo/vietnam/thuc_thuy-6052-1.pdf"}},{"type":"Feature","geometry":{"type":"Polygon","coordinates":[[[107.74569,15.75174],[107.99569,15.75166],[107.99567,16.00173],[107.7457,16.00164],[107.74569,15.75174],[107.74569,15.75174]]]},"properties":{"sheet":"6540-1","name":"Thuong Duc","year":"1965","edition":"001","kind":"pdf","url":"https://maps.lib.utexas.edu/maps/topo/vietnam/thuong_duc-6540-1.pdf"}},{"type":"Feature","geometry":{"type":"Polygon","coordinates":[[[108.24564,15.50184],[108.49563,15.50174],[108.49559,15.25173],[108.24558,15.25172],[108.24564,15.50184],[108.24564,15.50184],[108.24564,15.50184]]]},"properties":{"sheet":"6639-1","name":"Tien Phuoc","year":"1970","edition":"002","kind":"pdf","url":"https://maps.lib.utexas.edu/maps/topo/vietnam/tien_phuoc-6639-1.pdf"}},{"type":"Feature","geometry":{"type":"Polygon","coordinates":[[[108.74568,14.25186],[108.76674,14.25187],[108.96584,14.25188],[108.99558,14.25184],[108.99561,14.2484],[108.99566,14.00185],[108.97883,14.00192],[108.74561,14.00185],[108.74568,14.25186],[108.74568,14.25186],[108.74568,14.25186],[108.74568,14.25186],[108.74568,14.25186]]]},"properties":{"sheet":"6737-2","name":"Tien Thuan","year":"1970","edition":"002","kind":"pdf","url":"https://maps.lib.utexas.edu/maps/topo/vietnam/tien_thuan-6737-2.pdf"}},{"type":"Feature","geometry":{"type":"Polygon","coordinates":[[[107.24571,21.50125],[107.49559,21.5013],[107.49571,21.25125],[107.24567,21.25133],[107.24571,21.50125],[107.24571,21.50125],[107.24571,21.50125]]]},"properties":{"sheet":"6451-1","name":"Tien Yen","year":"1965","edition":"001","kind":"pdf","url":"https://maps.lib.utexas.edu/maps/topo/vietnam/tien_yen-6451-1.pdf"}},{"type":"Feature","geometry":{"type":"Polygon","coordinates":[[[107.74582,13.50193],[107.99577,13.50201],[107.99584,13.25196],[107.74569,13.25182],[107.74582,13.50193],[107.74582,13.50193],[107.74582,13.50193]]]},"properties":{"sheet":"6535-1","name":"Tieu Teo","year":"1965","edition":"001","kind":"pdf","url":"https://maps.lib.utexas.edu/maps/topo/vietnam/tieu_teo-6535-1.pdf"}},{"type":"Feature","geometry":{"type":"Polygon","coordinates":[[[104.74588,19.75151],[104.99619,19.75145],[104.99604,19.50131],[104.74595,19.50129],[104.74588,19.75151],[104.74588,19.75151],[104.74588,19.75151]]]},"properties":{"sheet":"5948-2","name":"Tinche","year":"1965","edition":"001","kind":"pdf","url":"https://maps.lib.utexas.edu/maps/topo/vietnam/tinche-5948-2.pdf"}},{"type":"Feature","geometry":{"type":"Polygon","coordinates":[[[105.49596,19.5013],[105.74589,19.50139],[105.74592,19.75128],[105.49592,19.75136],[105.49596,19.5013],[105.49596,19.5013],[105.49596,19.5013],[105.49596,19.5013]]]},"properties":{"sheet":"6148-3","name":"Tong Cong","year":"1965","edition":"001","kind":"pdf","url":"https://maps.lib.utexas.edu/maps/topo/vietnam/tong_cong-6148-3.pdf"}},{"type":"Feature","geometry":{"type":"Polygon","coordinates":[[[106.24613,9.7522],[106.49598,9.75215],[106.49614,9.50227],[106.24603,9.50206],[106.24613,9.7522],[106.24613,9.7522],[106.24613,9.7522]]]},"properties":{"sheet":"6228-2","name":"Tra Cu","year":"1965","edition":"001","kind":"pdf","url":"https://maps.lib.utexas.edu/maps/topo/vietnam/tra_cu-6228-2.pdf"}},{"type":"Feature","geometry":{"type":"Polygon","coordinates":[[[106.24585,22.75102],[106.49562,22.75097],[106.49582,23.001],[106.24512,23.00082],[106.24585,22.75102],[106.24585,22.75102],[106.24585,22.75102],[106.24585,22.75102],[106.24585,22.75102]]]},"properties":{"sheet":"6254-1","name":"Tra Linh","year":"1963","edition":"001","kind":"pdf","url":"https://maps.lib.utexas.edu/maps/topo/vietnam/tra_linh-6254-1.pdf"}},{"type":"Feature","geometry":{"type":"Polygon","coordinates":[[[104.746,21.75112],[104.74602,22.00116],[104.49595,22.00113],[104.49595,21.75118],[104.746,21.75112]]]},"properties":{"sheet":"5952-4","name":"Trai Hut","year":"1966","edition":"002","kind":"pdf","url":"https://maps.lib.utexas.edu/maps/topo/vietnam/trai_hut-5952-4.pdf"}},{"type":"Feature","geometry":{"type":"Polygon","coordinates":[[[104.99601,19.00136],[105.01417,19.00139],[105.175,19.00145],[105.24596,19.00132],[105.24602,18.99544],[105.24606,18.75142],[105.2282,18.75135],[105.03238,18.75134],[104.99594,18.75127],[104.99601,19.00136],[104.99601,19.00136],[104.99601,19.00136]]]},"properties":{"sheet":"6046-4","name":"Tri Le","year":"1965","edition":"001","kind":"pdf","url":"https://maps.lib.utexas.edu/maps/topo/vietnam/tri_le-6046-4.pdf"}},{"type":"Feature","geometry":{"type":"Polygon","coordinates":[[[106.24597,11.50208],[106.49599,11.50203],[106.49599,11.25208],[106.24594,11.25203],[106.24597,11.50208],[106.24597,11.50208],[106.24597,11.50208]]]},"properties":{"sheet":"6231-1","name":"Tri Tam","year":"1970","edition":"003","kind":"pdf","url":"https://maps.lib.utexas.edu/maps/topo/vietnam/tri_tam-6231-1.pdf"}},{"type":"Feature","geometry":{"type":"Polygon","coordinates":[[[104.99626,10.50211],[105.01812,10.50213],[105.21009,10.50216],[105.24614,10.50208],[105.24615,10.49974],[105.24623,10.25215],[105.22545,10.25217],[104.99612,10.25203],[104.99626,10.50211],[104.99626,10.50211],[104.99626,10.50211],[104.99626,10.50211]]]},"properties":{"sheet":"6029-4","name":"Tri Ton","year":"1969","edition":"002","kind":"pdf","url":"https://maps.lib.utexas.edu/maps/topo/vietnam/tri_ton-6029-4.pdf"}},{"type":"Feature","geometry":{"type":"Polygon","coordinates":[[[108.74557,13.25189],[108.99562,13.25194],[108.99556,13.50188],[108.74566,13.50199],[108.74557,13.25189],[108.74557,13.25189]]]},"properties":{"sheet":"6735-1","name":"Triem Duc","year":"1965","edition":"001","kind":"pdf","url":"https://maps.lib.utexas.edu/maps/topo/vietnam/triem_duc-6735-1.pdf"}},{"type":"Feature","geometry":{"type":"Polygon","coordinates":[[[106.24596,10.00218],[106.496,10.00222],[106.49595,10.2521],[106.24596,10.25221],[106.24596,10.00218],[106.24596,10.00218]]]},"properties":{"sheet":"6229-2","name":"Truc Giang","year":"1965","edition":"001","kind":"pdf","url":"https://maps.lib.utexas.edu/maps/topo/vietnam/truc_giang-6229-2.pdf"}},{"type":"Feature","geometry":{"type":"Polygon","coordinates":[[[106.49574,22.75106],[106.74558,22.75098],[106.74572,23.00103],[106.4956,23.00098],[106.49574,22.75106],[106.49574,22.75106],[106.49574,22.75106],[106.49574,22.75106]]]},"properties":{"sheet":"6354-4","name":"Trung Khanh Phu","year":"1964","edition":"001","kind":"pdf","url":"https://maps.lib.utexas.edu/maps/topo/vietnam/trung_khanh_phu-6354-4.pdf"}},{"type":"Feature","geometry":{"type":"Polygon","coordinates":[[[104.24591,21.75102],[104.24596,21.76062],[104.24606,22.00111],[104.25913,22.00113],[104.49599,22.00107],[104.49597,21.99877],[104.49611,21.75112],[104.24591,21.75102],[104.24591,21.75102],[104.24591,21.75102],[104.24591,21.75102]]]},"properties":{"sheet":"5852-1","name":"Tu Le","year":"1965","edition":"001","kind":"pdf","url":"https://maps.lib.utexas.edu/maps/topo/vietnam/tu_le-5852-1.pdf"}},{"type":"Feature","geometry":{"type":"MultiPolygon","coordinates":[[[[103.24618,21.5011],[103.24618,21.50107],[103.24614,21.5011],[103.24618,21.5011]]],[[[103.24618,21.5011],[103.24616,21.51395],[103.24622,21.75106],[103.26363,21.75111],[103.42386,21.75107],[103.49615,21.75107],[103.49615,21.74859],[103.49622,21.50117],[103.47536,21.50109],[103.24618,21.5011]]]]},"properties":{"sheet":"5652-2","name":"Tuan Giao","year":"1965","edition":"001","kind":"pdf","url":"https://maps.lib.utexas.edu/maps/topo/vietnam/tuan_giao-5652-2.pdf"}},{"type":"Feature","geometry":{"type":"Polygon","coordinates":[[[105.99592,18.2515],[106.24588,18.25145],[106.24601,18.00143],[105.99577,18.00134],[105.99592,18.2515],[105.99592,18.2515],[105.99592,18.2515],[105.99592,18.2515],[105.99592,18.2515],[105.99592,18.2515]]]},"properties":{"sheet":"6245-3","name":"Tuan Tuong","year":"1966","edition":"002","kind":"pdf","url":"https://maps.lib.utexas.edu/maps/topo/vietnam/tuan_tuong-6245-3.pdf"}},{"type":"Feature","geometry":{"type":"Polygon","coordinates":[[[109.24557,13.50188],[109.26785,13.50189],[109.46624,13.50194],[109.4955,13.50191],[109.4955,13.49957],[109.49556,13.25191],[109.47565,13.25191],[109.24558,13.25191],[109.24557,13.50188],[109.24557,13.50188],[109.24557,13.50188],[109.24557,13.50188],[109.24557,13.50188]]]},"properties":{"sheet":"6835-1","name":"Tuy An","year":"1965","edition":"001","kind":"pdf","url":"https://maps.lib.utexas.edu/maps/topo/vietnam/tuy_an-6835-1.pdf"}},{"type":"Feature","geometry":{"type":"Polygon","coordinates":[[[109.24575,13.25213],[109.49559,13.25197],[109.49564,13.00196],[109.24545,13.00187],[109.24575,13.25213],[109.24575,13.25213],[109.24575,13.25213]]]},"properties":{"sheet":"6835-2","name":"Tuy Hoa","year":"1969","edition":"003","kind":"pdf","url":"https://maps.lib.utexas.edu/maps/topo/vietnam/tuy_hoa-6835-2.pdf"}},{"type":"Feature","geometry":{"type":"Polygon","coordinates":[[[105.99597,10.75216],[106.24602,10.75213],[106.24599,10.50211],[105.99615,10.5022],[105.99597,10.75216],[105.99597,10.75216],[105.99597,10.75216]]]},"properties":{"sheet":"6230-3","name":"Tuyen Nhon","year":"1965","edition":"001","kind":"pdf","url":"https://maps.lib.utexas.edu/maps/topo/vietnam/tuyen_nhon-6230-3.pdf"}},{"type":"Feature","geometry":{"type":"Polygon","coordinates":[[[104.99601,22.00103],[105.02347,22.00108],[105.09383,22.00114],[105.21028,22.00112],[105.24577,22.00107],[105.2458,21.998],[105.24608,21.75095],[105.23154,21.75093],[104.9958,21.75103],[104.99577,21.76246],[104.99604,22.00103],[104.99601,22.00103],[104.99601,22.00103],[104.99601,22.00103],[104.99601,22.00103]]]},"properties":{"sheet":"6052-4","name":"Tuyen Quang","year":"1966","edition":"002","kind":"pdf","url":"https://maps.lib.utexas.edu/maps/topo/vietnam/tuyen_quang-6052-4.pdf"}},{"type":"Feature","geometry":{"type":"Polygon","coordinates":[[[106.7457,21.25116],[106.76852,21.25123],[106.9957,21.25123],[106.9957,21.24339],[106.99573,21.00116],[106.97988,21.0012],[106.7457,21.00126],[106.7457,21.25116],[106.7457,21.25116],[106.7457,21.25116],[106.7457,21.25116],[106.7457,21.25116]]]},"properties":{"sheet":"6351-2","name":"Uong Bi","year":"1965","edition":"001","kind":"pdf","url":"https://maps.lib.utexas.edu/maps/topo/vietnam/uong_bi-6351-2.pdf"}},{"type":"Feature","geometry":{"type":"Polygon","coordinates":[[[103.99604,22.25115],[104.24606,22.25117],[104.24614,22.00107],[103.99598,22.00105],[103.99604,22.25115],[103.99604,22.25115],[103.99604,22.25115]]]},"properties":{"sheet":"5853-3","name":"Van Ban","year":"1965","edition":"001","kind":"pdf","url":"https://maps.lib.utexas.edu/maps/topo/vietnam/van_ban-5853-3.pdf"}},{"type":"Feature","geometry":{"type":"Polygon","coordinates":[[[108.99565,12.7519],[109.02066,12.75194],[109.2457,12.75203],[109.24571,12.74814],[109.24564,12.50192],[109.22701,12.50188],[109.00578,12.50198],[108.99564,12.50206],[108.99565,12.7519],[108.99565,12.7519],[108.99565,12.7519],[108.99565,12.7519],[108.99565,12.7519]]]},"properties":{"sheet":"6834-3","name":"Van Gia","year":"1970","edition":"002","kind":"pdf","url":"https://maps.lib.utexas.edu/maps/topo/vietnam/van_gia-6834-3.pdf"}},{"type":"Feature","geometry":{"type":"Polygon","coordinates":[[[107.49553,21.25132],[107.50042,21.2513],[107.51034,21.25135],[107.51839,21.25133],[107.5655,21.25135],[107.60151,21.25128],[107.66222,21.25126],[107.72568,21.25132],[107.74566,21.25132],[107.74567,21.24509],[107.74567,21.22061],[107.74563,21.1869],[107.74564,21.10437],[107.74565,21.04917],[107.74567,21.0012],[107.73201,21.00122],[107.68861,21.00123],[107.61394,21.00121],[107.55195,21.00117],[107.50606,21.0011],[107.49554,21.0011],[107.49553,21.25132],[107.49553,21.25132]]]},"properties":{"sheet":"6551-3","name":"Van Hoa","year":"1989","edition":"002","kind":"pdf","url":"https://maps.lib.utexas.edu/maps/topo/vietnam/van_hoa-6551-3.pdf"}},{"type":"Feature","geometry":{"type":"Polygon","coordinates":[[[106.24568,20.25154],[106.24561,20.00141],[106.25372,20.00141],[106.26989,20.00143],[106.29191,20.00148],[106.35622,20.00157],[106.3978,20.00159],[106.437,20.00161],[106.48697,20.00154],[106.4958,20.00153],[106.49574,20.0473],[106.49574,20.08082],[106.49564,20.14537],[106.49575,20.18967],[106.49572,20.25153],[106.46314,20.25158],[106.41189,20.25158],[106.37319,20.25162],[106.33436,20.25165],[106.29962,20.25162],[106.27496,20.25157],[106.25255,20.25154],[106.24568,20.25154],[106.24568,20.25154],[106.24568,20.25154]]]},"properties":{"sheet":"6249-2","name":"Van Ly","year":"1966","edition":"002","kind":"pdf","url":"https://maps.lib.utexas.edu/maps/topo/vietnam/van_ly-6249-2.pdf"}},{"type":"Feature","geometry":{"type":"Polygon","coordinates":[[[104.496,21.25113],[104.74613,21.25111],[104.74584,21.00111],[104.49596,21.00113],[104.496,21.25113],[104.496,21.25113],[104.496,21.25113],[104.496,21.25113]]]},"properties":{"sheet":"5951-3","name":"Van Yen","year":"1965","edition":"001","kind":"pdf","url":"https://maps.lib.utexas.edu/maps/topo/vietnam/van_yen-5951-3.pdf"}},{"type":"Feature","geometry":{"type":"Polygon","coordinates":[[[105.24587,21.50107],[105.49582,21.50109],[105.49583,21.25111],[105.24597,21.25109],[105.24587,21.50107],[105.24587,21.50107],[105.24587,21.50107],[105.24587,21.50107]]]},"properties":{"sheet":"6051-1","name":"Viet Tri","year":"1965","edition":"001","kind":"pdf","url":"https://maps.lib.utexas.edu/maps/topo/vietnam/viet_tri-6051-1.pdf"}},{"type":"Feature","geometry":{"type":"Polygon","coordinates":[[[105.49577,18.75134],[105.58232,18.75147],[105.6778,18.75148],[105.74617,18.75147],[105.74588,18.5012],[105.49601,18.50133],[105.49577,18.75134],[105.49577,18.75134],[105.49577,18.75134],[105.49577,18.75134]]]},"properties":{"sheet":"6146-3","name":"Vinh","year":"1966","edition":"002","kind":"pdf","url":"https://maps.lib.utexas.edu/maps/topo/vietnam/vinh-6146-3.pdf"}},{"type":"Feature","geometry":{"type":"Polygon","coordinates":[[[105.74607,9.50215],[105.76703,9.50221],[105.88957,9.50226],[105.99604,9.50221],[105.99605,9.49811],[105.99601,9.25216],[105.97841,9.25216],[105.74607,9.25214],[105.74607,9.50215],[105.74607,9.50215],[105.74607,9.50215],[105.74607,9.50215]]]},"properties":{"sheet":"6127-1","name":"Vinh Chau","year":"1970","edition":"002","kind":"pdf","url":"https://maps.lib.utexas.edu/maps/topo/vietnam/vinh_chau-6127-1.pdf"}},{"type":"Feature","geometry":{"type":"Polygon","coordinates":[[[106.99577,17.00156],[107.24576,17.00163],[107.24577,17.25154],[106.99578,17.2516],[106.99577,17.00156],[106.99577,17.00156],[106.99577,17.00156],[106.99577,17.00156]]]},"properties":{"sheet":"6443-3","name":"Vinh Linh","year":"1968","edition":"003","kind":"pdf","url":"https://maps.lib.utexas.edu/maps/topo/vietnam/vinh_linh-6443-3.pdf"}},{"type":"Feature","geometry":{"type":"Polygon","coordinates":[[[105.49616,9.50218],[105.51404,9.50214],[105.71427,9.50219],[105.7459,9.50226],[105.74597,9.4946],[105.74618,9.25217],[105.72778,9.25216],[105.4959,9.2522],[105.49616,9.50218],[105.49616,9.50218]]]},"properties":{"sheet":"6127-4","name":"Vinh Loi","year":"1969","edition":"002","kind":"pdf","url":"https://maps.lib.utexas.edu/maps/topo/vietnam/vinh_loi-6127-4.pdf"}},{"type":"Feature","geometry":{"type":"Polygon","coordinates":[[[105.49615,9.25217],[105.50523,9.25214],[105.51243,9.25215],[105.54212,9.25214],[105.55663,9.25214],[105.6153,9.25216],[105.69866,9.25225],[105.74595,9.25227],[105.74597,9.24286],[105.74617,9.02921],[105.74623,9.00203],[105.73575,9.00202],[105.65577,9.00198],[105.5958,9.00198],[105.52591,9.00204],[105.49587,9.00212],[105.49615,9.25217],[105.49615,9.25217]]]},"properties":{"sheet":"6127-3","name":"Vinh My","year":"1989","edition":"003","kind":"pdf","url":"https://maps.lib.utexas.edu/maps/topo/vietnam/vinh_my-6127-3.pdf"}},{"type":"Feature","geometry":{"type":"Polygon","coordinates":[[[106.49588,18.00154],[106.74578,18.00151],[106.74589,17.7515],[106.4958,17.75151],[106.49588,18.00154],[106.49588,18.00154],[106.49588,18.00154]]]},"properties":{"sheet":"6344-4","name":"Vinh Son","year":"1965","edition":"001","kind":"pdf","url":"https://maps.lib.utexas.edu/maps/topo/vietnam/vinh_son-6344-4.pdf"}},{"type":"Feature","geometry":{"type":"Polygon","coordinates":[[[105.99602,10.00205],[106.01477,10.00213],[106.24608,10.0022],[106.24606,10.25213],[106.22538,10.25211],[105.99611,10.25221],[105.99602,10.00205],[105.99602,10.00205]]]},"properties":{"sheet":"6229-3","name":"Vung Liem","year":"1965","edition":"001","kind":"pdf","url":"https://maps.lib.utexas.edu/maps/topo/vietnam/vung_liem-6229-3.pdf"}},{"type":"Feature","geometry":{"type":"Polygon","coordinates":[[[106.99583,10.75224],[107.2461,10.75203],[107.24613,10.50213],[106.99593,10.50202],[106.99583,10.75224],[106.99583,10.75224],[106.99583,10.75224],[106.99583,10.75224],[106.99583,10.75224]]]},"properties":{"sheet":"6430-3","name":"Xa Binh Ba","year":"1969","edition":"003","kind":"pdf","url":"https://maps.lib.utexas.edu/maps/topo/vietnam/xa_binh-ba-6430-3.pdf"}},{"type":"Feature","geometry":{"type":"Polygon","coordinates":[[[107.24595,11.00209],[107.26456,11.00215],[107.4753,11.00207],[107.49588,11.00205],[107.49588,10.99987],[107.49594,10.75208],[107.47538,10.75206],[107.24586,10.75204],[107.24595,11.00209],[107.24595,11.00209],[107.24595,11.00209],[107.24595,11.00209],[107.24595,11.00209]]]},"properties":{"sheet":"6430-1","name":"Xa Cam My","year":"1969","edition":"002","kind":"pdf","url":"https://maps.lib.utexas.edu/maps/topo/vietnam/xa_cam_my-6430-1.pdf"}},{"type":"Feature","geometry":{"type":"Polygon","coordinates":[[[106.99601,11.25214],[107.24598,11.25191],[107.24591,11.0022],[106.99591,11.00207],[106.99601,11.25214],[106.99601,11.25214],[106.99601,11.25214],[106.99601,11.25214],[106.99601,11.25214]]]},"properties":{"sheet":"6431-3","name":"Xa Gia Kiem","year":"1968","edition":"002","kind":"pdf","url":"https://maps.lib.utexas.edu/maps/topo/vietnam/xa_gia_kiem-6431-3.pdf"}},{"type":"Feature","geometry":{"type":"Polygon","coordinates":[[[107.99569,10.70216],[108.02455,10.70218],[108.02412,10.75213],[108.07685,10.75207],[108.11944,10.75211],[108.18246,10.75213],[108.24581,10.75209],[108.24578,11.00215],[107.99571,11.00216],[107.99575,10.9232],[107.99576,10.82761],[107.9957,10.72838],[107.99573,10.70216],[107.99569,10.70216],[107.99569,10.70216],[107.99569,10.70216]]]},"properties":{"sheet":"6630-4","name":"Xa Phan Thiet","year":"1965","edition":"001","kind":"pdf","url":"https://maps.lib.utexas.edu/maps/topo/vietnam/xa_phan_thiet-6630-4.pdf"}},{"type":"Feature","geometry":{"type":"Polygon","coordinates":[[[107.74586,12.75201],[107.99579,12.75189],[107.99582,12.50208],[107.74574,12.50202],[107.74586,12.75201],[107.74586,12.75201],[107.74586,12.75201]]]},"properties":{"sheet":"6534-2","name":"Xa Tho Thanh","year":"1965","edition":"001","kind":"pdf","url":"https://maps.lib.utexas.edu/maps/topo/vietnam/xa_tho_thanh-6534-2.pdf"}},{"type":"Feature","geometry":{"type":"Polygon","coordinates":[[[107.74584,11.25206],[107.78651,11.25204],[107.82548,11.25203],[107.85967,11.25203],[107.89994,11.25202],[107.9275,11.25205],[107.95467,11.25205],[107.99587,11.25205],[107.99595,11.21388],[107.99587,11.15983],[107.99586,11.1055],[107.99589,11.01525],[107.99594,11.00205],[107.95622,11.00201],[107.92633,11.002],[107.89462,11.00201],[107.86995,11.00201],[107.847,11.00198],[107.82778,11.00197],[107.80305,11.002],[107.78282,11.00198],[107.76205,11.00198],[107.74576,11.00198],[107.74579,11.02768],[107.74586,11.08525],[107.74582,11.13357],[107.74583,11.21248],[107.7458,11.24781],[107.74584,11.25206],[107.74584,11.25206],[107.74584,11.25206],[107.74584,11.25206]]]},"properties":{"sheet":"6531-2","name":"Xa Tram Da Mi","year":"1965","edition":"001","kind":"pdf","url":"https://maps.lib.utexas.edu/maps/topo/vietnam/xa_tram_da_mi-6531-2.pdf"}},{"type":"Feature","geometry":{"type":"Polygon","coordinates":[[[106.99598,10.50217],[107.01942,10.5022],[107.17063,10.50216],[107.24593,10.50208],[107.24593,10.49836],[107.24595,10.25217],[107.2272,10.25215],[106.99596,10.2521],[106.99598,10.50217],[106.99598,10.50217],[106.99598,10.50217],[106.99598,10.50217]]]},"properties":{"sheet":"6429-4","name":"Xa Vung Tau","year":"1968","edition":"003","kind":"pdf","url":"https://maps.lib.utexas.edu/maps/topo/vietnam/xa_vung_tau-6429-4.pdf"}},{"type":"Feature","geometry":{"type":"Polygon","coordinates":[[[106.99591,10.75206],[107.24588,10.75214],[107.24588,11.00204],[106.99591,11.00212],[106.99591,10.75206],[106.99591,10.75206],[106.99591,10.75206]]]},"properties":{"sheet":"6430-4","name":"Xa Xuan Loc","year":"1969","edition":"002","kind":"pdf","url":"https://maps.lib.utexas.edu/maps/topo/vietnam/xa_xuan_loc-6430-4.pdf"}},{"type":"Feature","geometry":{"type":"Polygon","coordinates":[[[105.24587,19.00127],[105.24587,19.01331],[105.24601,19.25133],[105.26376,19.25135],[105.49584,19.2513],[105.49591,19.24866],[105.49611,19.00134],[105.24587,19.00127],[105.24587,19.00127],[105.24587,19.00127],[105.24587,19.00127]]]},"properties":{"sheet":"6047-2","name":"Xom Bau","year":"1966","edition":"002","kind":"pdf","url":"https://maps.lib.utexas.edu/maps/topo/vietnam/xom_bau-6047-2.pdf"}},{"type":"Feature","geometry":{"type":"Polygon","coordinates":[[[104.99592,21.25116],[105.01675,21.25115],[105.23097,21.25115],[105.24589,21.25112],[105.24587,21.24666],[105.24594,21.07392],[105.2459,21.03058],[105.24588,21.00375],[105.2459,21.00121],[105.23034,21.00118],[105.04473,21.00117],[105.00066,21.00117],[104.99583,21.00119],[104.99592,21.25116],[104.99592,21.25116],[104.99592,21.25116],[104.99592,21.25116]]]},"properties":{"sheet":"6051-3","name":"Xom Chai","year":"1965","edition":"001","kind":"pdf","url":"https://maps.lib.utexas.edu/maps/topo/vietnam/xom_chai-6051-3.pdf"}},{"type":"Feature","geometry":{"type":"Polygon","coordinates":[[[104.74621,9.50226],[104.99617,9.50223],[104.99629,9.25213],[104.74607,9.25214],[104.74621,9.50226],[104.74621,9.50226],[104.74621,9.50226]]]},"properties":{"sheet":"5927-1","name":"Xom Giua","year":"1965","edition":"001","kind":"pdf","url":"https://maps.lib.utexas.edu/maps/topo/vietnam/xom_giua-5927-1.pdf"}},{"type":"Feature","geometry":{"type":"Polygon","coordinates":[[[105.49586,20.5011],[105.49581,20.40436],[105.49581,20.31398],[105.49574,20.2582],[105.49565,20.25114],[105.58973,20.25122],[105.69515,20.25119],[105.74597,20.25115],[105.74605,20.2967],[105.7461,20.34935],[105.746,20.40365],[105.74599,20.43985],[105.74595,20.47397],[105.74591,20.48975],[105.74584,20.50132],[105.64813,20.50116],[105.54145,20.50111],[105.50434,20.50111],[105.49588,20.50112],[105.49586,20.5011]]]},"properties":{"sheet":"6149-4","name":"Xom Go","year":"1964","edition":"001","kind":"pdf","url":"https://maps.lib.utexas.edu/maps/topo/vietnam/xom_go-6149-4.pdf"}},{"type":"Feature","geometry":{"type":"Polygon","coordinates":[[[106.49601,11.50207],[106.74599,11.50209],[106.7459,11.25204],[106.49593,11.25207],[106.49593,11.25207],[106.49601,11.50207],[106.49601,11.50207],[106.49601,11.50207]]]},"properties":{"sheet":"6331-4","name":"Xom Ruong","year":"1970","edition":"003","kind":"pdf","url":"https://maps.lib.utexas.edu/maps/topo/vietnam/xom_ruong-6331-4%20.pdf"}},{"type":"Feature","geometry":{"type":"Polygon","coordinates":[[[104.74614,10.25217],[104.99623,10.2522],[104.99627,10.00206],[104.74607,10.00205],[104.74614,10.25217],[104.74614,10.25217],[104.74614,10.25217],[104.74614,10.25217]]]},"properties":{"sheet":"5929-2","name":"Xom Tri Ton","year":"1965","edition":"001","kind":"pdf","url":"https://maps.lib.utexas.edu/maps/topo/vietnam/xom_tri_ton-5929-2.pdf"}},{"type":"Feature","geometry":{"type":"Polygon","coordinates":[[[107.74573,13.75193],[107.77088,13.75194],[107.80284,13.75193],[107.82686,13.75196],[107.84827,13.75199],[107.87858,13.75197],[107.901,13.75197],[107.92981,13.75196],[107.95902,13.75189],[107.98566,13.75185],[107.99581,13.75185],[107.99577,13.71574],[107.99567,13.66146],[107.99571,13.5803],[107.99573,13.54425],[107.99578,13.5082],[107.99578,13.50185],[107.96209,13.50183],[107.93022,13.5018],[107.90297,13.50177],[107.87266,13.50174],[107.84552,13.50173],[107.81937,13.50172],[107.79073,13.50168],[107.7673,13.50166],[107.74578,13.50168],[107.74577,13.52866],[107.74582,13.57289],[107.74573,13.66961],[107.74572,13.7401],[107.74573,13.75193],[107.74573,13.75193],[107.74573,13.75193]]]},"properties":{"sheet":"6536-2","name":"Xuong Kuang","year":"1970","edition":"002","kind":"pdf","url":"https://maps.lib.utexas.edu/maps/topo/vietnam/xuong_kuang-6536-2.pdf"}},{"type":"Feature","geometry":{"type":"Polygon","coordinates":[[[107.24586,10.75215],[107.28854,10.75221],[107.34121,10.75223],[107.41278,10.75219],[107.48914,10.75218],[107.49595,10.75214],[107.49594,10.73292],[107.49592,10.70649],[107.49598,10.67599],[107.49587,10.64374],[107.49584,10.6053],[107.4959,10.56966],[107.49592,10.53984],[107.49598,10.50208],[107.4655,10.50204],[107.43019,10.50204],[107.40164,10.50199],[107.34398,10.50202],[107.32352,10.50201],[107.2808,10.50199],[107.24584,10.50201],[107.24586,10.75215],[107.24586,10.75215],[107.24586,10.75215]]]},"properties":{"sheet":"6430-2","name":"Xuyen Moc","year":"1968","edition":"003","kind":"pdf","url":"https://maps.lib.utexas.edu/maps/topo/vietnam/xuyen_moc-6430-2.pdf"}},{"type":"Feature","geometry":{"type":"Polygon","coordinates":[[[104.7458,21.75097],[104.76374,21.75098],[104.80529,21.75112],[104.99606,21.75113],[104.99599,21.74717],[104.99598,21.50096],[104.98316,21.501],[104.78073,21.50103],[104.74603,21.50102],[104.74601,21.51099],[104.74583,21.75094],[104.7458,21.75097],[104.7458,21.75097],[104.7458,21.75097]]]},"properties":{"sheet":"5952-2","name":"Yen Bay","year":"1965","edition":"001","kind":"pdf","url":"https://maps.lib.utexas.edu/maps/topo/vietnam/yen_bay-5952-2.pdf"}},{"type":"Feature","geometry":{"type":"Polygon","coordinates":[[[104.49599,22.25104],[104.74594,22.25104],[104.74595,22.50102],[104.49591,22.5011],[104.49599,22.25104],[104.49599,22.25104],[104.49599,22.25104]]]},"properties":{"sheet":"5953-4","name":"Yen Binh Xa","year":"1964","edition":"001","kind":"pdf","url":"https://maps.lib.utexas.edu/maps/topo/vietnam/yen_binh_xa-5953-4.pdf"}},{"type":"Feature","geometry":{"type":"Polygon","coordinates":[[[104.24607,21.25129],[104.25074,21.25131],[104.44244,21.25123],[104.49611,21.25123],[104.49608,21.00129],[104.27934,21.00119],[104.24604,21.00125],[104.24607,21.25129]]]},"properties":{"sheet":"5851-2","name":"Yen Chau","year":"1965","edition":"001","kind":"pdf","url":"https://maps.lib.utexas.edu/maps/topo/vietnam/yen_chau-5851-2.pdf"}},{"type":"Feature","geometry":{"type":"Polygon","coordinates":[[[105.49589,20.25137],[105.74585,20.25131],[105.7459,20.0013],[105.49591,20.00131],[105.49589,20.25137],[105.49589,20.25137],[105.49589,20.25137]]]},"properties":{"sheet":"6149-3","name":"Yen Dinh","year":"1983","edition":"002","kind":"pdf","url":"https://maps.lib.utexas.edu/maps/topo/vietnam/yen_dinh-6149-3.pdf"}},{"type":"Feature","geometry":{"type":"Polygon","coordinates":[[[105.99594,22.25118],[106.01711,22.25116],[106.08922,22.2511],[106.18469,22.25105],[106.24562,22.2511],[106.24569,22.24543],[106.24604,22.02777],[106.24618,22.00114],[106.22425,22.00115],[106.08948,22.001],[105.99565,22.00105],[105.99594,22.25118],[105.99594,22.25118],[105.99594,22.25118],[105.99594,22.25118]]]},"properties":{"sheet":"6253-3","name":"Yen Lac","year":"1964","edition":"001","kind":"pdf","url":"https://maps.lib.utexas.edu/maps/topo/vietnam/yen_lac-6253-3.pdf"}},{"type":"Feature","geometry":{"type":"Polygon","coordinates":[[[105.74587,20.75123],[105.99584,20.75124],[105.99585,20.50126],[105.74588,20.50126],[105.74587,20.75123]]]},"properties":{"sheet":"6150-2","name":"Phu Ly","year":null,"edition":null,"kind":"jpg","url":"https://maps.lib.utexas.edu/maps/topo/vietnam/txu-pclmaps-oclc-21713238-6150-2.jpg"}},{"type":"Feature","geometry":{"type":"Polygon","coordinates":[[[105.49591,20.75123],[105.74587,20.75123],[105.74588,20.50126],[105.49591,20.50125],[105.49591,20.75123]]]},"properties":{"sheet":"6150-3","name":"Thuy Hien","year":null,"edition":null,"kind":"jpg","url":"https://maps.lib.utexas.edu/maps/topo/vietnam/txu-pclmaps-oclc-21713238-6150-3.jpg"}},{"type":"Feature","geometry":{"type":"Polygon","coordinates":[[[105.4959,21.0012],[105.74587,21.00121],[105.74587,20.75123],[105.49591,20.75123],[105.4959,21.0012]]]},"properties":{"sheet":"6150-4","name":"Luong Son","year":null,"edition":null,"kind":"jpg","url":"https://maps.lib.utexas.edu/maps/topo/vietnam/txu-pclmaps-oclc-21713238-6150-4.jpg"}},{"type":"Feature","geometry":{"type":"Polygon","coordinates":[[[105.74585,21.50116],[105.99582,21.50117],[105.99583,21.25119],[105.74586,21.25119],[105.74585,21.50116]]]},"properties":{"sheet":"6151-1","name":"Pho Yen","year":null,"edition":null,"kind":"jpg","url":"https://maps.lib.utexas.edu/maps/topo/vietnam/txu-pclmaps-oclc-21713238-6151-1.jpg"}},{"type":"Feature","geometry":{"type":"Polygon","coordinates":[[[105.49589,21.50116],[105.74585,21.50116],[105.74586,21.25119],[105.49589,21.25118],[105.49589,21.50116]]]},"properties":{"sheet":"6151-4","name":"Vinh Yen","year":null,"edition":null,"kind":"jpg","url":"https://maps.lib.utexas.edu/maps/topo/vietnam/txu-pclmaps-oclc-21713238-6151-4.jpg"}},{"type":"Feature","geometry":{"type":"Polygon","coordinates":[[[106.74595,10.50212],[106.99592,10.50212],[106.99592,10.25214],[106.74595,10.25214],[106.74595,10.50212]]]},"properties":{"sheet":"6329-1","name":"Can Gio","year":null,"edition":null,"kind":"jpg","url":"https://maps.lib.utexas.edu/maps/topo/vietnam/txu-pclmaps-oclc-21713238-6329-1.jpg"}},{"type":"Feature","geometry":{"type":"Polygon","coordinates":[[[106.74595,10.25213],[106.99592,10.25214],[106.99592,10.00216],[106.74595,10.00215],[106.74595,10.25213]]]},"properties":{"sheet":"6329-2","name":"Thua Duc","year":null,"edition":null,"kind":"jpg","url":"https://maps.lib.utexas.edu/maps/topo/vietnam/txu-pclmaps-oclc-21713238-6329-2.jpg"}},{"type":"Feature","geometry":{"type":"Polygon","coordinates":[[[106.49598,10.25213],[106.74595,10.25213],[106.74595,10.00215],[106.49599,10.00215],[106.49598,10.25213]]]},"properties":{"sheet":"6329-3","name":"Binh Dai","year":null,"edition":null,"kind":"jpg","url":"https://maps.lib.utexas.edu/maps/topo/vietnam/txu-pclmaps-oclc-21713238-6329-3.jpg"}},{"type":"Feature","geometry":{"type":"Polygon","coordinates":[[[106.49598,10.50211],[106.74595,10.50212],[106.74595,10.25214],[106.49598,10.25213],[106.49598,10.50211]]]},"properties":{"sheet":"6329-4","name":"Go Cong","year":null,"edition":null,"kind":"jpg","url":"https://maps.lib.utexas.edu/maps/topo/vietnam/txu-pclmaps-oclc-21713238-6329-4.jpg"}},{"type":"Feature","geometry":{"type":"Polygon","coordinates":[[[106.74594,11.00208],[106.99591,11.00208],[106.99591,10.7521],[106.74595,10.7521],[106.74594,11.00208]]]},"properties":{"sheet":"6330-1","name":"Bien Hoa","year":null,"edition":null,"kind":"jpg","url":"https://maps.lib.utexas.edu/maps/topo/vietnam/txu-pclmaps-oclc-21713238-6330-1.jpg"}},{"type":"Feature","geometry":{"type":"Polygon","coordinates":[[[106.74595,10.7521],[106.99591,10.7521],[106.99592,10.50212],[106.74595,10.50212],[106.74595,10.7521]]]},"properties":{"sheet":"6330-2","name":"Nhon Trach","year":null,"edition":null,"kind":"jpg","url":"https://maps.lib.utexas.edu/maps/topo/vietnam/txu-pclmaps-oclc-21713238-6330-2.jpg"}},{"type":"Feature","geometry":{"type":"Polygon","coordinates":[[[106.49598,10.75209],[106.74595,10.7521],[106.74595,10.50212],[106.49598,10.50211],[106.49598,10.75209]]]},"properties":{"sheet":"6330-3","name":"Can Giuoc","year":null,"edition":null,"kind":"jpg","url":"https://maps.lib.utexas.edu/maps/topo/vietnam/txu-pclmaps-oclc-21713238-6330-3.jpg"}},{"type":"Feature","geometry":{"type":"Polygon","coordinates":[[[106.49597,11.00207],[106.74594,11.00208],[106.74595,10.7521],[106.49598,10.75209],[106.49597,11.00207]]]},"properties":{"sheet":"6330-4","name":"Thanh Pho Ho Chi Minh (Ho Chi Minh City)","year":null,"edition":null,"kind":"jpg","url":"https://maps.lib.utexas.edu/maps/topo/vietnam/txu-pclmaps-oclc-21713238-6330-4.jpg"}},{"type":"Feature","geometry":{"type":"Polygon","coordinates":[[[106.74573,21.00123],[106.9957,21.00124],[106.99571,20.75126],[106.74574,20.75126],[106.74573,21.00123]]]},"properties":{"sheet":"6350-1","name":"Quang Yen","year":null,"edition":null,"kind":"jpg","url":"https://maps.lib.utexas.edu/maps/topo/vietnam/txu-pclmaps-oclc-21713238-6350-1.jpg"}},{"type":"Feature","geometry":{"type":"Polygon","coordinates":[[[106.74574,20.75126],[106.99571,20.75126],[106.99572,20.50129],[106.74575,20.50128],[106.74574,20.75126]]]},"properties":{"sheet":"6350-2","name":"Do Son","year":null,"edition":null,"kind":"jpg","url":"https://maps.lib.utexas.edu/maps/topo/vietnam/txu-pclmaps-oclc-21713238-6350-2.jpg"}},{"type":"Feature","geometry":{"type":"Polygon","coordinates":[[[106.49577,20.75125],[106.74574,20.75126],[106.74575,20.50128],[106.49578,20.50127],[106.49577,20.75125]]]},"properties":{"sheet":"6350-3","name":"Thai Thuy","year":null,"edition":null,"kind":"jpg","url":"https://maps.lib.utexas.edu/maps/topo/vietnam/txu-pclmaps-oclc-21713238-6350-3.jpg"}},{"type":"Feature","geometry":{"type":"Polygon","coordinates":[[[106.49577,21.00123],[106.74573,21.00124],[106.74574,20.75126],[106.49577,20.75125],[106.49577,21.00123]]]},"properties":{"sheet":"6350-4","name":"Hai Phong [Haiphong]","year":null,"edition":null,"kind":"jpg","url":"https://maps.lib.utexas.edu/maps/topo/vietnam/txu-pclmaps-oclc-21713238-6350-4.jpg"}},{"type":"Feature","geometry":{"type":"Polygon","coordinates":[[[107.74572,16.50165],[107.99569,16.50165],[107.99569,16.25168],[107.74572,16.25167],[107.74572,16.50165]]]},"properties":{"sheet":"6541-1","name":"Q. Phu Loc","year":null,"edition":null,"kind":"jpg","url":"https://maps.lib.utexas.edu/maps/topo/vietnam/txu-pclmaps-oclc-21713238-6541-1.jpg"}},{"type":"Feature","geometry":{"type":"Polygon","coordinates":[[[107.74572,16.25167],[107.99569,16.25168],[107.9957,16.0017],[107.74573,16.00169],[107.74572,16.25167]]]},"properties":{"sheet":"6541-2","name":"Bach Ma","year":null,"edition":null,"kind":"jpg","url":"https://maps.lib.utexas.edu/maps/topo/vietnam/txu-pclmaps-oclc-21713238-6541-2.jpg"}},{"type":"Feature","geometry":{"type":"Polygon","coordinates":[[[107.49576,16.25167],[107.74572,16.25167],[107.74573,16.00169],[107.49576,16.00169],[107.49576,16.25167]]]},"properties":{"sheet":"6541-3","name":"Nong Truong Nam Dong","year":null,"edition":null,"kind":"jpg","url":"https://maps.lib.utexas.edu/maps/topo/vietnam/txu-pclmaps-oclc-21713238-6541-3.jpg"}},{"type":"Feature","geometry":{"type":"Polygon","coordinates":[[[107.49575,16.50164],[107.74572,16.50165],[107.74572,16.25167],[107.49576,16.25167],[107.49575,16.50164]]]},"properties":{"sheet":"6541-4","name":"Hue","year":null,"edition":null,"kind":"jpg","url":"https://maps.lib.utexas.edu/maps/topo/vietnam/txu-pclmaps-oclc-21713238-6541-4.jpg"}},{"type":"Feature","geometry":{"type":"Polygon","coordinates":[[[108.24566,16.25168],[108.49563,16.25169],[108.49563,16.00171],[108.24567,16.0017],[108.24566,16.25168]]]},"properties":{"sheet":"6641-2","name":"Khu Pho Nam Tho","year":null,"edition":null,"kind":"jpg","url":"https://maps.lib.utexas.edu/maps/topo/vietnam/txu-pclmaps-oclc-21713238-6641-2.jpg"}},{"type":"Feature","geometry":{"type":"Polygon","coordinates":[[[107.99569,16.25168],[108.24566,16.25168],[108.24567,16.0017],[107.9957,16.0017],[107.99569,16.25168]]]},"properties":{"sheet":"6641-3","name":"Da Nang","year":null,"edition":null,"kind":"jpg","url":"https://maps.lib.utexas.edu/maps/topo/vietnam/txu-pclmaps-oclc-21713238-6641-3.jpg"}},{"type":"Feature","geometry":{"type":"Polygon","coordinates":[[[107.99569,16.50165],[108.24565,16.50166],[108.24566,16.25168],[107.99569,16.25168],[107.99569,16.50165]]]},"properties":{"sheet":"6641-4","name":"Thon Trung Kien","year":null,"edition":null,"kind":"jpg","url":"https://maps.lib.utexas.edu/maps/topo/vietnam/txu-pclmaps-oclc-21713238-6641-4.jpg"}}]}