{
 "type": "FeatureCollection",
 "features": [
  {
   "type": "Feature",
   "id": "325:113",
   "geometry": {
    "type": "Polygon",
    "coordinates": [
     [
      [
       105.13250434763188,
       17.551572951133238
      ],
      [
       105.48570384054919,
       17.552491158573673
      ],
      [
       105.83890567357787,
       17.552795235634207
      ],
      [
       105.83890157995509,
       17.101024979157998
      ],
      [
       105.48656217990488,
       17.100721547537404
      ],
      [
       105.13422501576139,
       17.099805436957823
      ],
      [
       105.13250434763188,
       17.551572951133238
      ]
     ]
    ]
   },
   "properties": {
    "grid_id": "325:113",
    "sheet_number": "113",
    "geometry_source": "CartoMundi WKT",
    "parts_present": [
     "W",
     "E"
    ],
    "has_unclassified_records": false,
    "grid_codes": [
     "B81_113_E",
     "B81_113_W"
    ],
    "fkeys": [
     "31883",
     "31884",
     "31885",
     "31886",
     "31887",
     "31888"
    ],
    "map_ids": [
     "8ccbd5b2-d31a-4e13-acd8-effd8d3303b8",
     "eaf942d9-470c-4adf-b12c-6597df607a16"
    ]
   }
  },
  {
   "type": "Feature",
   "id": "325:100",
   "geometry": {
    "type": "Polygon",
    "coordinates": [
     [
      [
       103.00639575862007,
       17.984871412035517
      ],
      [
       102.99908866446965,
       18.436553686207063
      ],
      [
       103.35402120430112,
       18.44117806573756
      ],
      [
       103.70897202215365,
       18.445185530179714
      ],
      [
       103.71445431367017,
       17.993482902873154
      ],
      [
       103.36041627936773,
       17.989484882092526
      ],
      [
       103.00639575862007,
       17.984871412035517
      ]
     ]
    ]
   },
   "properties": {
    "grid_id": "325:100",
    "sheet_number": "100",
    "geometry_source": "CartoMundi WKT",
    "parts_present": [
     "W",
     "E"
    ],
    "has_unclassified_records": false,
    "grid_codes": [
     "B81_100_E",
     "B81_100_W"
    ],
    "fkeys": [
     "31908",
     "31909"
    ],
    "map_ids": [
     "1e5b6160-ca9a-457a-aa6a-20cd31797b47",
     "9f3d7f8f-e3b6-4222-a912-f012bccc9324"
    ]
   }
  },
  {
   "type": "Feature",
   "id": "325:5",
   "geometry": {
    "type": "Polygon",
    "coordinates": [
     [
      [
       102.9233564315972,
       22.500663011376673
      ],
      [
       102.91377876202289,
       22.952108390587185
      ],
      [
       103.27936042530568,
       22.956844593495575
      ],
      [
       103.64496874699287,
       22.960948865480248
      ],
      [
       103.652154198474,
       22.50948219413783
      ],
      [
       103.28774243813515,
       22.50538780161169
      ],
      [
       102.9233564315972,
       22.500663011376673
      ]
     ]
    ]
   },
   "properties": {
    "grid_id": "325:5",
    "sheet_number": "5",
    "geometry_source": "CartoMundi WKT",
    "parts_present": [
     "W",
     "E"
    ],
    "has_unclassified_records": false,
    "grid_codes": [
     "B81_005_E",
     "B81_005_W"
    ],
    "fkeys": [
     "32037",
     "32038"
    ],
    "map_ids": [
     "447742a8-a489-43a1-93c9-a4a41d07c10e",
     "bb1a2d57-a049-4bd8-9cc4-f5f04f0872db"
    ]
   }
  },
  {
   "type": "Feature",
   "id": "325:203",
   "geometry": {
    "type": "Polygon",
    "coordinates": [
     [
      [
       108.59477656207939,
       12.111202148084061
      ],
      [
       108.5902320236846,
       11.659266222602511
      ],
      [
       108.24633085483097,
       11.663735737009276
      ],
      [
       107.90242167210663,
       11.667609659875382
      ],
      [
       107.90583327862133,
       12.119565056551053
      ],
      [
       108.25030924349265,
       12.115682087587373
      ],
      [
       108.59477656207939,
       12.111202148084061
      ]
     ]
    ]
   },
   "properties": {
    "grid_id": "325:203",
    "sheet_number": "203",
    "geometry_source": "CartoMundi WKT",
    "parts_present": [
     "W",
     "E"
    ],
    "has_unclassified_records": false,
    "grid_codes": [
     "B81_203_E",
     "B81_203_W"
    ],
    "fkeys": [
     "31859",
     "31860",
     "31861",
     "31862",
     "31863"
    ],
    "map_ids": [
     "1acdba18-814c-431e-be1d-2dd78b26529d",
     "dea7e283-8eff-4c6a-b9f2-9f23b1373be6"
    ]
   }
  },
  {
   "type": "Feature",
   "id": "325:37",
   "geometry": {
    "type": "Polygon",
    "coordinates": [
     [
      [
       105.4767678016497,
       21.61743519260078
      ],
      [
       105.83894829234988,
       21.617745202363935
      ],
      [
       105.83894302373075,
       21.16617664047517
      ],
      [
       105.47787248690405,
       21.16586730146524
      ],
      [
       105.11680519658883,
       21.164931972291768
      ],
      [
       105.11459067963185,
       21.61649767983475
      ],
      [
       105.4767678016497,
       21.61743519260078
      ]
     ]
    ]
   },
   "properties": {
    "grid_id": "325:37",
    "sheet_number": "37",
    "geometry_source": "CartoMundi WKT",
    "parts_present": [
     "W",
     "E"
    ],
    "has_unclassified_records": false,
    "grid_codes": [
     "B81_037_E",
     "B81_037_W"
    ],
    "fkeys": [
     "31965",
     "31966",
     "31967",
     "31968",
     "31969",
     "31970",
     "31971",
     "31972"
    ],
    "map_ids": [
     "2d9602ee-408c-4cec-8ef2-d7539d42ddfe",
     "a563ec9b-5c21-440d-9a2c-09bb33341f0b"
    ]
   }
  },
  {
   "type": "Feature",
   "id": "325:219",
   "geometry": {
    "type": "Polygon",
    "coordinates": [
     [
      [
       105.15208422519389,
       11.22516422705165
      ],
      [
       105.49547116244632,
       11.226053876501851
      ],
      [
       105.83885908964216,
       11.226349174803175
      ],
      [
       105.83885660849533,
       10.774340395178328
      ],
      [
       105.49599138850546,
       10.77404570354453
      ],
      [
       105.15312707042409,
       10.773158029914356
      ],
      [
       105.15208422519389,
       11.22516422705165
      ]
     ]
    ]
   },
   "properties": {
    "grid_id": "325:219",
    "sheet_number": "219",
    "geometry_source": "CartoMundi WKT",
    "parts_present": [
     "W",
     "E"
    ],
    "has_unclassified_records": false,
    "grid_codes": [
     "B81_219_E",
     "B81_219_W"
    ],
    "fkeys": [
     "32108",
     "32109",
     "32110",
     "32111",
     "32112"
    ],
    "map_ids": []
   }
  },
  {
   "type": "Feature",
   "id": "325:38",
   "geometry": {
    "type": "Polygon",
    "coordinates": [
     [
      [
       106.56108054993705,
       21.16491734152187
      ],
      [
       106.20001348509892,
       21.16585998570784
      ],
      [
       105.83894302373075,
       21.16617664047517
      ],
      [
       105.83894829234988,
       21.617745202363935
      ],
      [
       106.20112870669324,
       21.61742770564439
      ],
      [
       106.56330559964069,
       21.61648270665954
      ],
      [
       106.56108054993705,
       21.16491734152187
      ]
     ]
    ]
   },
   "properties": {
    "grid_id": "325:38",
    "sheet_number": "38",
    "geometry_source": "CartoMundi WKT",
    "parts_present": [
     "W",
     "E"
    ],
    "has_unclassified_records": false,
    "grid_codes": [
     "B81_038_E",
     "B81_038_W"
    ],
    "fkeys": [
     "31748",
     "31749",
     "31750",
     "31751",
     "31752",
     "31753",
     "31754",
     "31755"
    ],
    "map_ids": [
     "20ca3c18-d5a2-4f81-a94a-740599acd864",
     "31831ade-c90c-4486-a6d0-eea57fc3515f"
    ]
   }
  },
  {
   "type": "Feature",
   "id": "325:153",
   "geometry": {
    "type": "Polygon",
    "coordinates": [
     [
      [
       105.49186481375446,
       13.937795493944321
      ],
      [
       105.49118109431363,
       14.389696457806991
      ],
      [
       105.8388795505694,
       14.389996079278305
      ],
      [
       105.8388762896849,
       13.938094489172613
      ],
      [
       105.49186481375446,
       13.937795493944321
      ]
     ]
    ]
   },
   "properties": {
    "grid_id": "325:153",
    "sheet_number": "153",
    "geometry_source": "CartoMundi WKT",
    "parts_present": [
     "E"
    ],
    "has_unclassified_records": false,
    "grid_codes": [
     "B81_153_E"
    ],
    "fkeys": [
     "32057"
    ],
    "map_ids": [
     "60bc0dd7-fec5-4736-94b1-f26bcb233562"
    ]
   }
  },
  {
   "type": "Feature",
   "id": "325:29",
   "geometry": {
    "type": "Polygon",
    "coordinates": [
     [
      [
       108.0187459654332,
       22.05794414274891
      ],
      [
       108.01190911507956,
       21.606427984310017
      ],
      [
       107.64978072397092,
       21.609882828729212
      ],
      [
       107.28763504927622,
       21.612710248907504
      ],
      [
       107.29219642209944,
       22.06424177384794
      ],
      [
       107.65548014817307,
       22.061407430365648
      ],
      [
       108.0187459654332,
       22.05794414274891
      ]
     ]
    ]
   },
   "properties": {
    "grid_id": "325:29",
    "sheet_number": "29",
    "geometry_source": "CartoMundi WKT",
    "parts_present": [
     "W",
     "E"
    ],
    "has_unclassified_records": false,
    "grid_codes": [
     "B81_029_E",
     "B81_029_W"
    ],
    "fkeys": [
     "31781",
     "31782",
     "31783",
     "31784"
    ],
    "map_ids": [
     "58bb9367-2c02-42d5-96ca-498337bb7b5b",
     "e178b85b-4722-461c-b006-7a11b541dc58"
    ]
   }
  },
  {
   "type": "Feature",
   "id": "325:88 bis",
   "geometry": {
    "type": "Polygon",
    "coordinates": [
     [
      [
       106.19486601096017,
       18.907667833422124
      ],
      [
       105.83891870543769,
       18.907980336062067
      ],
      [
       105.83892330481193,
       19.359665315691274
      ],
      [
       106.1958395996752,
       19.35935199020186
      ],
      [
       106.19486601096017,
       18.907667833422124
      ]
     ]
    ]
   },
   "properties": {
    "grid_id": "325:88 bis",
    "sheet_number": "88 bis",
    "geometry_source": "CartoMundi WKT",
    "parts_present": [],
    "has_unclassified_records": true,
    "grid_codes": [
     "B81_088b"
    ],
    "fkeys": [
     "31701"
    ],
    "map_ids": [
     "de1e5390-1eaf-4ebf-b247-ab7d290ab54d"
    ]
   }
  },
  {
   "type": "Feature",
   "id": "325:15",
   "geometry": {
    "type": "Polygon",
    "coordinates": [
     [
      [
       103.652154198474,
       22.50948219413783
      ],
      [
       104.01658803401266,
       22.512946146170464
      ],
      [
       104.38104025896344,
       22.515779623754938
      ],
      [
       104.38570974672608,
       22.06427240162867
      ],
      [
       104.02242532805137,
       22.06144570649205
      ],
      [
       103.6591586645782,
       22.057990063568568
      ],
      [
       103.652154198474,
       22.50948219413783
      ]
     ]
    ]
   },
   "properties": {
    "grid_id": "325:15",
    "sheet_number": "15",
    "geometry_source": "CartoMundi WKT",
    "parts_present": [
     "W",
     "E"
    ],
    "has_unclassified_records": false,
    "grid_codes": [
     "B81_015_E",
     "B81_015_W"
    ],
    "fkeys": [
     "32014",
     "32015",
     "32016",
     "32017",
     "32018",
     "32019",
     "32020"
    ],
    "map_ids": [
     "c8137f51-b9be-41d9-9e46-bdf79c278cb2",
     "c8af856b-9d1f-4c2c-8054-b638fd28126d"
    ]
   }
  },
  {
   "type": "Feature",
   "id": "325:119",
   "geometry": {
    "type": "Polygon",
    "coordinates": [
     [
      [
       107.24823545564936,
       17.09611196338183
      ],
      [
       107.24488628743688,
       16.64433342261914
      ],
      [
       106.89339691552927,
       16.6464755254855
      ],
      [
       106.54190087991893,
       16.64800642196984
      ],
      [
       106.54357786926437,
       17.09979380458543
      ],
      [
       106.89591015106429,
       17.098259211141567
      ],
      [
       107.24823545564936,
       17.09611196338183
      ]
     ]
    ]
   },
   "properties": {
    "grid_id": "325:119",
    "sheet_number": "119",
    "geometry_source": "CartoMundi WKT",
    "parts_present": [
     "W",
     "E"
    ],
    "has_unclassified_records": false,
    "grid_codes": [
     "B81_119_E",
     "B81_119_W"
    ],
    "fkeys": [
     "31804",
     "31805",
     "31806",
     "31807",
     "31808",
     "31809"
    ],
    "map_ids": [
     "79a34e70-836d-4691-8eec-3b5371feb925",
     "efb843b4-2230-4f0f-924c-7be00abdb335"
    ]
   }
  },
  {
   "type": "Feature",
   "id": "325:227",
   "geometry": {
    "type": "Polygon",
    "coordinates": [
     [
      [
       104.46940165848032,
       10.31759232573279
      ],
      [
       104.46740499106461,
       10.76960377307924
      ],
      [
       104.81026461814358,
       10.771677381398618
      ],
      [
       105.15312707042409,
       10.773158029914356
      ],
      [
       105.15412456600379,
       10.321138561046268
      ],
      [
       104.81176182944782,
       10.319661243007147
      ],
      [
       104.46940165848032,
       10.31759232573279
      ]
     ]
    ]
   },
   "properties": {
    "grid_id": "325:227",
    "sheet_number": "227",
    "geometry_source": "CartoMundi WKT",
    "parts_present": [
     "W",
     "E"
    ],
    "has_unclassified_records": false,
    "grid_codes": [
     "B81_227_E",
     "B81_227_W"
    ],
    "fkeys": [
     "32178",
     "32191"
    ],
    "map_ids": [
     "a8d7f718-e5d5-4d1a-8862-dc74231dca44",
     "b0c0941c-cee2-4641-8717-b0c1014422d0"
    ]
   }
  },
  {
   "type": "Feature",
   "id": "325:125",
   "geometry": {
    "type": "Polygon",
    "coordinates": [
     [
      [
       107.94783626180676,
       16.638215687235657
      ],
      [
       107.94297016965938,
       16.186431941316144
      ],
      [
       107.59231013769342,
       16.18978838709762
      ],
      [
       107.24163956848925,
       16.192535114485338
      ],
      [
       107.24488628743688,
       16.64433342261914
      ],
      [
       107.5963668001591,
       16.641580134191685
      ],
      [
       107.94783626180676,
       16.638215687235657
      ]
     ]
    ]
   },
   "properties": {
    "grid_id": "325:125",
    "sheet_number": "125",
    "geometry_source": "CartoMundi WKT",
    "parts_present": [
     "W",
     "E"
    ],
    "has_unclassified_records": false,
    "grid_codes": [
     "B81_125_E",
     "B81_125_W"
    ],
    "fkeys": [
     "31821",
     "31822",
     "31823",
     "31824",
     "31825"
    ],
    "map_ids": [
     "0b2a324d-9e75-439a-8554-2ece9c30ea0b",
     "858bcf84-bd8b-4358-94d7-c39644c84276"
    ]
   }
  },
  {
   "type": "Feature",
   "id": "325:230",
   "geometry": {
    "type": "Polygon",
    "coordinates": [
     [
      [
       107.21030724227083,
       10.769589379620882
      ],
      [
       107.20830583534372,
       10.317578550103846
      ],
      [
       106.86594609107597,
       10.319650908039293
      ],
      [
       106.5235836608455,
       10.321131670216275
      ],
      [
       106.52458590042824,
       10.773150830622754
      ],
      [
       106.86744804638322,
       10.771666584173005
      ],
      [
       107.21030724227083,
       10.769589379620882
      ]
     ]
    ]
   },
   "properties": {
    "grid_id": "325:230",
    "sheet_number": "230",
    "geometry_source": "CartoMundi WKT",
    "parts_present": [
     "W",
     "E"
    ],
    "has_unclassified_records": false,
    "grid_codes": [
     "B81_230_E",
     "B81_230_W"
    ],
    "fkeys": [
     "32163",
     "32164",
     "32165"
    ],
    "map_ids": [
     "6b244862-b9c0-4d3c-af24-89f101c50665",
     "d86e53a5-038b-4586-ba36-457d236f221a"
    ]
   }
  },
  {
   "type": "Feature",
   "id": "325:118",
   "geometry": {
    "type": "Polygon",
    "coordinates": [
     [
      [
       106.54357786926437,
       17.09979380458543
      ],
      [
       106.54190087991893,
       16.64800642196984
      ],
      [
       106.19040037788497,
       16.64892609659681
      ],
      [
       105.83889760850322,
       16.649234540954325
      ],
      [
       105.83890157995509,
       17.101024979157998
      ],
      [
       106.19124091083506,
       17.100715730521287
      ],
      [
       106.54357786926437,
       17.09979380458543
      ]
     ]
    ]
   },
   "properties": {
    "grid_id": "325:118",
    "sheet_number": "118",
    "geometry_source": "CartoMundi WKT",
    "parts_present": [
     "W",
     "E"
    ],
    "has_unclassified_records": false,
    "grid_codes": [
     "B81_118_E",
     "B81_118_W"
    ],
    "fkeys": [
     "31799",
     "31800",
     "31801",
     "31802",
     "31803"
    ],
    "map_ids": [
     "5a9491f7-0a8e-46d1-bde5-69ce046335bc",
     "f7100a99-105f-4327-bafc-0ba1e36b6ce2"
    ]
   }
  },
  {
   "type": "Feature",
   "id": "325:62",
   "geometry": {
    "type": "Polygon",
    "coordinates": [
     [
      [
       107.27886326732643,
       20.70957383026729
      ],
      [
       107.27464967816377,
       20.257969761966905
      ],
      [
       106.91573137989198,
       20.26015366240135
      ],
      [
       106.55680376249751,
       20.26171460481325
      ],
      [
       106.55891353140073,
       20.713327835524254
      ],
      [
       106.91889323679139,
       20.711763062199594
      ],
      [
       107.27886326732643,
       20.70957383026729
      ]
     ]
    ]
   },
   "properties": {
    "grid_id": "325:62",
    "sheet_number": "62",
    "geometry_source": "CartoMundi WKT",
    "parts_present": [
     "W",
     "E"
    ],
    "has_unclassified_records": false,
    "grid_codes": [
     "B81_062_E",
     "B81_062_W"
    ],
    "fkeys": [
     "31717",
     "31718",
     "31719",
     "31720",
     "31721",
     "31722",
     "31723"
    ],
    "map_ids": [
     "5ae08c9c-2e97-4ea6-b5ef-6fc239be936d",
     "a05f4196-8fab-4229-87bc-e2e5d5222c92"
    ]
   }
  },
  {
   "type": "Feature",
   "id": "325:211",
   "geometry": {
    "type": "Polygon",
    "coordinates": [
     [
      [
       107.21458378087702,
       11.673570597243867
      ],
      [
       107.2123996674009,
       11.22158690225939
      ],
      [
       106.52563370705373,
       11.225156718059225
      ],
      [
       106.52672741579362,
       11.67714881257207
      ],
      [
       106.8706573397195,
       11.675657555115563
      ],
      [
       107.21458378087702,
       11.673570597243867
      ]
     ]
    ]
   },
   "properties": {
    "grid_id": "325:211",
    "sheet_number": "211",
    "geometry_source": "CartoMundi WKT",
    "parts_present": [
     "W",
     "E"
    ],
    "has_unclassified_records": true,
    "grid_codes": [
     "B81_211",
     "B81_211_E",
     "B81_211_W"
    ],
    "fkeys": [
     "31866",
     "31867",
     "32182"
    ],
    "map_ids": [
     "636afdbe-2d0d-4295-8a9f-6ce9ef025034",
     "cf029676-c4d9-4552-ba71-720c530b702b"
    ]
   }
  },
  {
   "type": "Feature",
   "id": "325:103",
   "geometry": {
    "type": "Polygon",
    "coordinates": [
     [
      [
       105.13073147031636,
       18.00331980979297
      ],
      [
       105.12890577206217,
       18.455045559529694
      ],
      [
       105.48390872543885,
       18.455967990762147
      ],
      [
       105.83891423452252,
       18.456273366284833
      ],
      [
       105.83890989116811,
       18.004544849167985
      ],
      [
       105.48481945723682,
       18.00424012513622
      ],
      [
       105.13073147031636,
       18.00331980979297
      ]
     ]
    ]
   },
   "properties": {
    "grid_id": "325:103",
    "sheet_number": "103",
    "geometry_source": "CartoMundi WKT",
    "parts_present": [
     "W",
     "E"
    ],
    "has_unclassified_records": false,
    "grid_codes": [
     "B81_103_E",
     "B81_103_W"
    ],
    "fkeys": [
     "31901",
     "31902",
     "31903"
    ],
    "map_ids": [
     "c450a73b-a98a-45c5-9a32-e24f12bb4b7c"
    ]
   }
  },
  {
   "type": "Feature",
   "id": "325:188",
   "geometry": {
    "type": "Polygon",
    "coordinates": [
     [
      [
       104.46086746834678,
       12.125555437753093
      ],
      [
       104.45850263090344,
       12.577510566692624
      ],
      [
       104.80358984273177,
       12.57960389454675
      ],
      [
       105.1486801510529,
       12.581098002182316
      ],
      [
       105.14986112483444,
       12.129134728001276
      ],
      [
       104.8053624810954,
       12.127644007112295
      ],
      [
       104.46086746834678,
       12.125555437753093
      ]
     ]
    ]
   },
   "properties": {
    "grid_id": "325:188",
    "sheet_number": "188",
    "geometry_source": "CartoMundi WKT",
    "parts_present": [
     "W",
     "E"
    ],
    "has_unclassified_records": false,
    "grid_codes": [
     "B81_188_E",
     "B81_188_W"
    ],
    "fkeys": [
     "32091",
     "32187",
     "32188"
    ],
    "map_ids": [
     "fb91658a-b6f7-4b7a-80d5-c8db7d66a811"
    ]
   }
  },
  {
   "type": "Feature",
   "id": "325:88",
   "geometry": {
    "type": "Polygon",
    "coordinates": [
     [
      [
       105.12509335074246,
       19.358431938038706
      ],
      [
       105.48200693898174,
       19.3593586305429
      ],
      [
       105.83892330481193,
       19.359665315691274
      ],
      [
       105.83891870543769,
       18.907980336062067
      ],
      [
       105.48297132804998,
       18.907674307533483
      ],
      [
       105.12702661776035,
       18.906749750390574
      ],
      [
       105.12509335074246,
       19.358431938038706
      ]
     ]
    ]
   },
   "properties": {
    "grid_id": "325:88",
    "sheet_number": "88",
    "geometry_source": "CartoMundi WKT",
    "parts_present": [
     "W",
     "E"
    ],
    "has_unclassified_records": false,
    "grid_codes": [
     "B81_088_E",
     "B81_088_W"
    ],
    "fkeys": [
     "31920",
     "31921",
     "31922",
     "31923",
     "31924",
     "31925"
    ],
    "map_ids": [
     "03cb6e47-b2a3-4716-a972-907bc9980f11",
     "3c3da051-3c82-451d-9d8f-3eb4d581affc"
    ]
   }
  },
  {
   "type": "Feature",
   "id": "325:150",
   "geometry": {
    "type": "Polygon",
    "coordinates": [
     [
      [
       109.32267993391999,
       14.811581499138413
      ],
      [
       109.31558069106171,
       14.359769486796083
      ],
      [
       108.96795913328918,
       14.365509987501014
      ],
      [
       108.62032229517374,
       14.370646625769012
      ],
      [
       108.626007778421,
       14.822484969485188
      ],
      [
       108.97435239825053,
       14.81733622291479
      ],
      [
       109.32267993391999,
       14.811581499138413
      ]
     ]
    ]
   },
   "properties": {
    "grid_id": "325:150",
    "sheet_number": "150",
    "geometry_source": "CartoMundi WKT",
    "parts_present": [
     "W",
     "E"
    ],
    "has_unclassified_records": false,
    "grid_codes": [
     "B81_150_E",
     "B81_150_W"
    ],
    "fkeys": [
     "32123",
     "32124",
     "32189",
     "32190"
    ],
    "map_ids": [
     "a60d49f2-da90-4d3a-9bc1-02112f4860ab",
     "dc9a16f6-91da-4b95-91c6-1357d4a4bca9"
    ]
   }
  },
  {
   "type": "Feature",
   "id": "325:158",
   "geometry": {
    "type": "Polygon",
    "coordinates": [
     [
      [
       109.31558069106171,
       14.359769486796083
      ],
      [
       109.30872349296854,
       13.907939148819978
      ],
      [
       108.9617845919299,
       13.913666185498442
      ],
      [
       108.61483127472758,
       13.918790767745321
      ],
      [
       108.62032229517374,
       14.370646625769012
      ],
      [
       108.96795913328918,
       14.365509987501014
      ],
      [
       109.31558069106171,
       14.359769486796083
      ]
     ]
    ]
   },
   "properties": {
    "grid_id": "325:158",
    "sheet_number": "158",
    "geometry_source": "CartoMundi WKT",
    "parts_present": [
     "W",
     "E"
    ],
    "has_unclassified_records": false,
    "grid_codes": [
     "B81_158_E",
     "B81_158_W"
    ],
    "fkeys": [
     "32125",
     "32126",
     "32127",
     "32128"
    ],
    "map_ids": [
     "137019d6-29f3-48bf-90e2-a270eff533a0",
     "bc9767f2-e270-4b33-8a6b-af39a68f3372"
    ]
   }
  },
  {
   "type": "Feature",
   "id": "325:27",
   "geometry": {
    "type": "Polygon",
    "coordinates": [
     [
      [
       106.5655894925887,
       22.06802352154986
      ],
      [
       106.56330559964069,
       21.61648270665954
      ],
      [
       106.20112870669324,
       21.61742770564439
      ],
      [
       105.83894829234988,
       21.617745202363935
      ],
      [
       105.83895370020788,
       22.069289228952925
      ],
      [
       106.20227341997831,
       22.068970886338846
      ],
      [
       106.5655894925887,
       22.06802352154986
      ]
     ]
    ]
   },
   "properties": {
    "grid_id": "325:27",
    "sheet_number": "27",
    "geometry_source": "CartoMundi WKT",
    "parts_present": [
     "W",
     "E"
    ],
    "has_unclassified_records": false,
    "grid_codes": [
     "B81_027_E",
     "B81_027_W"
    ],
    "fkeys": [
     "31768",
     "31769",
     "31770",
     "31771",
     "31772",
     "31773",
     "31774"
    ],
    "map_ids": [
     "19d4396c-6449-412e-ab17-c253351096f9",
     "d51c7031-b35a-4f11-8085-66bbcb4aed54"
    ]
   }
  },
  {
   "type": "Feature",
   "id": "325:35",
   "geometry": {
    "type": "Polygon",
    "coordinates": [
     [
      [
       103.66598472975858,
       21.606472871875653
      ],
      [
       104.02811395809704,
       21.60992024458119
      ],
      [
       104.39026031730799,
       21.612740187685986
      ],
      [
       104.39469363977904,
       21.161183384374382
      ],
      [
       104.03365600913956,
       21.158370162684292
      ],
      [
       103.67263489582315,
       21.154931023273747
      ],
      [
       103.66598472975858,
       21.606472871875653
      ]
     ]
    ]
   },
   "properties": {
    "grid_id": "325:35",
    "sheet_number": "35",
    "geometry_source": "CartoMundi WKT",
    "parts_present": [
     "W",
     "E"
    ],
    "has_unclassified_records": false,
    "grid_codes": [
     "B81_035_E",
     "B81_035_W"
    ],
    "fkeys": [
     "31979",
     "31980",
     "31981",
     "31982",
     "31983"
    ],
    "map_ids": [
     "3258f393-e69d-4621-af29-1191ce88851c",
     "f38da67e-97fa-4049-9f0d-cac08ad81203"
    ]
   }
  },
  {
   "type": "Feature",
   "id": "325:84",
   "geometry": {
    "type": "Polygon",
    "coordinates": [
     [
      [
       102.27989292229117,
       18.877088563595095
      ],
      [
       102.2702262170958,
       19.32870044331871
      ],
      [
       102.62701518564897,
       19.334586372273193
      ],
      [
       102.9838296510849,
       19.339852533828235
      ],
      [
       102.99156750448202,
       18.888214208893928
      ],
      [
       102.63571797159507,
       18.88296053160758
      ],
      [
       102.27989292229117,
       18.877088563595095
      ]
     ]
    ]
   },
   "properties": {
    "grid_id": "325:84",
    "sheet_number": "84",
    "geometry_source": "CartoMundi WKT",
    "parts_present": [
     "W",
     "E"
    ],
    "has_unclassified_records": false,
    "grid_codes": [
     "B81_084_E",
     "B81_084_W"
    ],
    "fkeys": [
     "32145",
     "32146"
    ],
    "map_ids": [
     "17a0da3d-fd2f-4cb9-8ad1-e374d0081e17",
     "adcbef30-0861-4e37-a945-8c90d428b7e0"
    ]
   }
  },
  {
   "type": "Feature",
   "id": "325:21",
   "geometry": {
    "type": "Polygon",
    "coordinates": [
     [
      [
       101.49376092980377,
       21.57261498118058
      ],
      [
       101.4801303383486,
       22.02405066186776
      ],
      [
       101.84321597871558,
       22.031279048939297
      ],
      [
       102.20634062303385,
       22.037878789942383
      ],
      [
       102.21770769443333,
       21.586409868585605
      ],
      [
       101.85571549510827,
       21.579825989329876
      ],
      [
       101.49376092980377,
       21.57261498118058
      ]
     ]
    ]
   },
   "properties": {
    "grid_id": "325:21",
    "sheet_number": "21",
    "geometry_source": "CartoMundi WKT",
    "parts_present": [
     "W",
     "E"
    ],
    "has_unclassified_records": false,
    "grid_codes": [
     "B81_021_E",
     "B81_021_W"
    ],
    "fkeys": [
     "32150",
     "32151",
     "32152"
    ],
    "map_ids": [
     "79c1a4a8-a53d-474b-a3fc-9c2d79b95906",
     "83f3e6e6-405a-464e-a56b-1a1e8144083a"
    ]
   }
  },
  {
   "type": "Feature",
   "id": "325:77",
   "geometry": {
    "type": "Polygon",
    "coordinates": [
     [
      [
       102.97587238507796,
       19.79146822130828
      ],
      [
       103.3337027678451,
       19.79612561910092
      ],
      [
       103.69155379479577,
       19.800161669271503
      ],
      [
       103.69752376910364,
       19.34852535593619
      ],
      [
       103.3406667891003,
       19.344498876859063
      ],
      [
       102.9838296510849,
       19.339852533828235
      ],
      [
       102.97587238507796,
       19.79146822130828
      ]
     ]
    ]
   },
   "properties": {
    "grid_id": "325:77",
    "sheet_number": "77",
    "geometry_source": "CartoMundi WKT",
    "parts_present": [
     "W",
     "E"
    ],
    "has_unclassified_records": false,
    "grid_codes": [
     "B81_077_E",
     "B81_077_W"
    ],
    "fkeys": [
     "31934",
     "31935",
     "31936",
     "31937"
    ],
    "map_ids": [
     "0be89446-1689-4220-bb94-481a253e5937",
     "4860f2ef-c283-4aca-9b9c-c2aba578eacd"
    ]
   }
  },
  {
   "type": "Feature",
   "id": "325:132",
   "geometry": {
    "type": "Polygon",
    "coordinates": [
     [
      [
       108.64425028551051,
       16.17789002856101
      ],
      [
       108.63796977079546,
       15.726107154365081
      ],
      [
       108.28811988716346,
       15.730672101821213
      ],
      [
       107.93825600867766,
       15.734628834250756
      ],
      [
       107.94297016965938,
       16.186431941316144
      ],
      [
       108.29361758029557,
       16.18246580902604
      ],
      [
       108.64425028551051,
       16.17789002856101
      ]
     ]
    ]
   },
   "properties": {
    "grid_id": "325:132",
    "sheet_number": "132",
    "geometry_source": "CartoMundi WKT",
    "parts_present": [
     "W",
     "E"
    ],
    "has_unclassified_records": false,
    "grid_codes": [
     "B81_132_E",
     "B81_132_W"
    ],
    "fkeys": [
     "31830",
     "31831",
     "31832",
     "31833",
     "31834",
     "31835"
    ],
    "map_ids": [
     "840d85cc-07b8-4b31-82b0-7e08e61d5c61",
     "b3a2b6cf-fc44-4722-98a1-904cae863c8b"
    ]
   }
  },
  {
   "type": "Feature",
   "id": "325:51",
   "geometry": {
    "type": "Polygon",
    "coordinates": [
     [
      [
       107.9987615225998,
       20.703322088067807
      ],
      [
       107.6388204276984,
       20.70676016224499
      ],
      [
       107.27886326732643,
       20.70957383026729
      ],
      [
       107.28319120393994,
       21.1611541313072
      ],
      [
       107.64422815724973,
       21.15833360298481
      ],
      [
       108.00524844231938,
       21.154887162343016
      ],
      [
       107.9987615225998,
       20.703322088067807
      ]
     ]
    ]
   },
   "properties": {
    "grid_id": "325:51",
    "sheet_number": "51",
    "geometry_source": "CartoMundi WKT",
    "parts_present": [
     "W",
     "E"
    ],
    "has_unclassified_records": false,
    "grid_codes": [
     "B81_051_E",
     "B81_051_W"
    ],
    "fkeys": [
     "31740",
     "31741",
     "31742",
     "31743",
     "31744",
     "31745",
     "31746",
     "31747"
    ],
    "map_ids": [
     "1cc1b0aa-5157-4ef0-af5f-5a991b130647",
     "2bb8c8a2-0a68-46f1-acb5-2d89759c2e7c"
    ]
   }
  },
  {
   "type": "Feature",
   "id": "325:9",
   "geometry": {
    "type": "Polygon",
    "coordinates": [
     [
      [
       106.32687420013961,
       23.062030255155946
      ],
      [
       106.32654835782988,
       22.97173487625409
      ],
      [
       106.5703371795951,
       22.97102989414323
      ],
      [
       106.56793306331598,
       22.51953938361008
      ],
      [
       106.20344804356913,
       22.52048912426946
      ],
      [
       105.83895924910139,
       22.520808316940872
      ],
      [
       105.83896494172537,
       22.972302069331818
      ],
      [
       105.93648192660054,
       22.972278526692207
      ],
      [
       105.93654802194418,
       23.062574186423163
      ],
      [
       106.20489768728244,
       23.062277525841836
      ],
      [
       106.32687420013961,
       23.062030255155946
      ]
     ]
    ]
   },
   "properties": {
    "grid_id": "325:9",
    "sheet_number": "9",
    "geometry_source": "CartoMundi WKT",
    "parts_present": [
     "W",
     "E"
    ],
    "has_unclassified_records": false,
    "grid_codes": [
     "B81_009_E",
     "B81_009_W"
    ],
    "fkeys": [
     "31791",
     "31792",
     "31793",
     "31794",
     "31795",
     "31796"
    ],
    "map_ids": [
     "43b6937f-a42c-446e-b0a0-c5a79a38a454",
     "9b425ee7-4a13-49f7-8948-8a2c9fa3b010"
    ]
   }
  },
  {
   "type": "Feature",
   "id": "325:124",
   "geometry": {
    "type": "Polygon",
    "coordinates": [
     [
      [
       107.24488628743688,
       16.64433342261914
      ],
      [
       107.24163956848925,
       16.192535114485338
      ],
      [
       106.8909605524264,
       16.194672095446677
      ],
      [
       106.54027518257958,
       16.19619931010817
      ],
      [
       106.54190087991893,
       16.64800642196984
      ],
      [
       106.89339691552927,
       16.6464755254855
      ],
      [
       107.24488628743688,
       16.64433342261914
      ]
     ]
    ]
   },
   "properties": {
    "grid_id": "325:124",
    "sheet_number": "124",
    "geometry_source": "CartoMundi WKT",
    "parts_present": [
     "W",
     "E"
    ],
    "has_unclassified_records": false,
    "grid_codes": [
     "B81_124_E",
     "B81_124_W"
    ],
    "fkeys": [
     "31816",
     "31817",
     "31818",
     "31819",
     "31820"
    ],
    "map_ids": [
     "41b944b2-ab0a-4604-947b-061956f01ee2",
     "b9c9f624-e0a3-4e3a-8324-2e7437fcb16d"
    ]
   }
  },
  {
   "type": "Feature",
   "id": "325:204",
   "geometry": {
    "type": "Polygon",
    "coordinates": [
     [
      [
       109.28368040949654,
       12.100451532022191
      ],
      [
       109.27800582550857,
       11.6485405925076
      ],
      [
       108.93412405397687,
       11.654201159181227
      ],
      [
       108.5902320236846,
       11.659266222602511
      ],
      [
       108.59477656207939,
       12.111202148084061
      ],
      [
       108.93923402075761,
       12.106125280918647
      ],
      [
       109.28368040949654,
       12.100451532022191
      ]
     ]
    ]
   },
   "properties": {
    "grid_id": "325:204",
    "sheet_number": "204",
    "geometry_source": "CartoMundi WKT",
    "parts_present": [
     "W",
     "E"
    ],
    "has_unclassified_records": false,
    "grid_codes": [
     "B81_204_E",
     "B81_204_W"
    ],
    "fkeys": [
     "32138",
     "32139",
     "32140",
     "32141"
    ],
    "map_ids": [
     "0823467d-5f04-44d7-8e90-b0dd7d8f804a",
     "cca5f602-655c-4528-a48c-8fd4b81b58ba"
    ]
   }
  },
  {
   "type": "Feature",
   "id": "325:117",
   "geometry": {
    "type": "Polygon",
    "coordinates": [
     [
      [
       105.13422501576139,
       17.099805436957823
      ],
      [
       105.48656217990488,
       17.100721547537404
      ],
      [
       105.83890157995509,
       17.101024979157998
      ],
      [
       105.83889760850322,
       16.649234540954325
      ],
      [
       105.48739477084952,
       16.64893175110899
      ],
      [
       105.135894064898,
       16.648017729326938
      ],
      [
       105.13422501576139,
       17.099805436957823
      ]
     ]
    ]
   },
   "properties": {
    "grid_id": "325:117",
    "sheet_number": "117",
    "geometry_source": "CartoMundi WKT",
    "parts_present": [
     "W",
     "E"
    ],
    "has_unclassified_records": false,
    "grid_codes": [
     "B81_117_E",
     "B81_117_W"
    ],
    "fkeys": [
     "32047",
     "32048",
     "32049",
     "32050"
    ],
    "map_ids": [
     "13c46626-ec75-4dbc-a117-fbb9fa85565e",
     "1cc01b6d-fb57-41e9-82be-51b1ff4cf576"
    ]
   }
  },
  {
   "type": "Feature",
   "id": "325:36",
   "geometry": {
    "type": "Polygon",
    "coordinates": [
     [
      [
       104.39026031730799,
       21.612740187685986
      ],
      [
       104.75242037133548,
       21.614932673573634
      ],
      [
       105.11459067963185,
       21.61649767983475
      ],
      [
       105.11680519658883,
       21.164931972291768
      ],
      [
       104.7557444747549,
       21.163370662028512
      ],
      [
       104.39469363977904,
       21.161183384374382
      ],
      [
       104.39026031730799,
       21.612740187685986
      ]
     ]
    ]
   },
   "properties": {
    "grid_id": "325:36",
    "sheet_number": "36",
    "geometry_source": "CartoMundi WKT",
    "parts_present": [
     "W",
     "E"
    ],
    "has_unclassified_records": false,
    "grid_codes": [
     "B81_036_E",
     "B81_036_W"
    ],
    "fkeys": [
     "31973",
     "31974",
     "31975",
     "31976",
     "31977",
     "31978"
    ],
    "map_ids": [
     "4113b924-8e24-4614-bfe2-3df752cf61ae",
     "88670b1a-5d5f-4e6c-9eff-1173772aae76"
    ]
   }
  },
  {
   "type": "Feature",
   "id": "325:28",
   "geometry": {
    "type": "Polygon",
    "coordinates": [
     [
      [
       107.29219642209944,
       22.06424177384794
      ],
      [
       107.28763504927622,
       21.612710248907504
      ],
      [
       106.92547552794974,
       21.61491021565506
      ],
      [
       106.56330559964069,
       21.61648270665954
      ],
      [
       106.5655894925887,
       22.06802352154986
      ],
      [
       106.9288983490324,
       22.06644714607937
      ],
      [
       107.29219642209944,
       22.06424177384794
      ]
     ]
    ]
   },
   "properties": {
    "grid_id": "325:28",
    "sheet_number": "28",
    "geometry_source": "CartoMundi WKT",
    "parts_present": [
     "W",
     "E"
    ],
    "has_unclassified_records": false,
    "grid_codes": [
     "B81_028_E",
     "B81_028_W"
    ],
    "fkeys": [
     "31775",
     "31776",
     "31777",
     "31778",
     "31779",
     "31780"
    ],
    "map_ids": [
     "7be8a136-5263-4e8c-9aea-5fdf712de542",
     "85cce041-aece-449d-9a19-20e4d74ba2aa"
    ]
   }
  },
  {
   "type": "Feature",
   "id": "325:17",
   "geometry": {
    "type": "Polygon",
    "coordinates": [
     [
      [
       105.1099851231714,
       22.519555047250407
      ],
      [
       105.47447037648024,
       22.520496956865813
      ],
      [
       105.83895924910139,
       22.520808316940872
      ],
      [
       105.83895370020788,
       22.069289228952925
      ],
      [
       105.47563390318233,
       22.06897854531782
      ],
      [
       105.11231759970494,
       22.068038839610097
      ],
      [
       105.1099851231714,
       22.519555047250407
      ]
     ]
    ]
   },
   "properties": {
    "grid_id": "325:17",
    "sheet_number": "17",
    "geometry_source": "CartoMundi WKT",
    "parts_present": [
     "W",
     "E"
    ],
    "has_unclassified_records": false,
    "grid_codes": [
     "B81_017_E",
     "B81_017_W"
    ],
    "fkeys": [
     "32003",
     "32004",
     "32005",
     "32006"
    ],
    "map_ids": [
     "705f1ee9-7898-4567-934a-c98f4adb0c1e",
     "87d9f32c-1c86-476b-af1f-ab62ecde50a2"
    ]
   }
  },
  {
   "type": "Feature",
   "id": "325:76",
   "geometry": {
    "type": "Polygon",
    "coordinates": [
     [
      [
       102.2702262170958,
       19.32870044331871
      ],
      [
       102.26028532451612,
       19.78028956675773
      ],
      [
       102.61806559117183,
       19.786189519450417
      ],
      [
       102.97587238507796,
       19.79146822130828
      ],
      [
       102.9838296510849,
       19.339852533828235
      ],
      [
       102.62701518564897,
       19.334586372273193
      ],
      [
       102.2702262170958,
       19.32870044331871
      ]
     ]
    ]
   },
   "properties": {
    "grid_id": "325:76",
    "sheet_number": "76",
    "geometry_source": "CartoMundi WKT",
    "parts_present": [
     "W",
     "E"
    ],
    "has_unclassified_records": false,
    "grid_codes": [
     "B81_076_E",
     "B81_076_W"
    ],
    "fkeys": [
     "32147",
     "32148",
     "32149"
    ],
    "map_ids": [
     "2b8d670c-eca2-4c9a-9d0c-13eaa49a4936",
     "8c864114-fa2e-4b03-8195-c8abf44b90bd"
    ]
   }
  },
  {
   "type": "Feature",
   "id": "325:40",
   "geometry": {
    "type": "Polygon",
    "coordinates": [
     [
      [
       108.01190911507956,
       21.606427984310017
      ],
      [
       108.00524844231938,
       21.154887162343016
      ],
      [
       107.64422815724973,
       21.15833360298481
      ],
      [
       107.28319120393994,
       21.1611541313072
      ],
      [
       107.28763504927622,
       21.612710248907504
      ],
      [
       107.64978072397092,
       21.609882828729212
      ],
      [
       108.01190911507956,
       21.606427984310017
      ]
     ]
    ]
   },
   "properties": {
    "grid_id": "325:40",
    "sheet_number": "40",
    "geometry_source": "CartoMundi WKT",
    "parts_present": [
     "W",
     "E"
    ],
    "has_unclassified_records": false,
    "grid_codes": [
     "B81_040_E",
     "B81_040_W"
    ],
    "fkeys": [
     "31760",
     "31761",
     "31762",
     "31763",
     "31764",
     "31765"
    ],
    "map_ids": [
     "4bb33f0c-ce4a-46b5-b978-d606ac49b772",
     "5cbd1eeb-199a-4856-9bbd-9bc5ca90f6a4"
    ]
   }
  },
  {
   "type": "Feature",
   "id": "325:72",
   "geometry": {
    "type": "Polygon",
    "coordinates": [
     [
      [
       106.55475048594752,
       19.81007806924083
      ],
      [
       106.19684078014421,
       19.81101371370555
      ],
      [
       105.83892803444192,
       19.8113278662903
      ],
      [
       105.83893289702253,
       20.26296755430451
      ],
      [
       106.19786990809997,
       20.26265257175804
      ],
      [
       106.55680376249751,
       20.26171460481325
      ],
      [
       106.55475048594752,
       19.81007806924083
      ]
     ]
    ]
   },
   "properties": {
    "grid_id": "325:72",
    "sheet_number": "72",
    "geometry_source": "CartoMundi WKT",
    "parts_present": [
     "W",
     "E"
    ],
    "has_unclassified_records": false,
    "grid_codes": [
     "B81_072_E",
     "B81_072_W"
    ],
    "fkeys": [
     "31703",
     "31704",
     "31705",
     "31706",
     "31707",
     "31708",
     "31709",
     "31710"
    ],
    "map_ids": [
     "446bed8d-1934-4d8d-a13b-aa7849bab45a",
     "c8f3ed4d-ff3d-4096-833e-656e6473a3ec"
    ]
   }
  },
  {
   "type": "Feature",
   "id": "325:228",
   "geometry": {
    "type": "Polygon",
    "coordinates": [
     [
      [
       105.15412456600379,
       10.321138561046268
      ],
      [
       105.15312707042409,
       10.773158029914356
      ],
      [
       105.49599138850546,
       10.77404570354453
      ],
      [
       105.83885660849533,
       10.774340395178328
      ],
      [
       105.83885423514636,
       10.322318355172854
      ],
      [
       105.49648899318908,
       10.322024267854943
      ],
      [
       105.15412456600379,
       10.321138561046268
      ]
     ]
    ]
   },
   "properties": {
    "grid_id": "325:228",
    "sheet_number": "228",
    "geometry_source": "CartoMundi WKT",
    "parts_present": [
     "W",
     "E"
    ],
    "has_unclassified_records": false,
    "grid_codes": [
     "B81_228_E",
     "B81_228_W"
    ],
    "fkeys": [
     "32176",
     "32177"
    ],
    "map_ids": [
     "40a63c9c-bae3-402e-b932-4f92660b56ff",
     "f41b75cf-e555-47e4-bc7e-c0299db15622"
    ]
   }
  },
  {
   "type": "Feature",
   "id": "325:178",
   "geometry": {
    "type": "Polygon",
    "coordinates": [
     [
      [
       105.14745239121471,
       13.03304520501996
      ],
      [
       105.1474523885198,
       13.033045944542707
      ],
      [
       105.49316057426299,
       13.033943579102925
      ],
      [
       105.83887010927576,
       13.03424133157364
      ],
      [
       105.83886718885277,
       12.582290762625775
      ],
      [
       105.83886635970777,
       12.582290762625775
      ],
      [
       105.49377304023383,
       12.58199362775568
      ],
      [
       105.1486801510529,
       12.581098002182316
      ],
      [
       105.14745239121471,
       13.03304520501996
      ]
     ]
    ]
   },
   "properties": {
    "grid_id": "325:178",
    "sheet_number": "178",
    "geometry_source": "CartoMundi WKT",
    "parts_present": [
     "W",
     "E"
    ],
    "has_unclassified_records": false,
    "grid_codes": [
     "B81_178_E",
     "B81_178_W"
    ],
    "fkeys": [
     "32077",
     "32078",
     "32079",
     "32080",
     "32081",
     "32082"
    ],
    "map_ids": [
     "062006ba-0ae0-49be-9491-41eb8004baa8",
     "9e1da627-6092-41dc-ab4a-29d6e2612fb9"
    ]
   }
  },
  {
   "type": "Feature",
   "id": "325:137",
   "geometry": {
    "type": "Polygon",
    "coordinates": [
     [
      [
       108.63796977079546,
       15.726107154365081
      ],
      [
       108.63188961542306,
       15.274305307795558
      ],
      [
       108.2827975487681,
       15.278859469470333
      ],
      [
       107.93369218704699,
       15.282806842253649
      ],
      [
       107.93825600867766,
       15.734628834250756
      ],
      [
       108.28811988716346,
       15.730672101821213
      ],
      [
       108.63796977079546,
       15.726107154365081
      ]
     ]
    ]
   },
   "properties": {
    "grid_id": "325:137",
    "sheet_number": "137",
    "geometry_source": "CartoMundi WKT",
    "parts_present": [
     "W",
     "E"
    ],
    "has_unclassified_records": false,
    "grid_codes": [
     "B81_137_E",
     "B81_137_W"
    ],
    "fkeys": [
     "31838",
     "31839",
     "31840",
     "31841"
    ],
    "map_ids": [
     "076e8bb9-2914-4502-a85f-8eaa6c12f73e",
     "21d9bfd5-4a1f-4773-a9c7-a047138e0f10"
    ]
   }
  },
  {
   "type": "Feature",
   "id": "325:110",
   "geometry": {
    "type": "Polygon",
    "coordinates": [
     [
      [
       105.13073147031636,
       18.00331980979297
      ],
      [
       105.48481945723682,
       18.00424012513622
      ],
      [
       105.83890989116811,
       18.004544849167985
      ],
      [
       105.83890567357787,
       17.552795235634207
      ],
      [
       105.48570384054919,
       17.552491158573673
      ],
      [
       105.13250434763188,
       17.551572951133238
      ],
      [
       105.13073147031636,
       18.00331980979297
      ]
     ]
    ]
   },
   "properties": {
    "grid_id": "325:110",
    "sheet_number": "110",
    "geometry_source": "CartoMundi WKT",
    "parts_present": [
     "W",
     "E"
    ],
    "has_unclassified_records": false,
    "grid_codes": [
     "B81_110_E",
     "B81_110_W"
    ],
    "fkeys": [
     "31891",
     "31892",
     "31893",
     "31894",
     "31895"
    ],
    "map_ids": [
     "41fbee2b-35bd-4791-8e97-06ed8213387d",
     "6a797234-a42a-4534-ba4d-7b8a56f13eff"
    ]
   }
  },
  {
   "type": "Feature",
   "id": "325:222",
   "geometry": {
    "type": "Polygon",
    "coordinates": [
     [
      [
       107.8991485822155,
       11.215639860422371
      ],
      [
       107.8960129516309,
       10.763656175147972
      ],
      [
       107.55316253048697,
       10.766919234706393
      ],
      [
       107.21030724227083,
       10.769589379620882
      ],
      [
       107.2123996674009,
       11.22158690225939
      ],
      [
       107.55577677798242,
       11.218910523009612
      ],
      [
       107.8991485822155,
       11.215639860422371
      ]
     ]
    ]
   },
   "properties": {
    "grid_id": "325:222",
    "sheet_number": "222",
    "geometry_source": "CartoMundi WKT",
    "parts_present": [
     "W",
     "E"
    ],
    "has_unclassified_records": false,
    "grid_codes": [
     "B81_222_E",
     "B81_222_W"
    ],
    "fkeys": [
     "31876",
     "31877",
     "31878",
     "31879"
    ],
    "map_ids": [
     "9d2ddd65-c466-4aeb-9576-2c8164120ddf",
     "e2c531ea-7b66-49be-aac6-5de2b085baf6"
    ]
   }
  },
  {
   "type": "Feature",
   "id": "325:24",
   "geometry": {
    "type": "Polygon",
    "coordinates": [
     [
      [
       103.6591586645782,
       22.057990063568568
      ],
      [
       104.02242532805137,
       22.06144570649205
      ],
      [
       104.38570974672608,
       22.06427240162867
      ],
      [
       104.39026031730799,
       21.612740187685986
      ],
      [
       104.02811395809704,
       21.60992024458119
      ],
      [
       103.66598472975858,
       21.606472871875653
      ],
      [
       103.6591586645782,
       22.057990063568568
      ]
     ]
    ]
   },
   "properties": {
    "grid_id": "325:24",
    "sheet_number": "24",
    "geometry_source": "CartoMundi WKT",
    "parts_present": [
     "W",
     "E"
    ],
    "has_unclassified_records": false,
    "grid_codes": [
     "B81_024_E",
     "B81_024_W"
    ],
    "fkeys": [
     "31996",
     "31997",
     "31998",
     "31999",
     "32000",
     "32001",
     "32002"
    ],
    "map_ids": [
     "bd61f95b-c548-4391-98fb-beb4147a84d1",
     "c612a2a9-691c-4ba1-9520-0f38d3bfaf57"
    ]
   }
  },
  {
   "type": "Feature",
   "id": "325:46",
   "geometry": {
    "type": "Polygon",
    "coordinates": [
     [
      [
       104.03905349610001,
       20.706795871883443
      ],
      [
       104.03365600913956,
       21.158370162684292
      ],
      [
       104.39469363977904,
       21.161183384374382
      ],
      [
       104.39901132571683,
       20.70960240282612
      ],
      [
       104.03905349610001,
       20.706795871883443
      ]
     ]
    ]
   },
   "properties": {
    "grid_id": "325:46",
    "sheet_number": "46",
    "geometry_source": "CartoMundi WKT",
    "parts_present": [
     "E"
    ],
    "has_unclassified_records": false,
    "grid_codes": [
     "B81_046_E"
    ],
    "fkeys": [
     "31964"
    ],
    "map_ids": [
     "bc6ee7e5-ae13-4d4d-b370-21a01fd4fa49"
    ]
   }
  },
  {
   "type": "Feature",
   "id": "325:231",
   "geometry": {
    "type": "Polygon",
    "coordinates": [
     [
      [
       107.8960129516309,
       10.763656175147972
      ],
      [
       107.89301377334124,
       10.311659125926226
      ],
      [
       107.55066201958797,
       10.314914613890977
      ],
      [
       107.20830583534372,
       10.317578550103846
      ],
      [
       107.21030724227083,
       10.769589379620882
      ],
      [
       107.55316253048697,
       10.766919234706393
      ],
      [
       107.8960129516309,
       10.763656175147972
      ]
     ]
    ]
   },
   "properties": {
    "grid_id": "325:231",
    "sheet_number": "231",
    "geometry_source": "CartoMundi WKT",
    "parts_present": [
     "W",
     "E"
    ],
    "has_unclassified_records": false,
    "grid_codes": [
     "B81_231_E",
     "B81_231_W"
    ],
    "fkeys": [
     "32166",
     "32167",
     "32168",
     "32169"
    ],
    "map_ids": [
     "4e7cac73-256c-4231-8ed4-bd9057c137a6",
     "fbe07d12-2977-48bd-a332-b40b159b7145"
    ]
   }
  },
  {
   "type": "Feature",
   "id": "325:223",
   "geometry": {
    "type": "Polygon",
    "coordinates": [
     [
      [
       108.58587209806386,
       11.207315812380386
      ],
      [
       108.58088190096503,
       10.664956930713089
      ],
      [
       108.23814538979238,
       10.669403663543193
      ],
      [
       107.89540223018834,
       10.673257819425928
      ],
      [
       107.8991485822155,
       11.215639860422371
      ],
      [
       108.2425140353596,
       11.211774945434001
      ],
      [
       108.58587209806386,
       11.207315812380386
      ]
     ]
    ]
   },
   "properties": {
    "grid_id": "325:223",
    "sheet_number": "223",
    "geometry_source": "CartoMundi WKT",
    "parts_present": [
     "W",
     "E"
    ],
    "has_unclassified_records": false,
    "grid_codes": [
     "B81_223_E",
     "B81_223_W"
    ],
    "fkeys": [
     "31880",
     "31881",
     "31882"
    ],
    "map_ids": [
     "56264af3-3248-4382-83a4-62b753501e49",
     "a04bb796-19e4-4130-a47f-411400f5e085"
    ]
   }
  },
  {
   "type": "Feature",
   "id": "325:165",
   "geometry": {
    "type": "Polygon",
    "coordinates": [
     [
      [
       108.61483127472758,
       13.918790767745321
      ],
      [
       108.60953290068905,
       13.466917890061836
      ],
      [
       108.26322699032886,
       13.471429367600976
      ],
      [
       107.916910493323,
       13.47533970378663
      ],
      [
       107.9208877159715,
       13.92723238423838
      ],
      [
       108.26786512059985,
       13.92331284837367
      ],
      [
       108.61483127472758,
       13.918790767745321
      ]
     ]
    ]
   },
   "properties": {
    "grid_id": "325:165",
    "sheet_number": "165",
    "geometry_source": "CartoMundi WKT",
    "parts_present": [
     "W",
     "E"
    ],
    "has_unclassified_records": false,
    "grid_codes": [
     "B81_165_E",
     "B81_165_W"
    ],
    "fkeys": [
     "31850",
     "31851"
    ],
    "map_ids": [
     "910f8bed-20da-4633-9130-65bb73f1dafe",
     "d56304d8-2f43-4943-8827-2bef96277ff3"
    ]
   }
  },
  {
   "type": "Feature",
   "id": "325:6",
   "geometry": {
    "type": "Polygon",
    "coordinates": [
     [
      [
       103.64496874699287,
       22.960948865480248
      ],
      [
       104.01059992092257,
       22.96442116395687
      ],
      [
       104.37625013105145,
       22.967261455705582
      ],
      [
       104.38104025896344,
       22.515779623754938
      ],
      [
       104.01658803401266,
       22.512946146170464
      ],
      [
       103.652154198474,
       22.50948219413783
      ],
      [
       103.64496874699287,
       22.960948865480248
      ]
     ]
    ]
   },
   "properties": {
    "grid_id": "325:6",
    "sheet_number": "6",
    "geometry_source": "CartoMundi WKT",
    "parts_present": [
     "W",
     "E"
    ],
    "has_unclassified_records": false,
    "grid_codes": [
     "B81_006_E",
     "B81_006_W"
    ],
    "fkeys": [
     "32033",
     "32034",
     "32035",
     "32036"
    ],
    "map_ids": [
     "4891053d-8b36-4842-b705-1b7243c03d5d",
     "c92d6c6c-3998-490a-b0aa-6a7ff036d3d7"
    ]
   }
  },
  {
   "type": "Feature",
   "id": "325:182",
   "geometry": {
    "type": "Polygon",
    "coordinates": [
     [
      [
       108.60442542852988,
       13.015028491186825
      ],
      [
       108.59950718468869,
       12.563123075196913
      ],
      [
       108.25445048773226,
       12.567613482328355
      ],
      [
       107.909384505789,
       12.57150553589807
      ],
      [
       107.91307650884322,
       13.023430586594387
      ],
      [
       108.2587559350226,
       13.019529411502575
      ],
      [
       108.60442542852988,
       13.015028491186825
      ]
     ]
    ]
   },
   "properties": {
    "grid_id": "325:182",
    "sheet_number": "182",
    "geometry_source": "CartoMundi WKT",
    "parts_present": [
     "W",
     "E"
    ],
    "has_unclassified_records": false,
    "grid_codes": [
     "B81_182_E",
     "B81_182_W"
    ],
    "fkeys": [
     "31854",
     "31855"
    ],
    "map_ids": [
     "5e00f655-6cd5-4383-9db6-11fc42d5f8fc",
     "aa072191-861f-43a8-a1f3-c77baf5acc59"
    ]
   }
  },
  {
   "type": "Feature",
   "id": "325:80",
   "geometry": {
    "type": "Polygon",
    "coordinates": [
     [
      [
       105.12310529188211,
       19.81009168467179
      ],
      [
       105.4810152168744,
       19.811020522226272
      ],
      [
       105.83892803444192,
       19.8113278662903
      ],
      [
       105.83892330481193,
       19.359665315691274
      ],
      [
       105.48200693898174,
       19.3593586305429
      ],
      [
       105.12509335074246,
       19.358431938038706
      ],
      [
       105.12310529188211,
       19.81009168467179
      ]
     ]
    ]
   },
   "properties": {
    "grid_id": "325:80",
    "sheet_number": "80",
    "geometry_source": "CartoMundi WKT",
    "parts_present": [
     "W",
     "E"
    ],
    "has_unclassified_records": false,
    "grid_codes": [
     "B81_080_E",
     "B81_080_W"
    ],
    "fkeys": [
     "31928",
     "31929",
     "31930",
     "31931",
     "31932",
     "31933"
    ],
    "map_ids": [
     "487d48ce-4c9b-467f-80a7-e0f99cd03d65",
     "744055c6-1e8d-4b66-ab98-68ca00bc9050"
    ]
   }
  },
  {
   "type": "Feature",
   "id": "325:111 bis",
   "geometry": {
    "type": "Polygon",
    "coordinates": [
     [
      [
       106.89850111692252,
       17.550022684233184
      ],
      [
       106.5453067219444,
       17.551560991892885
      ],
      [
       106.54708803174549,
       18.00330752278225
      ],
      [
       106.90117070333436,
       18.0017654841796
      ],
      [
       106.89850111692252,
       17.550022684233184
      ]
     ]
    ]
   },
   "properties": {
    "grid_id": "325:111 bis",
    "sheet_number": "111 bis",
    "geometry_source": "CartoMundi WKT",
    "parts_present": [],
    "has_unclassified_records": true,
    "grid_codes": [
     "B81_111b"
    ],
    "fkeys": [
     "31694"
    ],
    "map_ids": [
     "14d25f66-bc76-4f3d-8812-5c4df694deac"
    ]
   }
  },
  {
   "type": "Feature",
   "id": "325:208",
   "geometry": {
    "type": "Polygon",
    "coordinates": [
     [
      [
       104.807065458702,
       11.675669282771096
      ],
      [
       105.15099569344498,
       11.677156632433281
      ],
      [
       105.15208422519389,
       11.22516422705165
      ],
      [
       104.8086993289138,
       11.223680235056179
      ],
      [
       104.46531752193998,
       11.221601914261754
      ],
      [
       104.46313858096325,
       11.673586230130013
      ],
      [
       104.807065458702,
       11.675669282771096
      ]
     ]
    ]
   },
   "properties": {
    "grid_id": "325:208",
    "sheet_number": "208",
    "geometry_source": "CartoMundi WKT",
    "parts_present": [
     "W",
     "E"
    ],
    "has_unclassified_records": false,
    "grid_codes": [
     "B81_208_E",
     "B81_208_W"
    ],
    "fkeys": [
     "32100",
     "32101",
     "32102",
     "32103",
     "32104",
     "32105",
     "32106",
     "32107"
    ],
    "map_ids": [
     "8740fc58-5e41-4387-aa9f-66c9e0977644",
     "db37ae35-e0ed-4dab-8449-070e79955de7"
    ]
   }
  },
  {
   "type": "Feature",
   "id": "325:156",
   "geometry": {
    "type": "Polygon",
    "coordinates": [
     [
      [
       107.45823642343511,
       13.931521007156263
      ],
      [
       107.46144403422687,
       14.383406915832154
      ],
      [
       107.9250094020907,
       14.379108062144496
      ],
      [
       107.92088763152988,
       13.927232314485806
      ],
      [
       107.45823642343511,
       13.931521007156263
      ]
     ]
    ]
   },
   "properties": {
    "grid_id": "325:156",
    "sheet_number": "156",
    "geometry_source": "CartoMundi WKT",
    "parts_present": [],
    "has_unclassified_records": true,
    "grid_codes": [
     "B81_156"
    ],
    "fkeys": [
     "31845"
    ],
    "map_ids": [
     "03d09a78-2197-4762-ac79-f0c85962eba1"
    ]
   }
  },
  {
   "type": "Feature",
   "id": "325:159 bis",
   "geometry": {
    "type": "Polygon",
    "coordinates": [
     [
      [
       103.06291717418856,
       13.91882757924752
      ],
      [
       103.06291716610373,
       13.918828251512096
      ],
      [
       103.40988428951363,
       13.92334566052402
      ],
      [
       103.75686253496512,
       13.92726051979669
      ],
      [
       103.75686254035502,
       13.927259837093743
      ],
      [
       103.76083348288131,
       13.47536689236911
      ],
      [
       103.41451615134059,
       13.47146107575631
      ],
      [
       103.0682092788847,
       13.466954111913225
      ],
      [
       103.06291717418856,
       13.91882757924752
      ]
     ]
    ]
   },
   "properties": {
    "grid_id": "325:159 bis",
    "sheet_number": "159 bis",
    "geometry_source": "CartoMundi WKT",
    "parts_present": [
     "W",
     "E"
    ],
    "has_unclassified_records": false,
    "grid_codes": [
     "B81_159b_E",
     "B81_159b_W"
    ],
    "fkeys": [
     "32062",
     "32063",
     "32064",
     "32065"
    ],
    "map_ids": [
     "9308ff93-2642-4e00-ae30-99ffd5a4522a"
    ]
   }
  },
  {
   "type": "Feature",
   "id": "325:220",
   "geometry": {
    "type": "Polygon",
    "coordinates": [
     [
      [
       106.52563370705373,
       11.225156718059225
      ],
      [
       106.52458590042824,
       10.773150830622754
      ],
      [
       106.18172176650151,
       10.774042103026872
      ],
      [
       105.83885660849533,
       10.774340395178328
      ],
      [
       105.83885908964216,
       11.226349174803175
      ],
      [
       106.18224695485426,
       11.226050121136112
      ],
      [
       106.52563370705373,
       11.225156718059225
      ]
     ]
    ]
   },
   "properties": {
    "grid_id": "325:220",
    "sheet_number": "220",
    "geometry_source": "CartoMundi WKT",
    "parts_present": [
     "W",
     "E"
    ],
    "has_unclassified_records": false,
    "grid_codes": [
     "B81_220_E",
     "B81_220_W"
    ],
    "fkeys": [
     "31871",
     "31872"
    ],
    "map_ids": [
     "09cbc4a5-dae2-41f1-ba3f-097106975994",
     "3b1e9a6f-3d4e-4b69-95fd-f765a5461dba"
    ]
   }
  },
  {
   "type": "Feature",
   "id": "325:47",
   "geometry": {
    "type": "Polygon",
    "coordinates": [
     [
      [
       104.39469363977904,
       21.161183384374382
      ],
      [
       104.7557444747549,
       21.163370662028512
      ],
      [
       105.11680519658883,
       21.164931972291768
      ],
      [
       105.11896195546626,
       20.71334212649191
      ],
      [
       104.75898187727473,
       20.711784494670653
      ],
      [
       104.39901132571683,
       20.70960240282612
      ],
      [
       104.39469363977904,
       21.161183384374382
      ]
     ]
    ]
   },
   "properties": {
    "grid_id": "325:47",
    "sheet_number": "47",
    "geometry_source": "CartoMundi WKT",
    "parts_present": [
     "W",
     "E"
    ],
    "has_unclassified_records": false,
    "grid_codes": [
     "B81_047_E",
     "B81_047_W"
    ],
    "fkeys": [
     "31958",
     "31959",
     "31960",
     "31961",
     "31962",
     "31963"
    ],
    "map_ids": [
     "1c72e59e-9a04-460b-aabc-5d7a154df3db",
     "a37f34c9-f0a2-4cf0-bc62-8be897a4c2ff"
    ]
   }
  },
  {
   "type": "Feature",
   "id": "325:71",
   "geometry": {
    "type": "Polygon",
    "coordinates": [
     [
      [
       105.12106173600185,
       20.261728556175143
      ],
      [
       105.47999581228324,
       20.262659547818345
      ],
      [
       105.83893289702253,
       20.26296755430451
      ],
      [
       105.83892803444192,
       19.8113278662903
      ],
      [
       105.4810152168744,
       19.811020522226272
      ],
      [
       105.12310529188211,
       19.81009168467179
      ],
      [
       105.12106173600185,
       20.261728556175143
      ]
     ]
    ]
   },
   "properties": {
    "grid_id": "325:71",
    "sheet_number": "71",
    "geometry_source": "CartoMundi WKT",
    "parts_present": [
     "W",
     "E"
    ],
    "has_unclassified_records": false,
    "grid_codes": [
     "B81_071_E",
     "B81_071_W"
    ],
    "fkeys": [
     "31938",
     "31939",
     "31940",
     "31941",
     "31942"
    ],
    "map_ids": [
     "a3bf28bc-65ae-47db-9902-56dcc49e0f3a",
     "cc43ed9f-86e1-4b7d-a48f-4c10f4259d81"
    ]
   }
  },
  {
   "type": "Feature",
   "id": "325:237",
   "geometry": {
    "type": "Polygon",
    "coordinates": [
     [
      [
       104.81455391642005,
       9.41559120577844
      ],
      [
       104.81319144342527,
       9.86763234191055
      ],
      [
       105.15507702993658,
       9.869106343894117
      ],
      [
       105.15598476675142,
       9.417061905735977
      ],
      [
       104.81455391642005,
       9.41559120577844
      ]
     ]
    ]
   },
   "properties": {
    "grid_id": "325:237",
    "sheet_number": "237",
    "geometry_source": "CartoMundi WKT",
    "parts_present": [],
    "has_unclassified_records": true,
    "grid_codes": [
     "B81_237"
    ],
    "fkeys": [
     "32171"
    ],
    "map_ids": []
   }
  },
  {
   "type": "Feature",
   "id": "325:7",
   "geometry": {
    "type": "Polygon",
    "coordinates": [
     [
      [
       104.37625013105145,
       22.967261455705582
      ],
      [
       104.74191556133614,
       22.969469710242862
      ],
      [
       105.10759238944523,
       22.97104590725648
      ],
      [
       105.1099851231714,
       22.519555047250407
      ],
      [
       104.74550718664051,
       22.51798259760652
      ],
      [
       104.38104025896344,
       22.515779623754938
      ],
      [
       104.37625013105145,
       22.967261455705582
      ]
     ]
    ]
   },
   "properties": {
    "grid_id": "325:7",
    "sheet_number": "7",
    "geometry_source": "CartoMundi WKT",
    "parts_present": [
     "W",
     "E"
    ],
    "has_unclassified_records": false,
    "grid_codes": [
     "B81_007_E",
     "B81_007_W"
    ],
    "fkeys": [
     "32029",
     "32030",
     "32031",
     "32032"
    ],
    "map_ids": [
     "6bc2c66d-d86e-4f51-8dae-8eff5e481dcd",
     "e31a3d7e-ae24-478b-bd53-8b166b9ef834"
    ]
   }
  },
  {
   "type": "Feature",
   "id": "325:18",
   "geometry": {
    "type": "Polygon",
    "coordinates": [
     [
      [
       106.56793306331598,
       22.51953938361008
      ],
      [
       106.5655894925887,
       22.06802352154986
      ],
      [
       106.20227341997831,
       22.068970886338846
      ],
      [
       105.83895370020788,
       22.069289228952925
      ],
      [
       105.83895924910139,
       22.520808316940872
      ],
      [
       106.20344804356913,
       22.52048912426946
      ],
      [
       106.56793306331598,
       22.51953938361008
      ]
     ]
    ]
   },
   "properties": {
    "grid_id": "325:18",
    "sheet_number": "18",
    "geometry_source": "CartoMundi WKT",
    "parts_present": [
     "W",
     "E"
    ],
    "has_unclassified_records": false,
    "grid_codes": [
     "B81_018_E",
     "B81_018_W"
    ],
    "fkeys": [
     "31785",
     "31786",
     "31787",
     "31788"
    ],
    "map_ids": [
     "3d8d5d6c-4dd3-40a8-bbb7-0e28656d32cd",
     "c8d3e7fa-77a8-4f2c-ac41-0ceea7ba6cb3"
    ]
   }
  },
  {
   "type": "Feature",
   "id": "325:183",
   "geometry": {
    "type": "Polygon",
    "coordinates": [
     [
      [
       109.29572903539702,
       13.004227587196254
      ],
      [
       109.28958750622607,
       12.552347368038397
      ],
      [
       108.94455329140622,
       12.558034354199592
      ],
      [
       108.59950718468869,
       12.563123075196913
      ],
      [
       108.60442542852988,
       13.015028491186825
      ],
      [
       108.95008359338314,
       13.00992786739873
      ],
      [
       109.29572903539702,
       13.004227587196254
      ]
     ]
    ]
   },
   "properties": {
    "grid_id": "325:183",
    "sheet_number": "183",
    "geometry_source": "CartoMundi WKT",
    "parts_present": [
     "W",
     "E"
    ],
    "has_unclassified_records": false,
    "grid_codes": [
     "B81_183_E",
     "B81_183_W"
    ],
    "fkeys": [
     "32131",
     "32132",
     "32133",
     "32134"
    ],
    "map_ids": []
   }
  },
  {
   "type": "Feature",
   "id": "325:25",
   "geometry": {
    "type": "Polygon",
    "coordinates": [
     [
      [
       104.38570974672608,
       22.06427240162867
      ],
      [
       104.74900835878228,
       22.066470120095317
      ],
      [
       105.11231759970494,
       22.068038839610097
      ],
      [
       105.11459067963185,
       21.61649767983475
      ],
      [
       104.75242037133548,
       21.614932673573634
      ],
      [
       104.39026031730799,
       21.612740187685986
      ],
      [
       104.38570974672608,
       22.06427240162867
      ]
     ]
    ]
   },
   "properties": {
    "grid_id": "325:25",
    "sheet_number": "25",
    "geometry_source": "CartoMundi WKT",
    "parts_present": [
     "W",
     "E"
    ],
    "has_unclassified_records": false,
    "grid_codes": [
     "B81_025_E",
     "B81_025_W"
    ],
    "fkeys": [
     "31990",
     "31991",
     "31992",
     "31993",
     "31994",
     "31995"
    ],
    "map_ids": [
     "6e2228cc-8381-438e-ba77-15dd7d9662ba",
     "cbe53ed1-58c4-4123-9670-8a11dde97fc6"
    ]
   }
  },
  {
   "type": "Feature",
   "id": "325:199",
   "geometry": {
    "type": "Polygon",
    "coordinates": [
     [
      [
       105.15099569344498,
       11.677156632433281
      ],
      [
       105.14986112483444,
       12.129134728001276
      ],
      [
       105.49436216797355,
       12.130028353453838
      ],
      [
       105.83886355786237,
       12.130324872787199
      ],
      [
       105.83886437892255,
       12.130324873665458
      ],
      [
       105.83886167948509,
       11.678344172873452
      ],
      [
       105.8388608674081,
       11.678344172873452
      ],
      [
       105.49492814702673,
       11.678048264950078
      ],
      [
       105.15099569344498,
       11.677156632433281
      ]
     ]
    ]
   },
   "properties": {
    "grid_id": "325:199",
    "sheet_number": "199",
    "geometry_source": "CartoMundi WKT",
    "parts_present": [
     "W",
     "E"
    ],
    "has_unclassified_records": false,
    "grid_codes": [
     "B81_199_E",
     "B81_199_W"
    ],
    "fkeys": [
     "32092",
     "32093"
    ],
    "map_ids": [
     "2ddb90d9-dfd6-4e82-89db-de7ff47a27a6",
     "78e814df-07ec-4006-85d3-cde3a70d9224"
    ]
   }
  },
  {
   "type": "Feature",
   "id": "325:108",
   "geometry": {
    "type": "Polygon",
    "coordinates": [
     [
      [
       104.07294399877041,
       17.545133653189765
      ],
      [
       104.06850735882104,
       17.996865435027203
      ],
      [
       104.42257290672397,
       17.9996324473084
      ],
      [
       104.42612202015582,
       17.547894180313392
      ],
      [
       104.07294399877041,
       17.545133653189765
      ]
     ]
    ]
   },
   "properties": {
    "grid_id": "325:108",
    "sheet_number": "108",
    "geometry_source": "CartoMundi WKT",
    "parts_present": [],
    "has_unclassified_records": true,
    "grid_codes": [
     "B81_108"
    ],
    "fkeys": [
     "31900"
    ],
    "map_ids": [
     "26ab0e48-cd8c-4ab7-ad30-dc91cae40670"
    ]
   }
  },
  {
   "type": "Feature",
   "id": "325:177",
   "geometry": {
    "type": "Polygon",
    "coordinates": [
     [
      [
       104.45604572692328,
       13.029451067828731
      ],
      [
       104.80174696958763,
       13.03154843624479
      ],
      [
       105.14745156117141,
       13.033045941042005
      ],
      [
       105.1474523885198,
       13.033045944542707
      ],
      [
       105.14745239121471,
       13.03304520501996
      ],
      [
       105.1486801510529,
       12.581098002182316
      ],
      [
       104.80358984273177,
       12.57960389454675
      ],
      [
       104.45850343579394,
       12.577511318950855
      ],
      [
       104.45604572692328,
       13.029451067828731
      ]
     ]
    ]
   },
   "properties": {
    "grid_id": "325:177",
    "sheet_number": "177",
    "geometry_source": "CartoMundi WKT",
    "parts_present": [
     "W",
     "E"
    ],
    "has_unclassified_records": false,
    "grid_codes": [
     "B81_177_E",
     "B81_177_W"
    ],
    "fkeys": [
     "32083",
     "32084",
     "32085",
     "32086"
    ],
    "map_ids": [
     "6d360ba3-fd14-4ee0-9228-1707dd57562b",
     "a2104ba5-a3d6-491b-b877-a91b56902a84"
    ]
   }
  },
  {
   "type": "Feature",
   "id": "325:218",
   "geometry": {
    "type": "Polygon",
    "coordinates": [
     [
      [
       104.46740499106461,
       10.76960377307924
      ],
      [
       104.46531752193998,
       11.221601914261754
      ],
      [
       104.8086993289138,
       11.223680235056179
      ],
      [
       105.15208422519389,
       11.22516422705165
      ],
      [
       105.15312707042409,
       10.773158029914356
      ],
      [
       104.81026461814358,
       10.771677381398618
      ],
      [
       104.46740499106461,
       10.76960377307924
      ]
     ]
    ]
   },
   "properties": {
    "grid_id": "325:218",
    "sheet_number": "218",
    "geometry_source": "CartoMundi WKT",
    "parts_present": [
     "W",
     "E"
    ],
    "has_unclassified_records": false,
    "grid_codes": [
     "B81_218_E",
     "B81_218_W"
    ],
    "fkeys": [
     "32113",
     "32114"
    ],
    "map_ids": []
   }
  },
  {
   "type": "Feature",
   "id": "325:49",
   "geometry": {
    "type": "Polygon",
    "coordinates": [
     [
      [
       106.55891353140073,
       20.713327835524254
      ],
      [
       106.19892735005521,
       20.71426813597506
      ],
      [
       105.83893789255383,
       20.71458395249097
      ],
      [
       105.83894302373075,
       21.16617664047517
      ],
      [
       106.20001348509892,
       21.16585998570784
      ],
      [
       106.56108054993705,
       21.16491734152187
      ],
      [
       106.55891353140073,
       20.713327835524254
      ]
     ]
    ]
   },
   "properties": {
    "grid_id": "325:49",
    "sheet_number": "49",
    "geometry_source": "CartoMundi WKT",
    "parts_present": [
     "W",
     "E"
    ],
    "has_unclassified_records": false,
    "grid_codes": [
     "B81_049_E",
     "B81_049_W"
    ],
    "fkeys": [
     "31724",
     "31725",
     "31726",
     "31727",
     "31728",
     "31729",
     "31730",
     "31731",
     "31732",
     "31733"
    ],
    "map_ids": [
     "79ec6c29-8051-4afa-9ef0-44c428f79395",
     "fb316eef-cc4c-4962-be72-998e45f7daa0"
    ]
   }
  },
  {
   "type": "Feature",
   "id": "325:50",
   "geometry": {
    "type": "Polygon",
    "coordinates": [
     [
      [
       107.28319120393994,
       21.1611541313072
      ],
      [
       107.27886326732643,
       20.70957383026729
      ],
      [
       106.91889323679139,
       20.711763062199594
      ],
      [
       106.55891353140073,
       20.713327835524254
      ],
      [
       106.56108054993705,
       21.16491734152187
      ],
      [
       106.92214089537681,
       21.163348718573673
      ],
      [
       107.28319120393994,
       21.1611541313072
      ]
     ]
    ]
   },
   "properties": {
    "grid_id": "325:50",
    "sheet_number": "50",
    "geometry_source": "CartoMundi WKT",
    "parts_present": [
     "W",
     "E"
    ],
    "has_unclassified_records": false,
    "grid_codes": [
     "B81_050_E",
     "B81_050_W"
    ],
    "fkeys": [
     "31734",
     "31735",
     "31736",
     "31737",
     "31738",
     "31739"
    ],
    "map_ids": [
     "7e18a262-cd46-4be7-841e-2667c097970a",
     "f6dad58d-cd7e-4ed5-9a2a-896cfd299d4e"
    ]
   }
  },
  {
   "type": "Feature",
   "id": "325:140",
   "geometry": {
    "type": "Polygon",
    "coordinates": [
     [
      [
       106.18729260495557,
       14.841575089221635
      ],
      [
       105.83888292643823,
       14.84188035065283
      ],
      [
       105.83888641908804,
       15.293746814152769
      ],
      [
       106.18803192831587,
       15.293440762633793
      ],
      [
       106.18729260495557,
       14.841575089221635
      ]
     ]
    ]
   },
   "properties": {
    "grid_id": "325:140",
    "sheet_number": "140",
    "geometry_source": "CartoMundi WKT",
    "parts_present": [
     "W"
    ],
    "has_unclassified_records": false,
    "grid_codes": [
     "B81_140_W"
    ],
    "fkeys": [
     "31842"
    ],
    "map_ids": [
     "efe53260-9710-4513-b4af-8485e9c64f72"
    ]
   }
  },
  {
   "type": "Feature",
   "id": "325:19",
   "geometry": {
    "type": "Polygon",
    "coordinates": [
     [
      [
       106.5655894925887,
       22.06802352154986
      ],
      [
       106.56793306331598,
       22.51953938361008
      ],
      [
       106.93241061177466,
       22.51795910436755
      ],
      [
       106.9288983490324,
       22.06644714607937
      ],
      [
       106.5655894925887,
       22.06802352154986
      ]
     ]
    ]
   },
   "properties": {
    "grid_id": "325:19",
    "sheet_number": "19",
    "geometry_source": "CartoMundi WKT",
    "parts_present": [
     "W"
    ],
    "has_unclassified_records": false,
    "grid_codes": [
     "B81_019_W"
    ],
    "fkeys": [
     "31789",
     "31790"
    ],
    "map_ids": []
   }
  },
  {
   "type": "Feature",
   "id": "325:162",
   "geometry": {
    "type": "Polygon",
    "coordinates": [
     [
      [
       106.18588770093666,
       13.93779079981286
      ],
      [
       106.1852216540524,
       13.485873165889728
      ],
      [
       106.18522080334783,
       13.485873166763255
      ],
      [
       105.83887314288648,
       13.486176074914212
      ],
      [
       105.8388762896849,
       13.938094489172613
      ],
      [
       106.18588684214721,
       13.93779080068471
      ],
      [
       106.18588770093666,
       13.93779079981286
      ]
     ]
    ]
   },
   "properties": {
    "grid_id": "325:162",
    "sheet_number": "162",
    "geometry_source": "CartoMundi WKT",
    "parts_present": [
     "W"
    ],
    "has_unclassified_records": false,
    "grid_codes": [
     "B81_162_W"
    ],
    "fkeys": [
     "31848"
    ],
    "map_ids": [
     "6408a404-f8d3-425f-9d4f-1970903e6716"
    ]
   }
  },
  {
   "type": "Feature",
   "id": "325:167 bis",
   "geometry": {
    "type": "Polygon",
    "coordinates": [
     [
      [
       103.76083348288131,
       13.47536689236911
      ],
      [
       104.10715977691365,
       13.478671525666996
      ],
      [
       104.45349271039423,
       13.481374938543183
      ],
      [
       104.453493535946,
       13.48137494553167
      ],
      [
       104.45349354043755,
       13.481374234451494
      ],
      [
       104.45604572692328,
       13.029451067828731
      ],
      [
       104.11035007357661,
       13.026753858185046
      ],
      [
       103.764661418106,
       13.023456832354839
      ],
      [
       103.76083348288131,
       13.47536689236911
      ]
     ]
    ]
   },
   "properties": {
    "grid_id": "325:167 bis",
    "sheet_number": "167 bis",
    "geometry_source": "CartoMundi WKT",
    "parts_present": [
     "W",
     "E"
    ],
    "has_unclassified_records": false,
    "grid_codes": [
     "B81_167b_E",
     "B81_167b_W"
    ],
    "fkeys": [
     "32068",
     "32069",
     "32070",
     "32071",
     "32072"
    ],
    "map_ids": [
     "8d33887c-7e7f-49dc-8c67-a1280bef9bb4",
     "9843602c-a0d1-41b9-9431-97a4579636a9"
    ]
   }
  },
  {
   "type": "Feature",
   "id": "325:2",
   "geometry": {
    "type": "Polygon",
    "coordinates": [
     [
      [
       105.10513850649937,
       23.422511027904974
      ],
      [
       105.4720527037252,
       23.423457373621616
      ],
      [
       105.83897077987636,
       23.423770096152637
      ],
      [
       105.83896494172537,
       22.972302069331818
      ],
      [
       105.47327679125046,
       22.971990029981754
      ],
      [
       105.10759238944523,
       22.97104590725648
      ],
      [
       105.10513850649937,
       23.422511027904974
      ]
     ]
    ]
   },
   "properties": {
    "grid_id": "325:2",
    "sheet_number": "2",
    "geometry_source": "CartoMundi WKT",
    "parts_present": [
     "W",
     "E"
    ],
    "has_unclassified_records": false,
    "grid_codes": [
     "B81_002_E",
     "B81_002_W"
    ],
    "fkeys": [
     "32039",
     "32040",
     "32041",
     "32042",
     "32043",
     "32044"
    ],
    "map_ids": [
     "30905575-c341-4e31-84d7-68c42d8188f6",
     "97641c41-d1d4-406e-8882-2e5a5c4c1cda"
    ]
   }
  },
  {
   "type": "Feature",
   "id": "325:198",
   "geometry": {
    "type": "Polygon",
    "coordinates": [
     [
      [
       104.46086746834678,
       12.125555437753093
      ],
      [
       104.46086746385521,
       12.125556202729356
      ],
      [
       104.80536228885592,
       12.127644006233993
      ],
      [
       104.8053624810954,
       12.127644007112295
      ],
      [
       105.14986112483444,
       12.129134728001276
      ],
      [
       105.15099569344498,
       11.677156632433281
      ],
      [
       104.807065458702,
       11.675669282771096
      ],
      [
       104.46313858096325,
       11.673586230130013
      ],
      [
       104.46086746834678,
       12.125555437753093
      ]
     ]
    ]
   },
   "properties": {
    "grid_id": "325:198",
    "sheet_number": "198",
    "geometry_source": "CartoMundi WKT",
    "parts_present": [
     "W",
     "E"
    ],
    "has_unclassified_records": false,
    "grid_codes": [
     "B81_198_E",
     "B81_198_W"
    ],
    "fkeys": [
     "32094",
     "32095",
     "32096",
     "32097"
    ],
    "map_ids": [
     "28566824-7c09-45cd-8a6f-69a03d7d2b90",
     "bd2fc4d2-b2a9-4a45-9d81-28ae7b98488f"
    ]
   }
  },
  {
   "type": "Feature",
   "id": "325:60",
   "geometry": {
    "type": "Polygon",
    "coordinates": [
     [
      [
       105.47894836049231,
       20.71427528141473
      ],
      [
       105.83893789255383,
       20.71458395249097
      ],
      [
       105.83893289702253,
       20.26296755430451
      ],
      [
       105.47999581228324,
       20.262659547818345
      ],
      [
       105.12106173600185,
       20.261728556175143
      ],
      [
       105.11896195546626,
       20.71334212649191
      ],
      [
       105.47894836049231,
       20.71427528141473
      ]
     ]
    ]
   },
   "properties": {
    "grid_id": "325:60",
    "sheet_number": "60",
    "geometry_source": "CartoMundi WKT",
    "parts_present": [
     "W",
     "E"
    ],
    "has_unclassified_records": false,
    "grid_codes": [
     "B81_060_E",
     "B81_060_W"
    ],
    "fkeys": [
     "31943",
     "31944",
     "31945",
     "31946",
     "31947",
     "31948",
     "31949",
     "31950"
    ],
    "map_ids": [
     "30ccc9f2-d0de-41fd-803e-7b4f1183d0b5",
     "d7e6d96e-d46a-4f93-b2f7-7dfdd949e67d"
    ]
   }
  },
  {
   "type": "Feature",
   "id": "325:209",
   "geometry": {
    "type": "Polygon",
    "coordinates": [
     [
      [
       105.15208422519389,
       11.22516422705165
      ],
      [
       105.15099569344498,
       11.677156632433281
      ],
      [
       105.49492814702673,
       11.678048264950078
      ],
      [
       105.83886167948509,
       11.678344172873452
      ],
      [
       105.83885908964216,
       11.226349174803175
      ],
      [
       105.49547116244632,
       11.226053876501851
      ],
      [
       105.15208422519389,
       11.22516422705165
      ]
     ]
    ]
   },
   "properties": {
    "grid_id": "325:209",
    "sheet_number": "209",
    "geometry_source": "CartoMundi WKT",
    "parts_present": [
     "W",
     "E"
    ],
    "has_unclassified_records": false,
    "grid_codes": [
     "B81_209_E",
     "B81_209_W"
    ],
    "fkeys": [
     "32098",
     "32099"
    ],
    "map_ids": [
     "0f858548-0542-454d-a8d8-4058492c1879",
     "a38c46e8-1f07-4805-bbf7-7f04ad9a3b93"
    ]
   }
  },
  {
   "type": "Feature",
   "id": "325:39",
   "geometry": {
    "type": "Polygon",
    "coordinates": [
     [
      [
       107.28763504927622,
       21.612710248907504
      ],
      [
       107.28319120393994,
       21.1611541313072
      ],
      [
       106.92214089537681,
       21.163348718573673
      ],
      [
       106.56108054993705,
       21.16491734152187
      ],
      [
       106.56330559964069,
       21.61648270665954
      ],
      [
       106.92547552794974,
       21.61491021565506
      ],
      [
       107.28763504927622,
       21.612710248907504
      ]
     ]
    ]
   },
   "properties": {
    "grid_id": "325:39",
    "sheet_number": "39",
    "geometry_source": "CartoMundi WKT",
    "parts_present": [
     "W",
     "E"
    ],
    "has_unclassified_records": false,
    "grid_codes": [
     "B81_039_E",
     "B81_039_W"
    ],
    "fkeys": [
     "31756",
     "31757",
     "31758",
     "31759"
    ],
    "map_ids": [
     "427427a1-7b44-49c7-96fe-34048cbdd20f",
     "49d28930-8c4b-4970-8fa0-ccc0e2714599"
    ]
   }
  },
  {
   "type": "Feature",
   "id": "325:114",
   "geometry": {
    "type": "Polygon",
    "coordinates": [
     [
      [
       106.5453067219444,
       17.551560991892885
      ],
      [
       106.54357786926437,
       17.09979380458543
      ],
      [
       106.19124091083506,
       17.100715730521287
      ],
      [
       105.83890157995509,
       17.101024979157998
      ],
      [
       105.83890567357787,
       17.552795235634207
      ],
      [
       106.19210743743622,
       17.552485179412173
      ],
      [
       106.5453067219444,
       17.551560991892885
      ]
     ]
    ]
   },
   "properties": {
    "grid_id": "325:114",
    "sheet_number": "114",
    "geometry_source": "CartoMundi WKT",
    "parts_present": [
     "W",
     "E"
    ],
    "has_unclassified_records": false,
    "grid_codes": [
     "B81_114_E",
     "B81_114_W"
    ],
    "fkeys": [
     "31681",
     "31682",
     "31683",
     "31684"
    ],
    "map_ids": [
     "9c974b0b-bad6-4116-970d-625f2ce7d44a",
     "a94ca672-522c-41db-af6b-079062652a28"
    ]
   }
  },
  {
   "type": "Feature",
   "id": "325:121",
   "geometry": {
    "type": "Polygon",
    "coordinates": [
     [
      [
       104.76096471782161,
       16.646369016148753
      ],
      [
       105.13589402267722,
       16.64801770178579
      ],
      [
       105.13751202325118,
       16.19621026506678
      ],
      [
       104.76344746363753,
       16.194565414220122
      ],
      [
       104.76096471782161,
       16.646369016148753
      ]
     ]
    ]
   },
   "properties": {
    "grid_id": "325:121",
    "sheet_number": "121",
    "geometry_source": "CartoMundi WKT",
    "parts_present": [],
    "has_unclassified_records": true,
    "grid_codes": [
     "B81_121"
    ],
    "fkeys": [
     "32184",
     "32185"
    ],
    "map_ids": [
     "75554cca-2864-463e-9a2e-5a436fa49af9"
    ]
   }
  },
  {
   "type": "Feature",
   "id": "325:26",
   "geometry": {
    "type": "Polygon",
    "coordinates": [
     [
      [
       105.11231759970494,
       22.068038839610097
      ],
      [
       105.47563390318233,
       22.06897854531782
      ],
      [
       105.83895370020788,
       22.069289228952925
      ],
      [
       105.83894829234988,
       21.617745202363935
      ],
      [
       105.4767678016497,
       21.61743519260078
      ],
      [
       105.11459067963185,
       21.61649767983475
      ],
      [
       105.11231759970494,
       22.068038839610097
      ]
     ]
    ]
   },
   "properties": {
    "grid_id": "325:26",
    "sheet_number": "26",
    "geometry_source": "CartoMundi WKT",
    "parts_present": [
     "W",
     "E"
    ],
    "has_unclassified_records": false,
    "grid_codes": [
     "B81_026_E",
     "B81_026_W"
    ],
    "fkeys": [
     "31984",
     "31985",
     "31986",
     "31987",
     "31988",
     "31989"
    ],
    "map_ids": [
     "331d201f-5d94-4635-9739-5dd326a4d496",
     "3c89705e-e390-4e29-9716-38282a775633"
    ]
   }
  },
  {
   "type": "Feature",
   "id": "325:167",
   "geometry": {
    "type": "Polygon",
    "coordinates": [
     [
      [
       103.0682092788847,
       13.466954111913225
      ],
      [
       103.41451615134059,
       13.47146107575631
      ],
      [
       103.76083348288131,
       13.47536689236911
      ],
      [
       103.764661418106,
       13.023456832354839
      ],
      [
       103.41898116457824,
       13.019560018909942
      ],
      [
       103.07331071526347,
       13.015063456086722
      ],
      [
       103.0682092788847,
       13.466954111913225
      ]
     ]
    ]
   },
   "properties": {
    "grid_id": "325:167",
    "sheet_number": "167",
    "geometry_source": "CartoMundi WKT",
    "parts_present": [
     "W",
     "E"
    ],
    "has_unclassified_records": false,
    "grid_codes": [
     "B81_167_E",
     "B81_167_W"
    ],
    "fkeys": [
     "32073",
     "32074",
     "32075",
     "32076"
    ],
    "map_ids": [
     "dfc05a73-6f27-4b97-91c7-72c7d543d9af",
     "f364df16-c729-43cd-ad9c-85703085a684"
    ]
   }
  },
  {
   "type": "Feature",
   "id": "325:14",
   "geometry": {
    "type": "Polygon",
    "coordinates": [
     [
      [
       102.93269282626262,
       22.04919207545963
      ],
      [
       102.9233564315972,
       22.500663011376673
      ],
      [
       103.28774243813515,
       22.50538780161169
      ],
      [
       103.652154198474,
       22.50948219413783
      ],
      [
       103.6591586645782,
       22.057990063568568
      ],
      [
       103.2959133136352,
       22.05390550585338
      ],
      [
       102.93269282626262,
       22.04919207545963
      ]
     ]
    ]
   },
   "properties": {
    "grid_id": "325:14",
    "sheet_number": "14",
    "geometry_source": "CartoMundi WKT",
    "parts_present": [
     "W",
     "E"
    ],
    "has_unclassified_records": false,
    "grid_codes": [
     "B81_014_E",
     "B81_014_W"
    ],
    "fkeys": [
     "32021",
     "32022"
    ],
    "map_ids": [
     "5622d2fc-f2a7-4e47-8ee2-ef9b2009e838",
     "8ef5dcf3-e57f-458e-8185-46496f28bf87"
    ]
   }
  },
  {
   "type": "Feature",
   "id": "325:116",
   "geometry": {
    "type": "Polygon",
    "coordinates": [
     [
      [
       104.76096475914412,
       16.64636904369013
      ],
      [
       104.75840371976125,
       17.0981529278869
      ],
      [
       105.13422497264224,
       17.099805410341062
      ],
      [
       105.13589402267722,
       16.64801770178579
      ],
      [
       104.76096475914412,
       16.64636904369013
      ]
     ]
    ]
   },
   "properties": {
    "grid_id": "325:116",
    "sheet_number": "116",
    "geometry_source": "CartoMundi WKT",
    "parts_present": [],
    "has_unclassified_records": true,
    "grid_codes": [
     "B81_116"
    ],
    "fkeys": [
     "32183"
    ],
    "map_ids": [
     "7fe5e2ef-4fb6-41b9-be17-1cd97e53805c"
    ]
   }
  },
  {
   "type": "Feature",
   "id": "325:210",
   "geometry": {
    "type": "Polygon",
    "coordinates": [
     [
      [
       106.52672741579362,
       11.67714881257207
      ],
      [
       106.52563370705373,
       11.225156718059225
      ],
      [
       106.18224695485426,
       11.226050121136112
      ],
      [
       105.83885908964216,
       11.226349174803175
      ],
      [
       105.83886167948509,
       11.678344172873452
      ],
      [
       106.18279514906143,
       11.678044354592217
      ],
      [
       106.52672741579362,
       11.67714881257207
      ]
     ]
    ]
   },
   "properties": {
    "grid_id": "325:210",
    "sheet_number": "210",
    "geometry_source": "CartoMundi WKT",
    "parts_present": [
     "W",
     "E"
    ],
    "has_unclassified_records": false,
    "grid_codes": [
     "B81_210_E",
     "B81_210_W"
    ],
    "fkeys": [
     "31864",
     "31865"
    ],
    "map_ids": [
     "28e5d86f-6a84-426b-a944-0f4c27c778eb",
     "5454a767-0c05-4f9a-8d17-4db899c76569"
    ]
   }
  },
  {
   "type": "Feature",
   "id": "325:122",
   "geometry": {
    "type": "Polygon",
    "coordinates": [
     [
      [
       105.135894064898,
       16.648017729326938
      ],
      [
       105.48739477084952,
       16.64893175110899
      ],
      [
       105.83889760850322,
       16.649234540954325
      ],
      [
       105.83889375922223,
       16.197424387137914
      ],
      [
       105.48820189814919,
       16.197122235849946
      ],
      [
       105.13751206547201,
       16.196210293534662
      ],
      [
       105.135894064898,
       16.648017729326938
      ]
     ]
    ]
   },
   "properties": {
    "grid_id": "325:122",
    "sheet_number": "122",
    "geometry_source": "CartoMundi WKT",
    "parts_present": [
     "W",
     "E"
    ],
    "has_unclassified_records": false,
    "grid_codes": [
     "B81_122_E",
     "B81_122_W"
    ],
    "fkeys": [
     "32051",
     "32052",
     "32053",
     "32054"
    ],
    "map_ids": [
     "737a720f-65f9-4649-bf14-449237014ba2",
     "a2fd46f9-d765-45e5-92b1-dab46b29ba1e"
    ]
   }
  },
  {
   "type": "Feature",
   "id": "325:138",
   "geometry": {
    "type": "Polygon",
    "coordinates": [
     [
      [
       109.3376196528151,
       15.715152793801693
      ],
      [
       109.33002636439835,
       15.263376798635448
      ],
      [
       108.98096651132948,
       15.269144400936241
      ],
      [
       108.63188961542306,
       15.274305307795558
      ],
      [
       108.63796977079546,
       15.726107154365081
      ],
      [
       108.98780368328003,
       15.720934034851467
      ],
      [
       109.3376196528151,
       15.715152793801693
      ]
     ]
    ]
   },
   "properties": {
    "grid_id": "325:138",
    "sheet_number": "138",
    "geometry_source": "CartoMundi WKT",
    "parts_present": [
     "W",
     "E"
    ],
    "has_unclassified_records": false,
    "grid_codes": [
     "B81_138_E",
     "B81_138_W"
    ],
    "fkeys": [
     "32115",
     "32116",
     "32117",
     "32118",
     "32119",
     "32120"
    ],
    "map_ids": [
     "b5f07444-4a4f-44ae-8c95-edd6e5cef875",
     "d454fe24-da36-4cd9-be43-2c22925f3d17"
    ]
   }
  },
  {
   "type": "Feature",
   "id": "325:10",
   "geometry": {
    "type": "Polygon",
    "coordinates": [
     [
      [
       106.56793306331598,
       22.51953938361008
      ],
      [
       106.5703371795951,
       22.97102989414323
      ],
      [
       106.93601361334376,
       22.969445693186984
      ],
      [
       106.93241061177466,
       22.51795910436755
      ],
      [
       106.56793306331598,
       22.51953938361008
      ]
     ]
    ]
   },
   "properties": {
    "grid_id": "325:10",
    "sheet_number": "10",
    "geometry_source": "CartoMundi WKT",
    "parts_present": [],
    "has_unclassified_records": true,
    "grid_codes": [
     "B81_010"
    ],
    "fkeys": [
     "31797",
     "31798"
    ],
    "map_ids": [
     "74b3514d-0f39-4adf-b99d-45b293035646"
    ]
   }
  },
  {
   "type": "Feature",
   "id": "325:16",
   "geometry": {
    "type": "Polygon",
    "coordinates": [
     [
      [
       104.38104025896344,
       22.515779623754938
      ],
      [
       104.74550718664051,
       22.51798259760652
      ],
      [
       105.1099851231714,
       22.519555047250407
      ],
      [
       105.11231759970494,
       22.068038839610097
      ],
      [
       104.74900835878228,
       22.066470120095317
      ],
      [
       104.38570974672608,
       22.06427240162867
      ],
      [
       104.38104025896344,
       22.515779623754938
      ]
     ]
    ]
   },
   "properties": {
    "grid_id": "325:16",
    "sheet_number": "16",
    "geometry_source": "CartoMundi WKT",
    "parts_present": [
     "W",
     "E"
    ],
    "has_unclassified_records": false,
    "grid_codes": [
     "B81_016_E",
     "B81_016_W"
    ],
    "fkeys": [
     "32007",
     "32008",
     "32009",
     "32010",
     "32011",
     "32012",
     "32013"
    ],
    "map_ids": [
     "683dad2d-faea-45f8-a848-aafc9bba2736",
     "9cbf096c-4c6a-41f3-a6d1-db27b601545e"
    ]
   }
  },
  {
   "type": "Feature",
   "id": "325:111",
   "geometry": {
    "type": "Polygon",
    "coordinates": [
     [
      [
       106.54708803174549,
       18.00330752278225
      ],
      [
       106.5453067219444,
       17.551560991892885
      ],
      [
       106.19210743743622,
       17.552485179412173
      ],
      [
       105.83890567357787,
       17.552795235634207
      ],
      [
       105.83890989116811,
       18.004544849167985
      ],
      [
       106.19300025503081,
       18.00423398080872
      ],
      [
       106.54708803174549,
       18.00330752278225
      ]
     ]
    ]
   },
   "properties": {
    "grid_id": "325:111",
    "sheet_number": "111",
    "geometry_source": "CartoMundi WKT",
    "parts_present": [
     "W",
     "E"
    ],
    "has_unclassified_records": false,
    "grid_codes": [
     "B81_111_E",
     "B81_111_W"
    ],
    "fkeys": [
     "31690",
     "31691",
     "31692",
     "31693"
    ],
    "map_ids": [
     "130371ca-84f2-4cdf-b327-682e6b039426",
     "711f723c-dd45-4852-b337-5b95d4c3400d"
    ]
   }
  },
  {
   "type": "Feature",
   "id": "325:144",
   "geometry": {
    "type": "Polygon",
    "coordinates": [
     [
      [
       108.626007778421,
       14.822484969485188
      ],
      [
       108.63188961542306,
       15.274305307795558
      ],
      [
       108.98096651132948,
       15.269144400936241
      ],
      [
       109.0973217803637,
       15.267289275658825
      ],
      [
       109.09046376749856,
       14.815485467099109
      ],
      [
       108.97435239825053,
       14.81733622291479
      ],
      [
       108.626007778421,
       14.822484969485188
      ]
     ]
    ]
   },
   "properties": {
    "grid_id": "325:144",
    "sheet_number": "144",
    "geometry_source": "CartoMundi WKT",
    "parts_present": [],
    "has_unclassified_records": true,
    "grid_codes": [
     "B81_144"
    ],
    "fkeys": [
     "32121",
     "32122"
    ],
    "map_ids": [
     "49717028-2032-437e-a57e-c2732d6855a1"
    ]
   }
  },
  {
   "type": "Feature",
   "id": "325:8",
   "geometry": {
    "type": "Polygon",
    "coordinates": [
     [
      [
       105.10759238944523,
       22.97104590725648
      ],
      [
       105.47327679125046,
       22.971990029981754
      ],
      [
       105.83896494172537,
       22.972302069331818
      ],
      [
       105.83895924910139,
       22.520808316940872
      ],
      [
       105.47447037648024,
       22.520496956865813
      ],
      [
       105.1099851231714,
       22.519555047250407
      ],
      [
       105.10759238944523,
       22.97104590725648
      ]
     ]
    ]
   },
   "properties": {
    "grid_id": "325:8",
    "sheet_number": "8",
    "geometry_source": "CartoMundi WKT",
    "parts_present": [
     "W",
     "E"
    ],
    "has_unclassified_records": false,
    "grid_codes": [
     "B81_008_E",
     "B81_008_W"
    ],
    "fkeys": [
     "32023",
     "32024",
     "32025",
     "32026",
     "32027",
     "32028"
    ],
    "map_ids": [
     "5ba27947-0a68-4175-b9f3-85a75336e4c0"
    ]
   }
  },
  {
   "type": "Feature",
   "id": "325:48",
   "geometry": {
    "type": "Polygon",
    "coordinates": [
     [
      [
       105.11680519658883,
       21.164931972291768
      ],
      [
       105.47787248690405,
       21.16586730146524
      ],
      [
       105.83894302373075,
       21.16617664047517
      ],
      [
       105.83893789255383,
       20.71458395249097
      ],
      [
       105.47894836049231,
       20.71427528141473
      ],
      [
       105.11896195546626,
       20.71334212649191
      ],
      [
       105.11680519658883,
       21.164931972291768
      ]
     ]
    ]
   },
   "properties": {
    "grid_id": "325:48",
    "sheet_number": "48",
    "geometry_source": "CartoMundi WKT",
    "parts_present": [
     "W",
     "E"
    ],
    "has_unclassified_records": false,
    "grid_codes": [
     "B81_048_E",
     "B81_048_W"
    ],
    "fkeys": [
     "31951",
     "31952",
     "31953",
     "31954",
     "31955",
     "31956",
     "31957"
    ],
    "map_ids": [
     "3088c85a-4e5d-4adb-a6d9-400525506076",
     "75bbffc7-a490-468c-bfd1-3e0f1f4f3ad4"
    ]
   }
  },
  {
   "type": "Feature",
   "id": "325:93",
   "geometry": {
    "type": "Polygon",
    "coordinates": [
     [
      [
       103.70897202215365,
       18.445185530179714
      ],
      [
       103.70332916486493,
       18.896866496271443
      ],
      [
       104.05923585306184,
       18.90026502199069
      ],
      [
       104.41515614624372,
       18.903045089916432
      ],
      [
       104.41891803912534,
       18.451349567010112
      ],
      [
       104.06393850572643,
       18.448576041723058
      ],
      [
       103.70897202215365,
       18.445185530179714
      ]
     ]
    ]
   },
   "properties": {
    "grid_id": "325:93",
    "sheet_number": "93",
    "geometry_source": "CartoMundi WKT",
    "parts_present": [
     "W",
     "E"
    ],
    "has_unclassified_records": false,
    "grid_codes": [
     "B81_093_E",
     "B81_093_W"
    ],
    "fkeys": [
     "31916",
     "31917"
    ],
    "map_ids": [
     "b16b2c17-4d4d-458f-995c-ecd09d8589ba",
     "e60aef9c-381a-4e1e-863f-a5a4704ba6cb"
    ]
   }
  },
  {
   "type": "Feature",
   "id": "325:123",
   "geometry": {
    "type": "Polygon",
    "coordinates": [
     [
      [
       106.54190087991893,
       16.64800642196984
      ],
      [
       106.54027518257958,
       16.19619931010817
      ],
      [
       106.18958555292167,
       16.19711674329949
      ],
      [
       105.83889375922223,
       16.197424387137914
      ],
      [
       105.83889760850322,
       16.649234540954325
      ],
      [
       106.19040037788497,
       16.64892609659681
      ],
      [
       106.54190087991893,
       16.64800642196984
      ]
     ]
    ]
   },
   "properties": {
    "grid_id": "325:123",
    "sheet_number": "123",
    "geometry_source": "CartoMundi WKT",
    "parts_present": [
     "W",
     "E"
    ],
    "has_unclassified_records": false,
    "grid_codes": [
     "B81_123_E",
     "B81_123_W"
    ],
    "fkeys": [
     "31812",
     "31813",
     "31814",
     "31815"
    ],
    "map_ids": [
     "53076632-dd16-4a70-ae0f-2a3878c93d6c",
     "b80a4119-2480-4aa6-937b-96b2f33894f2"
    ]
   }
  },
  {
   "type": "Feature",
   "id": "325:166 bis",
   "geometry": {
    "type": "Polygon",
    "coordinates": [
     [
      [
       102.72765131702334,
       13.009967113021546
      ],
      [
       102.38200474223393,
       13.004271179468645
      ],
      [
       102.37563279609093,
       13.456136846868176
      ],
      [
       102.72191428125858,
       13.46184597562987
      ],
      [
       102.72191428934342,
       13.461845355349581
      ],
      [
       102.72765139248186,
       13.009967114772067
      ],
      [
       102.72765131702334,
       13.009967113021546
      ]
     ]
    ]
   },
   "properties": {
    "grid_id": "325:166 bis",
    "sheet_number": "166 bis",
    "geometry_source": "CartoMundi WKT",
    "parts_present": [],
    "has_unclassified_records": true,
    "grid_codes": [
     "B81_166_C"
    ],
    "fkeys": [
     "32186"
    ],
    "map_ids": [
     "5b2d3c2f-3e04-4783-95f9-0fd0144415a1"
    ]
   }
  },
  {
   "type": "Feature",
   "id": "325:104",
   "geometry": {
    "type": "Polygon",
    "coordinates": [
     [
      [
       106.54892241491184,
       18.455032943084717
      ],
      [
       106.54708803174549,
       18.00330752278225
      ],
      [
       106.19300025503081,
       18.00423398080872
      ],
      [
       105.83890989116811,
       18.004544849167985
      ],
      [
       105.83891423452252,
       18.456273366284833
      ],
      [
       106.19391967353758,
       18.455961682573673
      ],
      [
       106.54892241491184,
       18.455032943084717
      ]
     ]
    ]
   },
   "properties": {
    "grid_id": "325:104",
    "sheet_number": "104",
    "geometry_source": "CartoMundi WKT",
    "parts_present": [
     "W",
     "E"
    ],
    "has_unclassified_records": false,
    "grid_codes": [
     "B81_104_E",
     "B81_104_W"
    ],
    "fkeys": [
     "31695",
     "31696",
     "31697",
     "31698",
     "31699"
    ],
    "map_ids": [
     "8e6b5e5e-a0ea-417b-a31c-f0d5501969aa",
     "a73229cf-7048-4228-8dbf-2724b5d6358f"
    ]
   }
  },
  {
   "type": "Feature",
   "id": "325:159",
   "geometry": {
    "type": "Polygon",
    "coordinates": [
     [
      [
       103.75686254035502,
       13.927259837093743
      ],
      [
       103.75686253496512,
       13.92726051979669
      ],
      [
       104.1038503106434,
       13.930572791924348
      ],
      [
       104.45084602473389,
       13.9332824478835
      ],
      [
       104.453493535946,
       13.48137494553167
      ],
      [
       104.45349271039423,
       13.481374938543183
      ],
      [
       104.10715977691365,
       13.478671525666996
      ],
      [
       103.76083348288131,
       13.47536689236911
      ],
      [
       103.75686254035502,
       13.927259837093743
      ]
     ]
    ]
   },
   "properties": {
    "grid_id": "325:159",
    "sheet_number": "159",
    "geometry_source": "CartoMundi WKT",
    "parts_present": [
     "W",
     "E"
    ],
    "has_unclassified_records": false,
    "grid_codes": [
     "B81_159_E",
     "B81_159_W"
    ],
    "fkeys": [
     "32058",
     "32059",
     "32060",
     "32061"
    ],
    "map_ids": [
     "3f82b037-dfbf-41d4-bb81-2b87874238bc",
     "f834ac44-b644-48e6-90fe-d20032e45e60"
    ]
   }
  },
  {
   "type": "Feature",
   "id": "325:235",
   "geometry": {
    "type": "Polygon",
    "coordinates": [
     [
      [
       106.5235836608455,
       10.321131670216275
      ],
      [
       106.52262666581042,
       9.869099761101054
      ],
      [
       106.18073974260594,
       9.869986800571695
      ],
      [
       105.83885196869689,
       9.870283578467564
      ],
      [
       105.83885423514636,
       10.322318355172854
      ],
      [
       106.18121941601821,
       10.322020822007758
      ],
      [
       106.5235836608455,
       10.321131670216275
      ]
     ]
    ]
   },
   "properties": {
    "grid_id": "325:235",
    "sheet_number": "235",
    "geometry_source": "CartoMundi WKT",
    "parts_present": [
     "W",
     "E"
    ],
    "has_unclassified_records": false,
    "grid_codes": [
     "B81_235_E",
     "B81_235_W"
    ],
    "fkeys": [
     "32157",
     "32158",
     "32192"
    ],
    "map_ids": []
   }
  },
  {
   "type": "Feature",
   "id": "325:40 bis",
   "geometry": {
    "type": "Polygon",
    "coordinates": [
     [
      [
       108.00524844231938,
       21.154887162343016
      ],
      [
       108.01190911507956,
       21.606427984310017
      ],
      [
       108.37401679193604,
       21.602345750055377
      ],
      [
       108.36624874975547,
       21.15081484443857
      ],
      [
       108.00524844231938,
       21.154887162343016
      ]
     ]
    ]
   },
   "properties": {
    "grid_id": "325:40 bis",
    "sheet_number": "40 bis",
    "geometry_source": "CartoMundi WKT",
    "parts_present": [],
    "has_unclassified_records": true,
    "grid_codes": [
     "B81_040b"
    ],
    "fkeys": [
     "31766",
     "31767"
    ],
    "map_ids": [
     "45d39f7a-750d-4f09-a002-b26fcad50eef"
    ]
   }
  },
  {
   "type": "Feature",
   "id": "325:102",
   "geometry": {
    "type": "Polygon",
    "coordinates": [
     [
      [
       104.42257290672397,
       17.9996324473084
      ],
      [
       104.41891803912534,
       18.451349567010112
      ],
      [
       104.77390800196468,
       18.453506079684175
      ],
      [
       105.12890577206217,
       18.455045559529694
      ],
      [
       105.13073147031636,
       18.00331980979297
      ],
      [
       104.7766484492828,
       18.001783912293504
      ],
      [
       104.42257290672397,
       17.9996324473084
      ]
     ]
    ]
   },
   "properties": {
    "grid_id": "325:102",
    "sheet_number": "102",
    "geometry_source": "CartoMundi WKT",
    "parts_present": [
     "W",
     "E"
    ],
    "has_unclassified_records": false,
    "grid_codes": [
     "B81_102_E",
     "B81_102_W"
    ],
    "fkeys": [
     "31904",
     "31905",
     "31906"
    ],
    "map_ids": [
     "8d96b643-9a73-421c-ae92-67601fd3c4d6"
    ]
   }
  },
  {
   "type": "Feature",
   "id": "325:95",
   "geometry": {
    "type": "Polygon",
    "coordinates": [
     [
      [
       105.12702661776035,
       18.906749750390574
      ],
      [
       105.48297132804998,
       18.907674307533483
      ],
      [
       105.83891870543769,
       18.907980336062067
      ],
      [
       105.83891423452252,
       18.456273366284833
      ],
      [
       105.48390872543885,
       18.455967990762147
      ],
      [
       105.12890577206217,
       18.455045559529694
      ],
      [
       105.12702661776035,
       18.906749750390574
      ]
     ]
    ]
   },
   "properties": {
    "grid_id": "325:95",
    "sheet_number": "95",
    "geometry_source": "CartoMundi WKT",
    "parts_present": [
     "W",
     "E"
    ],
    "has_unclassified_records": false,
    "grid_codes": [
     "B81_095_E",
     "B81_095_W"
    ],
    "fkeys": [
     "31910",
     "31911",
     "31912",
     "31913",
     "31914",
     "31915"
    ],
    "map_ids": [
     "f02210c2-f72d-46a9-9784-6b88c38ba536",
     "fe62430e-0ba8-42e0-950c-59bb75a83cb8"
    ]
   }
  },
  {
   "type": "Feature",
   "id": "325:201",
   "geometry": {
    "type": "Polygon",
    "coordinates": [
     [
      [
       107.21686028967343,
       12.12553994676378
      ],
      [
       107.21458378087702,
       11.673570597243867
      ],
      [
       106.8706573397195,
       11.675657555115563
      ],
      [
       106.52672741579362,
       11.67714881257207
      ],
      [
       106.52786738148241,
       12.129126597932057
      ],
      [
       106.8723657126077,
       12.12763181237925
      ],
      [
       107.21686028967343,
       12.12553994676378
      ]
     ]
    ]
   },
   "properties": {
    "grid_id": "325:201",
    "sheet_number": "201",
    "geometry_source": "CartoMundi WKT",
    "parts_present": [
     "W",
     "E"
    ],
    "has_unclassified_records": false,
    "grid_codes": [
     "B81_201_E",
     "B81_201_W"
    ],
    "fkeys": [
     "31856",
     "31857"
    ],
    "map_ids": []
   }
  },
  {
   "type": "Feature",
   "id": "325:168",
   "geometry": {
    "type": "Polygon",
    "coordinates": [
     [
      [
       104.45604572692328,
       13.029451067828731
      ],
      [
       104.45349354043755,
       13.481374234451494
      ],
      [
       104.453493535946,
       13.48137494553167
      ],
      [
       104.79983325709686,
       13.483477126057068
      ],
      [
       105.1461774365865,
       13.484978049911135
      ],
      [
       105.1474523885198,
       13.033045944542707
      ],
      [
       105.14745156117141,
       13.033045941042005
      ],
      [
       104.80174696958763,
       13.03154843624479
      ],
      [
       104.45604572692328,
       13.029451067828731
      ]
     ]
    ]
   },
   "properties": {
    "grid_id": "325:168",
    "sheet_number": "168",
    "geometry_source": "CartoMundi WKT",
    "parts_present": [
     "W",
     "E"
    ],
    "has_unclassified_records": false,
    "grid_codes": [
     "B81_168_E",
     "B81_168_W"
    ],
    "fkeys": [
     "32066",
     "32067"
    ],
    "map_ids": [
     "86b44aba-9b6a-4d94-9d75-fca0ce3ef389"
    ]
   }
  },
  {
   "type": "Feature",
   "id": "325:157",
   "geometry": {
    "type": "Polygon",
    "coordinates": [
     [
      [
       108.62032229517374,
       14.370646625769012
      ],
      [
       108.61483127472758,
       13.918790767745321
      ],
      [
       108.26786512059985,
       13.92331284837367
      ],
      [
       107.9208877159715,
       13.92723238423838
      ],
      [
       107.92500948743067,
       14.379108130018125
      ],
      [
       108.27267185207326,
       14.375179354395328
      ],
      [
       108.62032229517374,
       14.370646625769012
      ]
     ]
    ]
   },
   "properties": {
    "grid_id": "325:157",
    "sheet_number": "157",
    "geometry_source": "CartoMundi WKT",
    "parts_present": [
     "W",
     "E"
    ],
    "has_unclassified_records": false,
    "grid_codes": [
     "B81_157_E",
     "B81_157_W"
    ],
    "fkeys": [
     "31846",
     "31847"
    ],
    "map_ids": [
     "14b5e9c9-cfba-4764-881c-f5a6027138c6",
     "42fcdb33-d461-4285-af3d-dd07f49b236f"
    ]
   }
  },
  {
   "type": "Feature",
   "id": "325:61",
   "geometry": {
    "type": "Polygon",
    "coordinates": [
     [
      [
       106.55891353140073,
       20.713327835524254
      ],
      [
       106.55680376249751,
       20.26171460481325
      ],
      [
       106.19786990809997,
       20.26265257175804
      ],
      [
       105.83893289702253,
       20.26296755430451
      ],
      [
       105.83893789255383,
       20.71458395249097
      ],
      [
       106.19892735005521,
       20.71426813597506
      ],
      [
       106.55891353140073,
       20.713327835524254
      ]
     ]
    ]
   },
   "properties": {
    "grid_id": "325:61",
    "sheet_number": "61",
    "geometry_source": "CartoMundi WKT",
    "parts_present": [
     "W",
     "E"
    ],
    "has_unclassified_records": false,
    "grid_codes": [
     "B81_061_E",
     "B81_061_W"
    ],
    "fkeys": [
     "31711",
     "31712",
     "31713",
     "31714",
     "31715",
     "31716"
    ],
    "map_ids": [
     "4f388ac7-35b6-415e-90af-a0e05475b5be",
     "59e9bd38-a561-4701-b001-04c36e35ace6"
    ]
   }
  },
  {
   "type": "Feature",
   "id": "325:81",
   "geometry": {
    "type": "Polygon",
    "coordinates": [
     [
      [
       106.1958395996752,
       19.35935199020186
      ],
      [
       105.83892330481193,
       19.359665315691274
      ],
      [
       105.83892803444192,
       19.8113278662903
      ],
      [
       106.19684078014421,
       19.81101371370555
      ],
      [
       106.1958395996752,
       19.35935199020186
      ]
     ]
    ]
   },
   "properties": {
    "grid_id": "325:81",
    "sheet_number": "81",
    "geometry_source": "CartoMundi WKT",
    "parts_present": [],
    "has_unclassified_records": true,
    "grid_codes": [
     "B81_081"
    ],
    "fkeys": [
     "31702"
    ],
    "map_ids": []
   }
  },
  {
   "type": "Feature",
   "id": "325:194",
   "geometry": {
    "type": "Polygon",
    "coordinates": [
     [
      [
       109.28958750622607,
       12.552347368038397
      ],
      [
       109.42759757068578,
       12.549905071638221
      ],
      [
       109.42145559415385,
       12.098014918815906
      ],
      [
       108.93923402075761,
       12.106125280918647
      ],
      [
       108.59477656207939,
       12.111202148084061
      ],
      [
       108.59950718468869,
       12.563123075196913
      ],
      [
       108.94455329140622,
       12.558034354199592
      ],
      [
       109.28958750622607,
       12.552347368038397
      ]
     ]
    ]
   },
   "properties": {
    "grid_id": "325:194",
    "sheet_number": "194",
    "geometry_source": "CartoMundi WKT",
    "parts_present": [
     "W",
     "E"
    ],
    "has_unclassified_records": false,
    "grid_codes": [
     "B81_194_E",
     "B81_194_W"
    ],
    "fkeys": [
     "32135",
     "32136",
     "32137"
    ],
    "map_ids": [
     "a04a2c88-6847-4483-8694-752082101a2e"
    ]
   }
  },
  {
   "type": "Feature",
   "id": "325:134",
   "geometry": {
    "type": "Polygon",
    "coordinates": [
     [
      [
       106.53870022478243,
       15.744372938534994
      ],
      [
       106.53717547472482,
       15.292527782777626
      ],
      [
       106.18803192831587,
       15.293440762633793
      ],
      [
       105.83888641908804,
       15.293746814152769
      ],
      [
       105.83889003031551,
       15.745594986379928
      ],
      [
       106.18879615836575,
       15.74528814058472
      ],
      [
       106.53870022478243,
       15.744372938534994
      ]
     ]
    ]
   },
   "properties": {
    "grid_id": "325:134",
    "sheet_number": "134",
    "geometry_source": "CartoMundi WKT",
    "parts_present": [
     "W",
     "E"
    ],
    "has_unclassified_records": false,
    "grid_codes": [
     "B81_134_E",
     "B81_134_W"
    ],
    "fkeys": [
     "31836",
     "31837"
    ],
    "map_ids": [
     "185cc073-18a4-42be-826d-c6a02fb17277",
     "d073eebe-bf59-469c-936f-0159b61ae3ba"
    ]
   }
  },
  {
   "type": "Feature",
   "id": "325:154",
   "geometry": {
    "type": "Polygon",
    "coordinates": [
     [
      [
       106.18588770093666,
       13.93779079981286
      ],
      [
       105.8388762896849,
       13.938094489172613
      ],
      [
       105.8388795505694,
       14.389996079278305
      ],
      [
       106.18657794124815,
       14.389691605944137
      ],
      [
       106.18588770093666,
       13.93779079981286
      ]
     ]
    ]
   },
   "properties": {
    "grid_id": "325:154",
    "sheet_number": "154",
    "geometry_source": "CartoMundi WKT",
    "parts_present": [
     "W"
    ],
    "has_unclassified_records": false,
    "grid_codes": [
     "B81_154_W"
    ],
    "fkeys": [
     "31844"
    ],
    "map_ids": [
     "d5048941-9e76-4054-9b8a-7dac86e679db"
    ]
   }
  },
  {
   "type": "Feature",
   "id": "325:202",
   "geometry": {
    "type": "Polygon",
    "coordinates": [
     [
      [
       107.55850560379571,
       11.670887957180597
      ],
      [
       107.21458378087702,
       11.673570597243867
      ],
      [
       107.21686028967343,
       12.12553994676378
      ],
      [
       107.5613498864792,
       12.122851020411687
      ],
      [
       107.90583327862133,
       12.119565056551053
      ],
      [
       107.90242167210663,
       11.667609659875382
      ],
      [
       107.55850560379571,
       11.670887957180597
      ]
     ]
    ]
   },
   "properties": {
    "grid_id": "325:202",
    "sheet_number": "202",
    "geometry_source": "CartoMundi WKT",
    "parts_present": [],
    "has_unclassified_records": true,
    "grid_codes": [
     "B81_202"
    ],
    "fkeys": [
     "31858"
    ],
    "map_ids": [
     "a5e4cf58-266f-4f43-bcc3-a6e9b517fc53"
    ]
   }
  },
  {
   "type": "Feature",
   "id": "325:126",
   "geometry": {
    "type": "Polygon",
    "coordinates": [
     [
      [
       107.94783626180676,
       16.638215687235657
      ],
      [
       108.29929248318544,
       16.634240114141207
      ],
      [
       108.29361758029557,
       16.18246580902604
      ],
      [
       107.94297016965938,
       16.186431941316144
      ],
      [
       107.94783626180676,
       16.638215687235657
      ]
     ]
    ]
   },
   "properties": {
    "grid_id": "325:126",
    "sheet_number": "126",
    "geometry_source": "CartoMundi WKT",
    "parts_present": [],
    "has_unclassified_records": true,
    "grid_codes": [
     "B81_126"
    ],
    "fkeys": [
     "31826",
     "31827",
     "31828",
     "31829"
    ],
    "map_ids": [
     "08d92d98-fbff-4e65-9e43-71d2613c8826"
    ]
   }
  },
  {
   "type": "Feature",
   "id": "325:115",
   "geometry": {
    "type": "Polygon",
    "coordinates": [
     [
      [
       107.25168821668215,
       17.547870270767845
      ],
      [
       107.24823545564936,
       17.09611196338183
      ],
      [
       106.89591015106429,
       17.098259211141567
      ],
      [
       106.54357786926437,
       17.09979380458543
      ],
      [
       106.5453067219444,
       17.551560991892885
      ],
      [
       106.89850111692252,
       17.550022684233184
      ],
      [
       107.25168821668215,
       17.547870270767845
      ]
     ]
    ]
   },
   "properties": {
    "grid_id": "325:115",
    "sheet_number": "115",
    "geometry_source": "CartoMundi WKT",
    "parts_present": [
     "W",
     "E"
    ],
    "has_unclassified_records": false,
    "grid_codes": [
     "B81_115_E",
     "B81_115_W"
    ],
    "fkeys": [
     "31685",
     "31686",
     "31687",
     "31688",
     "31689"
    ],
    "map_ids": [
     "0d8f077a-916a-49ad-a015-d99f1ddc0d0d",
     "f9425582-3d97-4b2c-a2fe-8993b9c09f6a"
    ]
   }
  },
  {
   "type": "Feature",
   "id": "325:158 bis",
   "geometry": {
    "type": "MultiPolygon",
    "coordinates": [
     [
      [
       [
        102.37563283382016,
        13.456136880067078
       ],
       [
        102.36902258349691,
        13.90798592441378
       ],
       [
        102.71596194267636,
        13.913708289728348
       ],
       [
        102.71596271163423,
        13.913708301935756
       ],
       [
        102.71596271971906,
        13.913707666278526
       ],
       [
        102.72191431898783,
        13.46184600882799
       ],
       [
        102.37563283382016,
        13.456136880067078
       ]
      ]
     ],
     [
      [
       [
        102.72191435671702,
        13.461846042026082
       ],
       [
        102.71596275834665,
        13.913707666278526
       ],
       [
        102.71596274936347,
        13.913708334198205
       ],
       [
        103.06291716610373,
        13.918828251512096
       ],
       [
        103.06291717418856,
        13.91882757924752
       ],
       [
        103.0682092788847,
        13.466954111913225
       ],
       [
        102.72191435671702,
        13.461846042026082
       ]
      ]
     ]
    ]
   },
   "properties": {
    "grid_id": "325:158 bis",
    "sheet_number": "158 bis",
    "geometry_source": "CartoMundi WKT",
    "parts_present": [
     "W",
     "E"
    ],
    "has_unclassified_records": false,
    "grid_codes": [
     "B81_158b_E",
     "B81_158b_W"
    ],
    "fkeys": [
     "32153",
     "32154"
    ],
    "map_ids": [
     "9a3a9b04-7ae9-4bc7-ba8f-016aef670fd6"
    ]
   }
  },
  {
   "type": "Feature",
   "id": "325:112",
   "geometry": {
    "type": "Polygon",
    "coordinates": [
     [
      [
       104.71170236168861,
       17.097898913367203
      ],
      [
       104.7086714396318,
       17.549660458749855
      ],
      [
       105.13250434763188,
       17.551572951133238
      ],
      [
       105.13422501576139,
       17.099805436957823
      ],
      [
       104.7800640874365,
       17.098267125822204
      ],
      [
       104.71170236168861,
       17.097898913367203
      ]
     ]
    ]
   },
   "properties": {
    "grid_id": "325:112",
    "sheet_number": "112",
    "geometry_source": "CartoMundi WKT",
    "parts_present": [],
    "has_unclassified_records": true,
    "grid_codes": [
     "B81_112"
    ],
    "fkeys": [
     "31889",
     "31890"
    ],
    "map_ids": [
     "0bde07b3-291c-4a51-9425-3610862a4b06"
    ]
   }
  },
  {
   "type": "Feature",
   "id": "325:234",
   "geometry": {
    "type": "Polygon",
    "coordinates": [
     [
      [
       105.15507702993658,
       9.869106343894117
      ],
      [
       105.15412456600379,
       10.321138561046268
      ],
      [
       105.49648899318908,
       10.322024267854943
      ],
      [
       105.83885423514636,
       10.322318355172854
      ],
      [
       105.83885196869689,
       9.870283578467564
      ],
      [
       105.49696413460074,
       9.86999009195938
      ],
      [
       105.15507702993658,
       9.869106343894117
      ]
     ]
    ]
   },
   "properties": {
    "grid_id": "325:234",
    "sheet_number": "234",
    "geometry_source": "CartoMundi WKT",
    "parts_present": [
     "W",
     "E"
    ],
    "has_unclassified_records": false,
    "grid_codes": [
     "B81_234_E",
     "B81_234_W"
    ],
    "fkeys": [
     "32172",
     "32173"
    ],
    "map_ids": [
     "e7e21eb1-9ef8-4b7e-aa7b-990d84047f67"
    ]
   }
  },
  {
   "type": "Feature",
   "id": "325:146",
   "geometry": {
    "type": "Polygon",
    "coordinates": [
     [
      [
       106.18657794124815,
       14.389691605944137
      ],
      [
       105.8388795505694,
       14.389996079278305
      ],
      [
       105.83888292643823,
       14.84188035065283
      ],
      [
       106.18729260495557,
       14.841575089221635
      ],
      [
       106.18657794124815,
       14.389691605944137
      ]
     ]
    ]
   },
   "properties": {
    "grid_id": "325:146",
    "sheet_number": "146",
    "geometry_source": "CartoMundi WKT",
    "parts_present": [
     "W"
    ],
    "has_unclassified_records": false,
    "grid_codes": [
     "B81_146_W"
    ],
    "fkeys": [
     "31843"
    ],
    "map_ids": [
     "5a12144b-a171-4d42-9b3e-484b58f72643"
    ]
   }
  },
  {
   "type": "Feature",
   "id": "325:214",
   "geometry": {
    "type": "Polygon",
    "coordinates": [
     [
      [
       109.27800578418606,
       11.648540552036138
      ],
      [
       109.2715006187848,
       11.10622821207052
      ],
      [
       108.92826600795678,
       11.111873032667177
      ],
      [
       108.92826600840117,
       11.111873074698016
      ],
      [
       108.58502214178641,
       11.116924037881944
      ],
      [
       108.5902320236846,
       11.659266222602511
      ],
      [
       108.93412405397687,
       11.654201159181227
      ],
      [
       108.93412405353246,
       11.654201118037717
      ],
      [
       109.27800578418606,
       11.648540552036138
      ]
     ]
    ]
   },
   "properties": {
    "grid_id": "325:214",
    "sheet_number": "214",
    "geometry_source": "CartoMundi WKT",
    "parts_present": [
     "W",
     "E"
    ],
    "has_unclassified_records": false,
    "grid_codes": [
     "B81_214_E",
     "B81_214_W"
    ],
    "fkeys": [
     "32142",
     "32143",
     "32144"
    ],
    "map_ids": [
     "610c3bda-4307-4de1-80e6-5e673b7273f0",
     "c657b26a-a144-492f-8c91-4b573e8955c9"
    ]
   }
  },
  {
   "type": "Feature",
   "id": "325:92",
   "geometry": {
    "type": "Polygon",
    "coordinates": [
     [
      [
       102.99908866446965,
       18.436553686207063
      ],
      [
       102.99156750448202,
       18.888214208893928
      ],
      [
       103.34743880803987,
       18.892849545640047
      ],
      [
       103.70332916486493,
       18.896866496271443
      ],
      [
       103.70897202215365,
       18.445185530179714
      ],
      [
       103.35402120430112,
       18.44117806573756
      ],
      [
       102.99908866446965,
       18.436553686207063
      ]
     ]
    ]
   },
   "properties": {
    "grid_id": "325:92",
    "sheet_number": "92",
    "geometry_source": "CartoMundi WKT",
    "parts_present": [
     "W",
     "E"
    ],
    "has_unclassified_records": false,
    "grid_codes": [
     "B81_092_E",
     "B81_092_W"
    ],
    "fkeys": [
     "31918",
     "31919"
    ],
    "map_ids": [
     "54ad3ca5-27f6-48b4-8e3d-cd20c993c268",
     "c5fe64ef-62fb-4e30-a525-166259681009"
    ]
   }
  },
  {
   "type": "Feature",
   "id": "325:85",
   "geometry": {
    "type": "Polygon",
    "coordinates": [
     [
      [
       102.99156750448202,
       18.888214208893928
      ],
      [
       102.9838296510849,
       19.339852533828235
      ],
      [
       103.3406667891003,
       19.344498876859063
      ],
      [
       103.69752376910364,
       19.34852535593619
      ],
      [
       103.70332916486493,
       18.896866496271443
      ],
      [
       103.34743880803987,
       18.892849545640047
      ],
      [
       102.99156750448202,
       18.888214208893928
      ]
     ]
    ]
   },
   "properties": {
    "grid_id": "325:85",
    "sheet_number": "85",
    "geometry_source": "CartoMundi WKT",
    "parts_present": [
     "W",
     "E"
    ],
    "has_unclassified_records": false,
    "grid_codes": [
     "B81_085_E",
     "B81_085_W"
    ],
    "fkeys": [
     "31926",
     "31927"
    ],
    "map_ids": [
     "7f2e5c30-65b7-44bf-8a4e-f52dc64ffa22",
     "fe09ee69-a37a-48ae-a5f0-aac6df3212c3"
    ]
   }
  },
  {
   "type": "Feature",
   "id": "325:242",
   "geometry": {
    "type": "Polygon",
    "coordinates": [
     [
      [
       105.49784763037762,
       8.965885632450224
      ],
      [
       105.15684806570574,
       8.965005777043018
      ],
      [
       105.15598476675142,
       9.417061905735977
      ],
      [
       105.49741696635229,
       9.417943703955629
      ],
      [
       105.83884980914696,
       9.418236590767464
      ],
      [
       105.83884775559824,
       8.966177922701732
      ],
      [
       105.49784763037762,
       8.965885632450224
      ]
     ]
    ]
   },
   "properties": {
    "grid_id": "325:242",
    "sheet_number": "242",
    "geometry_source": "CartoMundi WKT",
    "parts_present": [],
    "has_unclassified_records": true,
    "grid_codes": [
     "B81_242"
    ],
    "fkeys": [
     "32170"
    ],
    "map_ids": []
   }
  },
  {
   "type": "Feature",
   "id": "325:174",
   "geometry": {
    "type": "MultiPolygon",
    "coordinates": [
     [
      [
       [
        109.30210691491244,
        13.456091609005512
       ],
       [
        109.64837222142184,
        13.449776983513672
       ],
       [
        109.64136036487774,
        12.997927625053336
       ],
       [
        109.29572895005705,
        13.004227511922451
       ],
       [
        109.30210691491244,
        13.456091609005512
       ]
      ]
     ],
     [
      [
       [
        108.60953290068905,
        13.466917890061836
       ],
       [
        108.95582673320027,
        13.461805311448288
       ],
       [
        108.95008359338314,
        13.00992786739873
       ],
       [
        108.60442542852988,
        13.015028491186825
       ],
       [
        108.60953290068905,
        13.466917890061836
       ]
      ]
     ]
    ]
   },
   "properties": {
    "grid_id": "325:174",
    "sheet_number": "174",
    "geometry_source": "CartoMundi WKT",
    "parts_present": [
     "W"
    ],
    "has_unclassified_records": true,
    "grid_codes": [
     "B81_174_C",
     "B81_174_W"
    ],
    "fkeys": [
     "32130",
     "32180",
     "32181"
    ],
    "map_ids": [
     "365cd561-0a3f-47a3-ae11-58f311ccbdb2"
    ]
   }
  },
  {
   "type": "Feature",
   "id": "325:233",
   "geometry": {
    "type": "Polygon",
    "coordinates": [
     [
      [
       104.47130816378761,
       9.865568097555865
      ],
      [
       104.46940165848032,
       10.31759232573279
      ],
      [
       104.81176182944782,
       10.319661243007147
      ],
      [
       105.15412456600379,
       10.321138561046268
      ],
      [
       105.15507702993658,
       9.869106343894117
      ],
      [
       104.81319144342527,
       9.86763234191055
      ],
      [
       104.47130816378761,
       9.865568097555865
      ]
     ]
    ]
   },
   "properties": {
    "grid_id": "325:233",
    "sheet_number": "233",
    "geometry_source": "CartoMundi WKT",
    "parts_present": [
     "W",
     "E"
    ],
    "has_unclassified_records": false,
    "grid_codes": [
     "B81_233_E",
     "B81_233_W"
    ],
    "fkeys": [
     "32174",
     "32175"
    ],
    "map_ids": [
     "34ef3598-8406-4f43-b5cf-42373df0610f",
     "987e53c0-e9c0-421f-9794-98a6ab3fb4db"
    ]
   }
  },
  {
   "type": "Feature",
   "id": "325:166",
   "geometry": {
    "type": "Polygon",
    "coordinates": [
     [
      [
       108.88656900263523,
       13.462875878948921
      ],
      [
       108.89239502910533,
       13.914739228419222
      ],
      [
       109.30872340673027,
       13.90793907731765
      ],
      [
       109.30210691491244,
       13.456091609005512
      ],
      [
       108.88656900263523,
       13.462875878948921
      ]
     ]
    ]
   },
   "properties": {
    "grid_id": "325:166",
    "sheet_number": "166",
    "geometry_source": "CartoMundi WKT",
    "parts_present": [],
    "has_unclassified_records": true,
    "grid_codes": [
     "B81_166_A"
    ],
    "fkeys": [
     "32129"
    ],
    "map_ids": [
     "97cfe43a-7e91-4e8f-ac45-3d8559286c5b"
    ]
   }
  },
  {
   "type": "Feature",
   "id": "325:1",
   "geometry": {
    "type": "Polygon",
    "coordinates": [
     [
      [
       104.7382321470744,
       23.420931066833532
      ],
      [
       105.10513850649937,
       23.422511027904974
      ],
      [
       105.10759238944523,
       22.97104590725648
      ],
      [
       104.74191556133614,
       22.969469710242862
      ],
      [
       104.7382321470744,
       23.420931066833532
      ]
     ]
    ]
   },
   "properties": {
    "grid_id": "325:1",
    "sheet_number": "1",
    "geometry_source": "CartoMundi WKT",
    "parts_present": [],
    "has_unclassified_records": true,
    "grid_codes": [
     "B81_001"
    ],
    "fkeys": [
     "32045",
     "32046"
    ],
    "map_ids": [
     "f982ae5a-f622-4919-8bba-5cbc25d384c9"
    ]
   }
  },
  {
   "type": "Feature",
   "id": "325:189",
   "geometry": {
    "type": "Polygon",
    "coordinates": [
     [
      [
       105.1486801510529,
       12.581098002182316
      ],
      [
       105.49377304023383,
       12.58199362775568
      ],
      [
       105.83886635970777,
       12.582290762625775
      ],
      [
       105.83886718885277,
       12.582290762625775
      ],
      [
       105.83886437892255,
       12.130324873665458
      ],
      [
       105.83886355786237,
       12.130324872787199
      ],
      [
       105.49436216797355,
       12.130028353453838
      ],
      [
       105.14986112483444,
       12.129134728001276
      ],
      [
       105.1486801510529,
       12.581098002182316
      ]
     ]
    ]
   },
   "properties": {
    "grid_id": "325:189",
    "sheet_number": "189",
    "geometry_source": "CartoMundi WKT",
    "parts_present": [
     "W",
     "E"
    ],
    "has_unclassified_records": false,
    "grid_codes": [
     "B81_189_E",
     "B81_189_W"
    ],
    "fkeys": [
     "32087",
     "32088",
     "32089",
     "32090"
    ],
    "map_ids": [
     "0ce803a8-8dcb-4aca-8b07-9ea60071e97e",
     "8fb1e1bf-e61d-4f82-8525-6456f18bd9ac"
    ]
   }
  },
  {
   "type": "Feature",
   "id": "325:173",
   "geometry": {
    "type": "Polygon",
    "coordinates": [
     [
      [
       108.60953290068905,
       13.466917890061836
      ],
      [
       108.60442542852988,
       13.015028491186825
      ],
      [
       108.2587559350226,
       13.019529411502575
      ],
      [
       107.91307650884322,
       13.023430586594387
      ],
      [
       107.916910493323,
       13.47533970378663
      ],
      [
       108.26322699032886,
       13.471429367600976
      ],
      [
       108.60953290068905,
       13.466917890061836
      ]
     ]
    ]
   },
   "properties": {
    "grid_id": "325:173",
    "sheet_number": "173",
    "geometry_source": "CartoMundi WKT",
    "parts_present": [
     "W",
     "E"
    ],
    "has_unclassified_records": false,
    "grid_codes": [
     "B81_173_E",
     "B81_173_W"
    ],
    "fkeys": [
     "31852",
     "31853"
    ],
    "map_ids": [
     "84b6d9a2-fd5c-44ed-a2c1-2252261c01e3",
     "c2291893-4d17-4370-a25e-075016f4db68"
    ]
   }
  },
  {
   "type": "Feature",
   "id": "325:96",
   "geometry": {
    "type": "Polygon",
    "coordinates": [
     [
      [
       106.19391967353758,
       18.455961682573673
      ],
      [
       105.83891423452252,
       18.456273366284833
      ],
      [
       105.83891870543769,
       18.907980336062067
      ],
      [
       106.19486601096017,
       18.907667833422124
      ],
      [
       106.19391967353758,
       18.455961682573673
      ]
     ]
    ]
   },
   "properties": {
    "grid_id": "325:96",
    "sheet_number": "96",
    "geometry_source": "CartoMundi WKT",
    "parts_present": [],
    "has_unclassified_records": true,
    "grid_codes": [
     "B81_096"
    ],
    "fkeys": [
     "31700"
    ],
    "map_ids": [
     "0cd26d16-2a68-4706-bc25-cd37cff90409"
    ]
   }
  },
  {
   "type": "Feature",
   "id": "325:109",
   "geometry": {
    "type": "Polygon",
    "coordinates": [
     [
      [
       104.42257290672397,
       17.9996324473084
      ],
      [
       104.7766484492828,
       18.001783912293504
      ],
      [
       105.13073147031636,
       18.00331980979297
      ],
      [
       105.13250434763188,
       17.551572951133238
      ],
      [
       104.77930960500576,
       17.55004062024794
      ],
      [
       104.42612202015582,
       17.547894180313392
      ],
      [
       104.42257290672397,
       17.9996324473084
      ]
     ]
    ]
   },
   "properties": {
    "grid_id": "325:109",
    "sheet_number": "109",
    "geometry_source": "CartoMundi WKT",
    "parts_present": [
     "W",
     "E"
    ],
    "has_unclassified_records": false,
    "grid_codes": [
     "B81_109_E",
     "B81_109_W"
    ],
    "fkeys": [
     "31896",
     "31897",
     "31898",
     "31899"
    ],
    "map_ids": [
     "73beda89-8d01-491f-ae5e-db14163cb7a7",
     "d60287ef-6904-49ab-8ec6-e24a648d25cb"
    ]
   }
  },
  {
   "type": "Feature",
   "id": "325:221",
   "geometry": {
    "type": "Polygon",
    "coordinates": [
     [
      [
       107.2123996674009,
       11.22158690225939
      ],
      [
       107.21030724227083,
       10.769589379620882
      ],
      [
       106.86744804638322,
       10.771666584173005
      ],
      [
       106.52458590042824,
       10.773150830622754
      ],
      [
       106.52563370705373,
       11.225156718059225
      ],
      [
       106.86901829341502,
       11.223668973271828
      ],
      [
       107.2123996674009,
       11.22158690225939
      ]
     ]
    ]
   },
   "properties": {
    "grid_id": "325:221",
    "sheet_number": "221",
    "geometry_source": "CartoMundi WKT",
    "parts_present": [
     "W",
     "E"
    ],
    "has_unclassified_records": false,
    "grid_codes": [
     "B81_221_E",
     "B81_221_W"
    ],
    "fkeys": [
     "31873",
     "31874",
     "31875"
    ],
    "map_ids": [
     "ce907fa2-17df-4fe0-974f-7cc5bb4797cb"
    ]
   }
  },
  {
   "type": "Feature",
   "id": "325:213",
   "geometry": {
    "type": "Polygon",
    "coordinates": [
     [
      [
       108.5902320236846,
       11.659266222602511
      ],
      [
       108.58587209806386,
       11.207315812380386
      ],
      [
       108.2425140353596,
       11.211774945434001
      ],
      [
       107.8991485822155,
       11.215639860422371
      ],
      [
       107.90242167210663,
       11.667609659875382
      ],
      [
       108.24633085483097,
       11.663735737009276
      ],
      [
       108.5902320236846,
       11.659266222602511
      ]
     ]
    ]
   },
   "properties": {
    "grid_id": "325:213",
    "sheet_number": "213",
    "geometry_source": "CartoMundi WKT",
    "parts_present": [
     "W",
     "E"
    ],
    "has_unclassified_records": false,
    "grid_codes": [
     "B81_213_E",
     "B81_213_W"
    ],
    "fkeys": [
     "31869",
     "31870"
    ],
    "map_ids": []
   }
  },
  {
   "type": "Feature",
   "id": "325:212",
   "geometry": {
    "type": "Polygon",
    "coordinates": [
     [
      [
       107.8991485822155,
       11.215639860422371
      ],
      [
       107.2123996674009,
       11.22158690225939
      ],
      [
       107.21458378087702,
       11.673570597243867
      ],
      [
       107.90242167210663,
       11.667609659875382
      ],
      [
       107.8991485822155,
       11.215639860422371
      ]
     ]
    ]
   },
   "properties": {
    "grid_id": "325:212",
    "sheet_number": "212",
    "geometry_source": "CartoMundi WKT",
    "parts_present": [],
    "has_unclassified_records": true,
    "grid_codes": [
     "B81_212"
    ],
    "fkeys": [
     "31868"
    ],
    "map_ids": []
   }
  },
  {
   "type": "Feature",
   "id": "325:229",
   "geometry": {
    "type": "Polygon",
    "coordinates": [
     [
      [
       106.52458590042824,
       10.773150830622754
      ],
      [
       106.5235836608455,
       10.321131670216275
      ],
      [
       106.18121941601821,
       10.322020822007758
      ],
      [
       105.83885423514636,
       10.322318355172854
      ],
      [
       105.83885660849533,
       10.774340395178328
      ],
      [
       106.18172176650151,
       10.774042103026872
      ],
      [
       106.52458590042824,
       10.773150830622754
      ]
     ]
    ]
   },
   "properties": {
    "grid_id": "325:229",
    "sheet_number": "229",
    "geometry_source": "CartoMundi WKT",
    "parts_present": [
     "W",
     "E"
    ],
    "has_unclassified_records": false,
    "grid_codes": [
     "B81_229_E",
     "B81_229_W"
    ],
    "fkeys": [
     "32160",
     "32161",
     "32162"
    ],
    "map_ids": [
     "01895e7a-033d-4263-b1b6-f582a1152802",
     "030740df-c91d-4807-af03-a70c26917f6f"
    ]
   }
  },
  {
   "type": "Feature",
   "id": "325:145",
   "geometry": {
    "type": "Polygon",
    "coordinates": [
     [
      [
       105.49118109431363,
       14.389696457806991
      ],
      [
       105.3752818891694,
       14.389462342251022
      ],
      [
       105.37433689832143,
       14.841345461213507
      ],
      [
       105.83888292643823,
       14.84188035065283
      ],
      [
       105.8388795505694,
       14.389996079278305
      ],
      [
       105.49118109431363,
       14.389696457806991
      ]
     ]
    ]
   },
   "properties": {
    "grid_id": "325:145",
    "sheet_number": "145",
    "geometry_source": "CartoMundi WKT",
    "parts_present": [],
    "has_unclassified_records": true,
    "grid_codes": [
     "B81_145"
    ],
    "fkeys": [
     "32056"
    ],
    "map_ids": [
     "495ef497-0785-409f-bdaf-f09e22ca89b1"
    ]
   }
  },
  {
   "type": "Feature",
   "id": "325:120",
   "geometry": {
    "type": "Polygon",
    "coordinates": [
     [
      [
       107.24488628743688,
       16.64433342261914
      ],
      [
       107.24823545564936,
       17.09611196338183
      ],
      [
       107.60055148333258,
       17.093352084772107
      ],
      [
       107.5963668001591,
       16.641580134191685
      ],
      [
       107.24488628743688,
       16.64433342261914
      ]
     ]
    ]
   },
   "properties": {
    "grid_id": "325:120",
    "sheet_number": "120",
    "geometry_source": "CartoMundi WKT",
    "parts_present": [],
    "has_unclassified_records": true,
    "grid_codes": [
     "B81_120"
    ],
    "fkeys": [
     "31810",
     "31811"
    ],
    "map_ids": [
     "d13824cc-ee41-49e8-bb2c-df77dcb32465"
    ]
   }
  },
  {
   "type": "Feature",
   "id": "325:139",
   "geometry": {
    "type": "Polygon",
    "coordinates": [
     [
      [
       105.49047318324216,
       14.841580100443366
      ],
      [
       105.42079138498093,
       14.841447391164621
      ],
      [
       105.41991188940199,
       15.293312927288866
      ],
      [
       105.83888641908804,
       15.293746814152769
      ],
      [
       105.83888292643823,
       14.84188035065283
      ],
      [
       105.49047318324216,
       14.841580100443366
      ]
     ]
    ]
   },
   "properties": {
    "grid_id": "325:139",
    "sheet_number": "139",
    "geometry_source": "CartoMundi WKT",
    "parts_present": [],
    "has_unclassified_records": true,
    "grid_codes": [
     "B81_139"
    ],
    "fkeys": [
     "32055"
    ],
    "map_ids": [
     "3a559e64-809b-4cad-a027-6142eca2270c"
    ]
   }
  },
  {
   "type": "Feature",
   "id": "325:239",
   "geometry": {
    "type": "Polygon",
    "coordinates": [
     [
      [
       106.70496573649206,
       9.868385325487978
      ],
      [
       106.70381113006074,
       9.416342869468565
      ],
      [
       106.1802825926528,
       9.417940565010909
      ],
      [
       105.83884980914696,
       9.418236590767464
      ],
      [
       105.83885196869689,
       9.870283578467564
      ],
      [
       106.18073974260594,
       9.869986800571695
      ],
      [
       106.70496573649206,
       9.868385325487978
      ]
     ]
    ]
   },
   "properties": {
    "grid_id": "325:239",
    "sheet_number": "239",
    "geometry_source": "CartoMundi WKT",
    "parts_present": [
     "W",
     "E"
    ],
    "has_unclassified_records": false,
    "grid_codes": [
     "B81_239_E",
     "B81_239_W"
    ],
    "fkeys": [
     "32155",
     "32156"
    ],
    "map_ids": []
   }
  },
  {
   "type": "Feature",
   "id": "325:101",
   "geometry": {
    "type": "Polygon",
    "coordinates": [
     [
      [
       104.06850735882104,
       17.996865435027203
      ],
      [
       104.06393850572643,
       18.448576041723058
      ],
      [
       104.41891803912534,
       18.451349567010112
      ],
      [
       104.42257290672397,
       17.9996324473084
      ],
      [
       104.06850735882104,
       17.996865435027203
      ]
     ]
    ]
   },
   "properties": {
    "grid_id": "325:101",
    "sheet_number": "101",
    "geometry_source": "CartoMundi WKT",
    "parts_present": [
     "E"
    ],
    "has_unclassified_records": false,
    "grid_codes": [
     "B81_101_E"
    ],
    "fkeys": [
     "31907"
    ],
    "map_ids": [
     "46410e03-6e71-4943-bdf7-da01063b9cd4"
    ]
   }
  },
  {
   "type": "Feature",
   "id": "325:164",
   "geometry": {
    "type": "Polygon",
    "coordinates": [
     [
      [
       107.45514123320793,
       13.479617592616307
      ],
      [
       107.45823638121428,
       13.931520972280637
      ],
      [
       107.92088763152988,
       13.927232314485806
      ],
      [
       107.91691040977969,
       13.475339632152668
      ],
      [
       107.45514123320793,
       13.479617592616307
      ]
     ]
    ]
   },
   "properties": {
    "grid_id": "325:164",
    "sheet_number": "164",
    "geometry_source": "CartoMundi WKT",
    "parts_present": [],
    "has_unclassified_records": true,
    "grid_codes": [
     "B81_164"
    ],
    "fkeys": [
     "31849"
    ],
    "map_ids": [
     "c5a6776f-79d6-47a2-81d6-fc5897f2bd8e"
    ]
   }
  },
  {
   "type": "Feature",
   "id": "325:99-107",
   "geometry": {
    "type": "Polygon",
    "coordinates": [
     [
      [
       102.84591289822701,
       17.982577241077294
      ],
      [
       102.84937597012267,
       17.80216492970733
      ],
      [
       102.65561576563108,
       17.798968569903195
      ],
      [
       102.46703255122361,
       17.79596198442222
      ],
      [
       102.46360402044897,
       17.976602185851164
      ],
      [
       102.45490023018642,
       18.428264889589315
      ],
      [
       102.8381926356398,
       18.434254087779138
      ],
      [
       102.84591289822701,
       17.982577241077294
      ]
     ]
    ]
   },
   "properties": {
    "grid_id": "325:99-107",
    "sheet_number": "99-107",
    "geometry_source": "CartoMundi WKT",
    "parts_present": [],
    "has_unclassified_records": true,
    "grid_codes": [
     "B81_099x"
    ],
    "fkeys": [
     "32179"
    ],
    "map_ids": [
     "d1704060-65df-4738-ad09-d4b95fa0ae84"
    ]
   }
  },
  {
   "type": "Feature",
   "id": "325:236",
   "geometry": {
    "type": "Polygon",
    "coordinates": [
     [
      [
       106.86451194869117,
       9.867622468561748
      ],
      [
       106.52262666581042,
       9.869099761101054
      ],
      [
       106.5235836608455,
       10.321131670216275
      ],
      [
       106.86594609107597,
       10.319650908039293
      ],
      [
       107.20830583534372,
       10.317578550103846
      ],
      [
       107.20639480342571,
       9.865554937138427
      ],
      [
       106.86451194869117,
       9.867622468561748
      ]
     ]
    ]
   },
   "properties": {
    "grid_id": "325:236",
    "sheet_number": "236",
    "geometry_source": "CartoMundi WKT",
    "parts_present": [],
    "has_unclassified_records": true,
    "grid_codes": [
     "B81_236"
    ],
    "fkeys": [
     "32159"
    ],
    "map_ids": []
   }
  }
 ]
}
