"series","sheet","title","year","doi","posted_license","nakala_status","file_count","depositor","checked_at","source_records"
"243","0","[Ha-] Châu","1907","10.34847/nkl.793aor35","CC-BY-4.0","published","1","Romain Suarez","2026-09-30T14:03:36.632Z","work/tonkin/sources/nakala-originals.json#23831"
"243","0","Ha- [Châu]","1907","10.34847/nkl.e4ef954e","CC-BY-4.0","published","1","Romain Suarez","2026-09-30T14:03:36.720Z","work/tonkin/sources/nakala-originals.json#23874"
"243","0 bis","[Nha] -Nam","1907","10.34847/nkl.6ab6nj9p","CC-BY-4.0","published","1","Romain Suarez","2026-09-30T14:03:50.796Z","work/tonkin/sources/nakala-originals.json#23833"
"243","0 bis","Nha [-Nam]","1907","10.34847/nkl.da0ccgg5","CC-BY-4.0","published","1","Romain Suarez","2026-09-30T14:03:49.953Z","work/tonkin/sources/nakala-originals.json#23896"
"243","1","[Viêt] -Tri","1906","10.34847/nkl.18b18848","CC-BY-4.0","published","1","Romain Suarez","2026-09-30T14:03:36.886Z","work/tonkin/sources/nakala-originals.json#23822"
"243","1","Viêt [-Tri]","1906","10.34847/nkl.d80d3k8q","CC-BY-4.0","published","1","Romain Suarez","2026-09-30T14:03:36.971Z","work/tonkin/sources/nakala-originals.json#23835"
"243","10","Bac- [ Ninh]","1911","10.34847/nkl.2ff15r39","CC-BY-4.0","published","1","Romain Suarez","2026-09-30T14:03:38.046Z","work/tonkin/sources/nakala-originals.json#23893"
"243","10","[Bac-] Ninh","1911","10.34847/nkl.e1adv2lv","CC-BY-4.0","published","1","Romain Suarez","2026-09-30T14:03:38.009Z","work/tonkin/sources/nakala-originals.json#23818"
"243","10 bis","Cam [-Ly]","1907","10.34847/nkl.dea4za9b","CC-BY-4.0","published","1","Romain Suarez","2026-09-30T14:03:50.927Z","work/tonkin/sources/nakala-originals.json#23911"
"243","10 bis","[Cam] -Ly","1907","10.34847/nkl.e13d237s","CC-BY-4.0","published","1","Romain Suarez","2026-09-30T14:03:50.570Z","work/tonkin/sources/nakala-originals.json#23820"
"243","11","Nhan-Ly","1906","10.34847/nkl.77a4gkd9","CC-BY-4.0","published","1","Romain Suarez","2026-09-30T14:03:31.137Z","work/tonkin/sources/nakala.json#23804"
"243","11","Nhan-Ly","1924","10.34847/nkl.b410trge","CC-BY-4.0","published","1","Romain Suarez","2026-09-30T14:03:32.694Z","work/tonkin/sources/nakala.json#23806"
"243","11","Nhan-Ly","1911","10.34847/nkl.d33e0e26","CC-BY-4.0","published","1","Romain Suarez","2026-09-30T14:03:31.260Z","work/tonkin/sources/nakala.json#23805"
"243","12","[Son-] Tây","1924","10.34847/nkl.d477hg0z","CC-BY-4.0","published","1","Romain Suarez","2026-09-30T14:03:38.230Z","work/tonkin/sources/nakala-originals.json#23843"
"243","12","Son- [Tây]","1924","10.34847/nkl.e9b3fv6b","CC-BY-4.0","published","1","Romain Suarez","2026-09-30T14:03:38.288Z","work/tonkin/sources/nakala-originals.json#23807"
"243","13","[Hoài-D]uc-Phu","1925","10.34847/nkl.8acd2812","CC-BY-4.0","published","1","Romain Suarez","2026-09-30T14:03:39.439Z","work/tonkin/sources/nakala-originals.json#23852"
"243","13","Hoài-D[uc-Phu]","1925","10.34847/nkl.e8f4tn9m","CC-BY-4.0","published","1","Romain Suarez","2026-09-30T14:03:38.659Z","work/tonkin/sources/nakala-originals.json#23809"
"243","13","[Hoài-D]uc-Phu","1911","10.34847/nkl.efedbwmi","CC-BY-4.0","published","1","Romain Suarez","2026-09-30T14:03:38.298Z","work/tonkin/sources/nakala-originals.json#23851"
"243","13","Hoài-D[uc-Phu]","1911","10.34847/nkl.f30f9b7g","CC-BY-4.0","published","1","Romain Suarez","2026-09-30T14:03:39.344Z","work/tonkin/sources/nakala-originals.json#23808"
"243","14","[Phu-T]u-Son","1911","10.34847/nkl.16d09fk0","CC-BY-4.0","published","1","Romain Suarez","2026-09-30T14:03:38.660Z","work/tonkin/sources/nakala-originals.json#23810"
"243","14","Phu-T[u-Son]","1911","10.34847/nkl.26ad9xl5","CC-BY-4.0","published","1","Romain Suarez","2026-09-30T14:03:38.947Z","work/tonkin/sources/nakala-originals.json#23871"
"243","14","[Phu-T]u-Son","1925","10.34847/nkl.eac1nwsd","CC-BY-4.0","published","1","Romain Suarez","2026-09-30T14:03:39.020Z","work/tonkin/sources/nakala-originals.json#23811"
"243","14","Phu-T[u-Son]","1925","10.34847/nkl.ecbbf9r7","CC-BY-4.0","published","1","Romain Suarez","2026-09-30T14:03:39.285Z","work/tonkin/sources/nakala-originals.json#23872"
"243","15","Gia- [Binh]","1911","10.34847/nkl.5bcb885c","CC-BY-4.0","published","1","Romain Suarez","2026-09-30T14:03:39.633Z","work/tonkin/sources/nakala-originals.json#23892"
"243","15","[Gia-] Binh","1911","10.34847/nkl.d7dd1o12","CC-BY-4.0","published","1","Romain Suarez","2026-09-30T14:03:39.311Z","work/tonkin/sources/nakala-originals.json#23812"
"243","16","[Sept-] Pagodes","1925","10.34847/nkl.02a9w72v","CC-BY-4.0","published","1","Romain Suarez","2026-09-30T14:03:39.646Z","work/tonkin/sources/nakala-originals.json#23813"
"243","16","Sept- [Pagodes]","1925","10.34847/nkl.e27ex60z","CC-BY-4.0","published","1","Romain Suarez","2026-09-30T14:03:39.631Z","work/tonkin/sources/nakala-originals.json#23909"
"243","17","Dông- [Triêu]","1905","10.34847/nkl.4ed4j7of","CC-BY-4.0","published","1","Romain Suarez","2026-09-30T14:03:40.833Z","work/tonkin/sources/nakala-originals.json#23926"
"243","17","[Dông-] Triêu","1905","10.34847/nkl.b1f1cfhx","CC-BY-4.0","published","1","Romain Suarez","2026-09-30T14:03:39.776Z","work/tonkin/sources/nakala-originals.json#23815"
"243","18","[Phu-Qu]oc-Oai","1906","10.34847/nkl.a14fz7hw","CC-BY-4.0","published","1","Romain Suarez","2026-09-30T14:03:32.624Z","work/tonkin/sources/nakala.json#23842"
"243","2","[Vinh] -Yèn","1906","10.34847/nkl.23e37bxt","CC-BY-4.0","published","1","Romain Suarez","2026-09-30T14:03:36.986Z","work/tonkin/sources/nakala-originals.json#23844"
"243","2","[Vinh] -Yèn","1919","10.34847/nkl.bffb67v5","CC-BY-4.0","published","1","Romain Suarez","2026-09-30T14:03:37.234Z","work/tonkin/sources/nakala-originals.json#23845"
"243","2","Vinh [-Yèn]","1919","10.34847/nkl.c6aebn23","CC-BY-4.0","published","1","Romain Suarez","2026-09-30T14:03:37.320Z","work/tonkin/sources/nakala-originals.json#23825"
"243","2","Vinh [-Yèn]","1906","10.34847/nkl.f8abtndy","CC-BY-4.0","published","1","Romain Suarez","2026-09-30T14:03:37.010Z","work/tonkin/sources/nakala-originals.json#23824"
"243","20","Hà- [Nôi]","1903","10.34847/nkl.6cc6ll3m","CC-BY-4.0","published","1","Romain Suarez","2026-09-30T14:03:39.966Z","work/tonkin/sources/nakala-originals.json#23870"
"243","20","[Hà-] Nôi","1903","10.34847/nkl.c486rj84","CC-BY-4.0","published","1","Romain Suarez","2026-09-30T14:03:39.926Z","work/tonkin/sources/nakala-originals.json#23794"
"243","21","[Ban-Yê]n-Nhân","1924","10.34847/nkl.e385710d","CC-BY-4.0","published","1","Romain Suarez","2026-09-30T14:03:40.113Z","work/tonkin/sources/nakala-originals.json#23796"
"243","21","Ban-Yê[n-Nhân]","1924","10.34847/nkl.f3ffdd0d","CC-BY-4.0","published","1","Romain Suarez","2026-09-30T14:03:41.128Z","work/tonkin/sources/nakala-originals.json#23891"
"243","22","[Hai-] Du'o'ng","1903","10.34847/nkl.a46c29l1","CC-BY-4.0","published","1","Romain Suarez","2026-09-30T14:03:31.560Z","work/tonkin/sources/nakala.json#23797"
"243","22","[Hai-] Du'o'ng","1925","10.34847/nkl.f5d3miez","CC-BY-4.0","published","1","Romain Suarez","2026-09-30T14:03:32.699Z","work/tonkin/sources/nakala.json#23798"
"243","23","[Yên] -Luu","1904","10.34847/nkl.5401hhb5","CC-BY-4.0","published","1","Romain Suarez","2026-09-30T14:03:40.259Z","work/tonkin/sources/nakala-originals.json#23799"
"243","23","Yên [-Luu]","1904","10.34847/nkl.fd03n646","CC-BY-4.0","published","1","Romain Suarez","2026-09-30T14:03:40.453Z","work/tonkin/sources/nakala-originals.json#23924"
"243","24","[Mai-] Dông","1904","10.34847/nkl.c6342093","CC-BY-4.0","published","1","Romain Suarez","2026-09-30T14:03:40.597Z","work/tonkin/sources/nakala-originals.json#23801"
"243","24","Mai- [Dông]","1904","10.34847/nkl.d8484p6r","CC-BY-4.0","published","1","Romain Suarez","2026-09-30T14:03:40.746Z","work/tonkin/sources/nakala-originals.json#23932"
"243","25","Quang [-Yên]","1904","10.34847/nkl.bb2e29c5","CC-BY-4.0","published","1","Romain Suarez","2026-09-30T14:03:41.083Z","work/tonkin/sources/nakala-originals.json#23936"
"243","25","[Quang] -Yên","1904","10.34847/nkl.ff6dy302","CC-BY-4.0","published","1","Romain Suarez","2026-09-30T14:03:40.958Z","work/tonkin/sources/nakala-originals.json#23803"
"243","26","Thanh [-Oai]","1925","10.34847/nkl.b8a6x51s","CC-BY-4.0","published","1","Romain Suarez","2026-09-30T14:03:31.916Z","work/tonkin/sources/nakala.json#23784"
"243","27","[Thuong-] Tin-Phu","1905","10.34847/nkl.16dbk9pg","CC-BY-4.0","published","1","Romain Suarez","2026-09-30T14:03:41.125Z","work/tonkin/sources/nakala-originals.json#23785"
"243","27","Thuong- [Tin-Phu]","1905","10.34847/nkl.36ad4x53","CC-BY-4.0","published","1","Romain Suarez","2026-09-30T14:03:41.304Z","work/tonkin/sources/nakala-originals.json#23869"
"243","28","[Ké-] Sat","1905","10.34847/nkl.28b7t9qj","CC-BY-4.0","published","1","Romain Suarez","2026-09-30T14:03:41.450Z","work/tonkin/sources/nakala-originals.json#23786"
"243","28","Ké- [ Sat]","1905","10.34847/nkl.2e228q5d","CC-BY-4.0","published","1","Romain Suarez","2026-09-30T14:03:43.426Z","work/tonkin/sources/nakala-originals.json#23890"
"243","29","[Gia-] Lôc","1904","10.34847/nkl.18058t97","CC-BY-4.0","published","1","Romain Suarez","2026-09-30T14:03:41.423Z","work/tonkin/sources/nakala-originals.json#23787"
"243","29","Gia- [Lôc]","1904","10.34847/nkl.9ae7y0fp","CC-BY-4.0","published","1","Romain Suarez","2026-09-30T14:03:41.644Z","work/tonkin/sources/nakala-originals.json#23907"
"243","3","[Binh-] Xuyên","1924","10.34847/nkl.36523644","CC-BY-4.0","published","1","Romain Suarez","2026-09-30T14:03:37.321Z","work/tonkin/sources/nakala-originals.json#23854"
"243","3","Binh- [Xuyên]","1924","10.34847/nkl.a67216d9","CC-BY-4.0","published","1","Romain Suarez","2026-09-30T14:03:37.360Z","work/tonkin/sources/nakala-originals.json#23827"
"243","30","[Kim-] Thành","1904","10.34847/nkl.613fozh8","CC-BY-4.0","published","1","Romain Suarez","2026-09-30T14:03:42.702Z","work/tonkin/sources/nakala-originals.json#23789"
"243","30","Kim- [Thành]","1904","10.34847/nkl.99a39x74","CC-BY-4.0","published","1","Romain Suarez","2026-09-30T14:03:41.743Z","work/tonkin/sources/nakala-originals.json#23922"
"243","31","[Hai-] Phong","1904","10.34847/nkl.5f26w204","CC-BY-4.0","published","1","Romain Suarez","2026-09-30T14:03:41.998Z","work/tonkin/sources/nakala-originals.json#23791"
"243","31","Hai- [Phong]","1904","10.34847/nkl.973189kl","CC-BY-4.0","published","1","Romain Suarez","2026-09-30T14:03:42.081Z","work/tonkin/sources/nakala-originals.json#23931"
"243","32","[Quang-] Yên (Sud)","1904","10.34847/nkl.aacb86mz","CC-BY-4.0","published","1","Romain Suarez","2026-09-30T14:03:42.291Z","work/tonkin/sources/nakala-originals.json#23792"
"243","32","Quang- [Yên (Sud)]","1904","10.34847/nkl.b6e8j50p","CC-BY-4.0","published","1","Romain Suarez","2026-09-30T14:03:42.433Z","work/tonkin/sources/nakala-originals.json#23934"
"243","33","Phu-U[ng-Hoa]","1924","10.34847/nkl.4018l377","CC-BY-4.0","published","1","Romain Suarez","2026-09-30T14:03:42.717Z","work/tonkin/sources/nakala-originals.json#23774"
"243","33","[Phu-U]ng-Hoa","1924","10.34847/nkl.a60f489z","CC-BY-4.0","published","1","Romain Suarez","2026-09-30T14:03:42.625Z","work/tonkin/sources/nakala-originals.json#23849"
"243","34","[Phu-] Xuyên","1903","10.34847/nkl.1def8rua","CC-BY-4.0","published","1","Romain Suarez","2026-09-30T14:03:32.626Z","work/tonkin/sources/nakala.json#23775"
"243","34","Phu- [Xuyên]","1903","10.34847/nkl.379559jq","CC-BY-4.0","published","1","Romain Suarez","2026-09-30T14:03:32.923Z","work/tonkin/sources/nakala.json#23867"
"243","34","Phu- [Xuyên]","1917","10.34847/nkl.e554y758","CC-BY-4.0","published","1","Romain Suarez","2026-09-30T14:03:32.214Z","work/tonkin/sources/nakala.json#23868"
"243","35","Ân- [Thi]","1924","10.34847/nkl.1a55914s","CC-BY-4.0","published","1","Romain Suarez","2026-09-30T14:03:51.433Z","work/tonkin/sources/nakala-an-thi.json#23889"
"243","35","[Ân-] Thi","1924","10.34847/nkl.3bdao54q","CC-BY-4.0","published","1","Romain Suarez","2026-09-30T14:03:51.265Z","work/tonkin/sources/nakala-an-thi.json#23777"
"243","35","Ân- [Thi]","1905","10.34847/nkl.995d15d1","CC-BY-4.0","published","1","Romain Suarez","2026-09-30T14:03:51.406Z","work/tonkin/sources/nakala-an-thi.json#23888"
"243","35","[Ân-] Thi","1905","10.34847/nkl.acdb0144","CC-BY-4.0","published","1","Romain Suarez","2026-09-30T14:03:51.089Z","work/tonkin/sources/nakala-an-thi.json#23776"
"243","36","[My-] Dông","1924","10.34847/nkl.531fnj5d","CC-BY-4.0","published","1","Romain Suarez","2026-09-30T14:03:42.991Z","work/tonkin/sources/nakala-originals.json#23779"
"243","36","My- [Dông]","1924","10.34847/nkl.eeeb00xi","CC-BY-4.0","published","1","Romain Suarez","2026-09-30T14:03:44.402Z","work/tonkin/sources/nakala-originals.json#23906"
"243","37","Phu-Nin[h-Giang]","1904","10.34847/nkl.1adc179d","CC-BY-4.0","published","1","Romain Suarez","2026-09-30T14:03:34.675Z","work/tonkin/sources/nakala.json#23921"
"243","37","[Phu-Nin]h-Giang","1904","10.34847/nkl.e15aezuw","CC-BY-4.0","published","1","Romain Suarez","2026-09-30T14:03:33.051Z","work/tonkin/sources/nakala.json#23780"
"243","38","Kiên [-An]","1926","10.34847/nkl.d7fd5m2b","CC-BY-4.0","published","1","Romain Suarez","2026-09-30T14:03:43.283Z","work/tonkin/sources/nakala-originals.json#23929"
"243","38","[Kiên] -An","1926","10.34847/nkl.dcda34cd","CC-BY-4.0","published","1","Romain Suarez","2026-09-30T14:03:43.068Z","work/tonkin/sources/nakala-originals.json#23781"
"243","39","[Dô-] Son","1904","10.34847/nkl.57d87f02","CC-BY-4.0","published","1","Romain Suarez","2026-09-30T14:03:35.609Z","work/tonkin/sources/nakala.json#23783"
"243","39","Dô- [Son]","1923","10.34847/nkl.e44d47sy","CC-BY-4.0","published","1","Romain Suarez","2026-09-30T14:03:33.243Z","work/tonkin/sources/nakala.json#23933"
"243","4","[Hiêp] -Hoa","1912","10.34847/nkl.40167v7n","CC-BY-4.0","published","1","Romain Suarez","2026-09-30T14:03:37.527Z","work/tonkin/sources/nakala-originals.json#23828"
"243","4","Hiêp [-Hoa]","1912","10.34847/nkl.d7fep775","CC-BY-4.0","published","1","Romain Suarez","2026-09-30T14:03:37.675Z","work/tonkin/sources/nakala-originals.json#23873"
"243","40","Quang [-Thua]","1906","10.34847/nkl.1b966s30","CC-BY-4.0","published","1","Romain Suarez","2026-09-30T14:03:33.352Z","work/tonkin/sources/nakala.json#23762"
"243","41","Dông [-Van]","1905","10.34847/nkl.a2e4b20o","CC-BY-4.0","published","1","Romain Suarez","2026-09-30T14:03:44.569Z","work/tonkin/sources/nakala-originals.json#23866"
"243","41","[Dông] -Van","1905","10.34847/nkl.ece58m5y","CC-BY-4.0","published","1","Romain Suarez","2026-09-30T14:03:43.429Z","work/tonkin/sources/nakala-originals.json#23764"
"243","42","Hung [-Yên]","1926","10.34847/nkl.6b288v2q","CC-BY-4.0","published","1","Romain Suarez","2026-09-30T14:03:43.774Z","work/tonkin/sources/nakala-originals.json#23887"
"243","42","[Hung] -Yên","1926","10.34847/nkl.74f1aa41","CC-BY-4.0","published","1","Romain Suarez","2026-09-30T14:03:43.726Z","work/tonkin/sources/nakala-originals.json#23766"
"243","43","[Quinh] -Côi","1905","10.34847/nkl.87db334m","CC-BY-4.0","published","1","Romain Suarez","2026-09-30T14:03:44.067Z","work/tonkin/sources/nakala-originals.json#23767"
"243","43","Quynh [-Côi]","1905","10.34847/nkl.f4adpoik","CC-BY-4.0","published","1","Romain Suarez","2026-09-30T14:03:44.065Z","work/tonkin/sources/nakala-originals.json#23904"
"243","44","Phu- [Duc]","1926","10.34847/nkl.0bc07p08","CC-BY-4.0","published","1","Romain Suarez","2026-09-30T14:03:44.356Z","work/tonkin/sources/nakala-originals.json#23920"
"243","44","[Phu-] Duc","1926","10.34847/nkl.6ded2ji2","CC-BY-4.0","published","1","Romain Suarez","2026-09-30T14:03:45.234Z","work/tonkin/sources/nakala-originals.json#23769"
"243","45","[Cu'a-Th]ai-Binh","1905","10.34847/nkl.9659fd00","CC-BY-4.0","published","1","Romain Suarez","2026-09-30T14:03:44.683Z","work/tonkin/sources/nakala-originals.json#23770"
"243","45","Cu'a-Th[ai-Binh]","1905","10.34847/nkl.cda84th3","CC-BY-4.0","published","1","Romain Suarez","2026-09-30T14:03:44.696Z","work/tonkin/sources/nakala-originals.json#23928"
"243","46","Hon-Dâu","1924","10.34847/nkl.68021hy8","CC-BY-4.0","published","1","Romain Suarez","2026-09-30T14:03:34.576Z","work/tonkin/sources/nakala.json#23772"
"243","46","Hon-Dâu","1904","10.34847/nkl.eebe2ex5","CC-BY-4.0","published","1","Romain Suarez","2026-09-30T14:03:36.035Z","work/tonkin/sources/nakala.json#23771"
"243","48","Phu [-Ly]","1905","10.34847/nkl.3e79z73a","CC-BY-4.0","published","1","Romain Suarez","2026-09-30T14:03:45.036Z","work/tonkin/sources/nakala-originals.json#23864"
"243","48","[Phu] -Ly","1905","10.34847/nkl.44ccxm16","CC-BY-4.0","published","1","Romain Suarez","2026-09-30T14:03:44.906Z","work/tonkin/sources/nakala-originals.json#23755"
"243","49","Nhu'- [Trac]","1903","10.34847/nkl.e9edmtm9","CC-BY-4.0","published","1","Romain Suarez","2026-09-30T14:03:45.200Z","work/tonkin/sources/nakala-originals.json#23884"
"243","49","[Nhu'-] Trac","1903","10.34847/nkl.eff66y19","CC-BY-4.0","published","1","Romain Suarez","2026-09-30T14:03:45.026Z","work/tonkin/sources/nakala-originals.json#23756"
"243","5","Phu-Lang [-Thuong]","1912","10.34847/nkl.abc3473f","CC-BY-4.0","published","1","Romain Suarez","2026-09-30T14:03:37.702Z","work/tonkin/sources/nakala-originals.json#23895"
"243","5","[Phu-Lang] -Thuong","1912","10.34847/nkl.e51bg9t4","CC-BY-4.0","published","1","Romain Suarez","2026-09-30T14:03:37.668Z","work/tonkin/sources/nakala-originals.json#23829"
"243","5 bis","[Bao-] Lôc","1907","10.34847/nkl.227840ii","CC-BY-4.0","published","1","Romain Suarez","2026-09-30T14:03:50.280Z","work/tonkin/sources/nakala-originals.json#23830"
"243","5 bis","Bao- [Lôc]","1907","10.34847/nkl.ff699x98","CC-BY-4.0","published","1","Romain Suarez","2026-09-30T14:03:51.113Z","work/tonkin/sources/nakala-originals.json#23913"
"243","50","Phu-Tiê[n-Hung]","1904","10.34847/nkl.16fe94g2","CC-BY-4.0","published","1","Romain Suarez","2026-09-30T14:03:45.395Z","work/tonkin/sources/nakala-originals.json#23902"
"243","50","[Phu-Tiê]n-Hung","1904","10.34847/nkl.6c35x036","CC-BY-4.0","published","1","Romain Suarez","2026-09-30T14:03:45.361Z","work/tonkin/sources/nakala-originals.json#23757"
"243","51","Dông- [Quan]","1905","10.34847/nkl.2ee68bt3","CC-BY-4.0","published","1","Romain Suarez","2026-09-30T14:03:45.525Z","work/tonkin/sources/nakala-originals.json#23918"
"243","51","[Dông-] Quan","1905","10.34847/nkl.2ef23u00","CC-BY-4.0","published","1","Romain Suarez","2026-09-30T14:03:46.477Z","work/tonkin/sources/nakala-originals.json#23759"
"243","52","Thuy-Anh","1904","10.34847/nkl.83e5sw4q","CC-BY-4.0","published","1","Romain Suarez","2026-09-30T14:03:34.865Z","work/tonkin/sources/nakala.json#23760"
"243","52","Thuy-Anh","1926","10.34847/nkl.f88dg74u","CC-BY-4.0","published","1","Romain Suarez","2026-09-30T14:03:35.021Z","work/tonkin/sources/nakala.json#23761"
"243","54","Y- [Yên]","1905","10.34847/nkl.82fdbkjm","CC-BY-4.0","published","1","Romain Suarez","2026-09-30T14:03:45.735Z","work/tonkin/sources/nakala-originals.json#23863"
"243","54","[Y-] Yên","1905","10.34847/nkl.92d7x94x","CC-BY-4.0","published","1","Romain Suarez","2026-09-30T14:03:45.701Z","work/tonkin/sources/nakala-originals.json#23750"
"243","55","Nam- [Dinh]","1905","10.34847/nkl.e76a1g67","CC-BY-4.0","published","1","Romain Suarez","2026-09-30T14:03:45.991Z","work/tonkin/sources/nakala-originals.json#23882"
"243","55","[Nam-] Dinh","1905","10.34847/nkl.eb4bs3jp","CC-BY-4.0","published","1","Romain Suarez","2026-09-30T14:03:45.880Z","work/tonkin/sources/nakala-originals.json#23751"
"243","56","Thai- [Binh]","1905","10.34847/nkl.8c2bl018","CC-BY-4.0","published","1","Romain Suarez","2026-09-30T14:03:46.215Z","work/tonkin/sources/nakala-originals.json#23901"
"243","56","[Thai-] Binh","1905","10.34847/nkl.c9d9561g","CC-BY-4.0","published","1","Romain Suarez","2026-09-30T14:03:46.071Z","work/tonkin/sources/nakala-originals.json#23752"
"243","57","Kièn- [Xuong]","1905","10.34847/nkl.aa7b97c0","CC-BY-4.0","published","1","Romain Suarez","2026-09-30T14:03:46.357Z","work/tonkin/sources/nakala-originals.json#23917"
"243","57","[Kièn-] Xuong","1905","10.34847/nkl.f4ef5gr3","CC-BY-4.0","published","1","Romain Suarez","2026-09-30T14:03:46.349Z","work/tonkin/sources/nakala-originals.json#23753"
"243","59","[Ninh] -Binh","1924","10.34847/nkl.19aed4k7","CC-BY-4.0","published","1","Romain Suarez","2026-09-30T14:03:46.547Z","work/tonkin/sources/nakala-originals.json#23741"
"243","59","Ninh [-Binh]","1924","10.34847/nkl.83b168i3","CC-BY-4.0","published","1","Romain Suarez","2026-09-30T14:03:46.686Z","work/tonkin/sources/nakala-originals.json#23861"
"243","6","Phu-Qu[ang-Oai]","1906","10.34847/nkl.20cao8lt","CC-BY-4.0","published","1","Romain Suarez","2026-09-30T14:03:37.957Z","work/tonkin/sources/nakala-originals.json#23834"
"243","6","[Phu-Qu]ang-Oai","1906","10.34847/nkl.fd19go92","CC-BY-4.0","published","1","Romain Suarez","2026-09-30T14:03:37.893Z","work/tonkin/sources/nakala-originals.json#23817"
"243","60","Phu-Ngh[ia-Hung]","1903","10.34847/nkl.8c1fp1wc","CC-BY-4.0","published","1","Romain Suarez","2026-09-30T14:03:46.764Z","work/tonkin/sources/nakala-originals.json#23880"
"243","60","[Phu-Ngh]ia-Hung","1903","10.34847/nkl.bd3f9o9r","CC-BY-4.0","published","1","Romain Suarez","2026-09-30T14:03:46.724Z","work/tonkin/sources/nakala-originals.json#23742"
"243","61","[Phu-Xyân] -Truong","1905","10.34847/nkl.317dqow6","CC-BY-4.0","published","1","Romain Suarez","2026-09-30T14:03:46.892Z","work/tonkin/sources/nakala-originals.json#23744"
"243","61","Phu-Xyân [-Truong]","1905","10.34847/nkl.da57yqdd","CC-BY-4.0","published","1","Romain Suarez","2026-09-30T14:03:47.022Z","work/tonkin/sources/nakala-originals.json#23900"
"243","62","[Cua-B]a-Lat","1905","10.34847/nkl.2e34q338","CC-BY-4.0","published","1","Romain Suarez","2026-09-30T14:03:47.887Z","work/tonkin/sources/nakala-originals.json#23745"
"243","62","Cua-B[a-Lat]","1905","10.34847/nkl.bb47946s","CC-BY-4.0","published","1","Romain Suarez","2026-09-30T14:03:47.108Z","work/tonkin/sources/nakala-originals.json#23916"
"243","63","Nam-Dông","1926","10.34847/nkl.5ec4x6ha","CC-BY-4.0","published","1","Romain Suarez","2026-09-30T14:03:35.217Z","work/tonkin/sources/nakala.json#23748"
"243","63","Nam-Dông","1905","10.34847/nkl.aeba39bu","CC-BY-4.0","published","1","Romain Suarez","2026-09-30T14:03:35.319Z","work/tonkin/sources/nakala.json#23747"
"243","64","Cho- [Ganh]","1905","10.34847/nkl.9eaf7uj0","CC-BY-4.0","published","1","Romain Suarez","2026-09-30T14:03:48.223Z","work/tonkin/sources/nakala-originals.json#23859"
"243","64","[Cho-] Ganh","1905","10.34847/nkl.cfdcp0bc","CC-BY-4.0","published","1","Romain Suarez","2026-09-30T14:03:47.185Z","work/tonkin/sources/nakala-originals.json#23734"
"243","65","[Phu] -Nhac","1906","10.34847/nkl.22617wad","CC-BY-4.0","published","1","Romain Suarez","2026-09-30T14:03:48.273Z","work/tonkin/sources/nakala-originals.json#23735"
"243","65","Phu [-Nhac]","1906","10.34847/nkl.d6353bw0","CC-BY-4.0","published","1","Romain Suarez","2026-09-30T14:03:47.535Z","work/tonkin/sources/nakala-originals.json#23879"
"243","66","Quât [-Lâm]","1926","10.34847/nkl.226ckx58","CC-BY-4.0","published","1","Romain Suarez","2026-09-30T14:03:48.223Z","work/tonkin/sources/nakala-originals.json#23899"
"243","66","[Quât] -Lâm","1926","10.34847/nkl.beef61e7","CC-BY-4.0","published","1","Romain Suarez","2026-09-30T14:03:47.882Z","work/tonkin/sources/nakala-originals.json#23737"
"243","67","Kiên- [Hành]","1905","10.34847/nkl.535d77h8","CC-BY-4.0","published","1","Romain Suarez","2026-09-30T14:03:35.564Z","work/tonkin/sources/nakala.json#23914"
"243","67","[Kiên-] Hành","1926","10.34847/nkl.a43d56j8","CC-BY-4.0","published","1","Romain Suarez","2026-09-30T14:03:35.656Z","work/tonkin/sources/nakala.json#23739"
"243","67","Kiên- [Hành]","1926","10.34847/nkl.acday7w3","CC-BY-4.0","published","1","Romain Suarez","2026-09-30T14:03:35.973Z","work/tonkin/sources/nakala.json#23915"
"243","67","[Kiên-] Hành","1905","10.34847/nkl.e3e20m0x","CC-BY-4.0","published","1","Romain Suarez","2026-09-30T14:03:35.862Z","work/tonkin/sources/nakala.json#23738"
"243","68","Biên [-Son]","1906","10.34847/nkl.0a2441p0","CC-BY-4.0","published","1","Romain Suarez","2026-09-30T14:03:48.512Z","work/tonkin/sources/nakala-originals.json#23858"
"243","68","[Biên] -Son","1906","10.34847/nkl.da27qot2","CC-BY-4.0","published","1","Romain Suarez","2026-09-30T14:03:48.179Z","work/tonkin/sources/nakala-originals.json#23730"
"243","69","Phat [-Diêm]","1927","10.34847/nkl.d6b3qay9","CC-BY-4.0","published","1","Romain Suarez","2026-09-30T14:03:48.510Z","work/tonkin/sources/nakala-originals.json#23878"
"243","70","Van [-Ly]","1905","10.34847/nkl.b97fb2j2","CC-BY-4.0","published","1","Romain Suarez","2026-09-30T14:03:36.211Z","work/tonkin/sources/nakala.json#23897"
"243","70","[Van] -Ly","1905","10.34847/nkl.c20016dy","CC-BY-4.0","published","1","Romain Suarez","2026-09-30T14:03:35.992Z","work/tonkin/sources/nakala.json#23733"
"243","71","Yên- [Lang]","1919","10.34847/nkl.895ax8g1","CC-BY-4.0","published","1","Romain Suarez","2026-09-30T14:03:51.049Z","work/tonkin/sources/nakala-originals.json#23725"
"243","71","[Yên-] Lang","1919","10.34847/nkl.b13fxng8","CC-BY-4.0","published","1","Romain Suarez","2026-09-30T14:03:48.572Z","work/tonkin/sources/nakala-originals.json#23841"
"243","72","[Yên-] Dinh","1905","10.34847/nkl.5026jrgp","CC-BY-4.0","published","1","Romain Suarez","2026-09-30T14:03:49.298Z","work/tonkin/sources/nakala-originals.json#23847"
"243","72","Yên- [Dinh]","1905","10.34847/nkl.90a269cw","CC-BY-4.0","published","1","Romain Suarez","2026-09-30T14:03:48.906Z","work/tonkin/sources/nakala-originals.json#23726"
"243","73","Sen- [Cu]","1905","10.34847/nkl.612cttmw","CC-BY-4.0","published","1","Romain Suarez","2026-09-30T14:03:49.259Z","work/tonkin/sources/nakala-originals.json#23857"
"243","73","[Sen-] Cù","1905","10.34847/nkl.7d1a0hb7","CC-BY-4.0","published","1","Romain Suarez","2026-09-30T14:03:48.914Z","work/tonkin/sources/nakala-originals.json#23727"
"243","73 bis","Cua- [Day]","1905","10.34847/nkl.0c41b1om","CC-BY-4.0","published","1","Romain Suarez","2026-09-30T14:03:36.631Z","work/tonkin/sources/nakala.json#23876"
"243","73 bis","[Cua-] Day","1905","10.34847/nkl.0fd927om","CC-BY-4.0","published","1","Romain Suarez","2026-09-30T14:03:36.546Z","work/tonkin/sources/nakala.json#23728"
"243","73 bis","[Cua-] Day","1927","10.34847/nkl.f28e52xg","CC-BY-4.0","published","1","Romain Suarez","2026-09-30T14:03:36.370Z","work/tonkin/sources/nakala.json#23729"
"243","74","[Lôi-D]uong","1919","10.34847/nkl.4f0crv1o","CC-BY-4.0","published","1","Romain Suarez","2026-09-30T14:03:49.202Z","work/tonkin/sources/nakala-originals.json#23839"
"243","74","Lôi- [Duong]","1919","10.34847/nkl.ee2b791x","CC-BY-4.0","published","1","Romain Suarez","2026-09-30T14:03:49.922Z","work/tonkin/sources/nakala-originals.json#23722"
"243","75","[Thanh] -Hóa","1904","10.34847/nkl.11edjqd5","CC-BY-4.0","published","1","Romain Suarez","2026-09-30T14:03:49.547Z","work/tonkin/sources/nakala-originals.json#23846"
"243","75","Thanh [-Hóa]","1904","10.34847/nkl.443c56ug","CC-BY-4.0","published","1","Romain Suarez","2026-09-30T14:03:49.666Z","work/tonkin/sources/nakala-originals.json#23723"
"243","76","Lach-Tru'o'ng","1904","10.34847/nkl.56a014c0","CC-BY-4.0","published","1","Romain Suarez","2026-09-30T14:03:36.339Z","work/tonkin/sources/nakala.json#23855"
"243","76","Lach-Tru'o'ng","1943","10.34847/nkl.5b3470d9","CC-BY-4.0","published","1","Romain Suarez","2026-09-30T14:03:36.266Z","work/tonkin/sources/nakala.json#23856"
"325","1","Ma-Li-Po","1907","10.34847/nkl.2decsq4u","CC-BY-4.0","published","1","Romain Suarez","2026-09-30T14:03:51.408Z","work/indochine-100k/sources/serie-325.json#32045/63659"
"325","10","Ha - Lang","1906","10.34847/nkl.eb1256k9","CC-BY-4.0","published","1","Romain Suarez","2026-09-30T14:03:52.710Z","work/indochine-100k/sources/serie-325.json#31797/63689"
"325","100 E","[Pak]sane","1932","10.34847/nkl.35fcy2mk","CC-BY-4.0","published","1","Romain Suarez","2026-09-30T14:04:01.856Z","work/indochine-100k/sources/serie-325.json#31909/63904"
"325","100 W","Pak - [sane]","1934","10.34847/nkl.be95l49s","CC-BY-4.0","published","1","Romain Suarez","2026-09-30T14:04:01.849Z","work/indochine-100k/sources/serie-325.json#31908/63905"
"325","101 E","Ban Sot Est","1923","10.34847/nkl.0cdfm1j2","CC-BY-4.0","published","1","Romain Suarez","2026-09-30T14:04:01.917Z","work/indochine-100k/sources/serie-325.json#31907/63906"
"325","102 W","Kam - [Keut]","1925","10.34847/nkl.7e71da6p","CC-BY-4.0","published","1","Romain Suarez","2026-09-30T14:04:02.193Z","work/indochine-100k/sources/serie-325.json#31906/63908"
"325","103 E","Huong Khé","1912","10.34847/nkl.a58eno3i","CC-BY-4.0","published","1","Romain Suarez","2026-09-30T14:04:02.200Z","work/indochine-100k/sources/serie-325.json#31902/63910"
"325","104 E","[Ha -] Tinh","1911","10.34847/nkl.9c76293w","CC-BY-4.0","published","1","Romain Suarez","2026-09-30T14:04:02.283Z","work/indochine-100k/sources/serie-325.json#31698/63913"
"325","104 W","Ha -[ Tinh]","1911","10.34847/nkl.effac650","CC-BY-4.0","published","1","Romain Suarez","2026-09-30T14:04:02.481Z","work/indochine-100k/sources/serie-325.json#31695/63915"
"325","108","Ban - Poung","1924","10.34847/nkl.4e603xzb","CC-BY-4.0","published","1","Romain Suarez","2026-09-30T14:04:02.538Z","work/indochine-100k/sources/serie-325.json#31900/63918"
"325","109 E","[Pak - Hi]n - Boun","1924","10.34847/nkl.746fph6r","CC-BY-4.0","published","1","Romain Suarez","2026-09-30T14:04:02.619Z","work/indochine-100k/sources/serie-325.json#31896/63919"
"325","109 W","Pak - Hi[n - Boun]","1939","10.34847/nkl.abc22y16","CC-BY-4.0","published","1","Romain Suarez","2026-09-30T14:04:02.820Z","work/indochine-100k/sources/serie-325.json#31899/63922"
"325","110 E","[Mu -] Gia","1930","10.34847/nkl.bc37w70h","CC-BY-4.0","published","1","Romain Suarez","2026-09-30T14:04:02.830Z","work/indochine-100k/sources/serie-325.json#31895/63924"
"325","110 W","Mu - [Gia]","1930","10.34847/nkl.3c0646mc","CC-BY-4.0","published","1","Romain Suarez","2026-09-30T14:04:03.782Z","work/indochine-100k/sources/serie-325.json#31893/63927"
"325","111 bis","Hon - Gio","1912","10.34847/nkl.68cd9368","CC-BY-4.0","published","1","Romain Suarez","2026-09-30T14:04:16.319Z","work/indochine-100k/sources/serie-325.json#31694/63928"
"325","111 E","[R]on","1912","10.34847/nkl.fa31s32t","CC-BY-4.0","published","1","Romain Suarez","2026-09-30T14:04:03.159Z","work/indochine-100k/sources/serie-325.json#31692/63929"
"325","111 W","R[on]","1912","10.34847/nkl.ba30y6g7","CC-BY-4.0","published","1","Romain Suarez","2026-09-30T14:04:03.167Z","work/indochine-100k/sources/serie-325.json#31690/63931"
"325","112","Thakhek","1926","10.34847/nkl.8de46o22","CC-BY-4.0","published","1","Romain Suarez","2026-09-30T14:04:03.449Z","work/indochine-100k/sources/serie-325.json#31889/63933"
"325","113 E","[Maha]xay","1923","10.34847/nkl.1b94o9sx","CC-BY-4.0","published","1","Romain Suarez","2026-09-30T14:04:03.793Z","work/indochine-100k/sources/serie-325.json#31886/63935"
"325","113 W","Maha[xay]","1923","10.34847/nkl.d3a3i2c3","CC-BY-4.0","published","1","Romain Suarez","2026-09-30T14:04:03.502Z","work/indochine-100k/sources/serie-325.json#31883/63938"
"325","114 E","[Ke -] Bang","1912","10.34847/nkl.bf883a27","CC-BY-4.0","published","1","Romain Suarez","2026-09-30T14:04:03.794Z","work/indochine-100k/sources/serie-325.json#31683/63941"
"325","114 W","Ke - [ Bang]","1912","10.34847/nkl.06bf35q5","CC-BY-4.0","published","1","Romain Suarez","2026-09-30T14:04:03.936Z","work/indochine-100k/sources/serie-325.json#31681/63943"
"325","115 E","Dong [-Hoi]","1912","10.34847/nkl.9fc5161u","CC-BY-4.0","published","1","Romain Suarez","2026-09-30T14:04:04.127Z","work/indochine-100k/sources/serie-325.json#31688/63945"
"325","115 W","Dong [-Hoi]","1912","10.34847/nkl.67aa140w","CC-BY-4.0","published","1","Romain Suarez","2026-09-30T14:04:04.976Z","work/indochine-100k/sources/serie-325.json#31685/63948"
"325","116","Keng - Kabao","1926","10.34847/nkl.111cqe08","CC-BY-4.0","published","1","Romain Suarez","2026-09-30T14:04:04.139Z","work/indochine-100k/sources/serie-325.json#32183/63950"
"325","117 E","[Pha -] Lane","1915","10.34847/nkl.fb33k8d1","CC-BY-4.0","published","1","Romain Suarez","2026-09-30T14:04:04.467Z","work/indochine-100k/sources/serie-325.json#32050/63951"
"325","117 W","Pha - [Lane]","1915","10.34847/nkl.116a03ab","CC-BY-4.0","published","1","Romain Suarez","2026-09-30T14:04:04.225Z","work/indochine-100k/sources/serie-325.json#32048/63953"
"325","118 E","[Tché]pone","1915","10.34847/nkl.63ffq922","CC-BY-4.0","published","1","Romain Suarez","2026-09-30T14:04:04.577Z","work/indochine-100k/sources/serie-325.json#31802/63955"
"325","118 W","Tché[pone]","1915","10.34847/nkl.fb76j3li","CC-BY-4.0","published","1","Romain Suarez","2026-09-30T14:04:04.475Z","work/indochine-100k/sources/serie-325.json#31799/63958"
"325","119 E","Quan[g Tri]","1912","10.34847/nkl.b5e66ke3","CC-BY-4.0","published","1","Romain Suarez","2026-09-30T14:04:04.759Z","work/indochine-100k/sources/serie-325.json#31808/63960"
"325","119 W","Quan[g Tri]","1912","10.34847/nkl.d530m7cd","CC-BY-4.0","published","1","Romain Suarez","2026-09-30T14:04:04.812Z","work/indochine-100k/sources/serie-325.json#31804/63963"
"325","120","Van Trinh","1912","10.34847/nkl.205f1h3w","CC-BY-4.0","published","1","Romain Suarez","2026-09-30T14:04:04.919Z","work/indochine-100k/sources/serie-325.json#31811/63966"
"325","121","Savannakhet","1914","10.34847/nkl.30dapt5z","CC-BY-4.0","published","1","Romain Suarez","2026-09-30T14:04:05.107Z","work/indochine-100k/sources/serie-325.json#32184/63968"
"325","122 E","Song- [Khone]","1914","10.34847/nkl.b5017cr3","CC-BY-4.0","published","1","Romain Suarez","2026-09-30T14:04:05.102Z","work/indochine-100k/sources/serie-325.json#32054/63970"
"325","122 W","Song- [Khone]","1914","10.34847/nkl.479960g5","CC-BY-4.0","published","1","Romain Suarez","2026-09-30T14:04:05.254Z","work/indochine-100k/sources/serie-325.json#32051/63972"
"325","123 E","[Muong]- Phine","1913","10.34847/nkl.a300ds90","CC-BY-4.0","published","1","Romain Suarez","2026-09-30T14:04:05.453Z","work/indochine-100k/sources/serie-325.json#31814/63974"
"325","123 W","Muong[- Phine]","1913","10.34847/nkl.dc4d530h","CC-BY-4.0","published","1","Romain Suarez","2026-09-30T14:04:05.314Z","work/indochine-100k/sources/serie-325.json#31812/63976"
"325","124 E","Lao [-Bao]","1915","10.34847/nkl.6f2f6149","CC-BY-4.0","published","1","Romain Suarez","2026-09-30T14:04:05.618Z","work/indochine-100k/sources/serie-325.json#31819/63978"
"325","124 W","Lao [-Bao]","1915","10.34847/nkl.3b8ecwpq","CC-BY-4.0","published","1","Romain Suarez","2026-09-30T14:04:05.398Z","work/indochine-100k/sources/serie-325.json#31816/63980"
"325","125 E","[H]ué","1912","10.34847/nkl.2c77ssu7","CC-BY-4.0","published","1","Romain Suarez","2026-09-30T14:04:05.655Z","work/indochine-100k/sources/serie-325.json#31821/63983"
"325","125 W","Hué","1912","10.34847/nkl.0bb31tj7","CC-BY-4.0","published","1","Romain Suarez","2026-09-30T14:04:05.751Z","work/indochine-100k/sources/serie-325.json#31823/63985"
"325","126","Phu - Gia","1900","10.34847/nkl.342ft9f4","CC-BY-4.0","published","1","Romain Suarez","2026-09-30T14:04:05.752Z","work/indochine-100k/sources/serie-325.json#31826/63991"
"325","132 E","[Tou]rane","1922","10.34847/nkl.9d48678j","CC-BY-4.0","published","1","Romain Suarez","2026-09-30T14:04:05.973Z","work/indochine-100k/sources/serie-325.json#31830/63992"
"325","132 W","Tou[rane]","1922","10.34847/nkl.8b7c94qf","CC-BY-4.0","published","1","Romain Suarez","2026-09-30T14:04:06.015Z","work/indochine-100k/sources/serie-325.json#31833/63995"
"325","134 E","[Sara]vane","1932","10.34847/nkl.dc4aq74w","CC-BY-4.0","published","1","Romain Suarez","2026-09-30T14:04:06.085Z","work/indochine-100k/sources/serie-325.json#31837/63998"
"325","134 W","Sara[vane]","1932","10.34847/nkl.daec4r95","CC-BY-4.0","published","1","Romain Suarez","2026-09-30T14:04:06.091Z","work/indochine-100k/sources/serie-325.json#31836/63999"
"325","137 E","[Tam ]- Ky","1938","10.34847/nkl.faadeo00","CC-BY-4.0","published","1","Romain Suarez","2026-09-30T14:04:08.303Z","work/indochine-100k/sources/serie-325.json#31839/64001"
"325","137 W","Tam [- Ky]","1938","10.34847/nkl.4b89l2uy","CC-BY-4.0","published","1","Romain Suarez","2026-09-30T14:04:06.270Z","work/indochine-100k/sources/serie-325.json#31841/64003"
"325","138 E","[Poulo -] Canton","1907","10.34847/nkl.5d89w67t","CC-BY-4.0","published","1","Romain Suarez","2026-09-30T14:04:06.428Z","work/indochine-100k/sources/serie-325.json#32118/64004"
"325","138 W","Poulo - [Canton]","1907","10.34847/nkl.fbd29314","CC-BY-4.0","published","1","Romain Suarez","2026-09-30T14:04:06.458Z","work/indochine-100k/sources/serie-325.json#32116/64008"
"325","139","Paksé","1932","10.34847/nkl.e46033n1","CC-BY-4.0","published","1","Romain Suarez","2026-09-30T14:04:07.434Z","work/indochine-100k/sources/serie-325.json#32055/64010"
"325","14 E","[Lai-]Châu","1934","10.34847/nkl.dfb2xa98","CC-BY-4.0","published","1","Romain Suarez","2026-09-30T14:03:53.012Z","work/indochine-100k/sources/serie-325.json#32022/63691"
"325","14 W","Lai- [Châu]","1934","10.34847/nkl.e7ba08l7","CC-BY-4.0","published","1","Romain Suarez","2026-09-30T14:03:52.694Z","work/indochine-100k/sources/serie-325.json#32021/63692"
"325","140 W","Pak - [Song]","1932","10.34847/nkl.c85f6310","CC-BY-4.0","published","1","Romain Suarez","2026-09-30T14:04:06.720Z","work/indochine-100k/sources/serie-325.json#31842/64011"
"325","144","Quang Ngai","1938","10.34847/nkl.7360gyly","CC-BY-4.0","published","1","Romain Suarez","2026-09-30T14:04:06.793Z","work/indochine-100k/sources/serie-325.json#32122/64013"
"325","145","Soukhouma","1932","10.34847/nkl.bbbfg8v3","CC-BY-4.0","published","1","Romain Suarez","2026-09-30T14:04:07.052Z","work/indochine-100k/sources/serie-325.json#32056/64014"
"325","146 W","Phia[fay]","1938","10.34847/nkl.ccd7hb2j","CC-BY-4.0","published","1","Romain Suarez","2026-09-30T14:04:07.091Z","work/indochine-100k/sources/serie-325.json#31843/64015"
"325","15 E","[Lao] - Kay","1909","10.34847/nkl.fb0ehh3p","CC-BY-4.0","published","1","Romain Suarez","2026-09-30T14:03:52.997Z","work/indochine-100k/sources/serie-325.json#32018/63693"
"325","15 W","Lao [- Kay]","1909","10.34847/nkl.96f8522k","CC-BY-4.0","published","1","Romain Suarez","2026-09-30T14:03:53.029Z","work/indochine-100k/sources/serie-325.json#32014/63697"
"325","150 E","[Bong] - Son","1938","10.34847/nkl.bbbe2f88","CC-BY-4.0","published","1","Romain Suarez","2026-09-30T14:04:07.388Z","work/indochine-100k/sources/serie-325.json#32190/64017"
"325","150 W","Bong [- Son]","1938","10.34847/nkl.24d1t7dh","CC-BY-4.0","published","1","Romain Suarez","2026-09-30T14:04:07.412Z","work/indochine-100k/sources/serie-325.json#32124/64019"
"325","153 E","[Kompong-] Sralao","1933","10.34847/nkl.0c782b2s","CC-BY-4.0","published","1","Romain Suarez","2026-09-30T14:04:07.675Z","work/indochine-100k/sources/serie-325.json#32057/64020"
"325","154 W","Kh[ong]","1934","10.34847/nkl.b4ffl4u3","CC-BY-4.0","published","1","Romain Suarez","2026-09-30T14:04:08.162Z","work/indochine-100k/sources/serie-325.json#31844/64021"
"325","156","Ya Li","1928","10.34847/nkl.5650d6d3","CC-BY-4.0","published","1","Romain Suarez","2026-09-30T14:04:07.804Z","work/indochine-100k/sources/serie-325.json#31845/64022"
"325","157 E","[Kon -] tum","1932","10.34847/nkl.3cf4e7sr","CC-BY-4.0","published","1","Romain Suarez","2026-09-30T14:04:08.029Z","work/indochine-100k/sources/serie-325.json#31846/64023"
"325","157 W","Kon - [tum]","1932","10.34847/nkl.d73b66mr","CC-BY-4.0","published","1","Romain Suarez","2026-09-30T14:04:08.123Z","work/indochine-100k/sources/serie-325.json#31847/64024"
"325","158 bis E","[Siso]phon","1932","10.34847/nkl.d2d91bgp","CC-BY-4.0","published","1","Romain Suarez","2026-09-30T14:04:16.753Z","work/indochine-100k/sources/serie-325.json#32154/64025"
"325","158 E","Phu [-My] est","1933","10.34847/nkl.d0bc2w39","CC-BY-4.0","published","1","Romain Suarez","2026-09-30T14:04:08.482Z","work/indochine-100k/sources/serie-325.json#32128/64028"
"325","158 W","Phu - [My]","1933","10.34847/nkl.632614od","CC-BY-4.0","published","1","Romain Suarez","2026-09-30T14:04:08.398Z","work/indochine-100k/sources/serie-325.json#32126/64030"
"325","159 bis E","[Pnom] Koulen","1916","10.34847/nkl.0c4fpe29","CC-BY-4.0","published","1","Romain Suarez","2026-09-30T14:04:16.345Z","work/indochine-100k/sources/serie-325.json#32064/64031"
"325","159 E","[Kra]lanh","1917","10.34847/nkl.d9dce9is","CC-BY-4.0","published","1","Romain Suarez","2026-09-30T14:04:08.638Z","work/indochine-100k/sources/serie-325.json#32060/64035"
"325","159 W","Kra[lanh]","1917","10.34847/nkl.fda894n2","CC-BY-4.0","published","1","Romain Suarez","2026-09-30T14:04:08.455Z","work/indochine-100k/sources/serie-325.json#32058/64037"
"325","16 E","[Luc-  An]- Chau","1909","10.34847/nkl.f7e5x340","CC-BY-4.0","published","1","Romain Suarez","2026-09-30T14:03:53.344Z","work/indochine-100k/sources/serie-325.json#32008/63700"
"325","16 W","Luc-  An [- Chau]","1909","10.34847/nkl.afba2191","CC-BY-4.0","published","1","Romain Suarez","2026-09-30T14:03:53.311Z","work/indochine-100k/sources/serie-325.json#32011/63704"
"325","162 W","Stung [- Treng]","1935","10.34847/nkl.a3bfeh79","CC-BY-4.0","published","1","Romain Suarez","2026-09-30T14:04:09.601Z","work/indochine-100k/sources/serie-325.json#31848/64039"
"325","164","Bô - Kham","1928","10.34847/nkl.267dz922","CC-BY-4.0","published","1","Romain Suarez","2026-09-30T14:04:08.802Z","work/indochine-100k/sources/serie-325.json#31849/64040"
"325","165 E","[Ban] - Tur","1932","10.34847/nkl.3969pkyz","CC-BY-4.0","published","1","Romain Suarez","2026-09-30T14:04:09.800Z","work/indochine-100k/sources/serie-325.json#31850/64041"
"325","165 W","Ban [- Tur]","1932","10.34847/nkl.3b0098xc","CC-BY-4.0","published","1","Romain Suarez","2026-09-30T14:04:08.770Z","work/indochine-100k/sources/serie-325.json#31851/64042"
"325","166","Qui - Nhon","1927","10.34847/nkl.fb20vdd3","CC-BY-4.0","published","1","Romain Suarez","2026-09-30T14:04:09.933Z","work/indochine-100k/sources/serie-325.json#32129/64043"
"325","166 bis","Poulo-Gambir","1924","10.34847/nkl.ac6d4zf8","CC-BY-4.0","published","1","Romain Suarez","2026-09-30T14:04:16.610Z","work/indochine-100k/sources/serie-325.json#32186/64044"
"325","167 bis E","[Ang]kor","1926","10.34847/nkl.c33a1vi2","CC-BY-4.0","published","1","Romain Suarez","2026-09-30T14:04:16.462Z","work/indochine-100k/sources/serie-325.json#32071/64045"
"325","167 bis W","Ang[kor]","1926","10.34847/nkl.85fb3lmw","CC-BY-4.0","published","1","Romain Suarez","2026-09-30T14:04:16.421Z","work/indochine-100k/sources/serie-325.json#32068/64048"
"325","167 E","Battambang Est","1947","10.34847/nkl.c03c9107","CC-BY-4.0","published","1","Romain Suarez","2026-09-30T14:04:09.091Z","work/indochine-100k/sources/serie-325.json#32076/64051"
"325","167 W","Battambang Ouest","1947","10.34847/nkl.42beqtpj","CC-BY-4.0","published","1","Romain Suarez","2026-09-30T14:04:09.452Z","work/indochine-100k/sources/serie-325.json#32074/64053"
"325","168 W","Phnom [- Deck]","1925","10.34847/nkl.2c99rsfs","CC-BY-4.0","published","1","Romain Suarez","2026-09-30T14:04:09.741Z","work/indochine-100k/sources/serie-325.json#32067/64055"
"325","17 E","[Bac -] Kan","1908","10.34847/nkl.ce4d521m","CC-BY-4.0","published","1","Romain Suarez","2026-09-30T14:03:53.376Z","work/indochine-100k/sources/serie-325.json#32005/63707"
"325","17 W","Bac -[ Kan ]","1908","10.34847/nkl.69234p7j","CC-BY-4.0","published","1","Romain Suarez","2026-09-30T14:03:53.503Z","work/indochine-100k/sources/serie-325.json#32003/63709"
"325","173 E","[Cheo] - Reo","1931","10.34847/nkl.06a000d3","CC-BY-4.0","published","1","Romain Suarez","2026-09-30T14:04:10.085Z","work/indochine-100k/sources/serie-325.json#31852/64056"
"325","173 W","Cheo [- Reo]","1931","10.34847/nkl.afc630qi","CC-BY-4.0","published","1","Romain Suarez","2026-09-30T14:04:09.966Z","work/indochine-100k/sources/serie-325.json#31853/64057"
"325","174","Tuy -Hoa","1927","10.34847/nkl.b82fk2hr","CC-BY-4.0","published","1","Romain Suarez","2026-09-30T14:04:10.091Z","work/indochine-100k/sources/serie-325.json#32181/64058"
"325","177 E","[Kompon]g Thom","1913","10.34847/nkl.85eeyls5","CC-BY-4.0","published","1","Romain Suarez","2026-09-30T14:04:12.677Z","work/indochine-100k/sources/serie-325.json#32083/64061"
"325","177 W","Kompon[g Thom]","1913","10.34847/nkl.a1922127","CC-BY-4.0","published","1","Romain Suarez","2026-09-30T14:04:10.269Z","work/indochine-100k/sources/serie-325.json#32084/64062"
"325","178 E","[Por]ong","1913","10.34847/nkl.f5da8933","CC-BY-4.0","published","1","Romain Suarez","2026-09-30T14:04:10.425Z","work/indochine-100k/sources/serie-325.json#32080/64065"
"325","178 W","Por[ong]","1925","10.34847/nkl.f63ar807","CC-BY-4.0","published","1","Romain Suarez","2026-09-30T14:04:11.376Z","work/indochine-100k/sources/serie-325.json#32078/64070"
"325","18 E","[Thât]- Khê","1907","10.34847/nkl.4213n876","CC-BY-4.0","published","1","Romain Suarez","2026-09-30T14:03:53.636Z","work/indochine-100k/sources/serie-325.json#31788/63711"
"325","18 W","Thât[- Khê]","1907","10.34847/nkl.78ablho6","CC-BY-4.0","published","1","Romain Suarez","2026-09-30T14:03:53.648Z","work/indochine-100k/sources/serie-325.json#31785/63713"
"325","182 E","[Ban - Mé] - Thuot","1937","10.34847/nkl.832d800q","CC-BY-4.0","published","1","Romain Suarez","2026-09-30T14:04:10.568Z","work/indochine-100k/sources/serie-325.json#31854/64071"
"325","182 W","Ban - Mé[ - Thuot]","1937","10.34847/nkl.afbb55pp","CC-BY-4.0","published","1","Romain Suarez","2026-09-30T14:04:10.760Z","work/indochine-100k/sources/serie-325.json#31855/64072"
"325","188 E","[Kompong -] Chhnang","1913","10.34847/nkl.12cb7t2k","CC-BY-4.0","published","1","Romain Suarez","2026-09-30T14:04:10.929Z","work/indochine-100k/sources/serie-325.json#32091/64077"
"325","189 E","[Krau-] Chmar","1932","10.34847/nkl.c183tw5p","CC-BY-4.0","published","1","Romain Suarez","2026-09-30T14:04:11.280Z","work/indochine-100k/sources/serie-325.json#32090/64080"
"325","189 W","Krau - [Chmar]","1913","10.34847/nkl.71d3b12w","CC-BY-4.0","published","1","Romain Suarez","2026-09-30T14:04:11.048Z","work/indochine-100k/sources/serie-325.json#32088/64082"
"325","194 W","Nha - [Trang]","1924","10.34847/nkl.06e5smn2","CC-BY-4.0","published","1","Romain Suarez","2026-09-30T14:04:11.399Z","work/indochine-100k/sources/serie-325.json#32135/64085"
"325","198 E","[Oud]ong","1912","10.34847/nkl.d1cbd7ql","CC-BY-4.0","published","1","Romain Suarez","2026-09-30T14:04:11.714Z","work/indochine-100k/sources/serie-325.json#32094/64087"
"325","198 W","Oud[ong]","1912","10.34847/nkl.f78065i8","CC-BY-4.0","published","1","Romain Suarez","2026-09-30T14:04:11.576Z","work/indochine-100k/sources/serie-325.json#32096/64089"
"325","199 E","[Kompong]-Cham","1925","10.34847/nkl.5e22y6mh","CC-BY-4.0","published","1","Romain Suarez","2026-09-30T14:04:11.747Z","work/indochine-100k/sources/serie-325.json#32093/64091"
"325","199 W","Kompong [-Cham]","1925","10.34847/nkl.cf740i59","CC-BY-4.0","published","1","Romain Suarez","2026-09-30T14:04:11.928Z","work/indochine-100k/sources/serie-325.json#32092/64092"
"325","2 E","[Yên -] Minh","1906","10.34847/nkl.21c7qj8q","CC-BY-4.0","published","1","Romain Suarez","2026-09-30T14:03:51.600Z","work/indochine-100k/sources/serie-325.json#32042/63661"
"325","2 W","Yên - [Minh]","1906","10.34847/nkl.ef16euf8","CC-BY-4.0","published","1","Romain Suarez","2026-09-30T14:03:53.168Z","work/indochine-100k/sources/serie-325.json#32039/63664"
"325","202","Haut - Donnaï","1911","10.34847/nkl.954aa8j1","CC-BY-4.0","published","1","Romain Suarez","2026-09-30T14:04:12.003Z","work/indochine-100k/sources/serie-325.json#31858/64095"
"325","203 E","[Da]lat","1926","10.34847/nkl.cab8yn05","CC-BY-4.0","published","1","Romain Suarez","2026-09-30T14:04:12.279Z","work/indochine-100k/sources/serie-325.json#31859/64096"
"325","203 W","Da[lat]","1926","10.34847/nkl.fe889kp5","CC-BY-4.0","published","1","Romain Suarez","2026-09-30T14:04:12.084Z","work/indochine-100k/sources/serie-325.json#31861/64099"
"325","204 E","[Cam - ]  Link","1932","10.34847/nkl.de91z1p1","CC-BY-4.0","published","1","Romain Suarez","2026-09-30T14:04:12.372Z","work/indochine-100k/sources/serie-325.json#32141/64102"
"325","204 W","Cam- [ Ranh]","1938","10.34847/nkl.c62d29ot","CC-BY-4.0","published","1","Romain Suarez","2026-09-30T14:04:12.370Z","work/indochine-100k/sources/serie-325.json#32139/64104"
"325","208 E","[Phnom] - Penh","1913","10.34847/nkl.24967y85","CC-BY-4.0","published","1","Romain Suarez","2026-09-30T14:04:13.568Z","work/indochine-100k/sources/serie-325.json#32100/64105"
"325","208 W","Phnom [-Penh]","1913","10.34847/nkl.cee9208t","CC-BY-4.0","published","1","Romain Suarez","2026-09-30T14:04:12.615Z","work/indochine-100k/sources/serie-325.json#32104/64109"
"325","209 E","[Prey -] Veng","1929","10.34847/nkl.6f654y73","CC-BY-4.0","published","1","Romain Suarez","2026-09-30T14:04:12.718Z","work/indochine-100k/sources/serie-325.json#32099/64113"
"325","209 W","Prey - [Veng]","1929","10.34847/nkl.69c1o90t","CC-BY-4.0","published","1","Romain Suarez","2026-09-30T14:04:12.903Z","work/indochine-100k/sources/serie-325.json#32098/64114"
"325","21 E","[Phong] -Saly","1938","10.34847/nkl.161c9z9k","CC-BY-4.0","published","1","Romain Suarez","2026-09-30T14:03:53.856Z","work/indochine-100k/sources/serie-325.json#32151/63718"
"325","21 W","Phong [-Saly]","1938","10.34847/nkl.2a4d1x85","CC-BY-4.0","published","1","Romain Suarez","2026-09-30T14:03:53.736Z","work/indochine-100k/sources/serie-325.json#32152/63719"
"325","210 E","[Tây -] Ninh","1935","10.34847/nkl.84d1w8wm","CC-BY-4.0","published","1","Romain Suarez","2026-09-30T14:04:13.846Z","work/indochine-100k/sources/serie-325.json#31865/64115"
"325","210 W","Tây - [Ninh]","1935","10.34847/nkl.ae0a1rhx","CC-BY-4.0","published","1","Romain Suarez","2026-09-30T14:04:13.055Z","work/indochine-100k/sources/serie-325.json#31864/64116"
"325","211 E","[Hon]  Quan","1937","10.34847/nkl.186f5hu3","CC-BY-4.0","published","1","Romain Suarez","2026-09-30T14:04:13.258Z","work/indochine-100k/sources/serie-325.json#31867/64118"
"325","211 W","Hon - [Quan]","1937","10.34847/nkl.8a479j82","CC-BY-4.0","published","1","Romain Suarez","2026-09-30T14:04:13.346Z","work/indochine-100k/sources/serie-325.json#31866/64119"
"325","214 E","Phan - Rang","1925","10.34847/nkl.2e835064","CC-BY-4.0","published","1","Romain Suarez","2026-09-30T14:04:13.593Z","work/indochine-100k/sources/serie-325.json#32144/64123"
"325","214 W","Phan - [Rang]","1925","10.34847/nkl.ba31zwjj","CC-BY-4.0","published","1","Romain Suarez","2026-09-30T14:04:13.694Z","work/indochine-100k/sources/serie-325.json#32142/64125"
"325","220 E","[Trang]- Bang","1925","10.34847/nkl.badd025c","CC-BY-4.0","published","1","Romain Suarez","2026-09-30T14:04:13.859Z","work/indochine-100k/sources/serie-325.json#31872/64133"
"325","220 W","Trang [- Bang]","1925","10.34847/nkl.1cac0k70","CC-BY-4.0","published","1","Romain Suarez","2026-09-30T14:04:14.788Z","work/indochine-100k/sources/serie-325.json#31871/64134"
"325","221 W","Saigon -[Thu-Duc]","1943","10.34847/nkl.344ar33d","CC-BY-4.0","published","1","Romain Suarez","2026-09-30T14:04:14.034Z","work/indochine-100k/sources/serie-325.json#31874/64138"
"325","222 E","[Gia] Ray","1932","10.34847/nkl.d0fc9z18","CC-BY-4.0","published","1","Romain Suarez","2026-09-30T14:04:15.107Z","work/indochine-100k/sources/serie-325.json#31876/64140"
"325","222 W","Gia [Ray]","1932","10.34847/nkl.6ccff279","CC-BY-4.0","published","1","Romain Suarez","2026-09-30T14:04:15.028Z","work/indochine-100k/sources/serie-325.json#31879/64142"
"325","223 E","[Phan -]Thiet","1928","10.34847/nkl.7db751l8","CC-BY-4.0","published","1","Romain Suarez","2026-09-30T14:04:14.656Z","work/indochine-100k/sources/serie-325.json#31880/64143"
"325","223 W","Phan - [Thiet]","1928","10.34847/nkl.cca8no86","CC-BY-4.0","published","1","Romain Suarez","2026-09-30T14:04:14.321Z","work/indochine-100k/sources/serie-325.json#31881/64145"
"325","227 E","[Ha -] Tiên","1932","10.34847/nkl.47baf91h","CC-BY-4.0","published","1","Romain Suarez","2026-09-30T14:04:15.140Z","work/indochine-100k/sources/serie-325.json#32191/64146"
"325","227 W","Ha- [Tiên]","1932","10.34847/nkl.6d74llew","CC-BY-4.0","published","1","Romain Suarez","2026-09-30T14:04:14.947Z","work/indochine-100k/sources/serie-325.json#32178/64147"
"325","228 E","[Long -] Xuyën","1932","10.34847/nkl.4e651m6z","CC-BY-4.0","published","1","Romain Suarez","2026-09-30T14:04:15.294Z","work/indochine-100k/sources/serie-325.json#32177/64148"
"325","228 W","Long - [Xuyën]","1932","10.34847/nkl.de5cv097","CC-BY-4.0","published","1","Romain Suarez","2026-09-30T14:04:15.318Z","work/indochine-100k/sources/serie-325.json#32176/64149"
"325","229 E","[My - ] Tho","1927","10.34847/nkl.710d1rim","CC-BY-4.0","published","1","Romain Suarez","2026-09-30T14:04:15.447Z","work/indochine-100k/sources/serie-325.json#32162/64150"
"325","229 W","My - [Tho]","1927","10.34847/nkl.8e2ccj8q","CC-BY-4.0","published","1","Romain Suarez","2026-09-30T14:04:15.477Z","work/indochine-100k/sources/serie-325.json#32160/64152"
"325","230 E","[Cap St.] Jacques","1932","10.34847/nkl.d7adbi2a","CC-BY-4.0","published","1","Romain Suarez","2026-09-30T14:04:15.663Z","work/indochine-100k/sources/serie-325.json#32165/64153"
"325","230 W","Cap St. [Jacques ]","1932","10.34847/nkl.29d7293o","CC-BY-4.0","published","1","Romain Suarez","2026-09-30T14:04:15.631Z","work/indochine-100k/sources/serie-325.json#32163/64155"
"325","231 E","[Xuyên]- Moc","1928","10.34847/nkl.75e38vpv","CC-BY-4.0","published","1","Romain Suarez","2026-09-30T14:04:15.822Z","work/indochine-100k/sources/serie-325.json#32166/64157"
"325","231 W","Xuyên[- Moc]","1928","10.34847/nkl.acfd0h8w","CC-BY-4.0","published","1","Romain Suarez","2026-09-30T14:04:15.741Z","work/indochine-100k/sources/serie-325.json#32169/64159"
"325","233 E","[Rach]- Gia","1932","10.34847/nkl.23eb6kw7","CC-BY-4.0","published","1","Romain Suarez","2026-09-30T14:04:16.007Z","work/indochine-100k/sources/serie-325.json#32174/64161"
"325","233 W","Rach [- Gia]","1932","10.34847/nkl.4de1ys95","CC-BY-4.0","published","1","Romain Suarez","2026-09-30T14:04:15.964Z","work/indochine-100k/sources/serie-325.json#32175/64162"
"325","234 W","Can - [ Tho]","1929","10.34847/nkl.a6bb1ydr","CC-BY-4.0","published","1","Romain Suarez","2026-09-30T14:04:16.087Z","work/indochine-100k/sources/serie-325.json#32172/64164"
"325","24 E","[Tu] - Lê","1909","10.34847/nkl.51aev9h0","CC-BY-4.0","published","1","Romain Suarez","2026-09-30T14:03:53.939Z","work/indochine-100k/sources/serie-325.json#32000/63720"
"325","24 W","Tu [- Lê]","1909","10.34847/nkl.f712o9f5","CC-BY-4.0","published","1","Romain Suarez","2026-09-30T14:03:53.972Z","work/indochine-100k/sources/serie-325.json#31996/63724"
"325","25 E","[Yên]-Bay","1909","10.34847/nkl.4d2coifg","CC-BY-4.0","published","1","Romain Suarez","2026-09-30T14:03:54.214Z","work/indochine-100k/sources/serie-325.json#31990/63727"
"325","25 W","Yên [-Bay]","1909","10.34847/nkl.cdf6d22f","CC-BY-4.0","published","1","Romain Suarez","2026-09-30T14:03:54.078Z","work/indochine-100k/sources/serie-325.json#31993/63730"
"325","26 E","[Tuyên-] Quang","1908","10.34847/nkl.fea404o9","CC-BY-4.0","published","1","Romain Suarez","2026-09-30T14:03:54.270Z","work/indochine-100k/sources/serie-325.json#31987/63733"
"325","26 W","Tuyên-[Quang]","1908","10.34847/nkl.ea084224","CC-BY-4.0","published","1","Romain Suarez","2026-09-30T14:03:55.220Z","work/indochine-100k/sources/serie-325.json#31986/63736"
"325","27 E","[Pho Bì]nh Gia","1906","10.34847/nkl.be16z7ft","CC-BY-4.0","published","1","Romain Suarez","2026-09-30T14:03:54.412Z","work/indochine-100k/sources/serie-325.json#31772/63739"
"325","27 W","Pho Bì[nh Gia]","1906","10.34847/nkl.7ae0zh96","CC-BY-4.0","published","1","Romain Suarez","2026-09-30T14:03:56.415Z","work/indochine-100k/sources/serie-325.json#31768/63743"
"325","28 E","[Lang] - Son","1921","10.34847/nkl.b157lm83","CC-BY-4.0","published","1","Romain Suarez","2026-09-30T14:03:54.620Z","work/indochine-100k/sources/serie-325.json#31778/63746"
"325","28 W","Lang [Son]","1904","10.34847/nkl.3e8dbwrm","CC-BY-4.0","published","1","Romain Suarez","2026-09-30T14:03:54.706Z","work/indochine-100k/sources/serie-325.json#31776/63749"
"325","29 E","[Ba -]Xa","1906","10.34847/nkl.20ba765m","CC-BY-4.0","published","1","Romain Suarez","2026-09-30T14:03:55.064Z","work/indochine-100k/sources/serie-325.json#31781/63752"
"325","29 W","Ba -[Xa]","1906","10.34847/nkl.afc97uwj","CC-BY-4.0","published","1","Romain Suarez","2026-09-30T14:03:54.956Z","work/indochine-100k/sources/serie-325.json#31783/63754"
"325","35 E","[Són] - La","1910","10.34847/nkl.c723ls72","CC-BY-4.0","published","1","Romain Suarez","2026-09-30T14:03:55.245Z","work/indochine-100k/sources/serie-325.json#31982/63756"
"325","35 W","Són [- La]","1910","10.34847/nkl.3fbba01n","CC-BY-4.0","published","1","Romain Suarez","2026-09-30T14:03:55.403Z","work/indochine-100k/sources/serie-325.json#31979/63758"
"325","36 E","[Than]h-Ba","1910","10.34847/nkl.58cd9y35","CC-BY-4.0","published","1","Romain Suarez","2026-09-30T14:03:55.554Z","work/indochine-100k/sources/serie-325.json#31973/63761"
"325","36 W","Than[h-Ba]","1910","10.34847/nkl.940dz97z","CC-BY-4.0","published","1","Romain Suarez","2026-09-30T14:03:55.596Z","work/indochine-100k/sources/serie-325.json#31976/63764"
"325","37 E","[Viêt]- Trì","1908","10.34847/nkl.acb72yre","CC-BY-4.0","published","1","Romain Suarez","2026-09-30T14:03:55.696Z","work/indochine-100k/sources/serie-325.json#31968/63767"
"325","37 W","Viêt [- Trì ]","1908","10.34847/nkl.ebac6727","CC-BY-4.0","published","1","Romain Suarez","2026-09-30T14:03:55.891Z","work/indochine-100k/sources/serie-325.json#31965/63772"
"325","38 E","[Bac -] Ninh","1904","10.34847/nkl.f97b7u0h","CC-BY-4.0","published","1","Romain Suarez","2026-09-30T14:03:56.453Z","work/indochine-100k/sources/serie-325.json#31752/63775"
"325","38 W","Bac -[ Ninh ]","1904","10.34847/nkl.ae5ehnz9","CC-BY-4.0","published","1","Romain Suarez","2026-09-30T14:03:56.805Z","work/indochine-100k/sources/serie-325.json#31748/63779"
"325","39 E","[An -] Châu","1905","10.34847/nkl.b77493md","CC-BY-4.0","published","1","Romain Suarez","2026-09-30T14:03:57.343Z","work/indochine-100k/sources/serie-325.json#31758/63783"
"325","39 W","An -[Châu]","1905","10.34847/nkl.04fe8boc","CC-BY-4.0","published","1","Romain Suarez","2026-09-30T14:03:56.178Z","work/indochine-100k/sources/serie-325.json#31756/63785"
"325","40 bis","Cap Pak - Loung","1906","10.34847/nkl.636fm460","CC-BY-4.0","published","1","Romain Suarez","2026-09-30T14:04:16.677Z","work/indochine-100k/sources/serie-325.json#31766/63787"
"325","40 E","[Mon] - Cay","1916","10.34847/nkl.290dr1t1","CC-BY-4.0","published","1","Romain Suarez","2026-09-30T14:03:56.791Z","work/indochine-100k/sources/serie-325.json#31760/63789"
"325","40 W","Mon [- Cay]","1905","10.34847/nkl.d8d3wyyu","CC-BY-4.0","published","1","Romain Suarez","2026-09-30T14:03:56.707Z","work/indochine-100k/sources/serie-325.json#31763/63792"
"325","46 E","[Muong] - Het","1930","10.34847/nkl.862d6v57","CC-BY-4.0","published","1","Romain Suarez","2026-09-30T14:03:57.054Z","work/indochine-100k/sources/serie-325.json#31964/63795"
"325","47 E","[Van -] Yên","1910","10.34847/nkl.98bcmhg6","CC-BY-4.0","published","1","Romain Suarez","2026-09-30T14:03:57.084Z","work/indochine-100k/sources/serie-325.json#31958/63796"
"325","47 W","Van -[ Yên]","1910","10.34847/nkl.21d41h8p","CC-BY-4.0","published","1","Romain Suarez","2026-09-30T14:03:57.146Z","work/indochine-100k/sources/serie-325.json#31962/63799"
"325","48 E","[Son ]- Tây","1910","10.34847/nkl.cc8d7y9x","CC-BY-4.0","published","1","Romain Suarez","2026-09-30T14:03:57.440Z","work/indochine-100k/sources/serie-325.json#31954/63802"
"325","48 W","Son [- Tây]","1910","10.34847/nkl.deba1egp","CC-BY-4.0","published","1","Romain Suarez","2026-09-30T14:03:57.414Z","work/indochine-100k/sources/serie-325.json#31952/63806"
"325","49 E","[Ha]noi","1905","10.34847/nkl.8a68h08w","CC-BY-4.0","published","1","Romain Suarez","2026-09-30T14:03:57.441Z","work/indochine-100k/sources/serie-325.json#31729/63809"
"325","49 W","Ha[noi]","1905","10.34847/nkl.bec0lq11","CC-BY-4.0","published","1","Romain Suarez","2026-09-30T14:03:57.713Z","work/indochine-100k/sources/serie-325.json#31725/63814"
"325","5 E","[Phong] - Thô","1929","10.34847/nkl.9116v1gu","CC-BY-4.0","published","1","Romain Suarez","2026-09-30T14:03:51.757Z","work/indochine-100k/sources/serie-325.json#32038/63667"
"325","5 W","Phong [- Thô]","1929","10.34847/nkl.bdbav706","CC-BY-4.0","published","1","Romain Suarez","2026-09-30T14:03:51.724Z","work/indochine-100k/sources/serie-325.json#32037/63668"
"325","50 E","[Hai -]Phong","1906","10.34847/nkl.9ae5q97k","CC-BY-4.0","published","1","Romain Suarez","2026-09-30T14:03:57.804Z","work/indochine-100k/sources/serie-325.json#31737/63819"
"325","50 W","Hai -[Phong]","1906","10.34847/nkl.f488cy2h","CC-BY-4.0","published","1","Romain Suarez","2026-09-30T14:03:59.616Z","work/indochine-100k/sources/serie-325.json#31734/63822"
"325","51 E","[Ke -] Bao","1906","10.34847/nkl.09b25s53","CC-BY-4.0","published","1","Romain Suarez","2026-09-30T14:03:58.330Z","work/indochine-100k/sources/serie-325.json#31740/63825"
"325","51 W","Ke - [Bao]","1906","10.34847/nkl.ee4d9695","CC-BY-4.0","published","1","Romain Suarez","2026-09-30T14:03:58.921Z","work/indochine-100k/sources/serie-325.json#31744/63829"
"325","6 E","[Pa -]Kha","1907","10.34847/nkl.e9f8ik0n","CC-BY-4.0","published","1","Romain Suarez","2026-09-30T14:03:52.059Z","work/indochine-100k/sources/serie-325.json#32035/63669"
"325","6 W","Pa -[Kha]","1907","10.34847/nkl.f561yh68","CC-BY-4.0","published","1","Romain Suarez","2026-09-30T14:03:51.954Z","work/indochine-100k/sources/serie-325.json#32033/63671"
"325","60 E","[Phu - Nh]o-Quan","1910","10.34847/nkl.cc7f1q8b","CC-BY-4.0","published","1","Romain Suarez","2026-09-30T14:03:58.100Z","work/indochine-100k/sources/serie-325.json#31947/63833"
"325","60 W","Phu - Nh[o-Quan]","1910","10.34847/nkl.0beaqj7h","CC-BY-4.0","published","1","Romain Suarez","2026-09-30T14:03:58.436Z","work/indochine-100k/sources/serie-325.json#31943/63837"
"325","61 E","[Nam -]  Dinh","1910","10.34847/nkl.f5e87kfk","CC-BY-4.0","published","1","Romain Suarez","2026-09-30T14:03:58.619Z","work/indochine-100k/sources/serie-325.json#31714/63841"
"325","61 W","Nam- [ Dinh]","1910","10.34847/nkl.fded2utf","CC-BY-4.0","published","1","Romain Suarez","2026-09-30T14:03:58.777Z","work/indochine-100k/sources/serie-325.json#31711/63844"
"325","62 E","[Hon ]- Dau","1905","10.34847/nkl.abccj42w","CC-BY-4.0","published","1","Romain Suarez","2026-09-30T14:03:58.959Z","work/indochine-100k/sources/serie-325.json#31721/63847"
"325","62 W","Hon [-Dau]","1905","10.34847/nkl.480f6q49","CC-BY-4.0","published","1","Romain Suarez","2026-09-30T14:03:59.077Z","work/indochine-100k/sources/serie-325.json#31717/63850"
"325","7 E","[Ha-] Giang","1907","10.34847/nkl.518d747g","CC-BY-4.0","published","1","Romain Suarez","2026-09-30T14:03:52.051Z","work/indochine-100k/sources/serie-325.json#32029/63673"
"325","7 W","Hà - [Giang]","1907","10.34847/nkl.2c54o9ei","CC-BY-4.0","published","1","Romain Suarez","2026-09-30T14:03:52.322Z","work/indochine-100k/sources/serie-325.json#32031/63675"
"325","71 E","[Thanh]-Hoa","1911","10.34847/nkl.07a58643","CC-BY-4.0","published","1","Romain Suarez","2026-09-30T14:03:59.307Z","work/indochine-100k/sources/serie-325.json#31941/63854"
"325","71 W","Thanh [-Hoa]","1911","10.34847/nkl.e9d2746h","CC-BY-4.0","published","1","Romain Suarez","2026-09-30T14:03:59.285Z","work/indochine-100k/sources/serie-325.json#31938/63856"
"325","72 E","[Phat]-Diêm","1939","10.34847/nkl.6ae73989","CC-BY-4.0","published","1","Romain Suarez","2026-09-30T14:03:59.411Z","work/indochine-100k/sources/serie-325.json#31710/63862"
"325","72 W","Phat [-Diêm]","1906","10.34847/nkl.f1ce9658","CC-BY-4.0","published","1","Romain Suarez","2026-09-30T14:03:59.579Z","work/indochine-100k/sources/serie-325.json#31703/63863"
"325","76 E","[Muong ]-Soui","1933","10.34847/nkl.c3c15c6f","CC-BY-4.0","published","1","Romain Suarez","2026-09-30T14:04:00.527Z","work/indochine-100k/sources/serie-325.json#32148/63868"
"325","76 W","Muong [-Soui]","1933","10.34847/nkl.c6ce6x40","CC-BY-4.0","published","1","Romain Suarez","2026-09-30T14:04:00.607Z","work/indochine-100k/sources/serie-325.json#32147/63869"
"325","77 E","[Plaine des] Jarres","1922","10.34847/nkl.46ea77tl","CC-BY-4.0","published","1","Romain Suarez","2026-09-30T14:03:59.913Z","work/indochine-100k/sources/serie-325.json#31936/63870"
"325","77 W","Plaine des [Jarres]","1922","10.34847/nkl.0e76hp26","CC-BY-4.0","published","1","Romain Suarez","2026-09-30T14:03:59.908Z","work/indochine-100k/sources/serie-325.json#31934/63872"
"325","8 E","[Bao-] Lac","1907","10.34847/nkl.3bbdqm5d","CC-BY-4.0","published","1","Romain Suarez","2026-09-30T14:03:52.401Z","work/indochine-100k/sources/serie-325.json#32026/63677"
"325","80 E","[Phu - Ti]nh - Gia","1911","10.34847/nkl.ac160q0v","CC-BY-4.0","published","1","Romain Suarez","2026-09-30T14:04:00.246Z","work/indochine-100k/sources/serie-325.json#31931/63874"
"325","80 W","Phu - Ti[nh - Gia]","1911","10.34847/nkl.5367j02r","CC-BY-4.0","published","1","Romain Suarez","2026-09-30T14:04:00.205Z","work/indochine-100k/sources/serie-325.json#31928/63877"
"325","84 E","[Vang -] Vieng","1937","10.34847/nkl.955b805a","CC-BY-4.0","published","1","Romain Suarez","2026-09-30T14:04:00.541Z","work/indochine-100k/sources/serie-325.json#32145/63881"
"325","84 W","Vang - [Vieng]","1937","10.34847/nkl.3303zw78","CC-BY-4.0","published","1","Romain Suarez","2026-09-30T14:04:00.536Z","work/indochine-100k/sources/serie-325.json#32146/63882"
"325","85 E","[Xieng - ] Thouang","1922","10.34847/nkl.3fa49639","CC-BY-4.0","published","1","Romain Suarez","2026-09-30T14:04:00.882Z","work/indochine-100k/sources/serie-325.json#31926/63883"
"325","85 W","Xieng - [Khouang]","1922","10.34847/nkl.eaa2sdmk","CC-BY-4.0","published","1","Romain Suarez","2026-09-30T14:04:00.867Z","work/indochine-100k/sources/serie-325.json#31927/63884"
"325","88 bis","Hon -Vat","1912","10.34847/nkl.78c8a88x","CC-BY-4.0","published","1","Romain Suarez","2026-09-30T14:04:16.117Z","work/indochine-100k/sources/serie-325.json#31701/63885"
"325","88 E","[Phu -] Diên","1911","10.34847/nkl.ff5fkqq0","CC-BY-4.0","published","1","Romain Suarez","2026-09-30T14:04:00.829Z","work/indochine-100k/sources/serie-325.json#31921/63886"
"325","88 W","Phu - [Diên ]","1911","10.34847/nkl.40a2t714","CC-BY-4.0","published","1","Romain Suarez","2026-09-30T14:04:00.939Z","work/indochine-100k/sources/serie-325.json#31923/63889"
"325","9 E","[Cao -]Bang","1906","10.34847/nkl.7ada691i","CC-BY-4.0","published","1","Romain Suarez","2026-09-30T14:03:52.354Z","work/indochine-100k/sources/serie-325.json#31794/63683"
"325","9 W","Cao - [Bang]","1906","10.34847/nkl.e578e8d4","CC-BY-4.0","published","1","Romain Suarez","2026-09-30T14:03:52.663Z","work/indochine-100k/sources/serie-325.json#31791/63686"
"325","92 E","[Muong] - May","1932","10.34847/nkl.c469nv1t","CC-BY-4.0","published","1","Romain Suarez","2026-09-30T14:04:03.601Z","work/indochine-100k/sources/serie-325.json#31919/63892"
"325","92 W","Muong [- May]","1934","10.34847/nkl.c1fesud8","CC-BY-4.0","published","1","Romain Suarez","2026-09-30T14:04:01.153Z","work/indochine-100k/sources/serie-325.json#31918/63893"
"325","93 E","[Borik]hane","1932","10.34847/nkl.532968n6","CC-BY-4.0","published","1","Romain Suarez","2026-09-30T14:04:01.290Z","work/indochine-100k/sources/serie-325.json#31917/63894"
"325","93 W","Borik[hane]","1932","10.34847/nkl.9fd0e361","CC-BY-4.0","published","1","Romain Suarez","2026-09-30T14:04:01.218Z","work/indochine-100k/sources/serie-325.json#31916/63895"
"325","95 E","[Vi]nh","1911","10.34847/nkl.1cf1cga3","CC-BY-4.0","published","1","Romain Suarez","2026-09-30T14:04:01.509Z","work/indochine-100k/sources/serie-325.json#31913/63896"
"325","95 W","Vi[nh]","1911","10.34847/nkl.9447y4sl","CC-BY-4.0","published","1","Romain Suarez","2026-09-30T14:04:01.502Z","work/indochine-100k/sources/serie-325.json#31910/63899"
"325","96","Cua - Sot","1910","10.34847/nkl.3abe7uc6","CC-BY-4.0","published","1","Romain Suarez","2026-09-30T14:04:01.626Z","work/indochine-100k/sources/serie-325.json#31700/63902"
"325","99-107","Vientiane Ban Keun","1939","10.34847/nkl.92dad5xi","CC-BY-4.0","published","1","Romain Suarez","2026-09-30T14:04:16.798Z","work/indochine-100k/sources/serie-325.json#32179/63903"
"561","1 E","Quan-Ba Est","1950","10.34847/nkl.8fe8ovz3","CC-BY-4.0","published","1","Romain Suarez","2026-09-30T14:04:16.963Z","work/indochine-100k/sources/serie-561.json#60021/82326"
"561","10 W","Ha - Lang Ouest","1950","10.34847/nkl.c2e6722w","CC-BY-4.0","published","1","Romain Suarez","2026-09-30T14:04:18.115Z","work/indochine-100k/sources/serie-561.json#60036/82341"
"561","100 E","Paksane Est","1950","10.34847/nkl.a77cwdt5","CC-BY-4.0","published","1","Romain Suarez","2026-09-30T14:04:34.427Z","work/indochine-100k/sources/serie-561.json#60247/82499"
"561","100 E","Paksane Est","1954","10.34847/nkl.cc986x27","CC-BY-4.0","published","1","Romain Suarez","2026-09-30T14:04:34.241Z","work/indochine-100k/sources/serie-561.json#60248/82500"
"561","100 W","Paksane Ouest","1950","10.34847/nkl.603fsw8l","CC-BY-4.0","published","1","Romain Suarez","2026-09-30T14:04:34.478Z","work/indochine-100k/sources/serie-561.json#60250/82501"
"561","100 W","Paksane Ouest","1954","10.34847/nkl.e6a0m5ev","CC-BY-4.0","published","1","Romain Suarez","2026-09-30T14:04:34.371Z","work/indochine-100k/sources/serie-561.json#60251/82502"
"561","101 E","Ban Sot Est","1954","10.34847/nkl.96f9a370","CC-BY-4.0","published","1","Romain Suarez","2026-09-30T14:04:34.601Z","work/indochine-100k/sources/serie-561.json#60254/82504"
"561","101 E","Ban Sot Est","1950","10.34847/nkl.a881870f","CC-BY-4.0","published","1","Romain Suarez","2026-09-30T14:04:35.179Z","work/indochine-100k/sources/serie-561.json#60253/82503"
"561","101 W","Ban Sot Ouest","1950","10.34847/nkl.4371707p","CC-BY-4.0","published","1","Romain Suarez","2026-09-30T14:04:34.770Z","work/indochine-100k/sources/serie-561.json#60256/82505"
"561","101 W","Ban Sot Ouest","1954","10.34847/nkl.5361w3z4","CC-BY-4.0","published","1","Romain Suarez","2026-09-30T14:04:34.708Z","work/indochine-100k/sources/serie-561.json#60257/82506"
"561","102 E","Napé Est","1950","10.34847/nkl.14853209","CC-BY-4.0","published","1","Romain Suarez","2026-09-30T14:04:34.941Z","work/indochine-100k/sources/serie-561.json#60259/82507"
"561","102 E","Napé Est","1954","10.34847/nkl.b3b79g1l","CC-BY-4.0","published","1","Romain Suarez","2026-09-30T14:04:35.064Z","work/indochine-100k/sources/serie-561.json#60260/82508"
"561","102 W","Napé Ouest","1954","10.34847/nkl.94dcy116","CC-BY-4.0","published","1","Romain Suarez","2026-09-30T14:04:35.230Z","work/indochine-100k/sources/serie-561.json#60263/82510"
"561","102 W","Napé Ouest","1950","10.34847/nkl.9cf0k429","CC-BY-4.0","published","1","Romain Suarez","2026-09-30T14:04:35.104Z","work/indochine-100k/sources/serie-561.json#60262/82509"
"561","103 E","Ha Tinh Est","1950","10.34847/nkl.26cbilih","CC-BY-4.0","published","1","Romain Suarez","2026-09-30T14:04:35.461Z","work/indochine-100k/sources/serie-561.json#60265/82511"
"561","103 W","Huong Khé Ouest","1950","10.34847/nkl.9cc3tq66","CC-BY-4.0","published","1","Romain Suarez","2026-09-30T14:04:35.902Z","work/indochine-100k/sources/serie-561.json#60269/82513"
"561","103 W","Huong Khé Ouest","1954","10.34847/nkl.ac65sxq8","CC-BY-4.0","published","1","Romain Suarez","2026-09-30T14:04:35.404Z","work/indochine-100k/sources/serie-561.json#60270/82514"
"561","103 W","Huong Khé Ouest","1951","10.34847/nkl.c64fp184","CC-BY-4.0","published","1","Romain Suarez","2026-09-30T14:04:35.577Z","work/indochine-100k/sources/serie-561.json#60271/82512"
"561","104 W","Ha Tinh Ouest","1953","10.34847/nkl.d6ace965","CC-BY-4.0","published","1","Romain Suarez","2026-09-30T14:04:35.796Z","work/indochine-100k/sources/serie-561.json#60273/82516"
"561","104 W","Ha - Tinh Ouest","1950","10.34847/nkl.e6c59uf0","CC-BY-4.0","published","1","Romain Suarez","2026-09-30T14:04:35.699Z","work/indochine-100k/sources/serie-561.json#60272/82515"
"561","108 E","Ban - Poung Est","1950","10.34847/nkl.28be4771","CC-BY-4.0","published","1","Romain Suarez","2026-09-30T14:04:35.924Z","work/indochine-100k/sources/serie-561.json#60275/82517"
"561","108 E","Ban - Poung Est","1953","10.34847/nkl.cb27196v","CC-BY-4.0","published","1","Romain Suarez","2026-09-30T14:04:36.045Z","work/indochine-100k/sources/serie-561.json#60276/82518"
"561","109 E","Pak Hin Boun Est","1954","10.34847/nkl.ac7d0y0e","CC-BY-4.0","published","1","Romain Suarez","2026-09-30T14:04:36.091Z","work/indochine-100k/sources/serie-561.json#60278/82520"
"561","109 E","Pak - Hin - Boun Est","1950","10.34847/nkl.bccb043s","CC-BY-4.0","published","1","Romain Suarez","2026-09-30T14:04:36.258Z","work/indochine-100k/sources/serie-561.json#60277/82519"
"561","109 W","Pak Hin Boun Ouest","1954","10.34847/nkl.450c3t4q","CC-BY-4.0","published","1","Romain Suarez","2026-09-30T14:04:36.239Z","work/indochine-100k/sources/serie-561.json#60282/82522"
"561","109 W","Pak - Hin - Boun Ouest","1950","10.34847/nkl.d0a87640","CC-BY-4.0","published","1","Romain Suarez","2026-09-30T14:04:36.414Z","work/indochine-100k/sources/serie-561.json#60280/82521"
"561","110 E","Mu Gia Est","1950","10.34847/nkl.bff4q156","CC-BY-4.0","published","1","Romain Suarez","2026-09-30T14:04:36.438Z","work/indochine-100k/sources/serie-561.json#60283/82523"
"561","110 W","Mu Gia Ouest","1950","10.34847/nkl.e0a443fb","CC-BY-4.0","published","1","Romain Suarez","2026-09-30T14:04:36.528Z","work/indochine-100k/sources/serie-561.json#60285/82524"
"561","110 W","Mu Gia Ouest","1954","10.34847/nkl.e3d81c61","CC-BY-4.0","published","1","Romain Suarez","2026-09-30T14:04:36.589Z","work/indochine-100k/sources/serie-561.json#60286/82525"
"561","111 E","Ron Est","1950","10.34847/nkl.dc50u6p8","CC-BY-4.0","published","1","Romain Suarez","2026-09-30T14:04:36.749Z","work/indochine-100k/sources/serie-561.json#60288/82526"
"561","111 W","Ron Ouest","1950","10.34847/nkl.9efay6h0","CC-BY-4.0","published","1","Romain Suarez","2026-09-30T14:04:37.618Z","work/indochine-100k/sources/serie-561.json#60289/82527"
"561","112","Thakhek","1950","10.34847/nkl.c1c52k81","CC-BY-4.0","published","1","Romain Suarez","2026-09-30T14:04:36.881Z","work/indochine-100k/sources/serie-561.json#60290/82528"
"561","112","Thakhek","1954","10.34847/nkl.e3bdn5r8","CC-BY-4.0","published","1","Romain Suarez","2026-09-30T14:04:36.877Z","work/indochine-100k/sources/serie-561.json#60291/82529"
"561","113 E","Mahaxay Est","1950","10.34847/nkl.4abao0bj","CC-BY-4.0","published","1","Romain Suarez","2026-09-30T14:04:39.447Z","work/indochine-100k/sources/serie-561.json#60292/82530"
"561","113 E","Mahaxay Est","1954","10.34847/nkl.fddc9k26","CC-BY-4.0","published","1","Romain Suarez","2026-09-30T14:04:37.211Z","work/indochine-100k/sources/serie-561.json#60293/82531"
"561","113 W","Mahaxay Ouest","1954","10.34847/nkl.1fc8zpzs","CC-BY-4.0","published","1","Romain Suarez","2026-09-30T14:04:37.500Z","work/indochine-100k/sources/serie-561.json#60296/82533"
"561","113 W","Mahaxay Ouest","1950","10.34847/nkl.fb5e15j9","CC-BY-4.0","published","1","Romain Suarez","2026-09-30T14:04:37.228Z","work/indochine-100k/sources/serie-561.json#60295/82532"
"561","115 E","Dong-Hoi Est","1950","10.34847/nkl.f0e561gi","CC-BY-4.0","published","1","Romain Suarez","2026-09-30T14:04:37.562Z","work/indochine-100k/sources/serie-561.json#60303/82534"
"561","115 W","Dong-Hoi Ouest","1950","10.34847/nkl.db95n1n2","CC-BY-4.0","published","1","Romain Suarez","2026-09-30T14:04:37.846Z","work/indochine-100k/sources/serie-561.json#60305/82535"
"561","116","Keng Kabao","1952","10.34847/nkl.3b7f06n2","CC-BY-4.0","published","1","Romain Suarez","2026-09-30T14:04:37.949Z","work/indochine-100k/sources/serie-561.json#60306/82536"
"561","116","Keng Kabao","1950","10.34847/nkl.bcbdg5sm","CC-BY-4.0","published","1","Romain Suarez","2026-09-30T14:04:37.852Z","work/indochine-100k/sources/serie-561.json#60307/82537"
"561","117 E","Muong Phalane Est","1950","10.34847/nkl.db0d8m4s","CC-BY-4.0","published","1","Romain Suarez","2026-09-30T14:04:38.208Z","work/indochine-100k/sources/serie-561.json#60308/82538"
"561","117 W","Muong Phalane Ouest","1950","10.34847/nkl.0c37jdzh","CC-BY-4.0","published","1","Romain Suarez","2026-09-30T14:04:38.605Z","work/indochine-100k/sources/serie-561.json#60309/82539"
"561","118 E","Tchépone Est","1950","10.34847/nkl.ecf79pus","CC-BY-4.0","published","1","Romain Suarez","2026-09-30T14:04:38.241Z","work/indochine-100k/sources/serie-561.json#60310/82540"
"561","118 W","Tchépone Ouest","1950","10.34847/nkl.ae2307j9","CC-BY-4.0","published","1","Romain Suarez","2026-09-30T14:04:38.547Z","work/indochine-100k/sources/serie-561.json#60311/82541"
"561","119 E","Quang Tri Est","1953","10.34847/nkl.43ab32hz","CC-BY-4.0","published","1","Romain Suarez","2026-09-30T14:04:38.601Z","work/indochine-100k/sources/serie-561.json#60312/82542"
"561","12 E","Muong Ou Tay Est","1952","10.34847/nkl.d1a32k08","CC-BY-4.0","published","1","Romain Suarez","2026-09-30T14:04:18.273Z","work/indochine-100k/sources/serie-561.json#60038/82342"
"561","12 E","Muong Ou Tay Est","1950","10.34847/nkl.f2fe4752","CC-BY-4.0","published","1","Romain Suarez","2026-09-30T14:04:18.453Z","work/indochine-100k/sources/serie-561.json#60039/82343"
"561","12 W","Muong Ou Tay Ouest","1952","10.34847/nkl.79bc631r","CC-BY-4.0","published","1","Romain Suarez","2026-09-30T14:04:18.417Z","work/indochine-100k/sources/serie-561.json#60040/82345"
"561","12 W","Muong Ou Tay Ouest","1950","10.34847/nkl.bb06eu56","CC-BY-4.0","published","1","Romain Suarez","2026-09-30T14:04:18.619Z","work/indochine-100k/sources/serie-561.json#60041/82344"
"561","120","Van Trinh","1950","10.34847/nkl.66e1nxr8","CC-BY-4.0","published","1","Romain Suarez","2026-09-30T14:04:38.839Z","work/indochine-100k/sources/serie-561.json#60317/82543"
"561","120","Van Trinh","1952","10.34847/nkl.c7d50fxe","CC-BY-4.0","published","1","Romain Suarez","2026-09-30T14:04:38.939Z","work/indochine-100k/sources/serie-561.json#60318/82544"
"561","121","Savannakhet","1950","10.34847/nkl.ebabw110","CC-BY-4.0","published","1","Romain Suarez","2026-09-30T14:04:38.969Z","work/indochine-100k/sources/serie-561.json#60320/82545"
"561","122 E","Muong-Song-Khone Est","1950","10.34847/nkl.7cd02tyj","CC-BY-4.0","published","1","Romain Suarez","2026-09-30T14:04:39.230Z","work/indochine-100k/sources/serie-561.json#60323/82546"
"561","122 W","Muong-Song-Khone Ouest","1950","10.34847/nkl.d804wy0y","CC-BY-4.0","published","1","Romain Suarez","2026-09-30T14:04:39.184Z","work/indochine-100k/sources/serie-561.json#60325/82548"
"561","122 W","Muong Song Khone Ouest","1952","10.34847/nkl.e31377kw","CC-BY-4.0","published","1","Romain Suarez","2026-09-30T14:04:39.306Z","work/indochine-100k/sources/serie-561.json#60324/82547"
"561","123 E","Muong - Phine Est","1950","10.34847/nkl.fd0a9p13","CC-BY-4.0","published","1","Romain Suarez","2026-09-30T14:04:39.580Z","work/indochine-100k/sources/serie-561.json#60326/82549"
"561","123 W","Muong - Phine Ouest","1950","10.34847/nkl.36798fgn","CC-BY-4.0","published","1","Romain Suarez","2026-09-30T14:04:39.542Z","work/indochine-100k/sources/serie-561.json#60327/82550"
"561","123 W","Muong Phine Ouest","1952","10.34847/nkl.ef158uoj","CC-BY-4.0","published","1","Romain Suarez","2026-09-30T14:04:39.595Z","work/indochine-100k/sources/serie-561.json#60328/82551"
"561","124 E","Lao - Bao Est","1950","10.34847/nkl.6fde29cs","CC-BY-4.0","published","1","Romain Suarez","2026-09-30T14:04:39.781Z","work/indochine-100k/sources/serie-561.json#60329/82552"
"561","124 W","Lao - Bao Ouest","1950","10.34847/nkl.cfbcy9j2","CC-BY-4.0","published","1","Romain Suarez","2026-09-30T14:04:41.294Z","work/indochine-100k/sources/serie-561.json#60330/82553"
"561","125 E","Hué Est","1953","10.34847/nkl.82f64w00","CC-BY-4.0","published","1","Romain Suarez","2026-09-30T14:04:40.074Z","work/indochine-100k/sources/serie-561.json#60332/82555"
"561","125 E","Hué Est","1950","10.34847/nkl.ab9c5p64","CC-BY-4.0","published","1","Romain Suarez","2026-09-30T14:04:39.945Z","work/indochine-100k/sources/serie-561.json#60331/82554"
"561","125 W","Hué Ouest","1953","10.34847/nkl.5ae52418","CC-BY-4.0","published","1","Romain Suarez","2026-09-30T14:04:40.278Z","work/indochine-100k/sources/serie-561.json#60335/82557"
"561","125 W","Hué Ouest","1950","10.34847/nkl.a50as0n2","CC-BY-4.0","published","1","Romain Suarez","2026-09-30T14:04:41.309Z","work/indochine-100k/sources/serie-561.json#60334/82556"
"561","126","Phu Gia","1953","10.34847/nkl.d404von0","CC-BY-4.0","published","1","Romain Suarez","2026-09-30T14:04:40.425Z","work/indochine-100k/sources/serie-561.json#60339/82558"
"561","128 E","Ban - Taphane Est","1951","10.34847/nkl.26c603bn","CC-BY-4.0","published","1","Romain Suarez","2026-09-30T14:04:40.563Z","work/indochine-100k/sources/serie-561.json#60340/82559"
"561","128 E","Ban Taphane Est","1953","10.34847/nkl.76c39921","CC-BY-4.0","published","1","Romain Suarez","2026-09-30T14:04:40.896Z","work/indochine-100k/sources/serie-561.json#60342/82560"
"561","128 W","Ban - Taphane Ouest","1951","10.34847/nkl.091e1b9c","CC-BY-4.0","published","1","Romain Suarez","2026-09-30T14:04:41.582Z","work/indochine-100k/sources/serie-561.json#60344/82561"
"561","128 W","Ban Taphane Ouest","1954","10.34847/nkl.3aedbfcs","CC-BY-4.0","published","1","Romain Suarez","2026-09-30T14:04:41.547Z","work/indochine-100k/sources/serie-561.json#60347/82563"
"561","128 W","Ban Taphane Ouest","1953","10.34847/nkl.622214ea","CC-BY-4.0","published","1","Romain Suarez","2026-09-30T14:04:41.197Z","work/indochine-100k/sources/serie-561.json#60346/82562"
"561","129 E","Ban Song Kon Est","1953","10.34847/nkl.dc823637","CC-BY-4.0","published","1","Romain Suarez","2026-09-30T14:04:41.581Z","work/indochine-100k/sources/serie-561.json#60348/82564"
"561","129 W","Ban Song Kon Ouest","1953","10.34847/nkl.1b6fdol3","CC-BY-4.0","published","1","Romain Suarez","2026-09-30T14:04:42.546Z","work/indochine-100k/sources/serie-561.json#60350/82565"
"561","13 E","Muong -Tè Est","1950","10.34847/nkl.0c7e6h27","CC-BY-4.0","published","1","Romain Suarez","2026-09-30T14:04:18.707Z","work/indochine-100k/sources/serie-561.json#60042/82346"
"561","13 W","Muong -Tè Ouest","1950","10.34847/nkl.2b910d6v","CC-BY-4.0","published","1","Romain Suarez","2026-09-30T14:04:19.176Z","work/indochine-100k/sources/serie-561.json#60043/82347"
"561","130 E","Haute Sé Kong Est","1952","10.34847/nkl.5cd2091a","CC-BY-4.0","published","1","Romain Suarez","2026-09-30T14:04:41.891Z","work/indochine-100k/sources/serie-561.json#60352/82566"
"561","130 W","Haute - Sé Kong Ouest","1952","10.34847/nkl.c4bdsm7k","CC-BY-4.0","published","1","Romain Suarez","2026-09-30T14:04:41.928Z","work/indochine-100k/sources/serie-561.json#60353/82567"
"561","131 E","An Diêm Est","1951","10.34847/nkl.18ef398r","CC-BY-4.0","published","1","Romain Suarez","2026-09-30T14:04:41.870Z","work/indochine-100k/sources/serie-561.json#60354/82568"
"561","131 E","An Diêm Est","1953","10.34847/nkl.259c7148","CC-BY-4.0","published","1","Romain Suarez","2026-09-30T14:04:42.178Z","work/indochine-100k/sources/serie-561.json#60355/82569"
"561","131 W","An Diêm Ouest","1952","10.34847/nkl.f68130sy","CC-BY-4.0","published","1","Romain Suarez","2026-09-30T14:04:42.200Z","work/indochine-100k/sources/serie-561.json#60358/82570"
"561","132 E","Tourane Est","1953","10.34847/nkl.38deb04q","CC-BY-4.0","published","1","Romain Suarez","2026-09-30T14:04:42.544Z","work/indochine-100k/sources/serie-561.json#60360/82572"
"561","132 E","Tourane Est","1951","10.34847/nkl.43c2m0r6","CC-BY-4.0","published","1","Romain Suarez","2026-09-30T14:04:42.270Z","work/indochine-100k/sources/serie-561.json#60359/82571"
"561","132 W","Tourane Ouest","1951","10.34847/nkl.a7cdv3a9","CC-BY-4.0","published","1","Romain Suarez","2026-09-30T14:04:42.492Z","work/indochine-100k/sources/serie-561.json#60363/82573"
"561","132 W","Tourane Ouest","1953","10.34847/nkl.cca2xeqz","CC-BY-4.0","published","1","Romain Suarez","2026-09-30T14:04:42.608Z","work/indochine-100k/sources/serie-561.json#60364/82574"
"561","133 E","Khong - Sédone","1951","10.34847/nkl.1db4utpp","CC-BY-4.0","published","1","Romain Suarez","2026-09-30T14:04:43.685Z","work/indochine-100k/sources/serie-561.json#60366/82575"
"561","134 E","Saravane Est","1953","10.34847/nkl.bdedd7rp","CC-BY-4.0","published","1","Romain Suarez","2026-09-30T14:04:42.842Z","work/indochine-100k/sources/serie-561.json#60367/82576"
"561","134 W","Saravane Ouest","1953","10.34847/nkl.cb2f6965","CC-BY-4.0","published","1","Romain Suarez","2026-09-30T14:04:42.894Z","work/indochine-100k/sources/serie-561.json#60370/82577"
"561","135 E","Ban Phone Est","1953","10.34847/nkl.abc2z1i1","CC-BY-4.0","published","1","Romain Suarez","2026-09-30T14:04:42.946Z","work/indochine-100k/sources/serie-561.json#60373/82578"
"561","135 W","Ban Phone Ouest","1953","10.34847/nkl.0fe3y76n","CC-BY-4.0","published","1","Romain Suarez","2026-09-30T14:04:43.573Z","work/indochine-100k/sources/serie-561.json#60374/82579"
"561","136 E","Bên Giang Est","1953","10.34847/nkl.21cb8ha3","CC-BY-4.0","published","1","Romain Suarez","2026-09-30T14:04:43.189Z","work/indochine-100k/sources/serie-561.json#60376/82581"
"561","136 E","Bên - Giang","1950","10.34847/nkl.47d2r482","CC-BY-4.0","published","1","Romain Suarez","2026-09-30T14:04:43.522Z","work/indochine-100k/sources/serie-561.json#60375/82580"
"561","136 W","Bên Giang Ouest","1953","10.34847/nkl.a77fx2ul","CC-BY-4.0","published","1","Romain Suarez","2026-09-30T14:04:43.298Z","work/indochine-100k/sources/serie-561.json#60378/82582"
"561","137 E","Tam Ky Est","1953","10.34847/nkl.a2942bv3","CC-BY-4.0","published","1","Romain Suarez","2026-09-30T14:04:43.881Z","work/indochine-100k/sources/serie-561.json#60381/82583"
"561","137 W","Tam Ky Ouest","1953","10.34847/nkl.0ce928jd","CC-BY-4.0","published","1","Romain Suarez","2026-09-30T14:04:44.736Z","work/indochine-100k/sources/serie-561.json#60385/82585"
"561","137 W","Tam - Ky Ouest","1951","10.34847/nkl.27d1xy84","CC-BY-4.0","published","1","Romain Suarez","2026-09-30T14:04:43.591Z","work/indochine-100k/sources/serie-561.json#60384/82584"
"561","138 E","Tri Binh Est","1951","10.34847/nkl.495dq073","CC-BY-4.0","published","1","Romain Suarez","2026-09-30T14:04:45.343Z","work/indochine-100k/sources/serie-561.json#60387/82586"
"561","138 E","Tri Binh Est","1953","10.34847/nkl.fa6a1qg9","CC-BY-4.0","published","1","Romain Suarez","2026-09-30T14:04:44.337Z","work/indochine-100k/sources/serie-561.json#60388/82587"
"561","138 W","Tri Binh Ouest","1953","10.34847/nkl.08b3xphn","CC-BY-4.0","published","1","Romain Suarez","2026-09-30T14:04:44.227Z","work/indochine-100k/sources/serie-561.json#60391/82589"
"561","138 W","Tri - Binh Ouest","1951","10.34847/nkl.6bca7jzl","CC-BY-4.0","published","1","Romain Suarez","2026-09-30T14:04:43.978Z","work/indochine-100k/sources/serie-561.json#60390/82588"
"561","139","Paksé","1951","10.34847/nkl.596cq71l","CC-BY-4.0","published","1","Romain Suarez","2026-09-30T14:04:44.520Z","work/indochine-100k/sources/serie-561.json#60393/82590"
"561","139","Paksé","1953","10.34847/nkl.9ad4wkle","CC-BY-4.0","published","1","Romain Suarez","2026-09-30T14:04:45.613Z","work/indochine-100k/sources/serie-561.json#60394/82591"
"561","14 E","Lai Châu Est","1954","10.34847/nkl.93ed0f71","CC-BY-4.0","published","1","Romain Suarez","2026-09-30T14:04:19.064Z","work/indochine-100k/sources/serie-561.json#60045/82349"
"561","14 E","Lai Châu Est","1949","10.34847/nkl.bbb70tg7","CC-BY-4.0","published","1","Romain Suarez","2026-09-30T14:04:18.957Z","work/indochine-100k/sources/serie-561.json#60044/82348"
"561","14 W","Lai Châu Ouest","1954","10.34847/nkl.aeb9n6c7","CC-BY-4.0","published","1","Romain Suarez","2026-09-30T14:04:19.306Z","work/indochine-100k/sources/serie-561.json#60047/82351"
"561","14 W","Lai Châu Ouest","1949","10.34847/nkl.ca4bi30j","CC-BY-4.0","published","1","Romain Suarez","2026-09-30T14:04:19.129Z","work/indochine-100k/sources/serie-561.json#60046/82350"
"561","140 W","Bassac Ouest","1953","10.34847/nkl.1c0ax5qz","CC-BY-4.0","published","1","Romain Suarez","2026-09-30T14:04:45.031Z","work/indochine-100k/sources/serie-561.json#60397/82593"
"561","140 W","Bassac Ouest","1951","10.34847/nkl.5982a241","CC-BY-4.0","published","1","Romain Suarez","2026-09-30T14:04:44.876Z","work/indochine-100k/sources/serie-561.json#60396/82592"
"561","141 E","Ban Keng Say Est","1954","10.34847/nkl.2d5910c2","CC-BY-4.0","published","1","Romain Suarez","2026-09-30T14:04:45.209Z","work/indochine-100k/sources/serie-561.json#60399/82594"
"561","142 E","Dak Sut Est","1953","10.34847/nkl.cf1c055w","CC-BY-4.0","published","1","Romain Suarez","2026-09-30T14:04:45.506Z","work/indochine-100k/sources/serie-561.json#60400/82595"
"561","142 W","Dak Sut Ouest","1954","10.34847/nkl.e58ai40i","CC-BY-4.0","published","1","Romain Suarez","2026-09-30T14:04:45.395Z","work/indochine-100k/sources/serie-561.json#60402/82596"
"561","143 E","Son Ha Est","1953","10.34847/nkl.bc8f2cbe","CC-BY-4.0","published","1","Romain Suarez","2026-09-30T14:04:45.678Z","work/indochine-100k/sources/serie-561.json#60403/82597"
"561","143 W","Son Ha Ouest","1953","10.34847/nkl.1ddf89nr","CC-BY-4.0","published","1","Romain Suarez","2026-09-30T14:04:45.731Z","work/indochine-100k/sources/serie-561.json#60405/82598"
"561","144","Quang Ngai","1953","10.34847/nkl.ab6cdn51","CC-BY-4.0","published","1","Romain Suarez","2026-09-30T14:04:45.851Z","work/indochine-100k/sources/serie-561.json#60407/82599"
"561","145","Ban Soukhouma","1953","10.34847/nkl.ef71xv2g","CC-BY-4.0","published","1","Romain Suarez","2026-09-30T14:04:45.904Z","work/indochine-100k/sources/serie-561.json#60411/82600"
"561","146 W","Phiafay Ouest","1953","10.34847/nkl.bf3c78uv","CC-BY-4.0","published","1","Romain Suarez","2026-09-30T14:04:46.071Z","work/indochine-100k/sources/serie-561.json#60414/82602"
"561","146 W","Phiafay Ouest","1951","10.34847/nkl.fce4owcd","CC-BY-4.0","published","1","Romain Suarez","2026-09-30T14:04:46.022Z","work/indochine-100k/sources/serie-561.json#60413/82601"
"561","147 E","Attopeu Est","1954","10.34847/nkl.1caa79nv","CC-BY-4.0","published","1","Romain Suarez","2026-09-30T14:04:46.186Z","work/indochine-100k/sources/serie-561.json#60416/82603"
"561","147 W","Attopeu Ouest","1954","10.34847/nkl.33aatr6q","CC-BY-4.0","published","1","Romain Suarez","2026-09-30T14:04:46.271Z","work/indochine-100k/sources/serie-561.json#60417/82604"
"561","148 E","Dak To Est","1953","10.34847/nkl.99ce98f5","CC-BY-4.0","published","1","Romain Suarez","2026-09-30T14:04:46.418Z","work/indochine-100k/sources/serie-561.json#60419/82606"
"561","148 E","Dak To Est","1951","10.34847/nkl.aea0qs6o","CC-BY-4.0","published","1","Romain Suarez","2026-09-30T14:04:46.319Z","work/indochine-100k/sources/serie-561.json#60418/82605"
"561","148 W","Dak To Ouest","1954","10.34847/nkl.8dbfw8ex","CC-BY-4.0","published","1","Romain Suarez","2026-09-30T14:04:46.524Z","work/indochine-100k/sources/serie-561.json#60420/82607"
"561","149 E","Kon Plong Est","1953","10.34847/nkl.0bf6g4o4","CC-BY-4.0","published","1","Romain Suarez","2026-09-30T14:04:46.607Z","work/indochine-100k/sources/serie-561.json#60421/82608"
"561","149 W","Kon Plong Ouest","1953","10.34847/nkl.ade07kpf","CC-BY-4.0","published","1","Romain Suarez","2026-09-30T14:04:46.679Z","work/indochine-100k/sources/serie-561.json#60423/82609"
"561","15 E","Lao - Kay Est","1949","10.34847/nkl.116105rq","CC-BY-4.0","published","1","Romain Suarez","2026-09-30T14:04:19.398Z","work/indochine-100k/sources/serie-561.json#60048/82352"
"561","15 W","Lao - Kay Ouest","1949","10.34847/nkl.19e9uw9n","CC-BY-4.0","published","1","Romain Suarez","2026-09-30T14:04:19.482Z","work/indochine-100k/sources/serie-561.json#60049/82353"
"561","150 bis","Thmar Puok","1953","10.34847/nkl.0f0aacke","CC-BY-4.0","published","1","Romain Suarez","2026-09-30T14:05:10.687Z","work/indochine-100k/sources/serie-561.json#60431/82614"
"561","150 E","Bong - Son Est","1951","10.34847/nkl.625dwbg2","CC-BY-4.0","published","1","Romain Suarez","2026-09-30T14:04:46.714Z","work/indochine-100k/sources/serie-561.json#60425/82610"
"561","150 E","Bong Son Est","1953","10.34847/nkl.d90d990p","CC-BY-4.0","published","1","Romain Suarez","2026-09-30T14:04:46.942Z","work/indochine-100k/sources/serie-561.json#60426/82611"
"561","150 W","Bong Son Ouest","1953","10.34847/nkl.ccbf623u","CC-BY-4.0","published","1","Romain Suarez","2026-09-30T14:04:47.020Z","work/indochine-100k/sources/serie-561.json#60429/82613"
"561","150 W","Bong - Son Ouest","1951","10.34847/nkl.cd118d3l","CC-BY-4.0","published","1","Romain Suarez","2026-09-30T14:04:46.871Z","work/indochine-100k/sources/serie-561.json#60428/82612"
"561","151 bis E","Anlong Veng Est","1953","10.34847/nkl.f0dbko0f","CC-BY-4.0","published","1","Romain Suarez","2026-09-30T14:05:11.395Z","work/indochine-100k/sources/serie-561.json#60434/82617"
"561","151 E","Chong Kal Est","1953","10.34847/nkl.3fdb1w8a","CC-BY-4.0","published","1","Romain Suarez","2026-09-30T14:04:47.046Z","work/indochine-100k/sources/serie-561.json#60432/82615"
"561","151 W","Chong Kal Ouest","1953","10.34847/nkl.edd0woe9","CC-BY-4.0","published","1","Romain Suarez","2026-09-30T14:04:47.160Z","work/indochine-100k/sources/serie-561.json#60433/82616"
"561","152 E","Cheom Ksan Est","1953","10.34847/nkl.cf97gy8t","CC-BY-4.0","published","1","Romain Suarez","2026-09-30T14:04:47.291Z","work/indochine-100k/sources/serie-561.json#60436/82618"
"561","152 W","Cheom Ksan Ouest","1953","10.34847/nkl.b0e6b502","CC-BY-4.0","published","1","Romain Suarez","2026-09-30T14:04:47.353Z","work/indochine-100k/sources/serie-561.json#60437/82619"
"561","153 E","Kompong Sralao Est","1953","10.34847/nkl.cf38stz4","CC-BY-4.0","published","1","Romain Suarez","2026-09-30T14:04:47.510Z","work/indochine-100k/sources/serie-561.json#60439/82620"
"561","153 W","Kompong Sralao Ouest","1953","10.34847/nkl.fdc8g66d","CC-BY-4.0","published","1","Romain Suarez","2026-09-30T14:04:48.286Z","work/indochine-100k/sources/serie-561.json#60440/82621"
"561","154 W","Khong Ouest","1951","10.34847/nkl.4d04wq05","CC-BY-4.0","published","1","Romain Suarez","2026-09-30T14:04:47.583Z","work/indochine-100k/sources/serie-561.json#60441/82622"
"561","154 W","Khong Ouest","1952","10.34847/nkl.a7b9s0m8","CC-BY-4.0","published","1","Romain Suarez","2026-09-30T14:04:48.632Z","work/indochine-100k/sources/serie-561.json#60863/82623"
"561","156 E","Ya Li Est","1953","10.34847/nkl.7dea7ss5","CC-BY-4.0","published","1","Romain Suarez","2026-09-30T14:04:48.668Z","work/indochine-100k/sources/serie-561.json#60442/82624"
"561","157 W","Plei Ku Ouest","1953","10.34847/nkl.c8ea9w1f","CC-BY-4.0","published","1","Romain Suarez","2026-09-30T14:04:47.924Z","work/indochine-100k/sources/serie-561.json#60445/82625"
"561","158 bis E","Sisophon Est","1953","10.34847/nkl.584egfgd","CC-BY-4.0","published","1","Romain Suarez","2026-09-30T14:05:11.880Z","work/indochine-100k/sources/serie-561.json#60456/82630"
"561","158 bis W","Sisophon Ouest","1949","10.34847/nkl.60e3mvj1","CC-BY-4.0","published","1","Romain Suarez","2026-09-30T14:05:10.816Z","work/indochine-100k/sources/serie-561.json#60459/82631"
"561","158 E","An Khê Est","1951","10.34847/nkl.8b37xm8d","CC-BY-4.0","published","1","Romain Suarez","2026-09-30T14:04:48.214Z","work/indochine-100k/sources/serie-561.json#60448/82626"
"561","158 E","An Khê Est","1953","10.34847/nkl.e9cewb07","CC-BY-4.0","published","1","Romain Suarez","2026-09-30T14:04:48.585Z","work/indochine-100k/sources/serie-561.json#60449/82627"
"561","158 W","An Khê Ouest","1953","10.34847/nkl.5f97fxi0","CC-BY-4.0","published","1","Romain Suarez","2026-09-30T14:04:48.905Z","work/indochine-100k/sources/serie-561.json#60454/82629"
"561","158 W","An Khê Ouest","1951","10.34847/nkl.eb242hlo","CC-BY-4.0","published","1","Romain Suarez","2026-09-30T14:04:48.563Z","work/indochine-100k/sources/serie-561.json#60453/82628"
"561","159 bis E","Banteai Srei Est","1953","10.34847/nkl.a5dfeh6x","CC-BY-4.0","published","1","Romain Suarez","2026-09-30T14:05:11.175Z","work/indochine-100k/sources/serie-561.json#60469/82636"
"561","159 bis W","Banteai Srei Ouest","1953","10.34847/nkl.c812yiy3","CC-BY-4.0","published","1","Romain Suarez","2026-09-30T14:05:11.418Z","work/indochine-100k/sources/serie-561.json#60472/82637"
"561","159 E","Kralanh E","1951","10.34847/nkl.8e23fd10","CC-BY-4.0","published","1","Romain Suarez","2026-09-30T14:04:48.949Z","work/indochine-100k/sources/serie-561.json#60462/82632"
"561","159 E","Kralanh E","1953","10.34847/nkl.afac0903","CC-BY-4.0","published","1","Romain Suarez","2026-09-30T14:04:49.864Z","work/indochine-100k/sources/serie-561.json#60463/82633"
"561","159 W","Kralanh Ouest","1953","10.34847/nkl.e9fa4m01","CC-BY-4.0","published","1","Romain Suarez","2026-09-30T14:04:49.247Z","work/indochine-100k/sources/serie-561.json#60466/82635"
"561","159 W","Kralanh Ouest","1951","10.34847/nkl.f959r7is","CC-BY-4.0","published","1","Romain Suarez","2026-09-30T14:04:48.937Z","work/indochine-100k/sources/serie-561.json#60465/82634"
"561","16 E","Luc - An - Chau Est","1949","10.34847/nkl.2a1c5b11","CC-BY-4.0","published","1","Romain Suarez","2026-09-30T14:04:19.467Z","work/indochine-100k/sources/serie-561.json#60050/82354"
"561","16 W","Luc - An - Chau Ouest","1949","10.34847/nkl.100c3ix6","CC-BY-4.0","published","1","Romain Suarez","2026-09-30T14:04:19.639Z","work/indochine-100k/sources/serie-561.json#60051/82355"
"561","160 E","Phnom Tabeng Est","1953","10.34847/nkl.b3482r7h","CC-BY-4.0","published","1","Romain Suarez","2026-09-30T14:04:49.279Z","work/indochine-100k/sources/serie-561.json#60474/82638"
"561","160 W","Phnom Tabeng Ouest","1953","10.34847/nkl.5ad769fi","CC-BY-4.0","published","1","Romain Suarez","2026-09-30T14:04:49.239Z","work/indochine-100k/sources/serie-561.json#60475/82639"
"561","161 E","Mélouprey Est","1953","10.34847/nkl.e89c175j","CC-BY-4.0","published","1","Romain Suarez","2026-09-30T14:04:49.582Z","work/indochine-100k/sources/serie-561.json#60476/82640"
"561","161 W","Mélouprey Ouest","1953","10.34847/nkl.fcberco9","CC-BY-4.0","published","1","Romain Suarez","2026-09-30T14:04:49.540Z","work/indochine-100k/sources/serie-561.json#60477/82641"
"561","162 E","Stung Treng Est","1952","10.34847/nkl.df19lv6f","CC-BY-4.0","published","1","Romain Suarez","2026-09-30T14:04:51.460Z","work/indochine-100k/sources/serie-561.json#60478/82642"
"561","162 W","Stung - Treng Ouest","1951","10.34847/nkl.88dc2025","CC-BY-4.0","published","1","Romain Suarez","2026-09-30T14:04:49.875Z","work/indochine-100k/sources/serie-561.json#60480/82643"
"561","162 W","Stung Treng Ouest","1953","10.34847/nkl.9176n8m1","CC-BY-4.0","published","1","Romain Suarez","2026-09-30T14:04:49.873Z","work/indochine-100k/sources/serie-561.json#60481/82644"
"561","163 E","Bô Kheo Est","1952","10.34847/nkl.c9e440wa","CC-BY-4.0","published","1","Romain Suarez","2026-09-30T14:04:50.218Z","work/indochine-100k/sources/serie-561.json#60483/82645"
"561","163 W","Bô Kheo Ouest","1952","10.34847/nkl.4c5fh778","CC-BY-4.0","published","1","Romain Suarez","2026-09-30T14:04:50.622Z","work/indochine-100k/sources/serie-561.json#60485/82646"
"561","164 E","Bô Kham Est","1953","10.34847/nkl.950ad904","CC-BY-4.0","published","1","Romain Suarez","2026-09-30T14:04:50.165Z","work/indochine-100k/sources/serie-561.json#60487/82647"
"561","164 W","Bô Kham Ouest","1950","10.34847/nkl.3d75q5h3","CC-BY-4.0","published","1","Romain Suarez","2026-09-30T14:04:50.509Z","work/indochine-100k/sources/serie-561.json#60489/82648"
"561","164 W","Bô Kham Ouest","1952","10.34847/nkl.dfa26plc","CC-BY-4.0","published","1","Romain Suarez","2026-09-30T14:04:50.499Z","work/indochine-100k/sources/serie-561.json#60490/82649"
"561","165 E","Ban Tur Est","1953","10.34847/nkl.4577n642","CC-BY-4.0","published","1","Romain Suarez","2026-09-30T14:04:50.846Z","work/indochine-100k/sources/serie-561.json#60492/82650"
"561","165 W","Ban Tur Ouest","1953","10.34847/nkl.6db9ea2k","CC-BY-4.0","published","1","Romain Suarez","2026-09-30T14:04:50.856Z","work/indochine-100k/sources/serie-561.json#60495/82651"
"561","166 bis E","Lovéa Est","1947","10.34847/nkl.37e7ze23","CC-BY-4.0","published","1","Romain Suarez","2026-09-30T14:05:11.506Z","work/indochine-100k/sources/serie-561.json#60501/82655"
"561","166 bis W","Lovéa Ouest","1953","10.34847/nkl.65d4aq72","CC-BY-4.0","published","1","Romain Suarez","2026-09-30T14:05:11.740Z","work/indochine-100k/sources/serie-561.json#60505/82656"
"561","166 E","Qui - Nhon Est","1951","10.34847/nkl.0a22z596","CC-BY-4.0","published","1","Romain Suarez","2026-09-30T14:04:50.914Z","work/indochine-100k/sources/serie-561.json#60497/82652"
"561","166 E","Qui Nhon Est","1953","10.34847/nkl.73fcd969","CC-BY-4.0","published","1","Romain Suarez","2026-09-30T14:04:52.009Z","work/indochine-100k/sources/serie-561.json#60498/82653"
"561","166 W","Qui Nhon Ouest","1952","10.34847/nkl.8dc02ux4","CC-BY-4.0","published","1","Romain Suarez","2026-09-30T14:04:51.191Z","work/indochine-100k/sources/serie-561.json#60500/82654"
"561","167 bis E","Siem Réap Est","1953","10.34847/nkl.3adf7q83","CC-BY-4.0","published","1","Romain Suarez","2026-09-30T14:05:11.750Z","work/indochine-100k/sources/serie-561.json#60516/82661"
"561","167 bis W","Siem Réap Ouest","1953","10.34847/nkl.f5cd8b2e","CC-BY-4.0","published","1","Romain Suarez","2026-09-30T14:05:11.796Z","work/indochine-100k/sources/serie-561.json#60519/82662"
"561","167 E","Battambang Est","1953","10.34847/nkl.3cd0wi5n","CC-BY-4.0","published","1","Romain Suarez","2026-09-30T14:04:51.272Z","work/indochine-100k/sources/serie-561.json#60510/82657"
"561","167 W","Battambang Ouest","1953","10.34847/nkl.1c21a213","CC-BY-4.0","published","1","Romain Suarez","2026-09-30T14:04:51.800Z","work/indochine-100k/sources/serie-561.json#60514/82660"
"561","167 W","Battambang Ouest","1947","10.34847/nkl.754c1twi","CC-BY-4.0","published","1","Romain Suarez","2026-09-30T14:04:51.483Z","work/indochine-100k/sources/serie-561.json#60512/82658"
"561","167 W","Battambang Ouest","1952","10.34847/nkl.ed57q3c0","CC-BY-4.0","published","1","Romain Suarez","2026-09-30T14:04:51.622Z","work/indochine-100k/sources/serie-561.json#60513/82659"
"561","168 E","Phnom Deck Est","1951","10.34847/nkl.3ed5dbp5","CC-BY-4.0","published","1","Romain Suarez","2026-09-30T14:04:51.822Z","work/indochine-100k/sources/serie-561.json#60521/82663"
"561","168 W","Phnom Deck Ouest","1951","10.34847/nkl.a6fc2q9h","CC-BY-4.0","published","1","Romain Suarez","2026-09-30T14:04:51.910Z","work/indochine-100k/sources/serie-561.json#60522/82664"
"561","169 E","Kompong Trabeck Est","1953","10.34847/nkl.f7e50i3g","CC-BY-4.0","published","1","Romain Suarez","2026-09-30T14:04:52.195Z","work/indochine-100k/sources/serie-561.json#60523/82665"
"561","169 W","Kompong Trabeck Ouest","1950","10.34847/nkl.d6bf9aau","CC-BY-4.0","published","1","Romain Suarez","2026-09-30T14:04:55.099Z","work/indochine-100k/sources/serie-561.json#60525/82666"
"561","169 W","Kompong Trabeck Ouest","1953","10.34847/nkl.d8f80fxu","CC-BY-4.0","published","1","Romain Suarez","2026-09-30T14:04:53.069Z","work/indochine-100k/sources/serie-561.json#60526/82667"
"561","17 E","Bac - Kan Est","1950","10.34847/nkl.885a77f6","CC-BY-4.0","published","1","Romain Suarez","2026-09-30T14:04:19.753Z","work/indochine-100k/sources/serie-561.json#60052/82356"
"561","17 W","Bac - Kan Ouest","1950","10.34847/nkl.e0378mry","CC-BY-4.0","published","1","Romain Suarez","2026-09-30T14:04:19.800Z","work/indochine-100k/sources/serie-561.json#60053/82357"
"561","170 E","Prek Preas Est","1947","10.34847/nkl.80f9j1d6","CC-BY-4.0","published","1","Romain Suarez","2026-09-30T14:04:52.302Z","work/indochine-100k/sources/serie-561.json#60528/82668"
"561","170 W","Prek Preas Ouest","1953","10.34847/nkl.178ajz5d","CC-BY-4.0","published","1","Romain Suarez","2026-09-30T14:04:52.644Z","work/indochine-100k/sources/serie-561.json#60531/82670"
"561","170 W","Prek Preas Ouest","1951","10.34847/nkl.cfa6a9r0","CC-BY-4.0","published","1","Romain Suarez","2026-09-30T14:04:54.390Z","work/indochine-100k/sources/serie-561.json#60530/82669"
"561","171 E","Srépok Est","1952","10.34847/nkl.8c2ceg42","CC-BY-4.0","published","1","Romain Suarez","2026-09-30T14:04:52.934Z","work/indochine-100k/sources/serie-561.json#60533/82671"
"561","171 W","Srépok Ouest","1952","10.34847/nkl.acdetnl3","CC-BY-4.0","published","1","Romain Suarez","2026-09-30T14:04:53.290Z","work/indochine-100k/sources/serie-561.json#60534/82672"
"561","172 E","Ko Mayol Est","1952","10.34847/nkl.0ed77oq1","CC-BY-4.0","published","1","Romain Suarez","2026-09-30T14:04:53.363Z","work/indochine-100k/sources/serie-561.json#60535/82673"
"561","172 W","Ko Mayol Ouest","1952","10.34847/nkl.8d88852l","CC-BY-4.0","published","1","Romain Suarez","2026-09-30T14:04:53.627Z","work/indochine-100k/sources/serie-561.json#60537/82674"
"561","173 E","Cheo Reo Est","1953","10.34847/nkl.c6fb8t63","CC-BY-4.0","published","1","Romain Suarez","2026-09-30T14:04:53.927Z","work/indochine-100k/sources/serie-561.json#60539/82676"
"561","173 E","Cheo Reo Est","1950","10.34847/nkl.dd6f46t2","CC-BY-4.0","published","1","Romain Suarez","2026-09-30T14:04:53.673Z","work/indochine-100k/sources/serie-561.json#60538/82675"
"561","173 W","Cheo Reo Ouest","1953","10.34847/nkl.8af68113","CC-BY-4.0","published","1","Romain Suarez","2026-09-30T14:04:54.289Z","work/indochine-100k/sources/serie-561.json#60542/82678"
"561","173 W","Cheo Reo Ouest","1950","10.34847/nkl.e7d3j92l","CC-BY-4.0","published","1","Romain Suarez","2026-09-30T14:04:54.011Z","work/indochine-100k/sources/serie-561.json#60541/82677"
"561","174 bis E","Pailin Est","1947","10.34847/nkl.72f8x5zc","CC-BY-4.0","published","1","Romain Suarez","2026-09-30T14:05:12.080Z","work/indochine-100k/sources/serie-561.json#60552/82685"
"561","174 bis W","Pailin Ouest","1947","10.34847/nkl.a6737q47","CC-BY-4.0","published","1","Romain Suarez","2026-09-30T14:05:12.112Z","work/indochine-100k/sources/serie-561.json#60555/82686"
"561","174 E","Söng Cau Est","1951","10.34847/nkl.2526uoxp","CC-BY-4.0","published","1","Romain Suarez","2026-09-30T14:04:54.301Z","work/indochine-100k/sources/serie-561.json#60545/82680"
"561","174 E","Söng - Cau [Est]","1950","10.34847/nkl.af3e962f","CC-BY-4.0","published","1","Romain Suarez","2026-09-30T14:04:54.644Z","work/indochine-100k/sources/serie-561.json#60544/82679"
"561","174 E","Söng Cau Est","1952","10.34847/nkl.be00tn0z","CC-BY-4.0","published","1","Romain Suarez","2026-09-30T14:04:54.977Z","work/indochine-100k/sources/serie-561.json#60546/82681"
"561","174 W","Söng Cau Ouest","1951","10.34847/nkl.a67c67p3","CC-BY-4.0","published","1","Romain Suarez","2026-09-30T14:04:55.448Z","work/indochine-100k/sources/serie-561.json#60549/82683"
"561","174 W","Söng - Cau Ouest","1950","10.34847/nkl.a9e8cf73","CC-BY-4.0","published","1","Romain Suarez","2026-09-30T14:04:54.678Z","work/indochine-100k/sources/serie-561.json#60548/82682"
"561","174 W","Söng Cau Ouest","1953","10.34847/nkl.baf562mb","CC-BY-4.0","published","1","Romain Suarez","2026-09-30T14:04:55.028Z","work/indochine-100k/sources/serie-561.json#60550/82684"
"561","175 E","Moung Est","1948","10.34847/nkl.a8c6v5h8","CC-BY-4.0","published","1","Romain Suarez","2026-09-30T14:04:55.279Z","work/indochine-100k/sources/serie-561.json#60558/82687"
"561","175 E","Moung Est","1953","10.34847/nkl.ed3965iw","CC-BY-4.0","published","1","Romain Suarez","2026-09-30T14:04:55.467Z","work/indochine-100k/sources/serie-561.json#60559/82688"
"561","175 W","Moung Ouest","1953","10.34847/nkl.8ed93j2j","CC-BY-4.0","published","1","Romain Suarez","2026-09-30T14:04:55.636Z","work/indochine-100k/sources/serie-561.json#60562/82690"
"561","175 W","Moung Ouest","1948","10.34847/nkl.a493y9g2","CC-BY-4.0","published","1","Romain Suarez","2026-09-30T14:04:55.365Z","work/indochine-100k/sources/serie-561.json#60561/82689"
"561","176 E","Trapéang Chong Est","1953","10.34847/nkl.17702u4i","CC-BY-4.0","published","1","Romain Suarez","2026-09-30T14:04:55.800Z","work/indochine-100k/sources/serie-561.json#60565/82692"
"561","176 E","Trapéang Chong Est","1950","10.34847/nkl.cabda9hr","CC-BY-4.0","published","1","Romain Suarez","2026-09-30T14:04:55.660Z","work/indochine-100k/sources/serie-561.json#60564/82691"
"561","176 W","Trapéang Chong Ouest","1948","10.34847/nkl.e4c2z2xd","CC-BY-4.0","published","1","Romain Suarez","2026-09-30T14:04:55.786Z","work/indochine-100k/sources/serie-561.json#60566/82693"
"561","176 W","Trapéang Chong Ouest","1953","10.34847/nkl.e6bcj2um","CC-BY-4.0","published","1","Romain Suarez","2026-09-30T14:04:56.000Z","work/indochine-100k/sources/serie-561.json#60567/82694"
"561","177 E","Kompong Thom Est","1952","10.34847/nkl.16252107","CC-BY-4.0","published","1","Romain Suarez","2026-09-30T14:04:56.956Z","work/indochine-100k/sources/serie-561.json#60570/82696"
"561","177 E","Kompong Thom Est","1951","10.34847/nkl.eefdxc32","CC-BY-4.0","published","1","Romain Suarez","2026-09-30T14:04:56.007Z","work/indochine-100k/sources/serie-561.json#60569/82695"
"561","177 W","Kompong Thom Ouest","1951","10.34847/nkl.65ebp3pj","CC-BY-4.0","published","1","Romain Suarez","2026-09-30T14:04:56.078Z","work/indochine-100k/sources/serie-561.json#60572/82697"
"561","177 W","Kompong Thom Ouest","1952","10.34847/nkl.aa277p27","CC-BY-4.0","published","1","Romain Suarez","2026-09-30T14:04:56.337Z","work/indochine-100k/sources/serie-561.json#60573/82698"
"561","178 E","Beng Lovéa Est","1952","10.34847/nkl.6f85cx26","CC-BY-4.0","published","1","Romain Suarez","2026-09-30T14:04:56.627Z","work/indochine-100k/sources/serie-561.json#60577/82700"
"561","178 E","Beng Lovéa Est","1951","10.34847/nkl.73767qjf","CC-BY-4.0","published","1","Romain Suarez","2026-09-30T14:04:56.373Z","work/indochine-100k/sources/serie-561.json#60576/82699"
"561","178 W","Beng Lovéa Ouest","1951","10.34847/nkl.88bbkf14","CC-BY-4.0","published","1","Romain Suarez","2026-09-30T14:04:56.424Z","work/indochine-100k/sources/serie-561.json#60580/82701"
"561","178 W","Beng Lovéa Ouest","1952","10.34847/nkl.bbe9e58y","CC-BY-4.0","published","1","Romain Suarez","2026-09-30T14:04:57.534Z","work/indochine-100k/sources/serie-561.json#60581/82702"
"561","179 E","Sambor Est","1952","10.34847/nkl.dc88em15","CC-BY-4.0","published","1","Romain Suarez","2026-09-30T14:04:56.777Z","work/indochine-100k/sources/serie-561.json#60584/82703"
"561","179 W","Sambor Ouest","1953","10.34847/nkl.5ce9429o","CC-BY-4.0","published","1","Romain Suarez","2026-09-30T14:04:56.982Z","work/indochine-100k/sources/serie-561.json#60585/82704"
"561","18 E","Thât - Khê Est","1949","10.34847/nkl.23ff63fo","CC-BY-4.0","published","1","Romain Suarez","2026-09-30T14:04:20.094Z","work/indochine-100k/sources/serie-561.json#60054/82358"
"561","18 E","Thât Khê Est","1952","10.34847/nkl.90aa41tv","CC-BY-4.0","published","1","Romain Suarez","2026-09-30T14:04:19.770Z","work/indochine-100k/sources/serie-561.json#60055/82359"
"561","18 W","Thât - Khê Ouest","1949","10.34847/nkl.94ddw3kv","CC-BY-4.0","published","1","Romain Suarez","2026-09-30T14:04:20.123Z","work/indochine-100k/sources/serie-561.json#60056/82360"
"561","18 W","Thât Khê Ouest","1952","10.34847/nkl.e17f6r56","CC-BY-4.0","published","1","Romain Suarez","2026-09-30T14:04:19.996Z","work/indochine-100k/sources/serie-561.json#60057/82361"
"561","180 E","Poste Deshayes Est","1952","10.34847/nkl.78d80137","CC-BY-4.0","published","1","Romain Suarez","2026-09-30T14:04:57.067Z","work/indochine-100k/sources/serie-561.json#60588/82705"
"561","180 W","Poste Deshayes Ouest","1952","10.34847/nkl.3fb51yj4","CC-BY-4.0","published","1","Romain Suarez","2026-09-30T14:04:57.315Z","work/indochine-100k/sources/serie-561.json#60589/82706"
"561","181 E","Ban Don Est","1953","10.34847/nkl.30dd539p","CC-BY-4.0","published","1","Romain Suarez","2026-09-30T14:04:57.710Z","work/indochine-100k/sources/serie-561.json#60590/82707"
"561","181 W","Ban Don Ouest","1953","10.34847/nkl.5ec3we85","CC-BY-4.0","published","1","Romain Suarez","2026-09-30T14:04:57.414Z","work/indochine-100k/sources/serie-561.json#60592/82708"
"561","182 E","Ban Mé Thuot Est","1953","10.34847/nkl.3cb43v72","CC-BY-4.0","published","1","Romain Suarez","2026-09-30T14:04:57.603Z","work/indochine-100k/sources/serie-561.json#60594/82709"
"561","182 W","Ban Mé Thuot Ouest","1953","10.34847/nkl.d15eqnx8","CC-BY-4.0","published","1","Romain Suarez","2026-09-30T14:04:57.738Z","work/indochine-100k/sources/serie-561.json#60598/82710"
"561","183 E","Van Gia Est","1953","10.34847/nkl.9fb1p66v","CC-BY-4.0","published","1","Romain Suarez","2026-09-30T14:04:58.009Z","work/indochine-100k/sources/serie-561.json#60601/82712"
"561","183 E","Van Gia Est","1951","10.34847/nkl.b564m2bh","CC-BY-4.0","published","1","Romain Suarez","2026-09-30T14:04:57.885Z","work/indochine-100k/sources/serie-561.json#60600/82711"
"561","183 W","Van Gia Ouest","1950","10.34847/nkl.06efa18n","CC-BY-4.0","published","1","Romain Suarez","2026-09-30T14:04:57.940Z","work/indochine-100k/sources/serie-561.json#60604/82713"
"561","183 W","Van Gia Ouest","1953","10.34847/nkl.07ee35ry","CC-BY-4.0","published","1","Romain Suarez","2026-09-30T14:04:58.071Z","work/indochine-100k/sources/serie-561.json#60605/82714"
"561","184","Tô Bông","1953","10.34847/nkl.112em4ik","CC-BY-4.0","published","1","Romain Suarez","2026-09-30T14:04:58.291Z","work/indochine-100k/sources/serie-561.json#60609/82716"
"561","184","Tô Bông","1951","10.34847/nkl.f1903j78","CC-BY-4.0","published","1","Romain Suarez","2026-09-30T14:04:58.248Z","work/indochine-100k/sources/serie-561.json#60608/82715"
"561","186","Phnom Leach","1951","10.34847/nkl.963b45r2","CC-BY-4.0","published","1","Romain Suarez","2026-09-30T14:04:58.346Z","work/indochine-100k/sources/serie-561.json#60611/82717"
"561","186 E","Phnom Leach Est","1953","10.34847/nkl.eda994sb","CC-BY-4.0","published","1","Romain Suarez","2026-09-30T14:04:58.359Z","work/indochine-100k/sources/serie-561.json#60612/82718"
"561","186 W","Phnom Leach Ouest","1953","10.34847/nkl.2f268e48","CC-BY-4.0","published","1","Romain Suarez","2026-09-30T14:04:58.584Z","work/indochine-100k/sources/serie-561.json#60613/82719"
"561","187 E","Pursat Est","1950","10.34847/nkl.bfc77vau","CC-BY-4.0","published","1","Romain Suarez","2026-09-30T14:04:58.654Z","work/indochine-100k/sources/serie-561.json#60614/82720"
"561","187 E","Pursat Est","1953","10.34847/nkl.e930fq62","CC-BY-4.0","published","1","Romain Suarez","2026-09-30T14:04:58.694Z","work/indochine-100k/sources/serie-561.json#60615/82721"
"561","187 W","Pursat Ouest","1948","10.34847/nkl.d314plwj","CC-BY-4.0","published","1","Romain Suarez","2026-09-30T14:04:59.540Z","work/indochine-100k/sources/serie-561.json#60617/82722"
"561","187 W","Pursat Ouest","1953","10.34847/nkl.e47ak0f9","CC-BY-4.0","published","1","Romain Suarez","2026-09-30T14:04:58.876Z","work/indochine-100k/sources/serie-561.json#60618/82723"
"561","188 E","Kompong Chhnang Est","1952","10.34847/nkl.afd10168","CC-BY-4.0","published","1","Romain Suarez","2026-09-30T14:04:59.034Z","work/indochine-100k/sources/serie-561.json#60621/82724"
"561","188 W","Kompong Chhnang Ouest","1952","10.34847/nkl.0e1fwas0","CC-BY-4.0","published","1","Romain Suarez","2026-09-30T14:04:59.210Z","work/indochine-100k/sources/serie-561.json#60625/82726"
"561","188 W","Kompong - Chhnang Ouest","1951","10.34847/nkl.c7da82ny","CC-BY-4.0","published","1","Romain Suarez","2026-09-30T14:04:58.982Z","work/indochine-100k/sources/serie-561.json#60624/82725"
"561","189 E","Krau Chmar Est","1952","10.34847/nkl.99b05ruo","CC-BY-4.0","published","1","Romain Suarez","2026-09-30T14:04:59.271Z","work/indochine-100k/sources/serie-561.json#60628/82727"
"561","19 W","Bi-Nhi Ouest","1952","10.34847/nkl.1a9d5s6i","CC-BY-4.0","published","1","Romain Suarez","2026-09-30T14:04:20.088Z","work/indochine-100k/sources/serie-561.json#60058/82363"
"561","19 W","Bi-Nhi Ouest","1949","10.34847/nkl.b91c051k","CC-BY-4.0","published","1","Romain Suarez","2026-09-30T14:04:20.336Z","work/indochine-100k/sources/serie-561.json#60059/82362"
"561","190 E","Kratié Est","1952","10.34847/nkl.cabbh30z","CC-BY-4.0","published","1","Romain Suarez","2026-09-30T14:04:59.369Z","work/indochine-100k/sources/serie-561.json#60636/82728"
"561","190 W","Kratié Ouest","1953","10.34847/nkl.8d6c0mwl","CC-BY-4.0","published","1","Romain Suarez","2026-09-30T14:04:59.541Z","work/indochine-100k/sources/serie-561.json#60638/82729"
"561","191 E","Sré Khtum Est","1952","10.34847/nkl.deaa8083","CC-BY-4.0","published","1","Romain Suarez","2026-09-30T14:04:59.606Z","work/indochine-100k/sources/serie-561.json#60640/82730"
"561","191 W","Sré Khtum Ouest","1952","10.34847/nkl.7c1f0ix0","CC-BY-4.0","published","1","Romain Suarez","2026-09-30T14:04:59.660Z","work/indochine-100k/sources/serie-561.json#60641/82731"
"561","192 E","Poste Maître Est","1948","10.34847/nkl.5fb1s4xd","CC-BY-4.0","published","1","Romain Suarez","2026-09-30T14:05:01.294Z","work/indochine-100k/sources/serie-561.json#60642/82732"
"561","192 E","Poste Maître Est","1953","10.34847/nkl.706fj324","CC-BY-4.0","published","1","Romain Suarez","2026-09-30T14:05:02.840Z","work/indochine-100k/sources/serie-561.json#60643/82733"
"561","192 W","Poste Maître Ouest","1953","10.34847/nkl.82e0t930","CC-BY-4.0","published","1","Romain Suarez","2026-09-30T14:04:59.939Z","work/indochine-100k/sources/serie-561.json#60645/82734"
"561","193","Poste du Lac","1949","10.34847/nkl.79aafz15","CC-BY-4.0","published","1","Romain Suarez","2026-09-30T14:04:59.997Z","work/indochine-100k/sources/serie-561.json#60648/82735"
"561","193 E","Poste du Lac","1953","10.34847/nkl.e73eie3o","CC-BY-4.0","published","1","Romain Suarez","2026-09-30T14:05:00.231Z","work/indochine-100k/sources/serie-561.json#60649/82736"
"561","193 W","Poste du Lac","1953","10.34847/nkl.9fab1469","CC-BY-4.0","published","1","Romain Suarez","2026-09-30T14:05:00.333Z","work/indochine-100k/sources/serie-561.json#60650/82737"
"561","194 E","Nha Trang Est","1953","10.34847/nkl.2acfmouq","CC-BY-4.0","published","1","Romain Suarez","2026-09-30T14:05:00.566Z","work/indochine-100k/sources/serie-561.json#60651/82738"
"561","194 W","Nha Trang Ouest","1953","10.34847/nkl.2b3b6086","CC-BY-4.0","published","1","Romain Suarez","2026-09-30T14:05:00.625Z","work/indochine-100k/sources/serie-561.json#60654/82739"
"561","195","Klong Klun","1954","10.34847/nkl.badf9xg2","CC-BY-4.0","published","1","Romain Suarez","2026-09-30T14:05:00.906Z","work/indochine-100k/sources/serie-561.json#60657/82740"
"561","196 E","Russey Chrum Est","1953","10.34847/nkl.dee44l42","CC-BY-4.0","published","1","Romain Suarez","2026-09-30T14:05:00.959Z","work/indochine-100k/sources/serie-561.json#60658/82741"
"561","196 W","Russey Chrum Ouest","1953","10.34847/nkl.df4563pq","CC-BY-4.0","published","1","Romain Suarez","2026-09-30T14:05:01.197Z","work/indochine-100k/sources/serie-561.json#60659/82742"
"561","197 E","Tang Phloch Est","1954","10.34847/nkl.582ffpuu","CC-BY-4.0","published","1","Romain Suarez","2026-09-30T14:05:01.320Z","work/indochine-100k/sources/serie-561.json#60660/82743"
"561","197 W","Tang Phloch Ouest","1954","10.34847/nkl.1aea1ihm","CC-BY-4.0","published","1","Romain Suarez","2026-09-30T14:05:01.531Z","work/indochine-100k/sources/serie-561.json#60661/82744"
"561","198 E","Phsar Oudong Est","1952","10.34847/nkl.910bsm0v","CC-BY-4.0","published","1","Romain Suarez","2026-09-30T14:05:01.894Z","work/indochine-100k/sources/serie-561.json#60663/82746"
"561","198 E","Phsar Oudong Est","1951","10.34847/nkl.b93afm54","CC-BY-4.0","published","1","Romain Suarez","2026-09-30T14:05:01.584Z","work/indochine-100k/sources/serie-561.json#60662/82745"
"561","198 W","Phsar Oudong Ouest","1951","10.34847/nkl.060e10gz","CC-BY-4.0","published","1","Romain Suarez","2026-09-30T14:05:02.478Z","work/indochine-100k/sources/serie-561.json#60666/82747"
"561","198 W","Phsar Oudong Ouest","1952","10.34847/nkl.7ccf73d4","CC-BY-4.0","published","1","Romain Suarez","2026-09-30T14:05:01.915Z","work/indochine-100k/sources/serie-561.json#60667/82748"
"561","199 E","Kompong-Cham Est","1952","10.34847/nkl.c8c66nyo","CC-BY-4.0","published","1","Romain Suarez","2026-09-30T14:05:02.522Z","work/indochine-100k/sources/serie-561.json#60671/82750"
"561","199 E","Kompong-Cham Est","1951","10.34847/nkl.f7ffhjuu","CC-BY-4.0","published","1","Romain Suarez","2026-09-30T14:05:02.185Z","work/indochine-100k/sources/serie-561.json#60670/82749"
"561","199 W","Kompong-Cham Ouest","1951","10.34847/nkl.a4561yx2","CC-BY-4.0","published","1","Romain Suarez","2026-09-30T14:05:02.267Z","work/indochine-100k/sources/serie-561.json#60674/82751"
"561","199 W","Kompong-Cham Ouest","1952","10.34847/nkl.d8ffy5tf","CC-BY-4.0","published","1","Romain Suarez","2026-09-30T14:05:02.565Z","work/indochine-100k/sources/serie-561.json#60675/82752"
"561","2 E","Dong-Van Est","1950","10.34847/nkl.b7b8p26a","CC-BY-4.0","published","1","Romain Suarez","2026-09-30T14:04:16.968Z","work/indochine-100k/sources/serie-561.json#60022/82327"
"561","2 W","Dong-Van Ouest","1950","10.34847/nkl.2eab6yj3","CC-BY-4.0","published","1","Romain Suarez","2026-09-30T14:04:17.115Z","work/indochine-100k/sources/serie-561.json#60023/82328"
"561","200 E","Mimot Est","1950","10.34847/nkl.04ac5i2o","CC-BY-4.0","published","1","Romain Suarez","2026-09-30T14:05:02.808Z","work/indochine-100k/sources/serie-561.json#60678/82753"
"561","200 E","Mimot Est","1951","10.34847/nkl.de3ae56h","CC-BY-4.0","published","1","Romain Suarez","2026-09-30T14:05:02.897Z","work/indochine-100k/sources/serie-561.json#60679/82754"
"561","200 W","Mimot Ouest","1950","10.34847/nkl.8fdb464n","CC-BY-4.0","published","1","Romain Suarez","2026-09-30T14:05:02.852Z","work/indochine-100k/sources/serie-561.json#60680/82755"
"561","200 W","Mimot Ouest","1951","10.34847/nkl.db3f20hf","CC-BY-4.0","published","1","Romain Suarez","2026-09-30T14:05:03.101Z","work/indochine-100k/sources/serie-561.json#60681/82756"
"561","201 E","Lôc Ninh Est","1950","10.34847/nkl.3c582sri","CC-BY-4.0","published","1","Romain Suarez","2026-09-30T14:05:03.193Z","work/indochine-100k/sources/serie-561.json#60682/82757"
"561","201 E","Lôc Ninh Est","1953","10.34847/nkl.6fc8485i","CC-BY-4.0","published","1","Romain Suarez","2026-09-30T14:05:03.231Z","work/indochine-100k/sources/serie-561.json#60683/82758"
"561","201 W","Lôc Ninh Ouest","1953","10.34847/nkl.b31f0680","CC-BY-4.0","published","1","Romain Suarez","2026-09-30T14:05:03.438Z","work/indochine-100k/sources/serie-561.json#60686/82760"
"561","201 W","Lôc Ninh Ouest","1950","10.34847/nkl.d876zdxh","CC-BY-4.0","published","1","Romain Suarez","2026-09-30T14:05:03.604Z","work/indochine-100k/sources/serie-561.json#60685/82759"
"561","202 E","Haut - Donnaï Est","1953","10.34847/nkl.e04csv30","CC-BY-4.0","published","1","Romain Suarez","2026-09-30T14:05:03.487Z","work/indochine-100k/sources/serie-561.json#60688/82761"
"561","202 W","Haut - Donnaï Ouest","1953","10.34847/nkl.e20dg0f9","CC-BY-4.0","published","1","Romain Suarez","2026-09-30T14:05:03.597Z","work/indochine-100k/sources/serie-561.json#60690/82762"
"561","203 E","Dalat Est","1951","10.34847/nkl.ce7dlk24","CC-BY-4.0","published","1","Romain Suarez","2026-09-30T14:05:03.776Z","work/indochine-100k/sources/serie-561.json#60692/82763"
"561","203 W","Dalat Ouest","1953","10.34847/nkl.d2d583u2","CC-BY-4.0","published","1","Romain Suarez","2026-09-30T14:05:03.824Z","work/indochine-100k/sources/serie-561.json#60694/82764"
"561","204 E","Cam Ranh Est","1948","10.34847/nkl.55cayakc","CC-BY-4.0","published","1","Romain Suarez","2026-09-30T14:05:03.887Z","work/indochine-100k/sources/serie-561.json#60696/82765"
"561","204 E","Cam Ranh Est","1953","10.34847/nkl.eb24f8im","CC-BY-4.0","published","1","Romain Suarez","2026-09-30T14:05:04.160Z","work/indochine-100k/sources/serie-561.json#60698/82767"
"561","204 E","Cam Ranh Est","1950","10.34847/nkl.ec57850p","CC-BY-4.0","published","1","Romain Suarez","2026-09-30T14:05:03.964Z","work/indochine-100k/sources/serie-561.json#60697/82766"
"561","204 W","Cam Ranh Ouest","1953","10.34847/nkl.cbd6w9s8","CC-BY-4.0","published","1","Romain Suarez","2026-09-30T14:05:04.222Z","work/indochine-100k/sources/serie-561.json#60702/82769"
"561","204 W","Cam Ranh Ouest","1950","10.34847/nkl.dc07igr3","CC-BY-4.0","published","1","Romain Suarez","2026-09-30T14:05:04.125Z","work/indochine-100k/sources/serie-561.json#60701/82768"
"561","205","Kas Moul","1954","10.34847/nkl.e0c67xo9","CC-BY-4.0","published","1","Romain Suarez","2026-09-30T14:05:04.254Z","work/indochine-100k/sources/serie-561.json#60705/82770"
"561","206 E","Chamnop Est","1954","10.34847/nkl.318fwg6e","CC-BY-4.0","published","1","Romain Suarez","2026-09-30T14:05:04.430Z","work/indochine-100k/sources/serie-561.json#60706/82771"
"561","206 W","Chamnop Ouest","1954","10.34847/nkl.825a9890","CC-BY-4.0","published","1","Romain Suarez","2026-09-30T14:05:06.497Z","work/indochine-100k/sources/serie-561.json#60707/82772"
"561","207 E","Trapeang Kraleng Est","1954","10.34847/nkl.f90dm317","CC-BY-4.0","published","1","Romain Suarez","2026-09-30T14:05:04.561Z","work/indochine-100k/sources/serie-561.json#60708/82773"
"561","207 W","Trapeang Kraleng Ouest","1954","10.34847/nkl.e825x39y","CC-BY-4.0","published","1","Romain Suarez","2026-09-30T14:05:04.585Z","work/indochine-100k/sources/serie-561.json#60709/82774"
"561","208 E","Phnom Penh Est","1951","10.34847/nkl.9ff02gu2","CC-BY-4.0","published","1","Romain Suarez","2026-09-30T14:05:04.724Z","work/indochine-100k/sources/serie-561.json#60710/82775"
"561","208 W","Phnom Penh Ouest","1951","10.34847/nkl.55630w5h","CC-BY-4.0","published","1","Romain Suarez","2026-09-30T14:05:04.909Z","work/indochine-100k/sources/serie-561.json#60713/82776"
"561","209 E","Prey Veng Est","1951","10.34847/nkl.079evy0l","CC-BY-4.0","published","1","Romain Suarez","2026-09-30T14:05:05.890Z","work/indochine-100k/sources/serie-561.json#60716/82777"
"561","209 W","Phnom Penh Ouest","1951","10.34847/nkl.66cd7ew9","CC-BY-4.0","published","1","Romain Suarez","2026-09-30T14:05:04.923Z","work/indochine-100k/sources/serie-561.json#60719/82778"
"561","21 E","Phong-Saly Est","1950","10.34847/nkl.bbbe7mrv","CC-BY-4.0","published","1","Romain Suarez","2026-09-30T14:04:20.432Z","work/indochine-100k/sources/serie-561.json#60060/82364"
"561","21 W","Phong-Saly Ouest","1950","10.34847/nkl.cd737hkg","CC-BY-4.0","published","1","Romain Suarez","2026-09-30T14:04:20.384Z","work/indochine-100k/sources/serie-561.json#60061/82365"
"561","210 E","Tây Ninh Est","1951","10.34847/nkl.de1b1hof","CC-BY-4.0","published","1","Romain Suarez","2026-09-30T14:05:05.202Z","work/indochine-100k/sources/serie-561.json#60722/82779"
"561","210 E","Tây Ninh Est","1952","10.34847/nkl.dfce10w6","CC-BY-4.0","published","1","Romain Suarez","2026-09-30T14:05:05.542Z","work/indochine-100k/sources/serie-561.json#60723/82780"
"561","210 W","Tây Ninh Ouest","1951","10.34847/nkl.e57en1b0","CC-BY-4.0","published","1","Romain Suarez","2026-09-30T14:05:05.275Z","work/indochine-100k/sources/serie-561.json#60724/82781"
"561","210 W","Tây Ninh Ouest","1952","10.34847/nkl.fa00sljy","CC-BY-4.0","published","1","Romain Suarez","2026-09-30T14:05:05.566Z","work/indochine-100k/sources/serie-561.json#60725/82782"
"561","211 E","Hon Quan Est","1953","10.34847/nkl.7d53zr9f","CC-BY-4.0","published","1","Romain Suarez","2026-09-30T14:05:05.895Z","work/indochine-100k/sources/serie-561.json#60726/82783"
"561","211 W","Hon Quan Ouest","1953","10.34847/nkl.a0c971ho","CC-BY-4.0","published","1","Romain Suarez","2026-09-30T14:05:05.896Z","work/indochine-100k/sources/serie-561.json#60728/82784"
"561","212 E","Blao Est","1953","10.34847/nkl.34a73sjx","CC-BY-4.0","published","1","Romain Suarez","2026-09-30T14:05:06.266Z","work/indochine-100k/sources/serie-561.json#60730/82785"
"561","212 W","Blao Ouest","1953","10.34847/nkl.47ebyb6r","CC-BY-4.0","published","1","Romain Suarez","2026-09-30T14:05:06.196Z","work/indochine-100k/sources/serie-561.json#60731/82786"
"561","213 E","Djiring Est","1953","10.34847/nkl.07db2ow3","CC-BY-4.0","published","1","Romain Suarez","2026-09-30T14:05:06.266Z","work/indochine-100k/sources/serie-561.json#60733/82787"
"561","213 W","Djiring Ouest","1953","10.34847/nkl.49feo52b","CC-BY-4.0","published","1","Romain Suarez","2026-09-30T14:05:06.619Z","work/indochine-100k/sources/serie-561.json#60736/82788"
"561","214 E","Phan Rang Est","1953","10.34847/nkl.df1et1f7","CC-BY-4.0","published","1","Romain Suarez","2026-09-30T14:05:06.620Z","work/indochine-100k/sources/serie-561.json#60739/82789"
"561","214 W","Phan Rang Ouest","1951","10.34847/nkl.940d5n7l","CC-BY-4.0","published","1","Romain Suarez","2026-09-30T14:05:06.620Z","work/indochine-100k/sources/serie-561.json#60741/82790"
"561","214 W","Phan Rang Ouest","1953","10.34847/nkl.a5a0lp37","CC-BY-4.0","published","1","Romain Suarez","2026-09-30T14:05:06.857Z","work/indochine-100k/sources/serie-561.json#60742/82791"
"561","216 E","Kompong Som Est","1954","10.34847/nkl.d8a371n4","CC-BY-4.0","published","1","Romain Suarez","2026-09-30T14:05:06.971Z","work/indochine-100k/sources/serie-561.json#60743/82792"
"561","216 W","Kompong Som Ouest","1954","10.34847/nkl.b966a3rr","CC-BY-4.0","published","1","Romain Suarez","2026-09-30T14:05:06.960Z","work/indochine-100k/sources/serie-561.json#60744/82793"
"561","217 E","Chhuk Est","1954","10.34847/nkl.1b67501t","CC-BY-4.0","published","1","Romain Suarez","2026-09-30T14:05:08.739Z","work/indochine-100k/sources/serie-561.json#60745/82794"
"561","217 W","Chhuk Ouest","1954","10.34847/nkl.ea1e73pb","CC-BY-4.0","published","1","Romain Suarez","2026-09-30T14:05:07.149Z","work/indochine-100k/sources/serie-561.json#60747/82795"
"561","218 E","Takeo Est","1951","10.34847/nkl.afcaiccc","CC-BY-4.0","published","1","Romain Suarez","2026-09-30T14:05:07.298Z","work/indochine-100k/sources/serie-561.json#60749/82796"
"561","218 W","Takeo Ouest","1951","10.34847/nkl.3bb83j58","CC-BY-4.0","published","1","Romain Suarez","2026-09-30T14:05:07.304Z","work/indochine-100k/sources/serie-561.json#60752/82797"
"561","219 E","Svay - Rieng Est","1951","10.34847/nkl.29f78eo0","CC-BY-4.0","published","1","Romain Suarez","2026-09-30T14:05:07.501Z","work/indochine-100k/sources/serie-561.json#60755/82798"
"561","219 W","Svay - Rieng Ouest","1951","10.34847/nkl.bb64viik","CC-BY-4.0","published","1","Romain Suarez","2026-09-30T14:05:07.587Z","work/indochine-100k/sources/serie-561.json#60758/82799"
"561","22 E","Muong Hun Xieng Hung Est","1955","10.34847/nkl.e1f63nb2","CC-BY-4.0","published","1","Romain Suarez","2026-09-30T14:04:20.683Z","work/indochine-100k/sources/serie-561.json#60062/82366"
"561","22 W","Muong Hùn Xiêng Hung Ouest","1955","10.34847/nkl.3490q3l6","CC-BY-4.0","published","1","Romain Suarez","2026-09-30T14:04:20.453Z","work/indochine-100k/sources/serie-561.json#60065/82367"
"561","220 E","Trang Bang Est","1950","10.34847/nkl.5c4693al","CC-BY-4.0","published","1","Romain Suarez","2026-09-30T14:05:07.636Z","work/indochine-100k/sources/serie-561.json#60761/82800"
"561","220 E","Trang Bang Est","1952","10.34847/nkl.c3bffvss","CC-BY-4.0","published","1","Romain Suarez","2026-09-30T14:05:07.931Z","work/indochine-100k/sources/serie-561.json#60762/82801"
"561","220 W","Trang Bang Ouest","1950","10.34847/nkl.f1ca8k83","CC-BY-4.0","published","1","Romain Suarez","2026-09-30T14:05:08.668Z","work/indochine-100k/sources/serie-561.json#60763/82802"
"561","220 W","Trang Bang Ouest","1952","10.34847/nkl.f2b95f2e","CC-BY-4.0","published","1","Romain Suarez","2026-09-30T14:05:07.926Z","work/indochine-100k/sources/serie-561.json#60764/82803"
"561","221 E","Saigon Est","1948","10.34847/nkl.6f8fi294","CC-BY-4.0","published","1","Romain Suarez","2026-09-30T14:05:08.260Z","work/indochine-100k/sources/serie-561.json#60765/82804"
"561","221 E","Saigon Est","1951","10.34847/nkl.b7b0i270","CC-BY-4.0","published","1","Romain Suarez","2026-09-30T14:05:08.220Z","work/indochine-100k/sources/serie-561.json#60766/82805"
"561","221 W","Saigon Ouest","1952","10.34847/nkl.99f55z1y","CC-BY-4.0","published","1","Romain Suarez","2026-09-30T14:05:08.551Z","work/indochine-100k/sources/serie-561.json#60769/82807"
"561","221 W","Saigon Ouest","1948","10.34847/nkl.ed1derob","CC-BY-4.0","published","1","Romain Suarez","2026-09-30T14:05:08.565Z","work/indochine-100k/sources/serie-561.json#60768/82806"
"561","222 E","Gia Ray Est","1953","10.34847/nkl.c0afk94u","CC-BY-4.0","published","1","Romain Suarez","2026-09-30T14:05:09.015Z","work/indochine-100k/sources/serie-561.json#60772/82809"
"561","222 E","Gia Ray Est","1950","10.34847/nkl.eb54gk2t","CC-BY-4.0","published","1","Romain Suarez","2026-09-30T14:05:08.885Z","work/indochine-100k/sources/serie-561.json#60771/82808"
"561","222 W","Gia Ray Ouest","1950","10.34847/nkl.1741628a","CC-BY-4.0","published","1","Romain Suarez","2026-09-30T14:05:08.886Z","work/indochine-100k/sources/serie-561.json#60774/82810"
"561","222 W","Gia Ray Ouest","1953","10.34847/nkl.dea0izl0","CC-BY-4.0","published","1","Romain Suarez","2026-09-30T14:05:09.909Z","work/indochine-100k/sources/serie-561.json#60775/82811"
"561","223 E","Phan Thiet Est","1951","10.34847/nkl.df7asa56","CC-BY-4.0","published","1","Romain Suarez","2026-09-30T14:05:09.244Z","work/indochine-100k/sources/serie-561.json#60777/82812"
"561","223 E","Phan Thiet Est","1953","10.34847/nkl.e01by788","CC-BY-4.0","published","1","Romain Suarez","2026-09-30T14:05:09.311Z","work/indochine-100k/sources/serie-561.json#60778/82813"
"561","223 W","Phan Thiet Ouest","1951","10.34847/nkl.2e98xnhp","CC-BY-4.0","published","1","Romain Suarez","2026-09-30T14:05:10.047Z","work/indochine-100k/sources/serie-561.json#60779/82814"
"561","223 W","Phan Thiet Ouest","1953","10.34847/nkl.ddd10c36","CC-BY-4.0","published","1","Romain Suarez","2026-09-30T14:05:10.528Z","work/indochine-100k/sources/serie-561.json#60780/82815"
"561","225 W","Ream Ouest","1954","10.34847/nkl.c0e22u96","CC-BY-4.0","published","1","Romain Suarez","2026-09-30T14:05:09.675Z","work/indochine-100k/sources/serie-561.json#60781/82816"
"561","226 E","Kampot Est","1948","10.34847/nkl.603es6hl","CC-BY-4.0","published","1","Romain Suarez","2026-09-30T14:05:09.968Z","work/indochine-100k/sources/serie-561.json#60782/82817"
"561","23","Luân Châu","1954","10.34847/nkl.a5f4079o","CC-BY-4.0","published","1","Romain Suarez","2026-09-30T14:04:20.717Z","work/indochine-100k/sources/serie-561.json#60066/82368"
"561","23","Luân Châu","1950","10.34847/nkl.d3a5aefz","CC-BY-4.0","published","1","Romain Suarez","2026-09-30T14:04:20.718Z","work/indochine-100k/sources/serie-561.json#60067/82369"
"561","23 E","Luân Châu Est","1955","10.34847/nkl.7e4d4pod","CC-BY-4.0","published","1","Romain Suarez","2026-09-30T14:04:21.202Z","work/indochine-100k/sources/serie-561.json#60068/82370"
"561","23 W","Luân Châu Ouest","1955","10.34847/nkl.bf3an19c","CC-BY-4.0","published","1","Romain Suarez","2026-09-30T14:04:21.018Z","work/indochine-100k/sources/serie-561.json#60069/82371"
"561","24 E","Tu Lê Est","1952","10.34847/nkl.13c7m071","CC-BY-4.0","published","1","Romain Suarez","2026-09-30T14:04:21.079Z","work/indochine-100k/sources/serie-561.json#60070/82372"
"561","26 E","Tuyên-Quang Est","1949","10.34847/nkl.f86evhrq","CC-BY-4.0","published","1","Romain Suarez","2026-09-30T14:04:21.776Z","work/indochine-100k/sources/serie-561.json#60076/82373"
"561","26 W","Tuyên-Quang Ouest","1949","10.34847/nkl.3ed72u5r","CC-BY-4.0","published","1","Romain Suarez","2026-09-30T14:04:21.308Z","work/indochine-100k/sources/serie-561.json#60077/82374"
"561","27 E","Pho Bình Gia Est","1949","10.34847/nkl.8bf52rq5","CC-BY-4.0","published","1","Romain Suarez","2026-09-30T14:04:21.414Z","work/indochine-100k/sources/serie-561.json#60078/82375"
"561","27 W","Pho Bình Gia Ouest","1949","10.34847/nkl.beebm5kx","CC-BY-4.0","published","1","Romain Suarez","2026-09-30T14:04:21.538Z","work/indochine-100k/sources/serie-561.json#60079/82376"
"561","28 E","Lang Son Est","1950","10.34847/nkl.59baiky5","CC-BY-4.0","published","1","Romain Suarez","2026-09-30T14:04:21.654Z","work/indochine-100k/sources/serie-561.json#60080/82377"
"561","28 W","Lang Son Ouest","1950","10.34847/nkl.c857177g","CC-BY-4.0","published","1","Romain Suarez","2026-09-30T14:04:21.704Z","work/indochine-100k/sources/serie-561.json#60081/82378"
"561","29 E","Than - Poun Est","1950","10.34847/nkl.582d2o28","CC-BY-4.0","published","1","Romain Suarez","2026-09-30T14:04:21.874Z","work/indochine-100k/sources/serie-561.json#60082/82379"
"561","29 W","Than - Poun Ouest","1950","10.34847/nkl.bebd88bx","CC-BY-4.0","published","1","Romain Suarez","2026-09-30T14:04:21.988Z","work/indochine-100k/sources/serie-561.json#60083/82380"
"561","32 E","Bun - Tai Est","1951","10.34847/nkl.3d53a643","CC-BY-4.0","published","1","Romain Suarez","2026-09-30T14:04:23.420Z","work/indochine-100k/sources/serie-561.json#60084/82381"
"561","33 W","Ban Khana Ouest","1951","10.34847/nkl.1e10nha1","CC-BY-4.0","published","1","Romain Suarez","2026-09-30T14:04:22.063Z","work/indochine-100k/sources/serie-561.json#60085/82382"
"561","33 W","Ban Khana Ouest","1955","10.34847/nkl.62af502d","CC-BY-4.0","published","1","Romain Suarez","2026-09-30T14:04:22.221Z","work/indochine-100k/sources/serie-561.json#60086/82383"
"561","34 E","Diên Biên Phu Est","1954","10.34847/nkl.66e4c828","CC-BY-4.0","published","1","Romain Suarez","2026-09-30T14:04:22.331Z","work/indochine-100k/sources/serie-561.json#60087/82384"
"561","34 E","Diên Biên Phu Est","1955","10.34847/nkl.9c73do4x","CC-BY-4.0","published","1","Romain Suarez","2026-09-30T14:04:22.704Z","work/indochine-100k/sources/serie-561.json#60089/82386"
"561","34 E","Diên Biên Phu Est","1950","10.34847/nkl.fbcf3414","CC-BY-4.0","published","1","Romain Suarez","2026-09-30T14:04:22.402Z","work/indochine-100k/sources/serie-561.json#60088/82385"
"561","34 W","Diên Biên Phu Ouest","1950","10.34847/nkl.e32ekl89","CC-BY-4.0","published","1","Romain Suarez","2026-09-30T14:04:22.514Z","work/indochine-100k/sources/serie-561.json#60091/82387"
"561","35 E","Són - La Est","1949","10.34847/nkl.cecbc9u8","CC-BY-4.0","published","1","Romain Suarez","2026-09-30T14:04:22.765Z","work/indochine-100k/sources/serie-561.json#60092/82388"
"561","35 W","Són La Ouest","1949","10.34847/nkl.82catobq","CC-BY-4.0","published","1","Romain Suarez","2026-09-30T14:04:22.871Z","work/indochine-100k/sources/serie-561.json#60093/82389"
"561","36 E","Thanh-Ba Est","1949","10.34847/nkl.8efc939z","CC-BY-4.0","published","1","Romain Suarez","2026-09-30T14:04:22.996Z","work/indochine-100k/sources/serie-561.json#60095/82390"
"561","36 W","Thanh-Ba Ouest","1948","10.34847/nkl.4fd35u08","CC-BY-4.0","published","1","Romain Suarez","2026-09-30T14:04:23.107Z","work/indochine-100k/sources/serie-561.json#60097/82391"
"561","37 E","Viêt Trì Est","1949","10.34847/nkl.5aec051g","CC-BY-4.0","published","1","Romain Suarez","2026-09-30T14:04:23.208Z","work/indochine-100k/sources/serie-561.json#60099/82392"
"561","37 E","Viêt Trì Est","1953","10.34847/nkl.89349465","CC-BY-4.0","published","1","Romain Suarez","2026-09-30T14:04:23.330Z","work/indochine-100k/sources/serie-561.json#60100/82393"
"561","37 W","Viêt Trì Ouest","1953","10.34847/nkl.c1b6pw23","CC-BY-4.0","published","1","Romain Suarez","2026-09-30T14:04:23.395Z","work/indochine-100k/sources/serie-561.json#60102/82394"
"561","38 E","Bac - Ninh Est","1950","10.34847/nkl.d53b12vb","CC-BY-4.0","published","1","Romain Suarez","2026-09-30T14:04:23.534Z","work/indochine-100k/sources/serie-561.json#60104/82395"
"561","38 W","Bac - Ninh Ouest","1950","10.34847/nkl.c68b7179","CC-BY-4.0","published","1","Romain Suarez","2026-09-30T14:04:23.666Z","work/indochine-100k/sources/serie-561.json#60106/82396"
"561","39 E","Dinh-Lâp Est","1952","10.34847/nkl.a0ff163s","CC-BY-4.0","published","1","Romain Suarez","2026-09-30T14:04:23.732Z","work/indochine-100k/sources/serie-561.json#60109/82397"
"561","39 W","Dinh-Lâp Ouest","1952","10.34847/nkl.6837c360","CC-BY-4.0","published","1","Romain Suarez","2026-09-30T14:04:23.711Z","work/indochine-100k/sources/serie-561.json#60111/82398"
"561","4 E","Ban-Calan Est","1950","10.34847/nkl.f2bccpk5","CC-BY-4.0","published","1","Romain Suarez","2026-09-30T14:04:17.133Z","work/indochine-100k/sources/serie-561.json#60024/82329"
"561","4 W","Ban-Calan Ouest","1950","10.34847/nkl.87c5jrh8","CC-BY-4.0","published","1","Romain Suarez","2026-09-30T14:04:17.301Z","work/indochine-100k/sources/serie-561.json#60025/82330"
"561","40 E","Mon-Cay Est","1950","10.34847/nkl.873f9rr0","CC-BY-4.0","published","1","Romain Suarez","2026-09-30T14:04:23.885Z","work/indochine-100k/sources/serie-561.json#60113/82399"
"561","40 W","Mon-Cay Ouest","1950","10.34847/nkl.c02e1ml5","CC-BY-4.0","published","1","Romain Suarez","2026-09-30T14:04:24.018Z","work/indochine-100k/sources/serie-561.json#60115/82400"
"561","43 E","M?ong Sai Est","1954","10.34847/nkl.4c21y64i","CC-BY-4.0","published","1","Romain Suarez","2026-09-30T14:04:24.056Z","work/indochine-100k/sources/serie-561.json#60118/82402"
"561","43 E","M?ong Sai Est","1955","10.34847/nkl.9faewrd1","CC-BY-4.0","published","1","Romain Suarez","2026-09-30T14:04:24.025Z","work/indochine-100k/sources/serie-561.json#60861/82401"
"561","44 W","Muong Khoua Ouest","1955","10.34847/nkl.f7d61123","CC-BY-4.0","published","1","Romain Suarez","2026-09-30T14:04:24.616Z","work/indochine-100k/sources/serie-561.json#60119/82403"
"561","45 E","Sop Cop Est","1954","10.34847/nkl.2fe95lao","CC-BY-4.0","published","1","Romain Suarez","2026-09-30T14:04:24.413Z","work/indochine-100k/sources/serie-561.json#60120/82404"
"561","45 W","Sop Cop Ouest","1954","10.34847/nkl.bdb4nlm8","CC-BY-4.0","published","1","Romain Suarez","2026-09-30T14:04:24.382Z","work/indochine-100k/sources/serie-561.json#60122/82405"
"561","46 E","Muong Het Est","1954","10.34847/nkl.3a7072i0","CC-BY-4.0","published","1","Romain Suarez","2026-09-30T14:04:24.697Z","work/indochine-100k/sources/serie-561.json#60123/82406"
"561","46 W","Muong Het Ouest","1955","10.34847/nkl.0bf92x5l","CC-BY-4.0","published","1","Romain Suarez","2026-09-30T14:04:24.355Z","work/indochine-100k/sources/serie-561.json#60125/82407"
"561","48 E","Son Tây Est","1953","10.34847/nkl.4adbr1n2","CC-BY-4.0","published","1","Romain Suarez","2026-09-30T14:04:24.977Z","work/indochine-100k/sources/serie-561.json#60129/82409"
"561","48 E","Son Tây Est","1949","10.34847/nkl.eb12bn83","CC-BY-4.0","published","1","Romain Suarez","2026-09-30T14:04:24.683Z","work/indochine-100k/sources/serie-561.json#60128/82408"
"561","48 W","Son Tây Ouest","1949","10.34847/nkl.30b1o48n","CC-BY-4.0","published","1","Romain Suarez","2026-09-30T14:04:24.765Z","work/indochine-100k/sources/serie-561.json#60131/82410"
"561","48 W","Son Tây Ouest","1953","10.34847/nkl.aa36iz46","CC-BY-4.0","published","1","Romain Suarez","2026-09-30T14:04:25.850Z","work/indochine-100k/sources/serie-561.json#60132/82411"
"561","49 E","Hanoi Est","1949","10.34847/nkl.2f329ek3","CC-BY-4.0","published","1","Romain Suarez","2026-09-30T14:04:24.989Z","work/indochine-100k/sources/serie-561.json#60134/82412"
"561","49 E","Hanoi Est","1953","10.34847/nkl.d02d6p18","CC-BY-4.0","published","1","Romain Suarez","2026-09-30T14:04:25.324Z","work/indochine-100k/sources/serie-561.json#60135/82413"
"561","49 W","Hanoi Ouest","1949","10.34847/nkl.97cfc400","CC-BY-4.0","published","1","Romain Suarez","2026-09-30T14:04:25.100Z","work/indochine-100k/sources/serie-561.json#60137/82414"
"561","49 W","Hanoi Ouest","1953","10.34847/nkl.ab29bbae","CC-BY-4.0","published","1","Romain Suarez","2026-09-30T14:04:25.305Z","work/indochine-100k/sources/serie-561.json#60138/82415"
"561","5 E","Phong Thô Est","1949","10.34847/nkl.aaf92soq","CC-BY-4.0","published","1","Romain Suarez","2026-09-30T14:04:17.311Z","work/indochine-100k/sources/serie-561.json#60026/82331"
"561","5 W","Phong Thô Ouest","1949","10.34847/nkl.9a26jrwn","CC-BY-4.0","published","1","Romain Suarez","2026-09-30T14:04:17.409Z","work/indochine-100k/sources/serie-561.json#60027/82332"
"561","50 E","Hai Phong Ouest","1949","10.34847/nkl.720f8b77","CC-BY-4.0","published","1","Romain Suarez","2026-09-30T14:04:25.395Z","work/indochine-100k/sources/serie-561.json#60141/82417"
"561","50 E","Hai Phong Est","1952","10.34847/nkl.7cef9bi3","CC-BY-4.0","published","1","Romain Suarez","2026-09-30T14:04:25.657Z","work/indochine-100k/sources/serie-561.json#60139/82416"
"561","50 W","Hai Phong Ouest","1949","10.34847/nkl.df6274e9","CC-BY-4.0","published","1","Romain Suarez","2026-09-30T14:04:25.644Z","work/indochine-100k/sources/serie-561.json#60144/82418"
"561","50 W","Hai Phong Ouest","1953","10.34847/nkl.ee144w3h","CC-BY-4.0","published","1","Romain Suarez","2026-09-30T14:04:26.594Z","work/indochine-100k/sources/serie-561.json#60145/82419"
"561","51 E","Cam Pha est","1950","10.34847/nkl.e0c71hef","CC-BY-4.0","published","1","Romain Suarez","2026-09-30T14:04:25.940Z","work/indochine-100k/sources/serie-561.json#60147/82420"
"561","51 W","Cam Pha ouest","1950","10.34847/nkl.2cd39dcz","CC-BY-4.0","published","1","Romain Suarez","2026-09-30T14:04:25.995Z","work/indochine-100k/sources/serie-561.json#60148/82421"
"561","56 E","Ban Nam Bac Est","1955","10.34847/nkl.d0c8k6m7","CC-BY-4.0","published","1","Romain Suarez","2026-09-30T14:04:26.219Z","work/indochine-100k/sources/serie-561.json#60149/82422"
"561","56 W","Ban Nam Bac Ouest","1955","10.34847/nkl.19c25kj6","CC-BY-4.0","published","1","Romain Suarez","2026-09-30T14:04:26.279Z","work/indochine-100k/sources/serie-561.json#60150/82423"
"561","57 E","Muong Son Est","1955","10.34847/nkl.e5fde4ul","CC-BY-4.0","published","1","Romain Suarez","2026-09-30T14:04:26.290Z","work/indochine-100k/sources/serie-561.json#60151/82424"
"561","57 W","Muong Son Ouest","1955","10.34847/nkl.adc79l35","CC-BY-4.0","published","1","Romain Suarez","2026-09-30T14:04:26.559Z","work/indochine-100k/sources/serie-561.json#60152/82425"
"561","58 E","Sam - Neua Est","1950","10.34847/nkl.65da70p4","CC-BY-4.0","published","1","Romain Suarez","2026-09-30T14:04:26.851Z","work/indochine-100k/sources/serie-561.json#60153/82426"
"561","58 W","Sam - Neua Est","1950","10.34847/nkl.5e2b7e6b","CC-BY-4.0","published","1","Romain Suarez","2026-09-30T14:04:26.632Z","work/indochine-100k/sources/serie-561.json#60154/82427"
"561","58 W","Sam Neua Ouest","1955","10.34847/nkl.ff0246e4","CC-BY-4.0","published","1","Romain Suarez","2026-09-30T14:04:26.630Z","work/indochine-100k/sources/serie-561.json#60155/82428"
"561","59 E","Hôi Xuân Est","1955","10.34847/nkl.d8c38t0r","CC-BY-4.0","published","1","Romain Suarez","2026-09-30T14:04:26.929Z","work/indochine-100k/sources/serie-561.json#60156/82429"
"561","59 W","Hôi Xuân Ouest","1955","10.34847/nkl.b2ee848b","CC-BY-4.0","published","1","Romain Suarez","2026-09-30T14:04:26.975Z","work/indochine-100k/sources/serie-561.json#60157/82430"
"561","6 E","Pa-Kha Est","1949","10.34847/nkl.87efo4b9","CC-BY-4.0","published","1","Romain Suarez","2026-09-30T14:04:17.481Z","work/indochine-100k/sources/serie-561.json#60028/82333"
"561","6 W","Pa-Kha Ouest","1949","10.34847/nkl.38643j56","CC-BY-4.0","published","1","Romain Suarez","2026-09-30T14:04:17.633Z","work/indochine-100k/sources/serie-561.json#60029/82334"
"561","60 E","Phu Nho Quan Est","1951","10.34847/nkl.6c20t8c7","CC-BY-4.0","published","1","Romain Suarez","2026-09-30T14:04:26.964Z","work/indochine-100k/sources/serie-561.json#60158/82431"
"561","60 W","Phu Nho Quan Ouest","1951","10.34847/nkl.f8f3w1px","CC-BY-4.0","published","1","Romain Suarez","2026-09-30T14:04:27.205Z","work/indochine-100k/sources/serie-561.json#60160/82432"
"561","61 E","Nam Dinh Est","1953","10.34847/nkl.6feb9d7b","CC-BY-4.0","published","1","Romain Suarez","2026-09-30T14:04:28.405Z","work/indochine-100k/sources/serie-561.json#60165/82434"
"561","61 E","Nam - Dinh Est","1950","10.34847/nkl.ef44h214","CC-BY-4.0","published","1","Romain Suarez","2026-09-30T14:04:27.220Z","work/indochine-100k/sources/serie-561.json#60163/82433"
"561","61 W","Nam Dinh Ouest","1950","10.34847/nkl.ac2fid1g","CC-BY-4.0","published","1","Romain Suarez","2026-09-30T14:04:27.317Z","work/indochine-100k/sources/serie-561.json#60168/82436"
"561","61 W","Nam Dinh Ouest","1953","10.34847/nkl.ccaen312","CC-BY-4.0","published","1","Romain Suarez","2026-09-30T14:04:27.597Z","work/indochine-100k/sources/serie-561.json#60169/82437"
"561","61 W","Nam Dinh Ouest","1949","10.34847/nkl.d51fap76","CC-BY-4.0","published","1","Romain Suarez","2026-09-30T14:04:27.687Z","work/indochine-100k/sources/serie-561.json#60167/82435"
"561","62 W","Dô-Son Ouest","1950","10.34847/nkl.4dab1aqz","CC-BY-4.0","published","1","Romain Suarez","2026-09-30T14:04:27.618Z","work/indochine-100k/sources/serie-561.json#60171/82438"
"561","66 E","Luang - Prabang Est","1948","10.34847/nkl.4bed5dqt","CC-BY-4.0","published","1","Romain Suarez","2026-09-30T14:04:27.961Z","work/indochine-100k/sources/serie-561.json#60172/82439"
"561","66 E","Luang Prabang Est","1954","10.34847/nkl.97d1n2uf","CC-BY-4.0","published","1","Romain Suarez","2026-09-30T14:04:27.934Z","work/indochine-100k/sources/serie-561.json#60173/82440"
"561","67 E","Pak Seng Est","1954","10.34847/nkl.3d37j9xe","CC-BY-4.0","published","1","Romain Suarez","2026-09-30T14:04:27.987Z","work/indochine-100k/sources/serie-561.json#60174/82441"
"561","67 W","Pak-Seng Ouest","1948","10.34847/nkl.0cc497lp","CC-BY-4.0","published","1","Romain Suarez","2026-09-30T14:04:28.275Z","work/indochine-100k/sources/serie-561.json#60175/82442"
"561","68 E","Ban Ko Kieng Est","1955","10.34847/nkl.c0b1s88a","CC-BY-4.0","published","1","Romain Suarez","2026-09-30T14:04:29.125Z","work/indochine-100k/sources/serie-561.json#60176/82443"
"561","68 W","Ban Ko Kieng Ouest","1955","10.34847/nkl.bbb1q336","CC-BY-4.0","published","1","Romain Suarez","2026-09-30T14:04:28.327Z","work/indochine-100k/sources/serie-561.json#60177/82444"
"561","69 E","Muong Vène Est","1955","10.34847/nkl.6bf24v9o","CC-BY-4.0","published","1","Romain Suarez","2026-09-30T14:04:28.575Z","work/indochine-100k/sources/serie-561.json#60178/82445"
"561","69 W","Muong - Vène Ouest","1948","10.34847/nkl.93d5h71f","CC-BY-4.0","published","1","Romain Suarez","2026-09-30T14:04:28.661Z","work/indochine-100k/sources/serie-561.json#60179/82446"
"561","7 E","Hà Giang Est","1950","10.34847/nkl.7f82143a","CC-BY-4.0","published","1","Romain Suarez","2026-09-30T14:04:17.642Z","work/indochine-100k/sources/serie-561.json#60030/82335"
"561","7 W","Hà Giang Ouest","1950","10.34847/nkl.544dq70m","CC-BY-4.0","published","1","Romain Suarez","2026-09-30T14:04:17.754Z","work/indochine-100k/sources/serie-561.json#60031/82336"
"561","70 W","Sam Teu Ouest","1955","10.34847/nkl.d5fc3e3v","CC-BY-4.0","published","1","Romain Suarez","2026-09-30T14:04:28.749Z","work/indochine-100k/sources/serie-561.json#60181/82447"
"561","71 E","Bai - Thuong Est","1949","10.34847/nkl.11d91hxm","CC-BY-4.0","published","1","Romain Suarez","2026-09-30T14:04:29.852Z","work/indochine-100k/sources/serie-561.json#60182/82448"
"561","71 W","Bai - Thuong Ouest","1949","10.34847/nkl.040682kf","CC-BY-4.0","published","1","Romain Suarez","2026-09-30T14:04:28.957Z","work/indochine-100k/sources/serie-561.json#60183/82449"
"561","72 E","Ninh Binh Est","1949","10.34847/nkl.2b89cqbz","CC-BY-4.0","published","1","Romain Suarez","2026-09-30T14:04:29.913Z","work/indochine-100k/sources/serie-561.json#60184/82450"
"561","72 E","Ninh Binh Est","1953","10.34847/nkl.906cdo9g","CC-BY-4.0","published","1","Romain Suarez","2026-09-30T14:04:29.415Z","work/indochine-100k/sources/serie-561.json#60185/82451"
"561","72 W","Ninh Binh Ouest","1953","10.34847/nkl.57c4o2g7","CC-BY-4.0","published","1","Romain Suarez","2026-09-30T14:04:29.643Z","work/indochine-100k/sources/serie-561.json#60187/82453"
"561","72 W","Ninh Binh Ouest","1949","10.34847/nkl.fabf9rbq","CC-BY-4.0","published","1","Romain Suarez","2026-09-30T14:04:29.310Z","work/indochine-100k/sources/serie-561.json#60186/82452"
"561","76 E","Muong Soui Est","1951","10.34847/nkl.1add8z7l","CC-BY-4.0","published","1","Romain Suarez","2026-09-30T14:04:29.769Z","work/indochine-100k/sources/serie-561.json#60188/82455"
"561","76 E","Muong Soui Est","1950","10.34847/nkl.6ee9ibw9","CC-BY-4.0","published","1","Romain Suarez","2026-09-30T14:04:29.934Z","work/indochine-100k/sources/serie-561.json#60189/82454"
"561","76 W","Muong Soui Ouest","1950","10.34847/nkl.b5be1uz1","CC-BY-4.0","published","1","Romain Suarez","2026-09-30T14:04:30.103Z","work/indochine-100k/sources/serie-561.json#60190/82456"
"561","76 W","Muong Soui Ouest","1951","10.34847/nkl.bebem0o0","CC-BY-4.0","published","1","Romain Suarez","2026-09-30T14:04:30.208Z","work/indochine-100k/sources/serie-561.json#60191/82457"
"561","77 E","Khang Khai Est","1954","10.34847/nkl.9b26868r","CC-BY-4.0","published","1","Romain Suarez","2026-09-30T14:04:30.390Z","work/indochine-100k/sources/serie-561.json#60193/82459"
"561","77 E","Khang Khai Est","1950","10.34847/nkl.bddb8s96","CC-BY-4.0","published","1","Romain Suarez","2026-09-30T14:04:30.262Z","work/indochine-100k/sources/serie-561.json#60192/82458"
"561","77 W","Khang Khai Ouest","1950","10.34847/nkl.c4b736hx","CC-BY-4.0","published","1","Romain Suarez","2026-09-30T14:04:30.269Z","work/indochine-100k/sources/serie-561.json#60195/82460"
"561","78 E","Nong - Het Est","1953","10.34847/nkl.1fa67b6s","CC-BY-4.0","published","1","Romain Suarez","2026-09-30T14:04:30.544Z","work/indochine-100k/sources/serie-561.json#60196/82461"
"561","78 E","Nong Het Est","1955","10.34847/nkl.b9b6022i","CC-BY-4.0","published","1","Romain Suarez","2026-09-30T14:04:30.616Z","work/indochine-100k/sources/serie-561.json#60197/82462"
"561","78 W","Nong - Het Ouest","1950","10.34847/nkl.534a4puw","CC-BY-4.0","published","1","Romain Suarez","2026-09-30T14:04:31.546Z","work/indochine-100k/sources/serie-561.json#60862/82463"
"561","78 W","Nong - Het Ouest","1953","10.34847/nkl.606a8s0a","CC-BY-4.0","published","1","Romain Suarez","2026-09-30T14:04:30.610Z","work/indochine-100k/sources/serie-561.json#60198/82464"
"561","79 E","Qui Chäu Est","1955","10.34847/nkl.a943nw6n","CC-BY-4.0","published","1","Romain Suarez","2026-09-30T14:04:30.835Z","work/indochine-100k/sources/serie-561.json#60199/82465"
"561","79 W","Qui Chäu Ouest","1955","10.34847/nkl.b79b3k2e","CC-BY-4.0","published","1","Romain Suarez","2026-09-30T14:04:30.944Z","work/indochine-100k/sources/serie-561.json#60200/82466"
"561","8 E","Bao-Lac Est","1950","10.34847/nkl.ea89n9j1","CC-BY-4.0","published","1","Romain Suarez","2026-09-30T14:04:17.772Z","work/indochine-100k/sources/serie-561.json#60032/82337"
"561","8 W","Bao-Lac Ouest","1950","10.34847/nkl.6ec5i3si","CC-BY-4.0","published","1","Romain Suarez","2026-09-30T14:04:18.835Z","work/indochine-100k/sources/serie-561.json#60033/82338"
"561","80 E","Thanh Hoa Est","1953","10.34847/nkl.34ba8d87","CC-BY-4.0","published","1","Romain Suarez","2026-09-30T14:04:32.128Z","work/indochine-100k/sources/serie-561.json#60202/82468"
"561","80 E","Thanh Hoa Est","1950","10.34847/nkl.6d02t06j","CC-BY-4.0","published","1","Romain Suarez","2026-09-30T14:04:31.181Z","work/indochine-100k/sources/serie-561.json#60201/82467"
"561","80 W","Thanh Hoa Ouest","1953","10.34847/nkl.b0f0pz9t","CC-BY-4.0","published","1","Romain Suarez","2026-09-30T14:04:30.968Z","work/indochine-100k/sources/serie-561.json#60204/82470"
"561","80 W","Thanh - Hoa Ouest","1950","10.34847/nkl.fb2dp89r","CC-BY-4.0","published","1","Romain Suarez","2026-09-30T14:04:31.236Z","work/indochine-100k/sources/serie-561.json#60203/82469"
"561","84 E","Vang Vieng Est","1950","10.34847/nkl.f28cj878","CC-BY-4.0","published","1","Romain Suarez","2026-09-30T14:04:31.536Z","work/indochine-100k/sources/serie-561.json#60205/82471"
"561","84 W","Vang Vieng Ouest","1950","10.34847/nkl.97e56kpf","CC-BY-4.0","published","1","Romain Suarez","2026-09-30T14:04:31.584Z","work/indochine-100k/sources/serie-561.json#60206/82472"
"561","85 E","Xieng Khouang est","1954","10.34847/nkl.2f2e801h","CC-BY-4.0","published","1","Romain Suarez","2026-09-30T14:04:31.915Z","work/indochine-100k/sources/serie-561.json#60208/82474"
"561","85 E","Xieng Khouang est","1950","10.34847/nkl.49bf90x1","CC-BY-4.0","published","1","Romain Suarez","2026-09-30T14:04:31.903Z","work/indochine-100k/sources/serie-561.json#60207/82473"
"561","85 W","Xieng Khouang ouest","1950","10.34847/nkl.dcbd4xk0","CC-BY-4.0","published","1","Romain Suarez","2026-09-30T14:04:31.826Z","work/indochine-100k/sources/serie-561.json#60209/82475"
"561","86 E","Khê Kiên Est","1952","10.34847/nkl.a10f0lsw","CC-BY-4.0","published","1","Romain Suarez","2026-09-30T14:04:32.265Z","work/indochine-100k/sources/serie-561.json#60210/82476"
"561","86 E","Khê Kiên Est","1953","10.34847/nkl.b1365nyz","CC-BY-4.0","published","1","Romain Suarez","2026-09-30T14:04:33.029Z","work/indochine-100k/sources/serie-561.json#60211/82477"
"561","86 W","Khê Kiên Ouest","1952","10.34847/nkl.2cbbs49l","CC-BY-4.0","published","1","Romain Suarez","2026-09-30T14:04:32.462Z","work/indochine-100k/sources/serie-561.json#60215/82478"
"561","86 W","Khê Kiên Ouest","1953","10.34847/nkl.4fee022t","CC-BY-4.0","published","1","Romain Suarez","2026-09-30T14:04:32.196Z","work/indochine-100k/sources/serie-561.json#60216/82479"
"561","87 E","Cua Rao E","1950","10.34847/nkl.babc951p","CC-BY-4.0","published","1","Romain Suarez","2026-09-30T14:04:33.438Z","work/indochine-100k/sources/serie-561.json#60217/82480"
"561","87 W","Cua Rao W","1950","10.34847/nkl.ddad13wc","CC-BY-4.0","published","1","Romain Suarez","2026-09-30T14:04:32.580Z","work/indochine-100k/sources/serie-561.json#60218/82481"
"561","88 E","Phu Diên Châu Est","1950","10.34847/nkl.8aae7r0d","CC-BY-4.0","published","1","Romain Suarez","2026-09-30T14:04:32.821Z","work/indochine-100k/sources/serie-561.json#60219/82482"
"561","88 W","Phu Diên Châu Ouest","1953","10.34847/nkl.61182405","CC-BY-4.0","published","1","Romain Suarez","2026-09-30T14:04:33.112Z","work/indochine-100k/sources/serie-561.json#60223/82484"
"561","88 W","Phu Diên Châu Ouest","1950","10.34847/nkl.b353693p","CC-BY-4.0","published","1","Romain Suarez","2026-09-30T14:04:32.919Z","work/indochine-100k/sources/serie-561.json#60222/82483"
"561","9 E","Cao - Bang Est","1949","10.34847/nkl.6d16tt3n","CC-BY-4.0","published","1","Romain Suarez","2026-09-30T14:04:17.979Z","work/indochine-100k/sources/serie-561.json#60034/82339"
"561","9 W","Cao - Bang Ouest","1949","10.34847/nkl.0c083fuf","CC-BY-4.0","published","1","Romain Suarez","2026-09-30T14:04:18.084Z","work/indochine-100k/sources/serie-561.json#60035/82340"
"561","91 W","Tourakom Ouest","1950","10.34847/nkl.d3cc5xtr","CC-BY-4.0","published","1","Romain Suarez","2026-09-30T14:04:33.268Z","work/indochine-100k/sources/serie-561.json#60225/82485"
"561","92 E","Muong May Est","1954","10.34847/nkl.3ece2w8x","CC-BY-4.0","published","1","Romain Suarez","2026-09-30T14:04:33.558Z","work/indochine-100k/sources/serie-561.json#60228/82487"
"561","92 E","Muong May Est","1950","10.34847/nkl.7dcbdwx6","CC-BY-4.0","published","1","Romain Suarez","2026-09-30T14:04:33.366Z","work/indochine-100k/sources/serie-561.json#60227/82486"
"561","92 W","Muong May Ouest","1950","10.34847/nkl.2df8174r","CC-BY-4.0","published","1","Romain Suarez","2026-09-30T14:04:33.459Z","work/indochine-100k/sources/serie-561.json#60230/82488"
"561","93 E","Borikhane Est","1954","10.34847/nkl.fee4v83m","CC-BY-4.0","published","1","Romain Suarez","2026-09-30T14:04:33.729Z","work/indochine-100k/sources/serie-561.json#60231/82489"
"561","93 W","Borikhane Ouest","1953","10.34847/nkl.3c9f38h3","CC-BY-4.0","published","1","Romain Suarez","2026-09-30T14:04:33.777Z","work/indochine-100k/sources/serie-561.json#60234/82490"
"561","94 E","Pha Bo Est","1953","10.34847/nkl.ee4ae193","CC-BY-4.0","published","1","Romain Suarez","2026-09-30T14:04:33.794Z","work/indochine-100k/sources/serie-561.json#60237/82491"
"561","94 W","Pha Bo Ouest","1953","10.34847/nkl.dfdald47","CC-BY-4.0","published","1","Romain Suarez","2026-09-30T14:04:33.907Z","work/indochine-100k/sources/serie-561.json#60238/82492"
"561","95 E","Vinh Est","1953","10.34847/nkl.b1e205j8","CC-BY-4.0","published","1","Romain Suarez","2026-09-30T14:04:34.128Z","work/indochine-100k/sources/serie-561.json#60240/82494"
"561","95 E","Vinh Est","1950","10.34847/nkl.e2a4x244","CC-BY-4.0","published","1","Romain Suarez","2026-09-30T14:04:34.024Z","work/indochine-100k/sources/serie-561.json#60239/82493"
"561","95 W","Vinh Ouest","1950","10.34847/nkl.e8258wvn","CC-BY-4.0","published","1","Romain Suarez","2026-09-30T14:04:34.142Z","work/indochine-100k/sources/serie-561.json#60241/82495"
"561","99-107","Vientiane Ban Keun","1952","10.34847/nkl.d05b65hl","CC-BY-4.0","published","1","Romain Suarez","2026-09-30T14:05:10.228Z","work/indochine-100k/sources/serie-561.json#60243/82496"
"561","99-107 E","Vientiane Ban Keun Est","1954","10.34847/nkl.f5fd03b0","CC-BY-4.0","published","1","Romain Suarez","2026-09-30T14:05:11.126Z","work/indochine-100k/sources/serie-561.json#60245/82497"
"561","99-107 W","Vientiane Ban Keun Ouest","1954","10.34847/nkl.070b99f6","CC-BY-4.0","published","1","Romain Suarez","2026-09-30T14:05:10.352Z","work/indochine-100k/sources/serie-561.json#60246/82498"
