{"type":"FeatureCollection","features":[{"type":"Feature","geometry":{"type":"Polygon","coordinates":[[[106.99582,16.5015],[107.01922,16.50152],[107.24571,16.50151],[107.24576,16.48928],[107.24579,16.26294],[107.24582,16.25164],[107.22746,16.25159],[106.99579,16.25151],[106.99582,16.5015],[106.99582,16.5015],[106.99582,16.5015],[106.99582,16.5015]]]},"properties":{"sheet":"6441-4","name":"A Luoi","year":"1970","edition":"003","kind":"pdf","url":"https://maps.lib.utexas.edu/maps/topo/vietnam/a_luoi-6441-4.pdf"}},{"type":"Feature","geometry":{"type":"Polygon","coordinates":[[[106.74583,17.50151],[106.76557,17.50155],[106.90139,17.50155],[106.95295,17.50158],[106.99585,17.50151],[106.99584,17.49771],[106.99584,17.25153],[106.97672,17.25155],[106.74569,17.25153],[106.74576,17.26057],[106.74583,17.50151],[106.74583,17.50151],[106.74583,17.50151],[106.74583,17.50151],[106.74583,17.50151]]]},"properties":{"sheet":"6343-1","name":"An Dinh","year":"1965","edition":"001","kind":"pdf","url":"https://maps.lib.utexas.edu/maps/topo/vietnam/an_dinh-6343-1.pdf"}},{"type":"Feature","geometry":{"type":"Polygon","coordinates":[[[108.74559,14.75172],[108.99565,14.75184],[108.99574,14.50174],[108.74559,14.50173],[108.74559,14.75172],[108.74559,14.75172],[108.74559,14.75172],[108.74559,14.75172],[108.74559,14.75172],[108.74559,14.75172],[108.74559,14.75172],[108.74559,14.75172]]]},"properties":{"sheet":"6738-2","name":"An Lao","year":"1970","edition":"002","kind":"pdf","url":"https://maps.lib.utexas.edu/maps/topo/vietnam/an_lao-6738-2.pdf"}},{"type":"Feature","geometry":{"type":"MultiPolygon","coordinates":[[[[106.49588,11.50207],[106.49588,11.50203],[106.49584,11.50207],[106.49588,11.50207]]],[[[106.49588,11.50207],[106.49593,11.75206],[106.74585,11.75205],[106.7459,11.50205],[106.49588,11.50207]]]]},"properties":{"sheet":"6332-3","name":"An Loc","year":"1967","edition":"002","kind":"pdf","url":"https://maps.lib.utexas.edu/maps/topo/vietnam/an_loc-6332-3.pdf"}},{"type":"Feature","geometry":{"type":"Polygon","coordinates":[[[105.24997,10.50002],[105.4998,10.49998],[105.50001,10.74998],[105.24974,10.74996],[105.24997,10.50002],[105.24997,10.50002]]]},"properties":{"sheet":"6030-2","name":"An Long","year":"1965","edition":"001","kind":"pdf","url":"https://maps.lib.utexas.edu/maps/topo/vietnam/an_long-6030-2.pdf"}},{"type":"Feature","geometry":{"type":"Polygon","coordinates":[[[105.99953,10.9995],[105.99951,11.25068],[106.25053,11.25034],[106.25047,10.99947],[106.25047,10.99947],[105.99953,10.9995]]]},"properties":{"sheet":"6231-3","name":"An Thanh","year":"Jan ","edition":"3","kind":"pdf","url":"https://maps.lib.utexas.edu/maps/topo/vietnam/an_thanh-6231-3.pdf"}},{"type":"Feature","geometry":{"type":"Polygon","coordinates":[[[108.49989,13.75004],[108.75006,13.74995],[108.74555,14.00188],[108.49572,14.00179],[108.49989,13.75004],[108.49989,13.75004]]]},"properties":{"sheet":"6736-4","name":"An Tuc","year":"1970","edition":"003","kind":"pdf","url":"https://maps.lib.utexas.edu/maps/topo/vietnam/an_tuc-6736-4.pdf"}},{"type":"Feature","geometry":{"type":"Polygon","coordinates":[[[107.00003,11.49997],[107.02176,11.49996],[107.22325,11.49994],[107.25003,11.49995],[107.25003,11.49684],[107.25008,11.24997],[107.22919,11.2499],[106.99997,11.24998],[107.00002,11.26172],[107.00003,11.49997],[107.00003,11.49997],[107.00003,11.49997],[107.00003,11.49997],[107.00003,11.49997],[107.00003,11.49997]]]},"properties":{"sheet":"6431-4","name":"Ap Cau Cay","year":"1965","edition":"001","kind":"pdf","url":"https://maps.lib.utexas.edu/maps/topo/vietnam/ap_cau_cay-6431-4.pdf"}},{"type":"Feature","geometry":{"type":"Polygon","coordinates":[[[107.74591,10.75204],[107.99582,10.75205],[107.99588,11.00199],[107.74582,11.00203],[107.74591,10.75204],[107.74591,10.75204],[107.74591,10.75204]]]},"properties":{"sheet":"6530-1","name":"Ap Dinh Ba","year":"1983","edition":"003","kind":"pdf","url":"https://maps.lib.utexas.edu/maps/topo/vietnam/ap_dinh_ba-6530-1.pdf"}},{"type":"Feature","geometry":{"type":"Polygon","coordinates":[[[107.24581,12.25203],[107.49587,12.25189],[107.49587,12.00198],[107.24568,12.00194],[107.24581,12.25203],[107.24581,12.25203],[107.24581,12.25203]]]},"properties":{"sheet":"6433-2","name":"Ap Doan Van","year":"1965","edition":"001","kind":"pdf","url":"https://maps.lib.utexas.edu/maps/topo/vietnam/ap_doan_van-6433-2.pdf"}},{"type":"Feature","geometry":{"type":"Polygon","coordinates":[[[107.99994,11.50005],[108.25009,11.49998],[108.24998,11.24996],[107.99997,11.24988],[107.99994,11.50005],[107.99994,11.50005],[107.99994,11.50005],[107.99994,11.50005],[107.99994,11.50005]]]},"properties":{"sheet":"6631-4","name":"Ap Gia Bac","year":"1965","edition":"001","kind":"pdf","url":"https://maps.lib.utexas.edu/maps/topo/vietnam/ap_gia_bac-6631-4.pdf"}},{"type":"Feature","geometry":{"type":"Polygon","coordinates":[[[108.24574,11.00188],[108.26208,11.00186],[108.4255,11.00194],[108.49588,11.00202],[108.49584,11.00845],[108.49997,11.24991],[108.48481,11.24998],[108.27479,11.25003],[108.24999,11.25004],[108.24574,11.00188]]]},"properties":{"sheet":"6631-2","name":"Ap Luong Tay","year":"1984","edition":"003","kind":"pdf","url":"https://maps.lib.utexas.edu/maps/topo/vietnam/ap_luong_tay-6631-2.pdf"}},{"type":"Feature","geometry":{"type":"Polygon","coordinates":[[[107.74582,15.75179],[107.49572,15.75171],[107.49575,16.00186],[107.74566,16.00173],[107.74582,15.75179],[107.74582,15.75179],[107.74582,15.75179]]]},"properties":{"sheet":"6540-4","name":"Atiun","year":"1965","edition":"002","kind":"pdf","url":"https://maps.lib.utexas.edu/maps/topo/vietnam/atiun-6540-4.pdf"}},{"type":"Feature","geometry":{"type":"Polygon","coordinates":[[[107.749,11.75005],[107.75004,11.75005],[107.75007,11.50002],[107.53795,11.49995],[107.50005,11.49995],[107.50007,11.5015],[107.50012,11.75002],[107.749,11.75005],[107.749,11.75005],[107.749,11.75005],[107.749,11.75005]]]},"properties":{"sheet":"6532-3","name":"B Dan Deung","year":"1965","edition":"001","kind":"pdf","url":"https://maps.lib.utexas.edu/maps/topo/vietnam/b_dan_deung-6532-3.pdf"}},{"type":"Feature","geometry":{"type":"Polygon","coordinates":[[[108.49997,12.24995],[108.52425,12.25001],[108.74992,12.24997],[108.75002,12.23888],[108.75009,11.99994],[108.72808,11.99994],[108.49992,11.99993],[108.49997,12.24995],[108.49997,12.24995],[108.49997,12.24995],[108.49997,12.24995]]]},"properties":{"sheet":"6733-3","name":"B Du Damour","year":"1965","edition":"001","kind":"pdf","url":"https://maps.lib.utexas.edu/maps/topo/vietnam/b_du_damour-6733-3.pdf"}},{"type":"Feature","geometry":{"type":"Polygon","coordinates":[[[107.25001,11.5],[107.49999,11.5],[107.50001,11.75],[107.24999,11.75],[107.25001,11.5]]]},"properties":{"sheet":"6432-2","name":"B Rdu","year":"1965","edition":"001","kind":"pdf","url":"https://maps.lib.utexas.edu/maps/topo/vietnam/b_rdu-6432-2.pdf"}},{"type":"Feature","geometry":{"type":"Polygon","coordinates":[[[104.74615,10.50212],[104.99614,10.5022],[104.99629,10.25203],[104.74609,10.25205],[104.74615,10.50212],[104.74615,10.50212],[104.74615,10.50212]]]},"properties":{"sheet":"5929-1","name":"Ba Chuc","year":"1965","edition":"001","kind":"pdf","url":"https://maps.lib.utexas.edu/maps/topo/vietnam/ba_chuc-59291.pdf"}},{"type":"Feature","geometry":{"type":"Polygon","coordinates":[[[106.49993,9.49993],[106.51972,9.49993],[106.69178,9.5021],[106.74609,9.50221],[106.74601,9.50668],[106.74611,9.75206],[106.72696,9.75212],[106.50001,9.75011],[106.49993,9.49993]]]},"properties":{"sheet":"6328-3","name":"Ba Dong","year":"1965","edition":"001","kind":"pdf","url":"https://maps.lib.utexas.edu/maps/topo/vietnam/ba_dong-6328-3.pdf"}},{"type":"Feature","geometry":{"type":"Polygon","coordinates":[[[106.99572,16.75164],[107.01076,16.75162],[107.24581,16.75161],[107.24579,16.74435],[107.24583,16.50146],[107.23266,16.50151],[106.99578,16.50157],[106.99572,16.75164]]]},"properties":{"sheet":"6442-3","name":"Ba Long","year":"1968","edition":"002","kind":"pdf","url":"https://maps.lib.utexas.edu/maps/topo/vietnam/ba_long-6442-3.pdf"}},{"type":"Feature","geometry":{"type":"Polygon","coordinates":[[[108.49571,15.00181],[108.51632,15.00184],[108.74565,15.00174],[108.74564,14.99713],[108.74571,14.75188],[108.72528,14.75184],[108.49566,14.7517],[108.49571,15.00181],[108.49571,15.00181],[108.49571,15.00181],[108.49571,15.00181],[108.49571,15.00181],[108.49571,15.00181]]]},"properties":{"sheet":"6738-4","name":"Ba To","year":"1965","edition":"001","kind":"pdf","url":"https://maps.lib.utexas.edu/maps/topo/vietnam/ba_to-6738-4.pdf"}},{"type":"Feature","geometry":{"type":"Polygon","coordinates":[[[105.75002,22.24997],[105.76561,22.24997],[105.86855,22.24997],[106.00001,22.24995],[105.99998,22.2457],[106.00002,22.16221],[106.00002,21.99993],[105.9759,22.00005],[105.75002,21.99997],[105.75002,22.24997],[105.75002,22.24997],[105.75002,22.24997],[105.75002,22.24997]]]},"properties":{"sheet":"6153-2","name":"Bac Kan","year":"1963","edition":"001","kind":"pdf","url":"https://maps.lib.utexas.edu/maps/topo/vietnam/bac_kan-6153-2.pdf"}},{"type":"Feature","geometry":{"type":"Polygon","coordinates":[[[105.24988,22.74996],[105.50003,22.75006],[105.50013,22.49995],[105.24977,22.49986],[105.24988,22.74996],[105.24988,22.74996],[105.24988,22.74996],[105.24988,22.74996],[105.24988,22.74996]]]},"properties":{"sheet":"6054-2","name":"Bac Me","year":"1964","edition":"001","kind":"pdf","url":"https://maps.lib.utexas.edu/maps/topo/vietnam/bac_me-6054-2.pdf"}},{"type":"Feature","geometry":{"type":"Polygon","coordinates":[[[105.9958,21.25125],[106.24575,21.25125],[106.24579,21.00139],[105.99588,21.00117],[105.9958,21.25125],[105.9958,21.25125],[105.9958,21.25125]]]},"properties":{"sheet":"6251-3","name":"Bac Ninh","year":"1966","edition":"002","kind":"pdf","url":"https://maps.lib.utexas.edu/maps/topo/vietnam/bac_ninh-6251-3.pdf"}},{"type":"Feature","geometry":{"type":"Polygon","coordinates":[[[104.74994,22.24997],[105.00009,22.24991],[104.99996,22.49998],[104.75007,22.49995],[104.74994,22.24997]]]},"properties":{"sheet":"5953-1","name":"Bac Quang","year":"1971","edition":"002","kind":"pdf","url":"https://maps.lib.utexas.edu/maps/topo/vietnam/bac_quang-5953-1.pdf"}},{"type":"Feature","geometry":{"type":"Polygon","coordinates":[[[105.24994,19.99992],[105.2665,19.99998],[105.40837,20.00008],[105.50012,20.00008],[105.50013,19.99024],[105.49999,19.74989],[105.47589,19.74988],[105.24999,19.74997],[105.24998,19.75537],[105.24991,19.99995],[105.24994,19.99992],[105.24994,19.99992],[105.24994,19.99992],[105.24994,19.99992],[105.24994,19.99992]]]},"properties":{"sheet":"6048-1","name":"Bai Thuong","year":"1965","edition":"001","kind":"pdf","url":"https://maps.lib.utexas.edu/maps/topo/vietnam/bai_thuong-6048-1.pdf"}},{"type":"Feature","geometry":{"type":"Polygon","coordinates":[[[103.99997,21.24998],[104.24985,21.25],[104.25,21.5],[103.99991,21.5],[103.99997,21.24998],[103.99997,21.24998],[103.99997,21.24998]]]},"properties":{"sheet":"5851-4","name":"Ban Ang","year":"1965","edition":"001","kind":"pdf","url":"https://maps.lib.utexas.edu/maps/topo/vietnam/ban_ang-5851-4.pdf"}},{"type":"Feature","geometry":{"type":"Polygon","coordinates":[[[104.99587,20.7513],[105.24602,20.75134],[105.24607,20.50119],[104.99592,20.50121],[104.99587,20.7513],[104.99587,20.7513],[104.99587,20.7513],[104.99587,20.7513]]]},"properties":{"sheet":"6050-3","name":"Ban Bang","year":"1966","edition":"002","kind":"pdf","url":"https://maps.lib.utexas.edu/maps/topo/vietnam/ban_bang-6050-3.pdf"}},{"type":"Feature","geometry":{"type":"Polygon","coordinates":[[[104.49594,21.5012],[104.74606,21.50125],[104.74594,21.25117],[104.49605,21.25115],[104.49594,21.5012]]]},"properties":{"sheet":"5951-4","name":"Ban Buc","year":"1965","edition":"001","kind":"pdf","url":"https://maps.lib.utexas.edu/maps/topo/vietnam/ban_buc-5951-4.pdf"}},{"type":"Feature","geometry":{"type":"Polygon","coordinates":[[[106.00001,22.50005],[105.99985,22.24987],[106.25023,22.24982],[106.25002,22.49994],[105.99999,22.50007],[106.00001,22.50005],[106.00001,22.50005],[106.00001,22.50005],[106.00001,22.50005],[106.00001,22.50005]]]},"properties":{"sheet":"6253-4","name":"Ban Cao","year":"1966","edition":"002","kind":"pdf","url":"https://maps.lib.utexas.edu/maps/topo/vietnam/ban_cao-6253-4.pdf"}},{"type":"Feature","geometry":{"type":"Polygon","coordinates":[[[104.74592,21.50121],[104.99585,21.50113],[104.99598,21.25118],[104.82268,21.25115],[104.76646,21.25113],[104.74584,21.25115],[104.74592,21.50121]]]},"properties":{"sheet":"5951-1","name":"Ban Chua","year":"1966","edition":"002","kind":"pdf","url":"https://maps.lib.utexas.edu/maps/topo/vietnam/ban_chua-5951-1.pdf"}},{"type":"Feature","geometry":{"type":"Polygon","coordinates":[[[104.99988,19.50004],[105.01927,19.50003],[105.15027,19.49995],[105.25008,19.50002],[105.25007,19.49233],[105.25002,19.24996],[105.23053,19.24997],[104.99998,19.24996],[104.99998,19.25822],[104.99991,19.50004],[104.99988,19.50004],[104.99988,19.50004],[104.99988,19.50004],[104.99988,19.50004],[104.99988,19.50004]]]},"properties":{"sheet":"6047-4","name":"Ban Dan","year":"1965","edition":"001","kind":"pdf","url":"https://maps.lib.utexas.edu/maps/topo/vietnam/ban_dan-6047-4.pdf"}},{"type":"Feature","geometry":{"type":"MultiPolygon","coordinates":[[[[107.75005,13.00001],[107.7716,13.00003],[108.00012,13.0],[108.00009,12.99544],[108.00006,12.74998],[107.97896,12.74991],[107.74991,12.75009],[107.74993,12.75937],[107.75005,13.00001]]],[[[107.75005,13.00001],[107.75002,13.00001],[107.75005,13.00007],[107.75005,13.00001]]]]},"properties":{"sheet":"6534-1","name":"Ban Don","year":"1965","edition":"001","kind":"pdf","url":"https://maps.lib.utexas.edu/maps/topo/vietnam/ban_don-6534-1.pdf"}},{"type":"Feature","geometry":{"type":"Polygon","coordinates":[[[108.00003,13.24998],[108.02205,13.24999],[108.25004,13.24998],[108.25004,13.24508],[108.25005,12.99997],[108.23173,12.99999],[108.09412,12.99999],[108.00002,12.9999],[108.00003,13.24998],[108.00003,13.24998],[108.00003,13.24998],[108.00003,13.24998],[108.00003,13.24998]]]},"properties":{"sheet":"6635-3","name":"Ban Drang","year":"1970","edition":"002","kind":"pdf","url":"https://maps.lib.utexas.edu/maps/topo/vietnam/ban_drang-6635-3.pdf"}},{"type":"Feature","geometry":{"type":"Polygon","coordinates":[[[103.99989,19.49996],[104.01135,19.5],[104.09566,19.49999],[104.2379,19.49991],[104.25013,19.49991],[104.25007,19.51309],[104.24995,19.72263],[104.24995,19.75],[104.23892,19.75002],[104.07575,19.75008],[104.00012,19.75],[103.99989,19.49996]]]},"properties":{"sheet":"5848-3","name":"Ban Huoi Heo","year":"1965","edition":"001","kind":"pdf","url":"https://maps.lib.utexas.edu/maps/topo/vietnam/ban_huoi_heo-5848-3.pdf"}},{"type":"Feature","geometry":{"type":"Polygon","coordinates":[[[104.99998,18.74992],[105.24979,18.75003],[105.24995,18.49989],[105.24995,18.49989],[104.99991,18.50017],[104.99998,18.74992],[104.99998,18.74992]]]},"properties":{"sheet":"6046-3","name":"Ban Ka Long","year":"1965","edition":"001","kind":"pdf","url":"https://maps.lib.utexas.edu/maps/topo/vietnam/ban_ka_long-6046-3.pdf"}},{"type":"Feature","geometry":{"type":"Polygon","coordinates":[[[105.99599,17.50166],[106.24584,17.50152],[106.24602,17.25165],[105.99592,17.25165],[105.99599,17.50166],[105.99599,17.50166],[105.99599,17.50166]]]},"properties":{"sheet":"6243-4","name":"Ban Karai","year":"1971","edition":"005","kind":"pdf","url":"https://maps.lib.utexas.edu/maps/topo/vietnam/ban_karai-6243-4.pdf"}},{"type":"Feature","geometry":{"type":"MultiPolygon","coordinates":[[[[103.24988,20.99996],[103.24988,20.99993],[103.24988,20.99996],[103.24988,20.99996]]],[[[103.24988,20.99996],[103.24993,21.01841],[103.24994,21.05847],[103.25005,21.12729],[103.25005,21.19627],[103.25001,21.24986],[103.29925,21.24989],[103.36639,21.24991],[103.43551,21.24996],[103.47472,21.25001],[103.49994,21.25003],[103.49993,21.20645],[103.49992,21.17029],[103.49997,21.1292],[103.5001,21.09],[103.50012,21.0478],[103.50007,20.99991],[103.47462,20.99987],[103.43012,20.99996],[103.38931,21.0],[103.33784,20.99997],[103.28049,20.99992],[103.24988,20.99996]]]]},"properties":{"sheet":"5651-2","name":"Ban Kha","year":"1968","edition":"002","kind":"pdf","url":"https://maps.lib.utexas.edu/maps/topo/vietnam/ban_kha-5651-2.pdf"}},{"type":"Feature","geometry":{"type":"Polygon","coordinates":[[[103.49996,22.49992],[103.5209,22.5],[103.70254,22.50004],[103.75005,22.49998],[103.74998,22.49504],[103.75007,22.24989],[103.72357,22.24991],[103.53558,22.24992],[103.49997,22.24992],[103.49996,22.49992],[103.49996,22.49992],[103.49996,22.49992],[103.49996,22.49992]]]},"properties":{"sheet":"5753-4","name":"Ban Ko La","year":"1967","edition":"002","kind":"pdf","url":"https://maps.lib.utexas.edu/maps/topo/vietnam/ban_ko_la-5753-4.pdf"}},{"type":"Feature","geometry":{"type":"Polygon","coordinates":[[[102.50002,22.49993],[102.74994,22.49992],[102.75001,22.74993],[102.49998,22.74994],[102.50002,22.49993],[102.50002,22.49993],[102.50002,22.49993],[102.50002,22.49993]]]},"properties":{"sheet":"5554-3","name":"Ban La Sin","year":"1965","edition":"001","kind":"pdf","url":"https://maps.lib.utexas.edu/maps/topo/vietnam/ban_la_sin-5554-3.pdf"}},{"type":"Feature","geometry":{"type":"Polygon","coordinates":[[[105.5001,23.00005],[105.49993,22.74983],[105.24996,22.74993],[105.24987,23.00003],[105.5001,23.00005]]]},"properties":{"sheet":"6054-1","name":"Ban Le","year":"1968","edition":"002","kind":"pdf","url":"https://maps.lib.utexas.edu/maps/topo/vietnam/ban_le-6054-1.pdf"}},{"type":"Feature","geometry":{"type":"Polygon","coordinates":[[[104.25006,21.49998],[104.26615,21.49998],[104.37681,21.4999],[104.4792,21.49998],[104.49999,21.50001],[104.50001,21.49561],[104.50002,21.24997],[104.48922,21.24998],[104.24998,21.24998],[104.25006,21.49998],[104.25006,21.49998]]]},"properties":{"sheet":"5851-1","name":"Ban Luu","year":"1965","edition":"001","kind":"pdf","url":"https://maps.lib.utexas.edu/maps/topo/vietnam/ban_luu-5851-1.pdf"}},{"type":"Feature","geometry":{"type":"MultiPolygon","coordinates":[[[[102.24997,22.74992],[102.26347,22.74999],[102.27317,22.74998],[102.28293,22.74997],[102.29263,22.74999],[102.29811,22.74998],[102.31065,22.74995],[102.32054,22.74994],[102.32189,22.74989],[102.3266,22.74991],[102.33997,22.74994],[102.34973,22.7499],[102.35402,22.74988],[102.36913,22.74989],[102.3788,22.74987],[102.38018,22.74985],[102.38995,22.74992],[102.39829,22.75005],[102.40812,22.75012],[102.41776,22.75016],[102.43735,22.75018],[102.45675,22.75016],[102.47628,22.75018],[102.49581,22.75022],[102.50003,22.75017],[102.50016,22.74925],[102.50006,22.74222],[102.5,22.69071],[102.49999,22.64251],[102.5,22.58781],[102.5,22.54408],[102.50001,22.51476],[102.5,22.50005],[102.4999,22.49987],[102.49176,22.49993],[102.48215,22.49992],[102.46014,22.49999],[102.44326,22.49999],[102.43103,22.49998],[102.40186,22.50004],[102.39208,22.49997],[102.36307,22.50003],[102.35335,22.49999],[102.34367,22.5],[102.33396,22.50005],[102.31443,22.50008],[102.30478,22.50007],[102.28532,22.50007],[102.27561,22.50008],[102.2659,22.50009],[102.24998,22.5001],[102.25,22.51261],[102.24998,22.54011],[102.25001,22.57627],[102.25002,22.62139],[102.25001,22.63938],[102.25002,22.66646],[102.24997,22.69351],[102.25001,22.72052],[102.24997,22.74992]]],[[[102.24997,22.74992],[102.24994,22.74992],[102.24997,22.74995],[102.24997,22.74992]]]]},"properties":{"sheet":"5454-2","name":"Ban Me Rang","year":"1965","edition":"001","kind":"pdf","url":"https://maps.lib.utexas.edu/maps/topo/vietnam/ban_me_rang-5454-2.pdf"}},{"type":"Feature","geometry":{"type":"Polygon","coordinates":[[[108.0,12.49997],[108.24996,12.50003],[108.24997,12.74996],[108.0,12.75005],[108.0,12.49997],[108.0,12.49997]]]},"properties":{"sheet":"6634-3","name":"Ban Me Thuot","year":"1970","edition":"002","kind":"pdf","url":"https://maps.lib.utexas.edu/maps/topo/vietnam/ban_me_thuot-6634-3.pdf"}},{"type":"Feature","geometry":{"type":"Polygon","coordinates":[[[108.49999,12.99999],[108.52425,13.0],[108.74991,13.00003],[108.74991,12.99583],[108.75006,12.74994],[108.72846,12.74998],[108.49988,12.74994],[108.49999,12.99999],[108.49999,12.99999],[108.49999,12.99999],[108.49999,12.99999]]]},"properties":{"sheet":"6734-4","name":"Ban Mgam","year":"1970","edition":"002","kind":"pdf","url":"https://maps.lib.utexas.edu/maps/topo/vietnam/ban_mgam-6734-4.pdf"}},{"type":"Feature","geometry":{"type":"Polygon","coordinates":[[[108.50002,12.49996],[108.75001,12.49999],[108.75003,12.74993],[108.49999,12.75002],[108.50002,12.49996],[108.50002,12.49996]]]},"properties":{"sheet":"6734-3","name":"Ban Mtrong","year":"1964","edition":"001","kind":"pdf","url":"https://maps.lib.utexas.edu/maps/topo/vietnam/ban_mtrong-6734-3.pdf"}},{"type":"Feature","geometry":{"type":"Polygon","coordinates":[[[103.24987,21.49999],[103.50003,21.49996],[103.50004,21.24992],[103.43302,21.25003],[103.27989,21.24993],[103.25006,21.24988],[103.25006,21.25048],[103.24987,21.49999],[103.24987,21.49999]]]},"properties":{"sheet":"5651-1","name":"Ban Muong Lan","year":"1965","edition":"001","kind":"pdf","url":"https://maps.lib.utexas.edu/maps/topo/vietnam/ban_muong_lan-5651-1.pdf"}},{"type":"Feature","geometry":{"type":"Polygon","coordinates":[[[104.75012,19.49995],[104.77373,19.49999],[104.93076,19.50002],[105.00008,19.49996],[104.99999,19.49625],[105.00013,19.25],[104.9803,19.25003],[104.74992,19.24996],[104.75012,19.49995],[104.75012,19.49995],[104.75012,19.49995],[104.75012,19.49995]]]},"properties":{"sheet":"5947-1","name":"Ban Na Ca","year":"1971","edition":"002","kind":"pdf","url":"https://maps.lib.utexas.edu/maps/topo/vietnam/ban_na_ca-5947-1.pdf"}},{"type":"Feature","geometry":{"type":"Polygon","coordinates":[[[103.25002,20.99989],[103.24637,20.9999],[103.16467,20.99994],[103.11059,20.9999],[103.07699,20.99987],[103.05029,20.99991],[103.00387,20.99988],[103.00003,20.99989],[102.9999,21.00006],[102.9999,21.00162],[102.99999,21.00198],[102.99998,21.02663],[102.99996,21.06502],[102.99996,21.10415],[102.99996,21.17178],[102.99992,21.25007],[103.00213,21.25001],[103.08578,21.25],[103.13855,21.24999],[103.19652,21.25003],[103.24808,21.24997],[103.25009,21.25006],[103.25009,21.24766],[103.25004,21.11071],[103.25002,21.00163],[103.25002,20.99989]]]},"properties":{"sheet":"5651-3","name":"Ban Na Phai","year":"1968","edition":"002","kind":"pdf","url":"https://maps.lib.utexas.edu/maps/topo/vietnam/ban_na_phai-5651-3.pdf"}},{"type":"Feature","geometry":{"type":"Polygon","coordinates":[[[104.74989,20.49989],[105.0,20.49998],[105.00004,20.75009],[104.74987,20.75006],[104.74989,20.49989],[104.74989,20.49989],[104.74989,20.49989]]]},"properties":{"sheet":"5950-2","name":"Ban Na Sun","year":"1965","edition":"002","kind":"pdf","url":"https://maps.lib.utexas.edu/maps/topo/vietnam/ban_na_sun-5950-2.pdf"}},{"type":"Feature","geometry":{"type":"Polygon","coordinates":[[[104.0001,21.75013],[104.0334,21.75011],[104.06116,21.75006],[104.09133,21.75003],[104.12496,21.74999],[104.15859,21.75001],[104.19734,21.74997],[104.22261,21.74999],[104.24995,21.75],[104.25001,21.69432],[104.25007,21.61287],[104.25012,21.52269],[104.25018,21.50004],[104.21776,21.50008],[104.18579,21.50004],[104.15804,21.50003],[104.131,21.50003],[104.10124,21.49998],[104.08242,21.49998],[104.06287,21.49999],[104.04376,21.49997],[104.02402,21.49997],[103.99995,21.49995],[103.99996,21.52479],[104.00003,21.56538],[103.99995,21.63755],[104.00006,21.70885],[104.0001,21.74635],[104.0001,21.75013],[104.0001,21.75013],[104.0001,21.75013]]]},"properties":{"sheet":"5852-3","name":"Ban Na Tong","year":"1965","edition":"001","kind":"pdf","url":"https://maps.lib.utexas.edu/maps/topo/vietnam/ban_na_tong-5852-3.pdf"}},{"type":"Feature","geometry":{"type":"Polygon","coordinates":[[[103.24989,21.75001],[103.50001,21.75004],[103.49999,22.00016],[103.24992,22.00005],[103.24989,21.75001],[103.24989,21.75001],[103.24989,21.75001],[103.24989,21.75001],[103.24989,21.75001]]]},"properties":{"sheet":"5652-1","name":"Ban Nam Nen","year":"1965","edition":"001","kind":"pdf","url":"https://maps.lib.utexas.edu/maps/topo/vietnam/ban_nam_nen-5652-1.pdf"}},{"type":"Feature","geometry":{"type":"Polygon","coordinates":[[[107.7501,12.24997],[107.96105,12.24998],[107.99997,12.24997],[108.00015,11.99992],[107.74992,12.00001],[107.75009,12.24986],[107.7501,12.24997],[107.7501,12.24997],[107.7501,12.24997],[107.7501,12.24997],[107.7501,12.24997],[107.7501,12.24997]]]},"properties":{"sheet":"6533-2","name":"Ban Ndoh","year":"1965","edition":"001","kind":"pdf","url":"https://maps.lib.utexas.edu/maps/topo/vietnam/ban_ndoh-6533-2.pdf"}},{"type":"Feature","geometry":{"type":"Polygon","coordinates":[[[109.24555,13.00195],[109.49531,13.00196],[109.49559,12.75197],[109.24538,12.75184],[109.24555,13.00195],[109.24555,13.00195],[109.24555,13.00195],[109.24555,13.00195]]]},"properties":{"sheet":"6834-1","name":"Ban Nham","year":"1969","edition":"002","kind":"pdf","url":"https://maps.lib.utexas.edu/maps/topo/vietnam/ban_nham-6834-1.pdf"}},{"type":"Feature","geometry":{"type":"Polygon","coordinates":[[[105.0,20.00006],[105.24986,19.99999],[105.25,19.74998],[104.99985,19.74997],[105.0,20.00006],[105.0,20.00006],[105.0,20.00006]]]},"properties":{"sheet":"6048-4","name":"Ban Pang","year":"1965","edition":"001","kind":"pdf","url":"https://maps.lib.utexas.edu/maps/topo/vietnam/ban_pang-6048-4.pdf"}},{"type":"Feature","geometry":{"type":"Polygon","coordinates":[[[108.24994,13.24995],[108.27484,13.24999],[108.43586,13.25003],[108.50001,13.25003],[108.50003,13.24303],[108.5,12.99998],[108.48419,13.00001],[108.24999,12.99995],[108.24994,13.24995],[108.24994,13.24995],[108.24994,13.24995],[108.24994,13.24995],[108.24994,13.24995],[108.24994,13.24995],[108.24994,13.24995]]]},"properties":{"sheet":"6635-2","name":"Ban Suk Hdrah","year":"1965","edition":"001","kind":"pdf","url":"https://maps.lib.utexas.edu/maps/topo/vietnam/ban_suk_hdrah-6635-2.pdf"}},{"type":"Feature","geometry":{"type":"Polygon","coordinates":[[[104.24997,19.74997],[104.24997,19.74414],[104.25009,19.58225],[104.25,19.49996],[104.26729,19.49994],[104.46229,19.49992],[104.50001,19.49993],[104.50005,19.74995],[104.24997,19.74997],[104.24997,19.74997],[104.24997,19.74997],[104.24997,19.74997],[104.24997,19.74997]]]},"properties":{"sheet":"5848-2","name":"Ban Tha Lang","year":"1972","edition":"002","kind":"pdf","url":"https://maps.lib.utexas.edu/maps/topo/vietnam/ban_tha_lang-5848-2.pdf"}},{"type":"Feature","geometry":{"type":"Polygon","coordinates":[[[108.24997,12.5],[108.50002,12.49995],[108.49999,12.74998],[108.25,12.74996],[108.24997,12.5],[108.24997,12.5]]]},"properties":{"sheet":"6634-2","name":"Ban Ti Srenh","year":"1970","edition":"002","kind":"pdf","url":"https://maps.lib.utexas.edu/maps/topo/vietnam/ban_ti_srenh-6634-2.pdf"}},{"type":"Feature","geometry":{"type":"Polygon","coordinates":[[[107.99996,13.50015],[108.2501,13.50007],[108.25019,13.24994],[107.99991,13.24986],[107.99996,13.50015],[107.99996,13.50015],[107.99996,13.50015],[107.99996,13.50015],[107.99996,13.50015],[107.99996,13.50015]]]},"properties":{"sheet":"6635-4","name":"Ban Tsham","year":"1965","edition":"001","kind":"pdf","url":"https://maps.lib.utexas.edu/maps/topo/vietnam/ban_tsham-6635-4.pdf"}},{"type":"Feature","geometry":{"type":"Polygon","coordinates":[[[107.24591,15.25183],[107.49571,15.25183],[107.49593,15.00163],[107.24565,15.00182],[107.24591,15.25183],[107.24591,15.25183],[107.24591,15.25183]]]},"properties":{"sheet":"6439-2","name":"Ban Vangtat","year":"1968","edition":"002","kind":"pdf","url":"https://maps.lib.utexas.edu/maps/topo/vietnam/ban_vangtat-6439-2.pdf"}},{"type":"Feature","geometry":{"type":"Polygon","coordinates":[[[104.74977,19.74995],[104.99999,19.74993],[104.99982,20.0],[104.75004,19.99984],[104.75004,19.99984],[104.74977,19.74995]]]},"properties":{"sheet":"5948-1","name":"Ban Xen Con","year":"1965","edition":"001","kind":"pdf","url":"https://maps.lib.utexas.edu/maps/topo/vietnam/ban_xen_con-5948-1.pdf"}},{"type":"Feature","geometry":{"type":"Polygon","coordinates":[[[104.49997,19.24998],[104.74999,19.2499],[104.75004,19.49991],[104.49989,19.50002],[104.49997,19.24998],[104.49997,19.24998],[104.49997,19.24998]]]},"properties":{"sheet":"5947-4","name":"Ban Xieng Lip","year":"1971","edition":"002","kind":"pdf","url":"https://maps.lib.utexas.edu/maps/topo/vietnam/ban_xieng_lip-5947-4.pdf"}},{"type":"Feature","geometry":{"type":"Polygon","coordinates":[[[107.74579,14.00193],[107.99566,14.00188],[107.99586,13.75183],[107.74562,13.7519],[107.74579,14.00193],[107.74579,14.00193],[107.74579,14.00193]]]},"properties":{"sheet":"6536-1","name":"Bao Duc","year":"1970","edition":"002","kind":"pdf","url":"https://maps.lib.utexas.edu/maps/topo/vietnam/bao_duc-6536-1.pdf"}},{"type":"Feature","geometry":{"type":"Polygon","coordinates":[[[104.25002,22.25001],[104.27043,22.25005],[104.38454,22.24994],[104.50009,22.24987],[104.50002,22.24673],[104.50007,22.0],[104.48889,22.00001],[104.31217,21.99995],[104.25002,21.99983],[104.25002,22.25001],[104.25002,22.25001],[104.25002,22.25001],[104.25002,22.25001],[104.25002,22.25001],[104.25002,22.25001]]]},"properties":{"sheet":"5853-2","name":"Bao Ha","year":"1971","edition":"002","kind":"pdf","url":"https://maps.lib.utexas.edu/maps/topo/vietnam/bao_ha-5853-2.pdf"}},{"type":"Feature","geometry":{"type":"Polygon","coordinates":[[[105.49593,23.00119],[105.7458,23.00104],[105.74591,22.75102],[105.49572,22.75112],[105.49572,22.751],[105.49567,22.75108],[105.49593,23.00119],[105.49593,23.00119],[105.49593,23.00119]]]},"properties":{"sheet":"6154-4","name":"Bao Lac","year":"1964","edition":"001","kind":"pdf","url":"https://maps.lib.utexas.edu/maps/topo/vietnam/bao_lac-6154-4.pdf"}},{"type":"Feature","geometry":{"type":"Polygon","coordinates":[[[107.74989,11.49996],[107.76717,11.49993],[107.97822,11.49997],[108.00017,11.49991],[108.00006,11.50561],[108.0,11.75002],[107.98096,11.74998],[107.7499,11.75007],[107.74989,11.49996]]]},"properties":{"sheet":"6532-2","name":"Bao Loc","year":"1968","edition":"002","kind":"pdf","url":"https://maps.lib.utexas.edu/maps/topo/vietnam/bao_loc-6532-2.pdf"}},{"type":"Feature","geometry":{"type":"Polygon","coordinates":[[[106.74619,11.00193],[106.74609,11.07936],[106.74607,11.1789],[106.75008,11.21219],[106.7502,11.21243],[106.75019,11.23424],[106.75049,11.23572],[106.75004,11.23703],[106.74999,11.25008],[106.64906,11.24996],[106.521,11.25],[106.50006,11.25004],[106.5,11.09679],[106.49986,10.99992],[106.50153,10.99988],[106.50184,11.00001],[106.61634,11.00199],[106.71701,11.00198],[106.74616,11.00198],[106.74616,11.00198],[106.74619,11.00193]]]},"properties":{"sheet":"6331-3","name":"Ben Cat","year":"1968","edition":"002","kind":"pdf","url":"https://maps.lib.utexas.edu/maps/topo/vietnam/ben_cat-6331-3.pdf"}},{"type":"Feature","geometry":{"type":"Polygon","coordinates":[[[107.74576,15.75164],[107.99566,15.75171],[107.99574,15.50171],[107.75692,15.50174],[107.74578,15.50169],[107.74577,15.50338],[107.74576,15.75164],[107.74576,15.75164],[107.74576,15.75164],[107.74576,15.75164],[107.74576,15.75164]]]},"properties":{"sheet":"6540-2","name":"Ben Giang","year":"1965","edition":"001","kind":"pdf","url":"https://maps.lib.utexas.edu/maps/topo/vietnam/ben_giang-6540-2.pdf"}},{"type":"Feature","geometry":{"type":"Polygon","coordinates":[[[107.25006,21.75001],[107.27266,21.75003],[107.33068,21.75002],[107.35976,21.75001],[107.39833,21.74998],[107.42744,21.74999],[107.44676,21.74992],[107.4805,21.74984],[107.49512,21.74985],[107.50004,21.74986],[107.50007,21.74044],[107.50008,21.70429],[107.50009,21.58687],[107.5001,21.56891],[107.50014,21.55083],[107.50012,21.53279],[107.5001,21.50569],[107.5001,21.49998],[107.46192,21.49997],[107.43305,21.49999],[107.39423,21.4999],[107.36532,21.49995],[107.35547,21.49993],[107.31688,21.49991],[107.27847,21.49989],[107.2501,21.49988],[107.25012,21.50921],[107.25001,21.54537],[107.25004,21.59055],[107.24999,21.59967],[107.24995,21.61763],[107.25002,21.64476],[107.24999,21.67192],[107.25003,21.69894],[107.25003,21.71699],[107.24999,21.75001],[107.25003,21.75001],[107.25006,21.75001],[107.25006,21.75001],[107.25006,21.75001],[107.25006,21.75001],[107.25006,21.75001]]]},"properties":{"sheet":"6452-2","name":"Binh Lieu","year":"1965","edition":"001","kind":"pdf","url":"https://maps.lib.utexas.edu/maps/topo/vietnam/binh_lieu-6452-2.pdf"}},{"type":"Feature","geometry":{"type":"Polygon","coordinates":[[[108.7456,15.50177],[108.7629,15.50175],[108.99557,15.50169],[108.99558,15.4951],[108.9956,15.25175],[108.97304,15.25174],[108.74565,15.2517],[108.7456,15.50177],[108.7456,15.50177],[108.7456,15.50177],[108.7456,15.50177],[108.7456,15.50177],[108.7456,15.50177],[108.7456,15.50177]]]},"properties":{"sheet":"6739-1","name":"Binh Son","year":"1983","edition":"003","kind":"pdf","url":"https://maps.lib.utexas.edu/maps/topo/vietnam/binh_son-6739-1.pdf"}},{"type":"Feature","geometry":{"type":"Polygon","coordinates":[[[106.24965,11.49949],[106.24949,11.75053],[106.50051,11.75044],[106.50058,11.49963],[106.50058,11.49963],[106.24965,11.49949]]]},"properties":{"sheet":"6232-2","name":"Bo Tuc","year":"Jan ","edition":"2","kind":"pdf","url":"https://maps.lib.utexas.edu/maps/topo/vietnam/bo_tuc-6232-2.pdf"}},{"type":"Feature","geometry":{"type":"Polygon","coordinates":[[[108.99559,14.25176],[109.01177,14.25178],[109.24564,14.25182],[109.24561,14.26144],[109.24566,14.50182],[109.22914,14.50182],[109.03424,14.50187],[108.99561,14.50192],[108.99559,14.25176]]]},"properties":{"sheet":"6837-4","name":"Bong Son","year":"1984","edition":"003","kind":"pdf","url":"https://maps.lib.utexas.edu/maps/topo/vietnam/bong_son-6837-4.pdf"}},{"type":"Feature","geometry":{"type":"Polygon","coordinates":[[[107.99993,12.49996],[108.25008,12.50002],[108.24998,12.24998],[108.00003,12.2499],[107.99993,12.49996],[107.99993,12.49996],[107.99993,12.49996],[107.99993,12.49996],[107.99993,12.49996]]]},"properties":{"sheet":"6633-4","name":"Buon Dong Bak","year":"1970","edition":"003","kind":"pdf","url":"https://maps.lib.utexas.edu/maps/topo/vietnam/buon_dong_bak-6633-4.pdf"}},{"type":"Feature","geometry":{"type":"Polygon","coordinates":[[[108.74988,12.50812],[108.75004,12.74989],[108.99983,12.74982],[108.99994,12.49991],[108.86656,12.49986],[108.74988,12.4998],[108.74988,12.50812],[108.74988,12.50812],[108.74988,12.50812]]]},"properties":{"sheet":"6734-2","name":"Buon Ea Thi","year":"1970","edition":"002","kind":"pdf","url":"https://maps.lib.utexas.edu/maps/topo/vietnam/buon_ea_thi-6734-2.pdf"}},{"type":"Feature","geometry":{"type":"Polygon","coordinates":[[[108.2457,13.00204],[108.49575,13.00205],[108.49567,12.75199],[108.2457,12.75198],[108.2457,13.00204],[108.2457,13.00204],[108.2457,13.00204]]]},"properties":{"sheet":"6634-1","name":"Buon Ho","year":"1970","edition":"002","kind":"pdf","url":"https://maps.lib.utexas.edu/maps/topo/vietnam/buon_ho-6634-1.pdf"}},{"type":"Feature","geometry":{"type":"Polygon","coordinates":[[[108.24993,12.49993],[108.27101,12.49995],[108.49998,12.50006],[108.49999,12.49569],[108.49996,12.24991],[108.47747,12.24988],[108.24991,12.24995],[108.24993,12.49993],[108.24993,12.49993],[108.24993,12.49993],[108.24993,12.49993]]]},"properties":{"sheet":"6633-1","name":"Buon Ja Ea Kuat","year":"1965","edition":"001","kind":"pdf","url":"https://maps.lib.utexas.edu/maps/topo/vietnam/buon_ja_ea_kuat-6633-1.pdf"}},{"type":"Feature","geometry":{"type":"Polygon","coordinates":[[[108.74567,12.50198],[108.99576,12.50203],[108.99572,12.25203],[108.7457,12.25205],[108.74567,12.50198],[108.74567,12.50198],[108.74567,12.50198]]]},"properties":{"sheet":"6733-1","name":"Buon Thach Trai","year":"1965","edition":"001","kind":"pdf","url":"https://maps.lib.utexas.edu/maps/topo/vietnam/buon_thach_trai-6733-1.pdf"}},{"type":"Feature","geometry":{"type":"Polygon","coordinates":[[[108.5,13.49997],[108.75011,13.50003],[108.75012,13.24993],[108.5,13.24986],[108.5,13.49997],[108.5,13.49997],[108.5,13.49997],[108.5,13.49997],[108.5,13.49997],[108.5,13.49997],[108.5,13.49997]]]},"properties":{"sheet":"6735-4","name":"Buon Thoat","year":"1965","edition":"001","kind":"pdf","url":"https://maps.lib.utexas.edu/maps/topo/vietnam/buon_thoat-6735-4.pdf"}},{"type":"Feature","geometry":{"type":"Polygon","coordinates":[[[108.00001,13.00007],[108.02222,13.00008],[108.18785,13.0001],[108.24992,13.00005],[108.24997,12.99519],[108.25006,12.75002],[108.22999,12.75001],[108.0415,12.74996],[107.99991,12.74997],[107.99994,12.75913],[108.00001,13.00004],[108.00001,13.00007],[108.00001,13.00007],[108.00001,13.00007],[108.00001,13.00007]]]},"properties":{"sheet":"6634-4","name":"Buon Trap","year":"1970","edition":"002","kind":"pdf","url":"https://maps.lib.utexas.edu/maps/topo/vietnam/buon_trap-6634-4.pdf"}},{"type":"Feature","geometry":{"type":"Polygon","coordinates":[[[107.74576,13.25206],[107.99586,13.25196],[107.99583,13.00198],[107.74578,13.0019],[107.74576,13.25206],[107.74576,13.25206],[107.74576,13.25206]]]},"properties":{"sheet":"6535-2","name":"Buon Ya Soup","year":"1965","edition":"001","kind":"pdf","url":"https://maps.lib.utexas.edu/maps/topo/vietnam/buon_ya_soup-6535-2.pdf"}},{"type":"Feature","geometry":{"type":"Polygon","coordinates":[[[105.00004,8.99996],[105.0229,8.99998],[105.18131,8.99995],[105.25,8.99997],[105.24992,8.99602],[105.25004,8.79518],[105.25008,8.74997],[105.22991,8.74994],[105.04175,8.74993],[104.99983,8.74999],[104.99998,8.75951],[105.00004,8.99996],[105.00004,8.99996],[105.00004,8.99996],[105.00004,8.99996],[105.00004,8.99996],[105.00004,8.99996],[105.00004,8.99996]]]},"properties":{"sheet":"6026-4","name":"Cai Nuoc","year":"1965","edition":"001","kind":"pdf","url":"https://maps.lib.utexas.edu/maps/topo/vietnam/cai_nuoc-6026-4.pdf"}},{"type":"Feature","geometry":{"type":"Polygon","coordinates":[[[105.24995,18.99991],[105.50002,19.00003],[105.50016,18.74995],[105.24987,18.74991],[105.24995,18.99991],[105.24995,18.99991],[105.24995,18.99991],[105.24995,18.99991],[105.24995,18.99991]]]},"properties":{"sheet":"6046-1","name":"Cam Ngoc","year":"1966","edition":"002","kind":"pdf","url":"https://maps.lib.utexas.edu/maps/topo/vietnam/cam_ngoc-6046-1.pdf"}},{"type":"Feature","geometry":{"type":"Polygon","coordinates":[[[107.25,20.99993],[107.49999,21.00004],[107.49999,21.24995],[107.24999,21.25004],[107.25,20.99993],[107.25,20.99993],[107.25,20.99993]]]},"properties":{"sheet":"6451-2","name":"Cam Pha","year":"1966","edition":"002","kind":"pdf","url":"https://maps.lib.utexas.edu/maps/topo/vietnam/cam_pha-6451-2.pdf"}},{"type":"Feature","geometry":{"type":"Polygon","coordinates":[[[108.99995,11.99999],[109.02114,12.0],[109.25003,11.99995],[109.25002,11.99465],[109.24998,11.74996],[109.22771,11.74997],[109.00765,11.74992],[108.99997,11.74997],[108.99995,11.99999],[108.99995,11.99999],[108.99995,11.99999],[108.99995,11.99999]]]},"properties":{"sheet":"6832-4","name":"Cam Ranh","year":"1970","edition":"003","kind":"pdf","url":"https://maps.lib.utexas.edu/maps/topo/vietnam/cam_ranh-6832-4.pdf"}},{"type":"Feature","geometry":{"type":"Polygon","coordinates":[[[105.74996,10.2501],[105.76723,10.25005],[105.78542,10.25007],[105.83334,10.25007],[105.86774,10.25006],[105.89509,10.25007],[105.93163,10.24999],[105.95902,10.24999],[105.9682,10.25003],[105.99728,10.24994],[106.00004,10.24992],[106.0,10.24286],[106.0,10.23963],[106.0,10.2125],[106.0,10.19181],[105.99992,10.12208],[105.99993,10.08335],[105.99995,10.05878],[105.99991,10.01362],[106.0,10.00009],[105.98553,9.99999],[105.93074,9.99999],[105.87502,9.99994],[105.80306,9.99991],[105.74987,9.99986],[105.75003,10.05037],[105.75007,10.10466],[105.75,10.15319],[105.74996,10.23137],[105.74994,10.25004],[105.74994,10.25004],[105.74996,10.2501],[105.74996,10.2501]]]},"properties":{"sheet":"6129-2","name":"Can Tho","year":"1969","edition":"003","kind":"pdf","url":"https://maps.lib.utexas.edu/maps/topo/vietnam/can_tho-6129-2.pdf"}},{"type":"Feature","geometry":{"type":"Polygon","coordinates":[[[108.74567,13.75196],[108.99565,13.75191],[108.99573,13.50187],[108.74551,13.50196],[108.74567,13.75196],[108.74567,13.75196],[108.74567,13.75196]]]},"properties":{"sheet":"6736-2","name":"Canh Tien","year":"1970","edition":"002","kind":"pdf","url":"https://maps.lib.utexas.edu/maps/topo/vietnam/canh_tien-6736-2.pdf"}},{"type":"Feature","geometry":{"type":"Polygon","coordinates":[[[106.24983,22.75013],[106.5002,22.74983],[106.49985,22.50003],[106.25015,22.49971],[106.24983,22.75013],[106.24983,22.75013],[106.24983,22.75013],[106.24983,22.75013]]]},"properties":{"sheet":"6254-2","name":"Cao Bang","year":"1963","edition":"001","kind":"pdf","url":"https://maps.lib.utexas.edu/maps/topo/vietnam/cao_bang-6254-2.pdf"}},{"type":"Feature","geometry":{"type":"Polygon","coordinates":[[[105.50017,10.50002],[105.52049,10.50001],[105.67969,10.49999],[105.7499,10.50007],[105.74995,10.4918],[105.75015,10.24998],[105.73793,10.24999],[105.55095,10.2499],[105.49984,10.24995],[105.50017,10.50002],[105.50017,10.50002],[105.50017,10.50002],[105.50017,10.50002],[105.50017,10.50002],[105.50017,10.50002]]]},"properties":{"sheet":"6129-4","name":"Cao Lanh","year":"1965","edition":"001","kind":"pdf","url":"https://maps.lib.utexas.edu/maps/topo/vietnam/cao_lanh-6129-4.pdf"}},{"type":"Feature","geometry":{"type":"Polygon","coordinates":[[[106.99994,20.49998],[107.25001,20.49999],[107.24997,20.74997],[107.0,20.75],[106.99994,20.49998],[106.99994,20.49998]]]},"properties":{"sheet":"6450-3","name":"Cat Ba","year":"1983","edition":"002","kind":"pdf","url":"https://maps.lib.utexas.edu/maps/topo/vietnam/cat_ba-6450-3.pdf"}},{"type":"Feature","geometry":{"type":"Polygon","coordinates":[[[106.00002,10.00014],[106.00007,9.85982],[106.00004,9.76033],[106.0,9.74995],[106.09429,9.74986],[106.1763,9.74995],[106.25014,9.75003],[106.25008,9.83336],[106.25003,9.90435],[106.25006,9.97275],[106.2502,9.97295],[106.25008,9.97302],[106.25,9.9731],[106.25004,9.97663],[106.25003,10.00002],[106.10412,10.00008],[106.01301,10.00011],[106.00002,10.00014],[106.00002,10.00014],[106.00002,10.00014],[106.00002,10.00014]]]},"properties":{"sheet":"6228-4","name":"Cau Ke","year":"1965","edition":"001","kind":"pdf","url":"https://maps.lib.utexas.edu/maps/topo/vietnam/cau_ke-6228-4.pdf"}},{"type":"Feature","geometry":{"type":"Polygon","coordinates":[[[105.99595,17.75148],[106.24594,17.75144],[106.24591,17.50151],[105.99603,17.50146],[105.99595,17.75148],[105.99595,17.75148],[105.99595,17.75148],[105.99595,17.75148]]]},"properties":{"sheet":"6244-3","name":"Cha Noi","year":"1967","edition":"003","kind":"pdf","url":"https://maps.lib.utexas.edu/maps/topo/vietnam/cha_noi-6244-3.pdf"}},{"type":"Feature","geometry":{"type":"Polygon","coordinates":[[[106.99996,21.50003],[107.25013,21.5],[107.25004,21.24989],[107.00002,21.24987],[106.99996,21.50003],[106.99996,21.50003],[106.99996,21.50003],[106.99996,21.50003],[106.99996,21.50003]]]},"properties":{"sheet":"6451-4","name":"Chau Son","year":"1965","edition":"001","kind":"pdf","url":"https://maps.lib.utexas.edu/maps/topo/vietnam/chau_son-6451-4.pdf"}},{"type":"Feature","geometry":{"type":"Polygon","coordinates":[[[104.99608,10.0022],[105.17337,10.00217],[105.24615,10.00215],[105.24616,9.80617],[105.24615,9.75205],[105.1167,9.75206],[104.99608,9.75205],[104.99608,10.0022],[104.99608,10.0022],[104.99608,10.0022],[104.99608,10.0022],[104.99608,10.0022]]]},"properties":{"sheet":"6028-4","name":"Chau Thanh","year":"1989","edition":"002","kind":"pdf","url":"https://maps.lib.utexas.edu/maps/topo/vietnam/chau_thanh-6028-4.pdf"}},{"type":"Feature","geometry":{"type":"Polygon","coordinates":[[[108.24997,13.50006],[108.50016,13.50003],[108.50017,13.24992],[108.24989,13.24981],[108.24997,13.50006],[108.24997,13.50006],[108.24997,13.50006],[108.24997,13.50006],[108.24997,13.50006]]]},"properties":{"sheet":"6635-1","name":"Cheo Reo","year":"1969","edition":"002","kind":"pdf","url":"https://maps.lib.utexas.edu/maps/topo/vietnam/cheo_reo-6635-1.pdf"}},{"type":"Feature","geometry":{"type":"Polygon","coordinates":[[[105.24984,21.99984],[105.24984,22.00557],[105.24992,22.05244],[105.25003,22.25006],[105.25834,22.25005],[105.49999,22.24994],[105.50007,21.99996],[105.50007,21.99996],[105.24984,21.99984]]]},"properties":{"sheet":"6053-2","name":"Chiem Hoa","year":"1968","edition":"002","kind":"pdf","url":"https://maps.lib.utexas.edu/maps/topo/vietnam/chiem_hoa-6053-2.pdf"}},{"type":"Feature","geometry":{"type":"Polygon","coordinates":[[[105.00001,20.99995],[105.0147,21.0],[105.12271,21.00002],[105.21755,21.00006],[105.24999,21.00002],[105.25,20.99622],[105.25006,20.74996],[105.23742,20.74996],[104.99989,20.74995],[105.00001,20.99995],[105.00001,20.99995],[105.00001,20.99995],[105.00001,20.99995],[105.00001,20.99995],[105.00001,20.99995]]]},"properties":{"sheet":"6050-4","name":"Cho Bo","year":"1966","edition":"002","kind":"pdf","url":"https://maps.lib.utexas.edu/maps/topo/vietnam/cho_bo-6050-4.pdf"}},{"type":"Feature","geometry":{"type":"Polygon","coordinates":[[[105.49588,22.00119],[105.74577,22.00121],[105.74597,21.75122],[105.49566,21.75119],[105.49588,22.00119],[105.49588,22.00119],[105.49588,22.00119],[105.49588,22.00119]]]},"properties":{"sheet":"6152-4","name":"Cho Chu","year":"1964","edition":"001","kind":"pdf","url":"https://maps.lib.utexas.edu/maps/topo/vietnam/cho_chu-6152-4.pdf"}},{"type":"Feature","geometry":{"type":"Polygon","coordinates":[[[105.49986,22.25001],[105.75013,22.24999],[105.75007,21.99992],[105.49998,21.99987],[105.49986,22.25001],[105.49986,22.25001],[105.49986,22.25001],[105.49986,22.25001],[105.49986,22.25001],[105.49986,22.25001]]]},"properties":{"sheet":"6153-3","name":"Cho Don","year":"1968","edition":"002","kind":"pdf","url":"https://maps.lib.utexas.edu/maps/topo/vietnam/cho_don-6153-3.pdf"}},{"type":"Feature","geometry":{"type":"Polygon","coordinates":[[[105.49993,18.99991],[105.75,19.0001],[105.75006,19.24982],[105.49993,19.25008],[105.49993,18.99991],[105.49993,18.99991],[105.49993,18.99991]]]},"properties":{"sheet":"6147-3","name":"Cho Giat","year":"1966","edition":"002","kind":"pdf","url":"https://maps.lib.utexas.edu/maps/topo/vietnam/cho_giat-6147-3.pdf"}},{"type":"Feature","geometry":{"type":"Polygon","coordinates":[[[105.7459,22.00115],[105.99583,22.00114],[105.99595,21.75107],[105.74574,21.75106],[105.7459,22.00115],[105.7459,22.00115],[105.7459,22.00115]]]},"properties":{"sheet":"6152-1","name":"Cho Moi","year":"1964","edition":"001","kind":"pdf","url":"https://maps.lib.utexas.edu/maps/topo/vietnam/cho_moi-6152-1.pdf"}},{"type":"Feature","geometry":{"type":"Polygon","coordinates":[[[107.2459,10.25207],[107.49593,10.25205],[107.49589,10.50206],[107.24594,10.502],[107.2459,10.25207],[107.2459,10.25207]]]},"properties":{"sheet":"6429-1","name":"Cho Phuoc Hai","year":"1984","edition":"004","kind":"pdf","url":"https://maps.lib.utexas.edu/maps/topo/vietnam/cho_phuoc_hai-6429-1.pdf"}},{"type":"Feature","geometry":{"type":"Polygon","coordinates":[[[105.49999,22.29888],[105.49999,22.50001],[105.72649,22.49995],[105.74996,22.49996],[105.75001,22.27821],[105.75002,22.24999],[105.53763,22.24995],[105.49989,22.24995],[105.49999,22.29888],[105.49999,22.29888],[105.49999,22.29888]]]},"properties":{"sheet":"6153-4","name":"Cho Ra","year":"1968","edition":"002","kind":"pdf","url":"https://maps.lib.utexas.edu/maps/topo/vietnam/cho_ra-6153-4.pdf"}},{"type":"Feature","geometry":{"type":"Polygon","coordinates":[[[103.74996,22.24989],[103.99991,22.25],[103.99985,22.00004],[103.75,21.99995],[103.74996,22.24989],[103.74996,22.24989],[103.74996,22.24989],[103.74996,22.24989],[103.74996,22.24989],[103.74996,22.24989]]]},"properties":{"sheet":"5753-2","name":"Chom Chang","year":"1965","edition":"001","kind":"pdf","url":"https://maps.lib.utexas.edu/maps/topo/vietnam/chom_chang-5753-2.pdf"}},{"type":"Feature","geometry":{"type":"Polygon","coordinates":[[[106.50015,21.4999],[106.74994,21.50008],[106.75008,21.24992],[106.49998,21.24979],[106.50015,21.4999],[106.50015,21.4999],[106.50015,21.4999],[106.50015,21.4999],[106.50015,21.4999]]]},"properties":{"sheet":"6351-4","name":"Chu","year":"1965","edition":"001","kind":"pdf","url":"https://maps.lib.utexas.edu/maps/topo/vietnam/chu-6351-4.pdf"}},{"type":"Feature","geometry":{"type":"Polygon","coordinates":[[[108.24573,14.0019],[108.26749,14.00193],[108.49575,14.0019],[108.49576,13.99829],[108.50004,13.75002],[108.4808,13.74999],[108.27685,13.74987],[108.25001,13.74992],[108.24573,14.0019],[108.24573,14.0019],[108.24573,14.0019],[108.24573,14.0019]]]},"properties":{"sheet":"6636-1","name":"Chu Rpan","year":"1970","edition":"002","kind":"pdf","url":"https://maps.lib.utexas.edu/maps/topo/vietnam/chu_rpan-6636-1.pdf"}},{"type":"Feature","geometry":{"type":"Polygon","coordinates":[[[108.2457,14.50184],[108.49564,14.50179],[108.49569,14.75179],[108.24567,14.75175],[108.2457,14.50184],[108.2457,14.50184]]]},"properties":{"sheet":"6638-2","name":"Chuong Nghia","year":"1965","edition":"001","kind":"pdf","url":"https://maps.lib.utexas.edu/maps/topo/vietnam/chuong_nghia-6638-2.pdf"}},{"type":"Feature","geometry":{"type":"Polygon","coordinates":[[[107.75006,11.49994],[107.77563,11.49996],[107.94848,11.49996],[108.0,11.49992],[108.0,11.49556],[108.00006,11.25002],[107.98017,11.25001],[107.80542,11.24991],[107.74998,11.24993],[107.75006,11.49994],[107.75006,11.49994],[107.75006,11.49994],[107.75006,11.49994],[107.75006,11.49994],[107.75006,11.49994]]]},"properties":{"sheet":"6531-1","name":"Cirlao Da Srang","year":"1965","edition":"001","kind":"pdf","url":"https://maps.lib.utexas.edu/maps/topo/vietnam/cirlao_da_srang-6531-1.pdf"}},{"type":"Feature","geometry":{"type":"Polygon","coordinates":[[[105.24993,10.00001],[105.24993,10.01402],[105.25001,10.25002],[105.26932,10.24997],[105.40706,10.24998],[105.49997,10.2501],[105.49999,10.2425],[105.50012,9.99993],[105.24993,10.00001],[105.24993,10.00001],[105.24993,10.00001],[105.24993,10.00001]]]},"properties":{"sheet":"6029-2","name":"Co Do","year":"1965","edition":"001","kind":"pdf","url":"https://maps.lib.utexas.edu/maps/topo/vietnam/co_do-6029-2.pdf"}},{"type":"Feature","geometry":{"type":"Polygon","coordinates":[[[106.24593,17.50161],[106.26656,17.50162],[106.31352,17.5016],[106.33308,17.50158],[106.38141,17.50161],[106.44413,17.50154],[106.49585,17.50146],[106.49587,17.49892],[106.49586,17.25155],[106.47834,17.25155],[106.37824,17.25148],[106.29849,17.25147],[106.24588,17.25146],[106.24589,17.25941],[106.24593,17.50161],[106.24593,17.50161],[106.24593,17.50161],[106.24593,17.50161],[106.24593,17.50161]]]},"properties":{"sheet":"6243-1","name":"Co Trang","year":"1966","edition":"002","kind":"pdf","url":"https://maps.lib.utexas.edu/maps/topo/vietnam/co_trang-6243-1.pdf"}},{"type":"Feature","geometry":{"type":"Polygon","coordinates":[[[104.74998,19.25],[104.77158,19.25002],[104.80015,19.25],[104.82871,19.25004],[104.85737,19.25001],[104.87654,19.25001],[104.89531,19.24997],[104.91805,19.24998],[104.94148,19.24998],[104.96277,19.24998],[104.99051,19.24995],[105.00012,19.24995],[105.00011,19.19265],[104.99994,19.14758],[104.99994,19.08433],[105.00003,19.04818],[105.00011,19.01203],[105.00018,18.99997],[104.9798,18.99998],[104.9566,18.99995],[104.93091,19.0],[104.90676,18.99996],[104.88509,18.99999],[104.86141,18.99995],[104.83705,18.9999],[104.81227,18.99988],[104.79038,18.99987],[104.76476,18.99987],[104.75001,18.99984],[104.75004,19.01931],[104.7501,19.08244],[104.74993,19.15827],[104.74997,19.21937],[104.74997,19.24464],[104.74998,19.25],[104.74998,19.25],[104.74998,19.25]]]},"properties":{"sheet":"5947-2","name":"Con Cuong","year":"1965","edition":"001","kind":"pdf","url":"https://maps.lib.utexas.edu/maps/topo/vietnam/con_cuong-5947-2.pdf"}},{"type":"Feature","geometry":{"type":"Polygon","coordinates":[[[105.99999,20.00002],[106.01831,20.00002],[106.17785,19.99995],[106.24989,19.99996],[106.24989,19.99727],[106.24996,19.74996],[106.23281,19.74995],[105.99989,19.74991],[105.99986,19.75959],[105.99999,20.00002],[105.99999,20.00002],[105.99999,20.00002],[105.99999,20.00002],[105.99999,20.00002]]]},"properties":{"sheet":"6248-4","name":"Cua Day","year":"1966","edition":"002","kind":"pdf","url":"https://maps.lib.utexas.edu/maps/topo/vietnam/cua_day-6248-4.pdf"}},{"type":"Feature","geometry":{"type":"Polygon","coordinates":[[[104.25007,19.50003],[104.49993,19.49997],[104.5,19.2499],[104.24994,19.24996],[104.25007,19.50003],[104.25007,19.50003],[104.25007,19.50003]]]},"properties":{"sheet":"5847-1","name":"Cua Rao","year":"1971","edition":"002","kind":"pdf","url":"https://maps.lib.utexas.edu/maps/topo/vietnam/cua_rao-5847-1.pdf"}},{"type":"Feature","geometry":{"type":"Polygon","coordinates":[[[106.50646,20.49995],[106.52064,20.49999],[106.60309,20.50008],[106.71057,20.50007],[106.74999,20.50001],[106.75005,20.24993],[106.73685,20.24997],[106.60529,20.24994],[106.55135,20.25004],[106.55127,20.24238],[106.5511,20.22532],[106.54525,20.22541],[106.49991,20.22581],[106.49984,20.23584],[106.50001,20.38135],[106.49992,20.49995],[106.50646,20.49995]],[[106.50646,20.49995],[106.49995,20.49992],[106.50987,20.49994],[106.50646,20.49995]]]},"properties":{"sheet":"6349-4","name":"Cua Tra Ly","year":"1966","edition":"003","kind":"pdf","url":"https://maps.lib.utexas.edu/maps/topo/vietnam/cua_tra_ly-6349-4.pdf"}},{"type":"Feature","geometry":{"type":"Polygon","coordinates":[[[108.24568,12.00205],[108.24945,12.00204],[108.25439,12.00201],[108.26109,12.00204],[108.26497,12.00205],[108.29795,12.00204],[108.30471,12.00204],[108.36975,12.00202],[108.40927,12.00203],[108.45891,12.00201],[108.49581,12.00198],[108.49584,11.99617],[108.49579,11.85954],[108.49581,11.80451],[108.49575,11.75196],[108.48766,11.75197],[108.44079,11.75199],[108.39931,11.75191],[108.37132,11.7519],[108.3441,11.75188],[108.30773,11.75191],[108.28567,11.75191],[108.25843,11.75194],[108.24571,11.75193],[108.24568,12.00205],[108.24568,12.00205]]]},"properties":{"sheet":"6632-1","name":"Da Lat","year":"1989","edition":"002","kind":"pdf","url":"https://maps.lib.utexas.edu/maps/topo/vietnam/da_lat-6632-1.pdf"}},{"type":"Feature","geometry":{"type":"Polygon","coordinates":[[[107.99569,16.00184],[108.24562,16.00172],[108.24561,15.75182],[107.99557,15.75171],[107.99569,16.00184],[107.99569,16.00184],[107.99569,16.00184]]]},"properties":{"sheet":"6640-4","name":"Dai Loc","year":"1984","edition":"004","kind":"pdf","url":"https://maps.lib.utexas.edu/maps/topo/vietnam/dai_loc-6640-4.pdf"}},{"type":"Feature","geometry":{"type":"Polygon","coordinates":[[[108.25003,11.49992],[108.49995,11.50006],[108.50001,11.74991],[108.24994,11.75004],[108.25003,11.49992],[108.25003,11.49992]]]},"properties":{"sheet":"6632-2","name":"Dai Ninh","year":"1965","edition":"001","kind":"pdf","url":"https://maps.lib.utexas.edu/maps/topo/vietnam/dai_ninh-6632-2.pdf"}},{"type":"Feature","geometry":{"type":"Polygon","coordinates":[[[105.49596,21.75117],[105.7458,21.75122],[105.74592,21.50106],[105.4957,21.50136],[105.49596,21.75117],[105.49596,21.75117],[105.49596,21.75117]]]},"properties":{"sheet":"6152-3","name":"Dai Tu","year":"1964","edition":"001","kind":"pdf","url":"https://maps.lib.utexas.edu/maps/topo/vietnam/dai_tu-6152-3.pdf"}},{"type":"Feature","geometry":{"type":"Polygon","coordinates":[[[107.49581,14.50172],[107.7458,14.5018],[107.74569,14.75167],[107.74372,14.75166],[107.52065,14.75173],[107.49588,14.75173],[107.49581,14.50172],[107.49581,14.50172],[107.49581,14.50172],[107.49581,14.50172],[107.49581,14.50172]]]},"properties":{"sheet":"6538-3","name":"Dak Mot Lop","year":"1968","edition":"003","kind":"pdf","url":"https://maps.lib.utexas.edu/maps/topo/vietnam/dak_mot_lop-6538-3.pdf"}},{"type":"Feature","geometry":{"type":"Polygon","coordinates":[[[108.24568,15.00186],[108.49571,15.00168],[108.49575,14.75175],[108.24564,14.75174],[108.24568,15.00186],[108.24568,15.00186],[108.24568,15.00186]]]},"properties":{"sheet":"6638-1","name":"Dak Ninh Kola","year":"1965","edition":"001","kind":"pdf","url":"https://maps.lib.utexas.edu/maps/topo/vietnam/dak_ninh_6638-1.pdf"}},{"type":"Feature","geometry":{"type":"Polygon","coordinates":[[[107.50007,21.49999],[107.75,21.49999],[107.75021,21.24989],[107.4999,21.24991],[107.50007,21.49999],[107.50007,21.49999],[107.50007,21.49999],[107.50007,21.49999],[107.50007,21.49999],[107.50007,21.49999]]]},"properties":{"sheet":"6551-4","name":"Dam Ha","year":"1965","edition":"001","kind":"pdf","url":"https://maps.lib.utexas.edu/maps/topo/vietnam/dam_ha-6551-4.pdf"}},{"type":"Feature","geometry":{"type":"Polygon","coordinates":[[[108.24575,12.2521],[108.49573,12.25192],[108.49573,12.00204],[108.24569,12.00185],[108.24575,12.2521],[108.24575,12.2521],[108.24575,12.2521],[108.24575,12.2521],[108.24575,12.2521],[108.24575,12.2521]]]},"properties":{"sheet":"6633-2","name":"Dan Kia","year":"1989","edition":"003","kind":"pdf","url":"https://maps.lib.utexas.edu/maps/topo/vietnam/dan_kia-6633-2.pdf"}},{"type":"Feature","geometry":{"type":"Polygon","coordinates":[[[108.00003,11.75007],[108.0235,11.75006],[108.2097,11.74993],[108.25,11.74987],[108.24997,11.74661],[108.24999,11.50004],[108.23326,11.49998],[108.06806,11.49984],[107.99995,11.49975],[108.00003,11.75007],[108.00003,11.75007],[108.00003,11.75007],[108.00003,11.75007],[108.00003,11.75007]]]},"properties":{"sheet":"6632-3","name":"Di Linh","year":"1965","edition":"001","kind":"pdf","url":"https://maps.lib.utexas.edu/maps/topo/vietnam/di_linh-6632-3.pdf"}},{"type":"Feature","geometry":{"type":"Polygon","coordinates":[[[107.24584,11.50198],[107.23099,11.50199],[107.19637,11.50192],[107.15054,11.50195],[107.12283,11.50196],[107.09559,11.50196],[107.06182,11.502],[107.04016,11.502],[107.01292,11.50206],[107.00353,11.50212],[106.99572,11.50218],[106.99583,11.51185],[106.99605,11.55707],[106.99608,11.61126],[106.99607,11.6352],[106.99596,11.67462],[106.99592,11.70164],[106.99591,11.71975],[106.9959,11.73779],[106.9959,11.75201],[107.01488,11.75201],[107.04317,11.75206],[107.06994,11.75206],[107.08837,11.75208],[107.11099,11.75207],[107.12664,11.75209],[107.1525,11.75211],[107.17315,11.75216],[107.19522,11.75217],[107.22177,11.75215],[107.24063,11.75219],[107.24582,11.75216],[107.24585,11.75018],[107.24593,11.73241],[107.24591,11.68998],[107.24586,11.65042],[107.24587,11.59932],[107.24585,11.555],[107.24587,11.52828],[107.2459,11.50207],[107.24584,11.50198],[107.24584,11.50198],[107.24584,11.50198],[107.24584,11.50198],[107.24584,11.50198]]]},"properties":{"sheet":"6432-3","name":"Dia Diem Bunard","year":"1968","edition":"002","kind":"pdf","url":"https://maps.lib.utexas.edu/maps/topo/vietnam/dia_diem_bunard-6432-3.pdf"}},{"type":"Feature","geometry":{"type":"Polygon","coordinates":[[[102.99606,21.50118],[103.24622,21.50124],[103.24628,21.251],[102.99594,21.251],[102.99606,21.50118],[102.99606,21.50118],[102.99606,21.50118]]]},"properties":{"sheet":"5651-4","name":"Dien Bien Phu","year":"1966","edition":"003","kind":"pdf","url":"https://maps.lib.utexas.edu/maps/topo/vietnam/dien_bien_phu-5651-4.pdf"}},{"type":"Feature","geometry":{"type":"Polygon","coordinates":[[[107.24581,21.50115],[107.24585,21.51087],[107.24557,21.65122],[107.24532,21.75138],[107.23347,21.75143],[107.02658,21.75126],[106.99523,21.75122],[106.99529,21.7463],[106.99568,21.50107],[107.24581,21.50115]]]},"properties":{"sheet":"6452-3","name":"Dinh Lap","year":"1964","edition":"001","kind":"pdf","url":"https://maps.lib.utexas.edu/maps/topo/vietnam/dinh_lap-6452-3.pdf"}},{"type":"Feature","geometry":{"type":"Polygon","coordinates":[[[107.24991,11.24997],[107.27419,11.25],[107.42381,11.25005],[107.5001,11.24988],[107.50013,11.24748],[107.49586,11.00202],[107.47339,11.00204],[107.24603,11.00191],[107.24991,11.24997],[107.24991,11.24997],[107.24991,11.24997],[107.24991,11.24997],[107.24991,11.24997]]]},"properties":{"sheet":"6431-2","name":"Dinh Quan","year":"1965","edition":"001","kind":"pdf","url":"https://maps.lib.utexas.edu/maps/topo/vietnam/dinh_quan-6431-2.pdf"}},{"type":"Feature","geometry":{"type":"Polygon","coordinates":[[[105.2501,21.74997],[105.25012,21.6633],[105.25001,21.61221],[105.25003,21.55952],[105.25009,21.49996],[105.23179,21.49999],[105.08335,21.49995],[104.99994,21.49984],[104.9999,21.57858],[104.99987,21.64195],[104.99991,21.68719],[104.99992,21.72328],[104.99999,21.7501],[105.00965,21.75007],[105.03107,21.75],[105.05578,21.75006],[105.06057,21.75004],[105.09165,21.74999],[105.18943,21.75014],[105.20635,21.75007],[105.22985,21.75004],[105.24361,21.7501],[105.25001,21.74999],[105.25006,21.74999],[105.2501,21.74997],[105.2501,21.74997],[105.2501,21.74997]]]},"properties":{"sheet":"6052-3","name":"Doan Hung","year":"1966","edition":"002","kind":"pdf","url":"https://maps.lib.utexas.edu/maps/topo/vietnam/doan_hung-6052-3.pdf"}},{"type":"Feature","geometry":{"type":"Polygon","coordinates":[[[108.49561,12.00206],[108.49564,12.00041],[108.49567,12.00001],[108.49561,11.92045],[108.49568,11.85718],[108.49558,11.79391],[108.49562,11.75308],[108.49555,11.75189],[108.49585,11.75174],[108.49773,11.75185],[108.64259,11.75193],[108.74359,11.75194],[108.74575,11.75181],[108.74583,11.75229],[108.74589,11.75359],[108.74577,11.75367],[108.74597,11.7866],[108.74601,11.8031],[108.74578,11.80325],[108.74576,11.80427],[108.74596,11.80429],[108.74596,11.80462],[108.74594,11.80469],[108.74579,11.80469],[108.74577,11.81657],[108.74599,11.81671],[108.74594,11.91359],[108.74601,11.98329],[108.746,12.00216],[108.74441,12.00216],[108.7443,12.00205],[108.68019,12.00209],[108.55005,12.00209],[108.49564,12.0021],[108.49561,12.00206],[108.49561,12.00206]]]},"properties":{"sheet":"6732-4","name":"Don Duong","year":"1989","edition":"002","kind":"pdf","url":"https://maps.lib.utexas.edu/maps/topo/vietnam/don_duong-6732-4.pdf"}},{"type":"Feature","geometry":{"type":"Polygon","coordinates":[[[108.99546,13.25208],[109.24559,13.25198],[109.24572,13.00209],[108.99552,13.00187],[108.99546,13.25208],[108.99546,13.25208],[108.99546,13.25208],[108.99546,13.25208]]]},"properties":{"sheet":"6835-3","name":"Dong Cam","year":"1971","edition":"002","kind":"pdf","url":"https://maps.lib.utexas.edu/maps/topo/vietnam/dong_cam-6835-3.pdf"}},{"type":"Feature","geometry":{"type":"Polygon","coordinates":[[[106.49553,21.75129],[106.7458,21.75132],[106.74551,22.00122],[106.4958,22.00125],[106.49553,21.75129],[106.49553,21.75129],[106.49553,21.75129],[106.49553,21.75129],[106.49553,21.75129]]]},"properties":{"sheet":"6352-4","name":"Dong Dang","year":"1964","edition":"001","kind":"pdf","url":"https://maps.lib.utexas.edu/maps/topo/vietnam/dong_dang-6352-4.pdf"}},{"type":"Feature","geometry":{"type":"Polygon","coordinates":[[[104.99612,9.502],[105.01517,9.50199],[105.10333,9.50201],[105.17434,9.50213],[105.22004,9.50213],[105.24611,9.50214],[105.24606,9.54889],[105.24613,9.69512],[105.24618,9.75202],[105.22905,9.75205],[105.01553,9.75209],[104.99613,9.75208],[104.99612,9.502],[104.99612,9.502],[104.99612,9.502],[104.99612,9.502]]]},"properties":{"sheet":"6028-3","name":"Dong Hoa","year":"1989","edition":"002","kind":"pdf","url":"https://maps.lib.utexas.edu/maps/topo/vietnam/dong_hoa-6028-3.pdf"}},{"type":"Feature","geometry":{"type":"Polygon","coordinates":[[[106.49582,17.25154],[106.7459,17.25156],[106.74581,17.5015],[106.49589,17.50151],[106.49582,17.25154],[106.49582,17.25154]]]},"properties":{"sheet":"6343-4","name":"Dong Hoi","year":"1968","edition":"003","kind":"pdf","url":"https://maps.lib.utexas.edu/maps/topo/vietnam/dong_hoi-6343-4.pdf"}},{"type":"Feature","geometry":{"type":"Polygon","coordinates":[[[104.74611,9.75228],[104.99627,9.75218],[104.99627,9.50212],[104.74613,9.50206],[104.74611,9.75228],[104.74611,9.75228],[104.74611,9.75228]]]},"properties":{"sheet":"5928-2","name":"Dong Hung","year":"1965","edition":"001","kind":"pdf","url":"https://maps.lib.utexas.edu/maps/topo/vietnam/dong_hung-5928-2.pdf"}},{"type":"Feature","geometry":{"type":"Polygon","coordinates":[[[106.74994,21.49992],[107.00007,21.50007],[106.99995,21.74992],[106.75009,21.75005],[106.74994,21.49992],[106.74994,21.49992]]]},"properties":{"sheet":"6352-2","name":"Dong Quan","year":"1964","edition":"001","kind":"pdf","url":"https://maps.lib.utexas.edu/maps/topo/vietnam/dong_quan-6352-2.pdf"}},{"type":"Feature","geometry":{"type":"Polygon","coordinates":[[[106.99982,11.75004],[107.0154,11.74999],[107.06366,11.7499],[107.16555,11.7499],[107.2349,11.74986],[107.25002,11.74986],[107.25004,11.76003],[107.25002,11.9271],[107.24999,12.00003],[107.23027,12.00007],[107.04965,11.99989],[106.99989,11.99984],[106.99995,11.99718],[106.99999,11.92518],[107.00001,11.79842],[106.99973,11.74992],[106.99982,11.75004],[106.99982,11.75004],[106.99982,11.75004],[106.99982,11.75004],[106.99982,11.75004]]]},"properties":{"sheet":"6432-4","name":"Dong Sre Viet","year":"1969","edition":"002","kind":"pdf","url":"https://maps.lib.utexas.edu/maps/topo/vietnam/dong_sre_viet-6432-4.pdf"}},{"type":"Feature","geometry":{"type":"Polygon","coordinates":[[[105.50012,19.49988],[105.4934,19.49987],[105.42963,19.4999],[105.4068,19.49994],[105.37731,19.49994],[105.34826,19.49991],[105.3269,19.49989],[105.30188,19.4999],[105.28443,19.49987],[105.2636,19.49986],[105.24983,19.49989],[105.24985,19.50518],[105.24994,19.56077],[105.24998,19.624],[105.24994,19.63895],[105.24996,19.64698],[105.25002,19.70355],[105.25003,19.74995],[105.25946,19.74995],[105.33937,19.7499],[105.37416,19.7499],[105.39625,19.74993],[105.42971,19.74992],[105.4441,19.74993],[105.46189,19.74994],[105.4698,19.74997],[105.48686,19.74996],[105.49784,19.74996],[105.49995,19.74997],[105.50001,19.72962],[105.49999,19.67005],[105.50005,19.61902],[105.50008,19.56553],[105.50011,19.506],[105.50012,19.49988]]]},"properties":{"sheet":"6048-2","name":"Dong Tau","year":"1966","edition":"002","kind":"pdf","url":"https://maps.lib.utexas.edu/maps/topo/vietnam/dong_tau-6048-2.pdf"}},{"type":"Feature","geometry":{"type":"MultiPolygon","coordinates":[[[[104.74999,10.00013],[104.78101,10.00011],[104.82661,10.00012],[104.9087,10.00008],[105.00007,10.00002],[105.00005,9.98796],[104.99997,9.93371],[104.99993,9.87948],[105.00005,9.79801],[105.00005,9.74989],[104.95588,9.74992],[104.86334,9.74995],[104.74965,9.74997],[104.74969,9.75205],[104.74982,9.75226],[104.74993,9.79794],[104.74992,9.86131],[104.74994,9.93369],[104.74999,10.00013]]],[[[104.74999,10.00013],[104.74997,10.00013],[104.74999,10.00013],[104.74999,10.00013]]]]},"properties":{"sheet":"5928-1","name":"Dong Thai","year":"1965","edition":"001","kind":"pdf","url":"https://maps.lib.utexas.edu/maps/topo/vietnam/dong_thai-5928-1.pdf"}},{"type":"Feature","geometry":{"type":"Polygon","coordinates":[[[106.49995,21.00001],[106.74999,21.0],[106.75001,21.24999],[106.49997,21.25],[106.49995,21.00001],[106.49995,21.00001]]]},"properties":{"sheet":"6351-3","name":"Dong Trieu","year":"1984","edition":"002","kind":"pdf","url":"https://maps.lib.utexas.edu/maps/topo/vietnam/dong_trieu-6351-3.pdf"}},{"type":"Feature","geometry":{"type":"Polygon","coordinates":[[[106.74992,11.75003],[107.00012,11.74998],[107.00014,11.49996],[106.7498,11.49987],[106.74992,11.75003],[106.74992,11.75003],[106.74992,11.75003],[106.74992,11.75003],[106.74992,11.75003]]]},"properties":{"sheet":"6332-2","name":"Dong Xoai","year":"1968","edition":"002","kind":"pdf","url":"https://maps.lib.utexas.edu/maps/topo/vietnam/dong_xoai-6332-2.pdf"}},{"type":"Feature","geometry":{"type":"Polygon","coordinates":[[[106.25001,10.99995],[106.5,11.0],[106.50006,10.74989],[106.24984,10.74987],[106.25001,10.99995],[106.25001,10.99995],[106.25001,10.99995],[106.25001,10.99995],[106.25001,10.99995],[106.25001,10.99995]]]},"properties":{"sheet":"6230-1","name":"Duc Hoa","year":"1969","edition":"002","kind":"pdf","url":"https://maps.lib.utexas.edu/maps/topo/vietnam/duc_hoa-6230-1.pdf"}},{"type":"Feature","geometry":{"type":"Polygon","coordinates":[[[105.5,9.99996],[105.50005,9.75002],[105.25006,9.74991],[105.25003,10.0],[105.5,9.99996],[105.5,9.99996],[105.5,9.99996]]]},"properties":{"sheet":"6028-1","name":"Duc Long","year":"1965","edition":"001","kind":"pdf","url":"https://maps.lib.utexas.edu/maps/topo/vietnam/duc_long-6028-1.pdf"}},{"type":"Feature","geometry":{"type":"Polygon","coordinates":[[[107.49975,12.24968],[107.49953,12.50043],[107.75056,12.50047],[107.75048,12.24963],[107.75048,12.24963],[107.49975,12.24968]]]},"properties":{"sheet":"6533-4","name":"Duc Minh","year":"Jan ","edition":"1","kind":"pdf","url":"https://maps.lib.utexas.edu/maps/topo/vietnam/duc_minh-6533-4.pdf"}},{"type":"Feature","geometry":{"type":"Polygon","coordinates":[[[107.24571,12.00201],[107.49584,12.00206],[107.49585,11.75201],[107.24574,11.75207],[107.24571,12.00201],[107.24571,12.00201],[107.24571,12.00201]]]},"properties":{"sheet":"6432-1","name":"Duc Phong","year":"1965","edition":"001","kind":"pdf","url":"https://maps.lib.utexas.edu/maps/topo/vietnam/duc_phong-6432-1.pdf"}},{"type":"Feature","geometry":{"type":"Polygon","coordinates":[[[107.74577,12.50198],[107.99578,12.50193],[107.99577,12.25209],[107.74572,12.252],[107.74577,12.50198],[107.74577,12.50198],[107.74577,12.50198]]]},"properties":{"sheet":"6533-1","name":"Duc Xuyen","year":"1969","edition":"002","kind":"pdf","url":"https://maps.lib.utexas.edu/maps/topo/vietnam/duc_xuyen-6533-1.pdf"}},{"type":"Feature","geometry":{"type":"Polygon","coordinates":[[[104.99998,8.5],[104.99998,8.51162],[105.00003,8.75],[105.02417,8.75003],[105.21249,8.75005],[105.25001,8.74999],[105.25004,8.74679],[105.25009,8.49997],[105.22939,8.49995],[105.04086,8.49999],[104.99998,8.49997],[104.99998,8.5],[104.99998,8.5],[104.99998,8.5],[104.99998,8.5],[104.99998,8.5]]]},"properties":{"sheet":"6026-3","name":"Duong Keo","year":"1965","edition":"001","kind":"pdf","url":"https://maps.lib.utexas.edu/maps/topo/vietnam/duong_keo-6026-3.pdf"}},{"type":"Feature","geometry":{"type":"Polygon","coordinates":[[[108.74564,12.25202],[108.7702,12.25203],[108.83141,12.25204],[108.92354,12.25202],[108.96886,12.25202],[108.99561,12.25198],[108.99565,12.24158],[108.99571,12.14521],[108.99576,12.00186],[108.97524,12.00187],[108.87623,12.00188],[108.80827,12.00183],[108.74552,12.00182],[108.74564,12.25202],[108.74564,12.25202],[108.74564,12.25202]]]},"properties":{"sheet":"6733-2","name":"E Lam Thuong","year":"1989","edition":"002","kind":"pdf","url":"https://maps.lib.utexas.edu/maps/topo/vietnam/e_lam_thuong_6733-2.pdf"}},{"type":"Feature","geometry":{"type":"Polygon","coordinates":[[[106.24984,22.24987],[106.24997,21.99987],[106.49996,21.9998],[106.5001,22.25004],[106.24984,22.24989],[106.24984,22.24987],[106.24984,22.24987],[106.24984,22.24987],[106.24984,22.24987],[106.24984,22.24987]]]},"properties":{"sheet":"6253-2","name":"Fac Ta","year":"1964","edition":"001","kind":"pdf","url":"https://maps.lib.utexas.edu/maps/topo/vietnam/fac_ta-6253-2.pdf"}},{"type":"Feature","geometry":{"type":"Polygon","coordinates":[[[107.99576,15.00179],[107.74565,15.00188],[107.74575,15.25173],[107.99579,15.25171],[107.99576,15.00179],[107.99576,15.00179],[107.99576,15.00179]]]},"properties":{"sheet":"6539-2","name":"G Rieng","year":"1965","edition":"001","kind":"pdf","url":"https://maps.lib.utexas.edu/maps/topo/vietnam/g_rieng-6539-2.pdf"}},{"type":"Feature","geometry":{"type":"Polygon","coordinates":[[[108.24565,15.00177],[108.49569,15.00185],[108.49558,15.25171],[108.24571,15.25182],[108.24565,15.00177],[108.24565,15.00177]]]},"properties":{"sheet":"6639-2","name":"Gi Lang","year":"1965","edition":"001","kind":"pdf","url":"https://maps.lib.utexas.edu/maps/topo/vietnam/gi_lang-6639-2.pdf"}},{"type":"Feature","geometry":{"type":"Polygon","coordinates":[[[107.49989,11.75001],[107.75,11.74996],[107.74991,11.99995],[107.50001,11.99992],[107.49989,11.75001],[107.49989,11.75001]]]},"properties":{"sheet":"6532-4","name":"Gia Nghia","year":"1965","edition":"001","kind":"pdf","url":"https://maps.lib.utexas.edu/maps/topo/vietnam/gia_nghia-6532-4.pdf"}},{"type":"Feature","geometry":{"type":"Polygon","coordinates":[[[105.50002,9.25005],[105.50011,8.99993],[105.24979,8.99988],[105.24998,9.25],[105.50002,9.25005],[105.50002,9.25005],[105.50002,9.25005],[105.50002,9.25005],[105.50002,9.25005]]]},"properties":{"sheet":"6027-2","name":"Gia Rai","year":"1965","edition":"001","kind":"pdf","url":"https://maps.lib.utexas.edu/maps/topo/vietnam/gia_rai-6027-2.pdf"}},{"type":"Feature","geometry":{"type":"Polygon","coordinates":[[[108.49566,14.75175],[108.51764,14.75175],[108.74566,14.75167],[108.74566,14.74916],[108.74566,14.50176],[108.72419,14.50172],[108.49567,14.50173],[108.49566,14.75175],[108.49566,14.75175],[108.49566,14.75175],[108.49566,14.75175],[108.49566,14.75175]]]},"properties":{"sheet":"6738-3","name":"Gia Vuc","year":"1965","edition":"001","kind":"pdf","url":"https://maps.lib.utexas.edu/maps/topo/vietnam/gia_vuc-6738-3.pdf"}},{"type":"Feature","geometry":{"type":"Polygon","coordinates":[[[102.25003,22.50001],[102.26844,22.50002],[102.28788,22.50005],[102.31443,22.50003],[102.32419,22.49999],[102.34362,22.49999],[102.35331,22.5],[102.36313,22.50001],[102.37285,22.49999],[102.40677,22.5],[102.44079,22.50003],[102.47002,22.50005],[102.48946,22.49994],[102.50002,22.49997],[102.50002,22.49932],[102.50005,22.49592],[102.50007,22.48917],[102.5,22.46213],[102.50003,22.4351],[102.50002,22.39961],[102.50009,22.38263],[102.49998,22.37198],[102.50005,22.32689],[102.5,22.29081],[102.49996,22.26365],[102.5,22.24998],[102.4831,22.24998],[102.45396,22.25],[102.42482,22.25001],[102.39574,22.25002],[102.36663,22.24996],[102.33762,22.24999],[102.29869,22.24999],[102.29869,22.24999],[102.26964,22.24998],[102.25005,22.24991],[102.24995,22.26012],[102.24996,22.30529],[102.24998,22.35038],[102.24995,22.40268],[102.2499,22.44347],[102.25003,22.50001],[102.25003,22.50001],[102.25003,22.50001],[102.25003,22.50001]]]},"properties":{"sheet":"5453-1","name":"Giang Mung Pho","year":"1965","edition":"001","kind":"pdf","url":"https://maps.lib.utexas.edu/maps/topo/vietnam/giang_mung_pho-5453-1.pdf"}},{"type":"Feature","geometry":{"type":"Polygon","coordinates":[[[105.7497,9.24987],[105.76719,9.24996],[105.8182,9.25006],[105.84178,9.25013],[105.86598,9.25015],[105.9212,9.25018],[105.94424,9.25019],[105.97291,9.25017],[105.98725,9.25014],[106.00017,9.25009],[106.00012,9.19561],[105.9999,8.99979],[105.88194,8.99987],[105.84624,8.99986],[105.78244,8.99992],[105.74998,8.99991],[105.74999,9.01214],[105.75,9.06229],[105.7497,9.24987],[105.7497,9.24987],[105.7497,9.24987],[105.7497,9.24987]]]},"properties":{"sheet":"6127-2","name":"Giong Giua","year":"1965","edition":"001","kind":"pdf","url":"https://maps.lib.utexas.edu/maps/topo/vietnam/giong_giua-6127-2.pdf"}},{"type":"Feature","geometry":{"type":"Polygon","coordinates":[[[107.74545,21.50116],[107.74545,21.49446],[107.74555,21.2512],[107.7617,21.25116],[107.96167,21.25119],[107.99557,21.25122],[107.99556,21.26128],[107.99556,21.50119],[107.97682,21.50118],[107.81025,21.50124],[107.74545,21.50122],[107.74545,21.50116],[107.74545,21.50116]]]},"properties":{"sheet":"6551-1","name":"Ha Coi","year":"1989","edition":"002","kind":"pdf","url":"https://maps.lib.utexas.edu/maps/topo/vietnam/ha_coi-6551-1.pdf"}},{"type":"Feature","geometry":{"type":"Polygon","coordinates":[[[105.74997,20.99998],[105.78817,20.99997],[105.85855,20.99994],[105.91451,20.99994],[105.97145,21.0],[105.99998,20.99999],[106.00004,20.93415],[106.00007,20.83877],[106.00003,20.74993],[105.95729,20.74993],[105.90514,20.74992],[105.84767,20.74987],[105.79917,20.74989],[105.7724,20.74991],[105.74987,20.74995],[105.74998,20.79112],[105.75003,20.80437],[105.75004,20.81047],[105.75003,20.8373],[105.74997,20.99998],[105.74997,20.99998],[105.74997,20.99998]]]},"properties":{"sheet":"6150-1","name":"Ha Dong","year":"1983","edition":"003","kind":"pdf","url":"https://maps.lib.utexas.edu/maps/topo/vietnam/ha_dong-6150-1.pdf"}},{"type":"Feature","geometry":{"type":"Polygon","coordinates":[[[104.75,22.74998],[105.00003,22.74994],[104.99986,22.99989],[104.74999,22.99995],[104.75,22.74998],[104.75,22.74998]]]},"properties":{"sheet":"5954-1","name":"Ha Giang","year":"1966","edition":"002","kind":"pdf","url":"https://maps.lib.utexas.edu/maps/topo/vietnam/ha_giang-5954-1.pdf"}},{"type":"Feature","geometry":{"type":"Polygon","coordinates":[[[105.74992,21.24999],[106.0001,21.24997],[106.0001,20.99995],[105.74994,20.99989],[105.74992,21.24999],[105.74992,21.24999],[105.74992,21.24999],[105.74992,21.24999],[105.74992,21.24999],[105.74992,21.24999]]]},"properties":{"sheet":"6151-2","name":"Ha Noi","year":"1984","edition":"003","kind":"pdf","url":"https://maps.lib.utexas.edu/maps/topo/vietnam/ha_noi-6151-2.pdf"}},{"type":"Feature","geometry":{"type":"Polygon","coordinates":[[[105.74974,18.24987],[105.74975,18.25942],[105.74971,18.26614],[105.7497,18.26806],[105.74966,18.28165],[105.7495,18.32091],[105.7496,18.35528],[105.74963,18.38241],[105.74989,18.38467],[105.74986,18.49347],[105.74986,18.50021],[105.75235,18.50022],[105.75291,18.50011],[105.76738,18.50009],[105.77689,18.50008],[105.7958,18.50008],[105.83378,18.50006],[105.85277,18.50005],[105.86207,18.50008],[105.88108,18.50003],[105.90007,18.49998],[105.93812,18.49999],[105.94763,18.49997],[105.95711,18.49997],[105.96653,18.49994],[105.97231,18.49997],[105.98548,18.49994],[106.00003,18.49995],[106.00004,18.49721],[106.0,18.49422],[106.00005,18.48877],[106.00006,18.48686],[106.00006,18.48516],[106.00003,18.47617],[106.00002,18.46707],[106.00004,18.45807],[106.00001,18.44904],[106.00006,18.43094],[106.00005,18.39482],[106.0,18.3858],[106.00004,18.37675],[106.00008,18.36771],[106.00005,18.35865],[106.0,18.34958],[105.99999,18.3406],[105.99996,18.25925],[105.99987,18.24965],[105.98931,18.24977],[105.98663,18.24992],[105.97917,18.24997],[105.8506,18.24992],[105.76943,18.24991],[105.76552,18.24992],[105.74978,18.24987],[105.74976,18.24989],[105.74974,18.24987],[105.74974,18.24987],[105.74974,18.24987]]]},"properties":{"sheet":"6145-1","name":"Ha Tinh","year":"1966","edition":"002","kind":"pdf","url":"https://maps.lib.utexas.edu/maps/topo/vietnam/ha_tinh-6145-1.pdf"}},{"type":"Feature","geometry":{"type":"Polygon","coordinates":[[[106.25003,21.00002],[106.27527,21.00003],[106.40196,20.99994],[106.46884,21.00004],[106.50002,21.00004],[106.50005,20.99612],[106.50007,20.74996],[106.48564,20.74995],[106.2696,20.74993],[106.24998,20.74995],[106.24991,20.76429],[106.25003,21.00002],[106.25003,21.00002],[106.25003,21.00002],[106.25003,21.00002]]]},"properties":{"sheet":"6250-1","name":"Hai Duong","year":"1984","edition":"003","kind":"pdf","url":"https://maps.lib.utexas.edu/maps/topo/vietnam/hai_duong-6250-1.pdf"}},{"type":"Feature","geometry":{"type":"Polygon","coordinates":[[[107.24581,16.75161],[107.2663,16.75163],[107.49573,16.75169],[107.49577,16.74387],[107.49583,16.50158],[107.47679,16.50158],[107.24571,16.50155],[107.24581,16.75161],[107.24581,16.75161],[107.24581,16.75161],[107.24581,16.75161],[107.24581,16.75161]]]},"properties":{"sheet":"6442-2","name":"Hai Lang","year":"1968","edition":"002","kind":"pdf","url":"https://maps.lib.utexas.edu/maps/topo/vietnam/hai_lang-6442-2.pdf"}},{"type":"Feature","geometry":{"type":"Polygon","coordinates":[[[108.2458,11.00205],[108.49584,11.00205],[108.49588,10.75207],[108.24565,10.75202],[108.2458,11.00205],[108.2458,11.00205],[108.2458,11.00205],[108.2458,11.00205],[108.2458,11.00205],[108.2458,11.00205]]]},"properties":{"sheet":"6630-1","name":"Hai Long","year":"1965","edition":"001","kind":"pdf","url":"https://maps.lib.utexas.edu/maps/topo/vietnam/hai_long-6630-1.pdf"}},{"type":"Feature","geometry":{"type":"Polygon","coordinates":[[[108.50008,11.49992],[108.75003,11.4999],[108.75011,11.24997],[108.50004,11.24993],[108.50008,11.49992],[108.50008,11.49992],[108.50008,11.49992],[108.50008,11.49992],[108.50008,11.49992]]]},"properties":{"sheet":"6731-4","name":"Hai Ninh","year":"1984","edition":"002","kind":"pdf","url":"https://maps.lib.utexas.edu/maps/topo/vietnam/hai_ninh-6731-4.pdf"}},{"type":"Feature","geometry":{"type":"Polygon","coordinates":[[[107.7459,10.50211],[107.99584,10.50212],[107.99586,10.75206],[107.74589,10.75211],[107.7459,10.50211],[107.7459,10.50211]]]},"properties":{"sheet":"6530-2","name":"Ham Tan","year":"1983","edition":"003","kind":"pdf","url":"https://maps.lib.utexas.edu/maps/topo/vietnam/ham_tan-6530-2.pdf"}},{"type":"Feature","geometry":{"type":"Polygon","coordinates":[[[107.99571,11.25204],[108.24576,11.25192],[108.24561,11.00214],[107.99574,11.00199],[107.99571,11.25204],[107.99571,11.25204],[107.99571,11.25204],[107.99571,11.25204],[107.99571,11.25204]]]},"properties":{"sheet":"6631-3","name":"Ham Thuan Bac","year":"1989","edition":"002","kind":"pdf","url":"https://maps.lib.utexas.edu/maps/topo/vietnam/ham_thuan_bac-6631-3.pdf"}},{"type":"Feature","geometry":{"type":"Polygon","coordinates":[[[105.00005,22.25004],[105.25012,22.25009],[105.25023,21.99997],[104.99986,21.99989],[105.00005,22.25004],[105.00005,22.25004],[105.00005,22.25004],[105.00005,22.25004],[105.00005,22.25004]]]},"properties":{"sheet":"6053-3","name":"Ham Yen","year":"1964","edition":"001","kind":"pdf","url":"https://maps.lib.utexas.edu/maps/topo/vietnam/ham_yen-6053-3.pdf"}},{"type":"Feature","geometry":{"type":"Polygon","coordinates":[[[107.99572,15.50176],[108.01717,15.50182],[108.19953,15.50179],[108.24559,15.50176],[108.24565,15.49894],[108.2457,15.25172],[108.22868,15.25168],[108.01641,15.25173],[107.99563,15.25177],[107.99572,15.50176],[107.99572,15.50176],[107.99572,15.50176],[107.99572,15.50176]]]},"properties":{"sheet":"6639-4","name":"Hau Duc","year":"1970","edition":"002","kind":"pdf","url":"https://maps.lib.utexas.edu/maps/topo/vietnam/hau_duc-6639-4.pdf"}},{"type":"Feature","geometry":{"type":"Polygon","coordinates":[[[107.99569,15.50174],[108.24574,15.5017],[108.24565,15.75168],[107.99575,15.75163],[107.99569,15.50174],[107.99569,15.50174],[107.99569,15.50174]]]},"properties":{"sheet":"6640-3","name":"Hiep Duc","year":"1965","edition":"001","kind":"pdf","url":"https://maps.lib.utexas.edu/maps/topo/vietnam/hiep_duc-6640-3.pdf"}},{"type":"Feature","geometry":{"type":"Polygon","coordinates":[[[106.25007,11.25003],[106.27431,11.25001],[106.38676,11.25],[106.47962,11.25002],[106.49996,11.25001],[106.49998,11.24402],[106.49996,11.06852],[106.50004,11.00004],[106.48271,10.99996],[106.30153,10.99996],[106.24994,10.99998],[106.25007,11.25003],[106.25007,11.25003],[106.25007,11.25003],[106.25007,11.25003],[106.25007,11.25003]]]},"properties":{"sheet":"6231-2","name":"Hieu Thien","year":"1968","edition":"002","kind":"pdf","url":"https://maps.lib.utexas.edu/maps/topo/vietnam/hieu_thien-6231-2.pdf"}},{"type":"Feature","geometry":{"type":"Polygon","coordinates":[[[105.24991,20.75001],[105.50016,20.75003],[105.49993,21.0],[105.25008,21.00005],[105.24991,20.75001],[105.24991,20.75001],[105.24991,20.75001],[105.24991,20.75001],[105.24991,20.75001]]]},"properties":{"sheet":"6050-1","name":"Hoa Binh","year":"1966","edition":"003","kind":"pdf","url":"https://maps.lib.utexas.edu/maps/topo/vietnam/hoa_binh-6050-1.pdf"}},{"type":"Feature","geometry":{"type":"Polygon","coordinates":[[[108.74558,14.25179],[108.99557,14.2519],[108.99555,14.50176],[108.74557,14.50186],[108.74558,14.25179],[108.74558,14.25179]]]},"properties":{"sheet":"6737-1","name":"Hoai An","year":"1984","edition":"002","kind":"pdf","url":"https://maps.lib.utexas.edu/maps/topo/vietnam/hoai_an-6737-1.pdf"}},{"type":"Feature","geometry":{"type":"Polygon","coordinates":[[[104.49981,22.50005],[104.75006,22.49992],[104.74984,22.75008],[104.50001,22.74997],[104.49981,22.50005],[104.49981,22.50005],[104.49981,22.50005]]]},"properties":{"sheet":"5954-3","name":"Hoang Su Phi","year":"1964","edition":"001","kind":"pdf","url":"https://maps.lib.utexas.edu/maps/topo/vietnam/hoang_su_phi-5954-3.pdf"}},{"type":"Feature","geometry":{"type":"Polygon","coordinates":[[[105.25008,21.25013],[105.49993,21.25005],[105.50007,21.00018],[105.24987,20.99994],[105.24987,21.00058],[105.25008,21.25013],[105.25008,21.25013],[105.25008,21.25013]]]},"properties":{"sheet":"6051-2","name":"Hoang Xa","year":"1965","edition":"001","kind":"pdf","url":"https://maps.lib.utexas.edu/maps/topo/vietnam/hoang_xa-6051-2.pdf"}},{"type":"Feature","geometry":{"type":"Polygon","coordinates":[[[108.24563,16.00176],[108.24559,15.89793],[108.24555,15.76914],[108.24556,15.75151],[108.36438,15.75165],[108.49585,15.75153],[108.49581,15.91608],[108.49582,16.00171],[108.25661,16.00166],[108.24563,16.00173],[108.24563,16.00176]]]},"properties":{"sheet":"6640-1","name":"Hoi An","year":"1984","edition":"003","kind":"pdf","url":"https://maps.lib.utexas.edu/maps/topo/vietnam/hoi_an-6640-1.pdf"}},{"type":"Feature","geometry":{"type":"Polygon","coordinates":[[[105.00001,20.24989],[105.24996,20.25004],[105.24999,20.49996],[104.99995,20.50012],[105.00001,20.24989],[105.00001,20.24989],[105.00001,20.24989]]]},"properties":{"sheet":"6049-4","name":"Hoi Xuan","year":"1965","edition":"001","kind":"pdf","url":"https://maps.lib.utexas.edu/maps/topo/vietnam/hoi_xuan-6049-4.pdf"}},{"type":"Feature","geometry":{"type":"Polygon","coordinates":[[[104.74999,10.25009],[104.75006,9.99992],[104.49981,9.99996],[104.4999,10.09418],[104.50002,10.0942],[104.5,10.09428],[104.4951,10.0943],[104.49508,10.09981],[104.49507,10.10977],[104.49498,10.11999],[104.495,10.13651],[104.49489,10.14761],[104.49982,10.14757],[104.49992,10.2501],[104.74999,10.25009],[104.74999,10.25009],[104.74999,10.25009],[104.74999,10.25009],[104.74999,10.25009],[104.74999,10.25009],[104.74999,10.25009]]]},"properties":{"sheet":"5929-3","name":"Hon Chong","year":"1965","edition":"001","kind":"pdf","url":"https://maps.lib.utexas.edu/maps/topo/vietnam/hon_chong-5929-3.pdf"}},{"type":"Feature","geometry":{"type":"Polygon","coordinates":[[[106.99993,20.74996],[107.24997,20.75004],[107.24996,20.99994],[106.99996,21.00002],[106.99993,20.74996],[106.99993,20.74996],[106.99993,20.74996]]]},"properties":{"sheet":"6450-4","name":"Hong Gai","year":"1983","edition":"002","kind":"pdf","url":"https://maps.lib.utexas.edu/maps/topo/vietnam/hong_gai-6450-4.pdf"}},{"type":"Feature","geometry":{"type":"Polygon","coordinates":[[[105.7456,17.50121],[105.74587,17.75178],[105.99632,17.75182],[105.99626,17.50106],[105.99626,17.50106],[105.7456,17.50121]]]},"properties":{"sheet":"6144-2","name":"Hung Trung","year":"Jan ","edition":"5","kind":"pdf","url":"https://maps.lib.utexas.edu/maps/topo/vietnam/hung_trung-6144-2.pdf"}},{"type":"Feature","geometry":{"type":"Polygon","coordinates":[[[106.25006,20.75],[106.25006,20.74499],[106.24997,20.64901],[106.25004,20.54837],[106.24999,20.50228],[106.24997,20.49991],[106.22873,20.49996],[106.00001,20.5],[105.99991,20.50903],[105.99993,20.74993],[106.25006,20.75]]]},"properties":{"sheet":"6250-3","name":"Hung Yen","year":"1966","edition":"002","kind":"pdf","url":"https://maps.lib.utexas.edu/maps/topo/vietnam/hung_yen-6250-3.pdf"}},{"type":"Feature","geometry":{"type":"Polygon","coordinates":[[[106.49578,16.75161],[106.51649,16.75163],[106.66482,16.75158],[106.74594,16.75159],[106.74594,16.74632],[106.74583,16.5016],[106.72564,16.50154],[106.66689,16.50166],[106.49593,16.50159],[106.49578,16.75161],[106.49578,16.75161],[106.49578,16.75161],[106.49578,16.75161],[106.49578,16.75161]]]},"properties":{"sheet":"6342-3","name":"Huong Hoa","year":"1971","edition":"006","kind":"pdf","url":"https://maps.lib.utexas.edu/maps/topo/vietnam/huong_hoa-6342-3.pdf"}},{"type":"Feature","geometry":{"type":"Polygon","coordinates":[[[105.4958,18.25147],[105.74605,18.25159],[105.74592,18.00142],[105.49598,18.00149],[105.4958,18.25147],[105.4958,18.25147],[105.4958,18.25147]]]},"properties":{"sheet":"6145-3","name":"Huong Khe","year":"1966","edition":"002","kind":"pdf","url":"https://maps.lib.utexas.edu/maps/topo/vietnam/huong_khe-6145-3.pdf"}},{"type":"Feature","geometry":{"type":"Polygon","coordinates":[[[107.25866,21.00005],[107.2685,21.00006],[107.43346,20.99993],[107.49994,20.99999],[107.50003,20.99559],[107.5,20.75001],[107.48445,20.75007],[107.40656,20.75007],[107.40541,20.74848],[107.40484,20.74764],[107.40401,20.7469],[107.403,20.74597],[107.40214,20.74552],[107.40055,20.74453],[107.39909,20.7437],[107.39786,20.74319],[107.39678,20.74274],[107.39576,20.74253],[107.39395,20.74239],[107.39129,20.74212],[107.38827,20.742],[107.38551,20.74231],[107.38421,20.74267],[107.38202,20.74384],[107.37895,20.74606],[107.37733,20.7475],[107.37559,20.7501],[107.36223,20.75006],[107.24987,20.74996],[107.2499,20.75373],[107.25003,21.00007],[107.25866,21.00005]],[[107.25866,21.00005],[107.25007,21.00004],[107.26618,21.00003],[107.25866,21.00005]]]},"properties":{"sheet":"6450-1","name":"Ile Longue","year":"1965","edition":"001","kind":"pdf","url":"https://maps.lib.utexas.edu/maps/topo/vietnam/ile_longue-6450-1.pdf"}},{"type":"Feature","geometry":{"type":"Polygon","coordinates":[[[108.49568,14.25177],[108.51262,14.25177],[108.68958,14.25185],[108.74564,14.25188],[108.74561,14.24251],[108.7456,14.00183],[108.72391,14.00184],[108.49566,14.00182],[108.49568,14.25177],[108.49568,14.25177],[108.49568,14.25177],[108.49568,14.25177]]]},"properties":{"sheet":"6737-3","name":"Kan Nak","year":"1970","edition":"002","kind":"pdf","url":"https://maps.lib.utexas.edu/maps/topo/vietnam/kan_nak-6737-3.pdf"}},{"type":"Feature","geometry":{"type":"Polygon","coordinates":[[[107.74572,15.50178],[107.99566,15.50175],[107.99571,15.25193],[107.74557,15.25171],[107.74572,15.50178],[107.74572,15.50178],[107.74572,15.50178],[107.74572,15.50178]]]},"properties":{"sheet":"6539-1","name":"Kason Mai","year":"1965","edition":"001","kind":"pdf","url":"https://maps.lib.utexas.edu/maps/topo/vietnam/kason_mai-6539-1.pdf"}},{"type":"Feature","geometry":{"type":"Polygon","coordinates":[[[104.99996,19.4999],[105.00001,19.50793],[104.99997,19.59338],[104.99995,19.70309],[104.99992,19.74668],[104.9999,19.75004],[105.01315,19.75008],[105.05863,19.75014],[105.25011,19.75002],[105.25012,19.74319],[105.25009,19.65155],[105.25006,19.49989],[105.2359,19.49987],[105.2121,19.4999],[105.17486,19.49995],[105.13959,19.49992],[105.08251,19.49993],[105.03726,19.49993],[105.00361,19.49992],[104.99996,19.4999]]]},"properties":{"sheet":"6048-3","name":"Ke Bon","year":"1965","edition":"001","kind":"pdf","url":"https://maps.lib.utexas.edu/maps/topo/vietnam/ke_bon-6048-3.pdf"}},{"type":"Feature","geometry":{"type":"Polygon","coordinates":[[[105.99999,20.74995],[106.25,20.75],[106.24999,20.99995],[105.99998,21.00004],[105.99999,20.74995],[105.99999,20.74995]]]},"properties":{"sheet":"6250-4","name":"Ke Sat","year":"1966","edition":"002","kind":"pdf","url":"https://maps.lib.utexas.edu/maps/topo/vietnam/ke_sat-6250-4.pdf"}},{"type":"Feature","geometry":{"type":"Polygon","coordinates":[[[105.74998,9.75005],[105.74993,9.49985],[106.00006,9.49998],[106.0002,9.74994],[105.74998,9.75005],[105.74998,9.75005],[105.74998,9.75005],[105.74998,9.75005],[105.74998,9.75005]]]},"properties":{"sheet":"6128-2","name":"Khanh Hung","year":"1965","edition":"001","kind":"pdf","url":"https://maps.lib.utexas.edu/maps/topo/vietnam/khanh_hung-6128-2.pdf"}},{"type":"Feature","geometry":{"type":"Polygon","coordinates":[[[104.49985,18.99971],[104.49994,19.00335],[104.50008,19.25024],[104.5174,19.25018],[104.52915,19.25014],[104.57325,19.25003],[104.57469,19.25],[104.59725,19.24994],[104.60445,19.24994],[104.62206,19.24991],[104.62943,19.24993],[104.64367,19.24994],[104.65408,19.24991],[104.66736,19.24996],[104.67829,19.25001],[104.69487,19.25001],[104.71104,19.24997],[104.72821,19.24992],[104.74521,19.24992],[104.75011,19.2499],[104.75005,19.24423],[104.75001,19.14304],[104.74998,19.08195],[104.75003,19.00429],[104.75005,18.99989],[104.74762,19.00008],[104.71101,19.00009],[104.66026,19.00009],[104.51955,18.99984],[104.50746,18.99981],[104.49985,18.99971],[104.49985,18.99971],[104.49985,18.99971]]]},"properties":{"sheet":"5947-3","name":"Khe Bo","year":"1965","edition":"001","kind":"pdf","url":"https://maps.lib.utexas.edu/maps/topo/vietnam/khe_bo-5947-3.pdf"}},{"type":"Feature","geometry":{"type":"Polygon","coordinates":[[[105.99995,10.24992],[106.25002,10.25009],[106.24995,10.49992],[106.00004,10.50008],[105.99995,10.24992],[105.99995,10.24992]]]},"properties":{"sheet":"6229-4","name":"Khiem Ich","year":"1969","edition":"002","kind":"pdf","url":"https://maps.lib.utexas.edu/maps/topo/vietnam/khiem_ich-6229-4.pdf"}},{"type":"Feature","geometry":{"type":"Polygon","coordinates":[[[105.24981,9.49989],[105.25201,9.49989],[105.25318,9.49992],[105.26429,9.49995],[105.29164,9.49996],[105.31895,9.49996],[105.34639,9.49996],[105.38274,9.5],[105.40103,9.49995],[105.43746,9.50003],[105.46479,9.5],[105.49209,9.49998],[105.49998,9.49998],[105.5,9.50827],[105.50002,9.53539],[105.50003,9.56252],[105.50003,9.58062],[105.50001,9.58971],[105.50004,9.60773],[105.50002,9.61678],[105.50002,9.62587],[105.50002,9.6349],[105.50001,9.64393],[105.50001,9.65298],[105.50001,9.66201],[105.50002,9.66661],[105.50001,9.68003],[105.50001,9.689],[105.50006,9.70712],[105.5,9.71619],[105.5,9.72526],[105.50004,9.73435],[105.50003,9.7434],[105.50003,9.75011],[105.49792,9.75013],[105.4979,9.74999],[105.49248,9.74996],[105.48332,9.74997],[105.44692,9.75],[105.43489,9.75001],[105.43481,9.75025],[105.42865,9.75026],[105.42845,9.75018],[105.42506,9.75017],[105.42343,9.75006],[105.41578,9.75004],[105.39368,9.75002],[105.37503,9.75003],[105.3333,9.75004],[105.31769,9.75007],[105.31753,9.75021],[105.31737,9.75021],[105.3172,9.75011],[105.30766,9.75008],[105.30089,9.75008],[105.27456,9.75006],[105.27444,9.75022],[105.27261,9.7503],[105.27257,9.7501],[105.26919,9.75007],[105.25227,9.75007],[105.25227,9.75025],[105.24995,9.75025],[105.24983,9.75011],[105.24979,9.74789],[105.24998,9.74799],[105.24996,9.7472],[105.24995,9.73458],[105.24995,9.72866],[105.24975,9.72864],[105.24979,9.7285],[105.24989,9.72846],[105.24994,9.72537],[105.24976,9.72529],[105.24994,9.72513],[105.24997,9.72208],[105.24981,9.7219],[105.24967,9.71865],[105.2499,9.71849],[105.24995,9.71448],[105.24993,9.71279],[105.2497,9.70801],[105.24993,9.70721],[105.24988,9.69353],[105.24995,9.6543],[105.24969,9.65418],[105.24965,9.65408],[105.24995,9.65416],[105.24995,9.65386],[105.24959,9.65356],[105.24969,9.65348],[105.24991,9.65366],[105.24989,9.65311],[105.24991,9.59765],[105.24996,9.55072],[105.25,9.5268],[105.25002,9.50661],[105.24997,9.5021],[105.24985,9.502],[105.24981,9.49991],[105.24981,9.49989],[105.24981,9.49989],[105.24981,9.49989]]]},"properties":{"sheet":"6028-2","name":"Kien Hung","year":"1965","edition":"001","kind":"pdf","url":"https://maps.lib.utexas.edu/maps/topo/vietnam/kien_hung-6028-2.pdf"}},{"type":"Feature","geometry":{"type":"Polygon","coordinates":[[[105.74594,18.00147],[105.9959,18.00151],[105.99606,17.75139],[105.74582,17.75134],[105.74594,18.00147],[105.74594,18.00147],[105.74594,18.00147],[105.74594,18.00147],[105.74594,18.00147]]]},"properties":{"sheet":"6144-1","name":"Kim Lu Xa","year":"1967","edition":"003","kind":"pdf","url":"https://maps.lib.utexas.edu/maps/topo/vietnam/kim_lu_xa-6144-1.pdf"}},{"type":"Feature","geometry":{"type":"Polygon","coordinates":[[[103.99996,21.74983],[104.2501,21.74997],[104.25,21.99993],[104.0001,22.00004],[103.99996,21.74983],[103.99996,21.74983]]]},"properties":{"sheet":"5852-4","name":"Kim Noi","year":"1965","edition":"001","kind":"pdf","url":"https://maps.lib.utexas.edu/maps/topo/vietnam/kim_noi-5852-4.pdf"}},{"type":"Feature","geometry":{"type":"Polygon","coordinates":[[[103.49608,21.75122],[103.74623,21.75119],[103.74622,21.50111],[103.49597,21.50107],[103.49608,21.75122],[103.49608,21.75122],[103.49608,21.75122],[103.49608,21.75122]]]},"properties":{"sheet":"5752-3","name":"King Khoai","year":"1966","edition":"002","kind":"pdf","url":"https://maps.lib.utexas.edu/maps/topo/vietnam/king_khoai-5752-3.pdf"}},{"type":"Feature","geometry":{"type":"Polygon","coordinates":[[[108.49578,14.50168],[108.74562,14.50168],[108.74573,14.25182],[108.49555,14.25179],[108.49578,14.50168],[108.49578,14.50168],[108.49578,14.50168],[108.49578,14.50168],[108.49578,14.50168]]]},"properties":{"sheet":"6737-4","name":"Kon Giong","year":"1965","edition":"001","kind":"pdf","url":"https://maps.lib.utexas.edu/maps/topo/vietnam/kon_giong-6737-4.pdf"}},{"type":"Feature","geometry":{"type":"Polygon","coordinates":[[[107.74574,15.0018],[107.76614,15.00185],[107.93062,15.00182],[107.99573,15.0018],[107.9957,14.99695],[107.99578,14.75175],[107.97553,14.75172],[107.74571,14.75176],[107.74574,15.0018],[107.74574,15.0018],[107.74574,15.0018],[107.74574,15.0018]]]},"properties":{"sheet":"6538-1","name":"Kon Honong","year":"1965","edition":"001","kind":"pdf","url":"https://maps.lib.utexas.edu/maps/topo/vietnam/kon_honong-6538-1.pdf"}},{"type":"Feature","geometry":{"type":"Polygon","coordinates":[[[108.2457,14.50182],[108.2652,14.50182],[108.49564,14.50186],[108.4957,14.49874],[108.49571,14.25181],[108.47552,14.2518],[108.24571,14.25188],[108.2457,14.50182],[108.2457,14.50182],[108.2457,14.50182],[108.2457,14.50182]]]},"properties":{"sheet":"6637-1","name":"Kon Mahar","year":"1965","edition":"001","kind":"pdf","url":"https://maps.lib.utexas.edu/maps/topo/vietnam/kon_mahar-6637-1.pdf"}},{"type":"Feature","geometry":{"type":"Polygon","coordinates":[[[107.99578,14.50178],[108.24565,14.50186],[108.24574,14.75176],[107.99567,14.75184],[107.99578,14.50178],[107.99578,14.50178]]]},"properties":{"sheet":"6638-3","name":"Kong Roman","year":"1965","edition":"001","kind":"pdf","url":"https://maps.lib.utexas.edu/maps/topo/vietnam/kong_roman-6638-3.pdf"}},{"type":"Feature","geometry":{"type":"Polygon","coordinates":[[[108.24508,14.2518],[108.24579,14.25179],[108.24565,14.39835],[108.24576,14.47983],[108.24583,14.50175],[108.14933,14.5018],[108.07709,14.50183],[108.02355,14.50179],[107.99568,14.50177],[107.99587,14.31467],[107.99583,14.25177],[108.24508,14.2518],[108.24508,14.2518],[108.24508,14.2518]]]},"properties":{"sheet":"6637-4","name":"Kontum","year":"1970","edition":"002","kind":"pdf","url":"https://maps.lib.utexas.edu/maps/topo/vietnam/kontum-6637-4.pdf"}},{"type":"Feature","geometry":{"type":"Polygon","coordinates":[[[108.00001,11.93469],[108.00011,11.75013],[107.78664,11.74996],[107.75007,11.74993],[107.75002,11.98324],[107.75004,11.99994],[108.00009,11.99999],[108.00001,11.93469],[108.00001,11.93469],[108.00001,11.93469],[108.00001,11.93469],[108.00001,11.93469],[108.00001,11.93469]]]},"properties":{"sheet":"6532-1","name":"Kro Layu","year":"1965","edition":"001","kind":"pdf","url":"https://maps.lib.utexas.edu/maps/topo/vietnam/kro_layu-6532-1.pdf"}},{"type":"Feature","geometry":{"type":"Polygon","coordinates":[[[106.24584,18.00145],[106.49588,18.00154],[106.49996,18.24996],[106.25004,18.25004],[106.24584,18.00145],[106.24584,18.00145],[106.24584,18.00145]]]},"properties":{"sheet":"6245-2","name":"Ky Anh","year":"1965","edition":"001","kind":"pdf","url":"https://maps.lib.utexas.edu/maps/topo/vietnam/ky_anh-6245-2.pdf"}},{"type":"Feature","geometry":{"type":"Polygon","coordinates":[[[106.25009,21.75003],[106.25006,21.99996],[106.00014,22.00004],[105.9998,21.74998],[105.9998,21.74998],[105.9998,21.74998],[106.25009,21.75003],[106.25009,21.75003],[106.25009,21.75003],[106.25009,21.75003],[106.25009,21.75003]]]},"properties":{"sheet":"6252-4","name":"La Gieo","year":"1964","edition":"001","kind":"pdf","url":"https://maps.lib.utexas.edu/maps/topo/vietnam/la_gieo-6252-4.pdf"}},{"type":"Feature","geometry":{"type":"Polygon","coordinates":[[[105.74992,18.24989],[105.77652,18.24986],[105.80421,18.24993],[105.83356,18.24996],[105.86169,18.24996],[105.88522,18.24995],[105.90875,18.24997],[105.93672,18.25002],[105.96576,18.25],[105.9933,18.25001],[105.99999,18.25003],[106.00002,18.19595],[105.99995,18.1234],[105.99998,18.06939],[105.99583,18.01659],[105.99586,18.00135],[105.96778,18.00131],[105.94231,18.0013],[105.91338,18.00134],[105.88267,18.00138],[105.85846,18.00136],[105.834,18.00139],[105.80738,18.00142],[105.7806,18.00144],[105.75967,18.00146],[105.74583,18.00149],[105.74591,18.0361],[105.7501,18.12001],[105.74995,18.20025],[105.74989,18.24446],[105.74992,18.24989],[105.74992,18.24989],[105.74992,18.24989]]]},"properties":{"sheet":"6145-2","name":"La Khe Thon","year":"1965","edition":"001","kind":"pdf","url":"https://maps.lib.utexas.edu/maps/topo/vietnam/la_khe_thon-6145-2.pdf"}},{"type":"Feature","geometry":{"type":"Polygon","coordinates":[[[105.99997,9.24989],[106.01917,9.24988],[106.16561,9.24995],[106.22962,9.24998],[106.2501,9.25001],[106.25005,9.26142],[106.24994,9.42903],[106.24988,9.49998],[106.23449,9.49996],[106.10629,9.49999],[106.05439,9.50002],[105.99997,9.50001],[105.99997,9.24989]]]},"properties":{"sheet":"6227-4","name":"Lac Hoa","year":"1969","edition":"002","kind":"pdf","url":"https://maps.lib.utexas.edu/maps/topo/vietnam/lac_hoa-6227-4.pdf"}},{"type":"Feature","geometry":{"type":"Polygon","coordinates":[[[107.99573,15.00171],[108.24565,15.00178],[108.24569,15.25169],[107.99569,15.25181],[107.99573,15.00171],[107.99573,15.00171]]]},"properties":{"sheet":"6639-3","name":"Lac Trom Dong","year":"1970","edition":"001","kind":"pdf","url":"https://maps.lib.utexas.edu/maps/topo/vietnam/lac_trom_dong-6639-3.pdf"}},{"type":"Feature","geometry":{"type":"Polygon","coordinates":[[[103.00008,22.25004],[103.02062,22.25002],[103.10823,22.25001],[103.17926,22.25],[103.22741,22.24998],[103.24997,22.24993],[103.24992,22.24365],[103.25011,21.99998],[103.22985,22.00003],[103.07994,21.99992],[102.99992,21.9999],[102.99996,22.00777],[103.00008,22.25004],[103.00008,22.25004],[103.00008,22.25004],[103.00008,22.25004],[103.00008,22.25004],[103.00008,22.25004]]]},"properties":{"sheet":"5653-3","name":"Lai Chau","year":"1966","edition":"002","kind":"pdf","url":"https://maps.lib.utexas.edu/maps/topo/vietnam/lai_chau-5653-3.pdf"}},{"type":"Feature","geometry":{"type":"Polygon","coordinates":[[[108.49998,12.50006],[108.52409,12.50004],[108.75001,12.50002],[108.7501,12.49702],[108.75001,12.25001],[108.73032,12.25004],[108.50001,12.24994],[108.49998,12.50006],[108.49998,12.50006],[108.49998,12.50006],[108.49998,12.50006]]]},"properties":{"sheet":"6733-4","name":"Lak Ea Gam","year":"1965","edition":"001","kind":"pdf","url":"https://maps.lib.utexas.edu/maps/topo/vietnam/lak_ea_gam-6733-4.pdf"}},{"type":"Feature","geometry":{"type":"Polygon","coordinates":[[[105.24999,20.24994],[105.50004,20.24987],[105.50007,20.49992],[105.24995,20.50003],[105.24995,20.50003],[105.24999,20.24994]]]},"properties":{"sheet":"6049-1","name":"Lang Be","year":"1964","edition":"001","kind":"pdf","url":"https://maps.lib.utexas.edu/maps/topo/vietnam/lang_be-6049-1.pdf"}},{"type":"Feature","geometry":{"type":"MultiPolygon","coordinates":[[[[104.99992,19.99994],[104.99992,19.99986],[104.9999,19.99994],[104.99992,19.99994]]],[[[104.99992,19.99994],[104.9999,20.00848],[104.9999,20.00944],[104.9999,20.01136],[104.99989,20.01423],[104.99988,20.0171],[104.9999,20.03332],[104.99991,20.03617],[104.99991,20.03905],[104.9999,20.04192],[104.9999,20.04479],[104.99989,20.04671],[104.99988,20.05148],[104.99986,20.05463],[104.99987,20.05752],[104.99991,20.06049],[104.99992,20.07921],[104.99991,20.08017],[104.99991,20.08112],[104.99991,20.08306],[104.99991,20.08497],[104.9999,20.08689],[104.9999,20.08881],[104.99989,20.09168],[104.9999,20.10826],[104.9999,20.12115],[104.99997,20.13166],[104.99993,20.14983],[104.99995,20.16492],[104.99996,20.17932],[104.99996,20.18315],[104.99999,20.1889],[104.99998,20.19177],[105.00002,20.20508],[105.00003,20.22283],[105.00003,20.23143],[105.00006,20.24129],[105.00013,20.25013],[105.02884,20.25011],[105.04801,20.25009],[105.07677,20.25005],[105.08341,20.25004],[105.11502,20.25006],[105.14372,20.25005],[105.15325,20.25004],[105.17243,20.25007],[105.22985,20.24996],[105.24994,20.24988],[105.24995,20.24098],[105.24995,20.23196],[105.24995,20.22288],[105.24995,20.21389],[105.24993,20.20485],[105.24996,20.19581],[105.24994,20.18677],[105.24996,20.17778],[105.24995,20.15974],[105.24997,20.14171],[105.25007,20.07846],[105.2501,20.04225],[105.25013,20.0242],[105.25009,20.00616],[105.25014,20.00006],[105.22476,20.00003],[105.20083,20.00002],[105.1434,19.99998],[105.12427,19.99991],[105.0956,19.9999],[105.05734,19.99995],[105.00968,19.99993],[104.99992,19.99994]]]]},"properties":{"sheet":"6049-3","name":"Lang Chanh","year":"1964","edition":"001","kind":"pdf","url":"https://maps.lib.utexas.edu/maps/topo/vietnam/lang_chanh-6049-3.pdf"}},{"type":"Feature","geometry":{"type":"Polygon","coordinates":[[[104.74597,21.00128],[104.92264,21.00122],[104.99603,21.00124],[104.99605,20.75127],[104.95079,20.75128],[104.77056,20.75119],[104.74599,20.75119],[104.74597,21.00128]]]},"properties":{"sheet":"5950-1","name":"Lang Chum","year":"1966","edition":"002","kind":"pdf","url":"https://maps.lib.utexas.edu/maps/topo/vietnam/lang_chum-5950-1.pdf"}},{"type":"Feature","geometry":{"type":"Polygon","coordinates":[[[104.99997,22.49992],[105.25003,22.50006],[105.25005,22.24986],[104.99986,22.24994],[104.99997,22.49992],[104.99997,22.49992],[104.99997,22.49992],[104.99997,22.49992],[104.99997,22.49992]]]},"properties":{"sheet":"6053-4","name":"Lang Dat","year":"1971","edition":"002","kind":"pdf","url":"https://maps.lib.utexas.edu/maps/topo/vietnam/lang_dat-6053-4.pdf"}},{"type":"Feature","geometry":{"type":"Polygon","coordinates":[[[106.25008,21.75001],[106.27296,21.75004],[106.36678,21.75003],[106.50002,21.74995],[106.50001,21.74444],[106.50007,21.49998],[106.47943,21.49993],[106.28365,21.49997],[106.25001,21.49996],[106.25002,21.50811],[106.25013,21.70223],[106.25008,21.74995],[106.25008,21.75001],[106.25008,21.75001],[106.25008,21.75001],[106.25008,21.75001]]]},"properties":{"sheet":"6252-2","name":"Lang Met","year":"1964","edition":"001","kind":"pdf","url":"https://maps.lib.utexas.edu/maps/topo/vietnam/lang_met-6252-2.pdf"}},{"type":"Feature","geometry":{"type":"Polygon","coordinates":[[[106.2458,17.00157],[106.26225,17.00149],[106.30528,17.00151],[106.49598,17.00156],[106.4959,17.12567],[106.49591,17.25151],[106.47793,17.25161],[106.32943,17.25151],[106.24598,17.25149],[106.2458,17.00157]]]},"properties":{"sheet":"6243-2","name":"Lang Mo","year":"1971","edition":"004","kind":"pdf","url":"https://maps.lib.utexas.edu/maps/topo/vietnam/lang_mo-6243-2.pdf"}},{"type":"Feature","geometry":{"type":"Polygon","coordinates":[[[104.75005,22.25011],[104.76729,22.25013],[104.8596,22.25006],[104.953,22.24991],[105.00001,22.24984],[104.99998,22.24332],[104.99997,22.00008],[104.98317,22.00005],[104.76382,21.99985],[104.74997,21.9999],[104.75005,22.25011],[104.75005,22.25011],[104.75005,22.25011],[104.75005,22.25011]]]},"properties":{"sheet":"5953-2","name":"Lang Muong","year":"1971","edition":"002","kind":"pdf","url":"https://maps.lib.utexas.edu/maps/topo/vietnam/lang_muong-5953-2.pdf"}},{"type":"Feature","geometry":{"type":"Polygon","coordinates":[[[105.00002,19.03399],[105.00007,19.21666],[105.00006,19.24993],[105.09613,19.24992],[105.2179,19.24993],[105.24993,19.24995],[105.25008,19.08384],[105.25011,19.01389],[105.25012,18.99995],[105.13357,19.00004],[105.06202,18.99996],[105.03153,18.99991],[104.99998,18.99989],[105.00002,19.03399],[105.00002,19.03399],[105.00002,19.03399],[105.00002,19.03399]]]},"properties":{"sheet":"6047-3","name":"Lang Rao","year":"1965","edition":"001","kind":"pdf","url":"https://maps.lib.utexas.edu/maps/topo/vietnam/lang_rao-6047-3.pdf"}},{"type":"Feature","geometry":{"type":"Polygon","coordinates":[[[106.74997,21.75001],[107.00002,21.74992],[107.0,22.00006],[106.74998,21.99994],[106.74997,21.75001],[106.74997,21.75001],[106.74997,21.75001],[106.74997,21.75001],[106.74997,21.75001]]]},"properties":{"sheet":"6352-1","name":"Lang Son","year":"1964","edition":"001","kind":"pdf","url":"https://maps.lib.utexas.edu/maps/topo/vietnam/lang_son-6352-1.pdf"}},{"type":"Feature","geometry":{"type":"Polygon","coordinates":[[[105.25007,20.75002],[105.49996,20.74995],[105.50012,20.49999],[105.24985,20.49993],[105.25007,20.75002],[105.25007,20.75002],[105.25007,20.75002],[105.25007,20.75002],[105.25007,20.75002]]]},"properties":{"sheet":"6050-2","name":"Lang Tam","year":"1964","edition":"001","kind":"pdf","url":"https://maps.lib.utexas.edu/maps/topo/vietnam/lang_tam-6050-2.pdf"}},{"type":"Feature","geometry":{"type":"Polygon","coordinates":[[[107.25001,21.25004],[107.25003,20.99985],[106.99992,20.99994],[106.99994,21.24998],[107.25001,21.25004],[107.25001,21.25004],[107.25001,21.25004],[107.25001,21.25004]]]},"properties":{"sheet":"6451-3","name":"Lang Troi","year":"1965","edition":"001","kind":"pdf","url":"https://maps.lib.utexas.edu/maps/topo/vietnam/lang_troi-6451-3.pdf"}},{"type":"Feature","geometry":{"type":"Polygon","coordinates":[[[105.24999,20.2499],[105.26831,20.24997],[105.46481,20.24999],[105.49995,20.25002],[105.49992,20.24494],[105.49998,20.00002],[105.48349,20.0],[105.25006,20.00001],[105.24999,20.2499],[105.24999,20.2499],[105.24999,20.2499],[105.24999,20.2499],[105.24999,20.2499]]]},"properties":{"sheet":"6049-2","name":"Lang Tung","year":"1964","edition":"001","kind":"pdf","url":"https://maps.lib.utexas.edu/maps/topo/vietnam/lang_tung-6049-2.pdf"}},{"type":"Feature","geometry":{"type":"Polygon","coordinates":[[[104.7499,22.74998],[104.77282,22.75003],[104.88984,22.75006],[104.95413,22.75001],[105.00011,22.74995],[105.00007,22.743],[105.0,22.49997],[104.9841,22.50003],[104.80641,22.49992],[104.74999,22.49985],[104.7499,22.74998],[104.7499,22.74998],[104.7499,22.74998]]]},"properties":{"sheet":"5954-2","name":"Lang Zoi","year":"1965","edition":"001","kind":"pdf","url":"https://maps.lib.utexas.edu/maps/topo/vietnam/lang_zoi-5954-2.pdf"}},{"type":"Feature","geometry":{"type":"Polygon","coordinates":[[[103.74996,22.49994],[103.77215,22.50002],[103.99993,22.50003],[103.99996,22.49626],[104.00002,22.24992],[103.80389,22.24997],[103.74993,22.24991],[103.74989,22.26283],[103.74996,22.49994],[103.74996,22.49994],[103.74996,22.49994],[103.74996,22.49994]]]},"properties":{"sheet":"5753-1","name":"Lao Kay","year":"1966","edition":"002","kind":"pdf","url":"https://maps.lib.utexas.edu/maps/topo/vietnam/lao_kay-5753-1.pdf"}},{"type":"Feature","geometry":{"type":"Polygon","coordinates":[[[105.24993,21.74998],[105.26692,21.74996],[105.3948,21.74999],[105.50004,21.74999],[105.50002,21.74075],[105.5,21.49995],[105.47426,21.49999],[105.25,21.49994],[105.24997,21.51097],[105.24993,21.74998],[105.24993,21.74998],[105.24993,21.74998],[105.24993,21.74998],[105.24993,21.74998]]]},"properties":{"sheet":"6052-2","name":"Le My","year":"1964","edition":"001","kind":"pdf","url":"https://maps.lib.utexas.edu/maps/topo/vietnam/le_my-6052-2.pdf"}},{"type":"Feature","geometry":{"type":"Polygon","coordinates":[[[109.00001,12.99997],[109.02225,13.0],[109.24996,12.99994],[109.24999,12.99776],[109.25007,12.74993],[109.22961,12.74995],[108.9999,12.7499],[109.00001,12.99997],[109.00001,12.99997],[109.00001,12.99997],[109.00001,12.99997],[109.00001,12.99997],[109.00001,12.99997]]]},"properties":{"sheet":"6834-4","name":"Lien Thach","year":"1971","edition":"002","kind":"pdf","url":"https://maps.lib.utexas.edu/maps/topo/vietnam/lien_thach-6834-4.pdf"}},{"type":"Feature","geometry":{"type":"Polygon","coordinates":[[[107.24985,11.24993],[107.26961,11.2499],[107.46771,11.24999],[107.50016,11.25004],[107.50011,11.25783],[107.49982,11.49988],[107.48359,11.49988],[107.25002,11.50002],[107.24985,11.24993],[107.24985,11.24993],[107.24985,11.24993]]]},"properties":{"sheet":"6431-1","name":"Loi Tan","year":"1965","edition":"001","kind":"pdf","url":"https://maps.lib.utexas.edu/maps/topo/vietnam/loi_tan-6431-1.pdf"}},{"type":"Feature","geometry":{"type":"Polygon","coordinates":[[[105.49599,9.75214],[105.7462,9.75223],[105.74582,9.50204],[105.49604,9.50226],[105.49599,9.75214],[105.49599,9.75214],[105.49599,9.75214]]]},"properties":{"sheet":"6128-3","name":"Long My","year":"1965","edition":"001","kind":"pdf","url":"https://maps.lib.utexas.edu/maps/topo/vietnam/long_my-6128-3.pdf"}},{"type":"Feature","geometry":{"type":"Polygon","coordinates":[[[106.0,9.74997],[106.18021,9.74995],[106.25005,9.74999],[106.25001,9.572],[106.25001,9.49998],[106.04627,9.49996],[105.99998,9.49996],[106.00003,9.68455],[106.00001,9.74993],[106.0,9.74997],[106.0,9.74997],[106.0,9.74997],[106.0,9.74997]]]},"properties":{"sheet":"6228-3","name":"Long Pu","year":"1965","edition":"001","kind":"pdf","url":"https://maps.lib.utexas.edu/maps/topo/vietnam/long_pu-6228-3.pdf"}},{"type":"Feature","geometry":{"type":"Polygon","coordinates":[[[105.24977,10.24986],[105.24981,10.25347],[105.24991,10.31794],[105.2499,10.42091],[105.24993,10.44357],[105.24994,10.49134],[105.24993,10.5],[105.25445,10.49996],[105.30839,10.50003],[105.3439,10.50003],[105.35657,10.50005],[105.49584,10.50001],[105.50001,10.50023],[105.49997,10.49574],[105.50009,10.33029],[105.5001,10.25387],[105.50022,10.24993],[105.49579,10.24994],[105.45932,10.24993],[105.43248,10.24993],[105.39858,10.2499],[105.37231,10.2499],[105.35052,10.24988],[105.33221,10.24989],[105.31478,10.24989],[105.29277,10.24986],[105.26563,10.24988],[105.25503,10.24988],[105.24977,10.24986]]]},"properties":{"sheet":"6029-1","name":"Long Xuyen","year":"1969","edition":"002","kind":"pdf","url":"https://maps.lib.utexas.edu/maps/topo/vietnam/long_xuyen-6029-1.pdf"}},{"type":"Feature","geometry":{"type":"Polygon","coordinates":[[[104.50018,21.99992],[104.50011,22.01179],[104.49996,22.24998],[104.51584,22.25],[104.7096,22.25006],[104.75012,22.24995],[104.7501,22.24603],[104.7499,22.08352],[104.75005,22.00744],[104.75002,21.99999],[104.50018,21.99992],[104.50018,21.99992],[104.50018,21.99992]]]},"properties":{"sheet":"5953-3","name":"Luc An Chau","year":"1965","edition":"001","kind":"pdf","url":"https://maps.lib.utexas.edu/maps/topo/vietnam/luc_an_chau-5953-3.pdf"}},{"type":"Feature","geometry":{"type":"Polygon","coordinates":[[[106.25001,21.50001],[106.27168,21.50004],[106.43534,21.49997],[106.49998,21.49998],[106.49997,21.49654],[106.50009,21.24999],[106.48509,21.25001],[106.29759,21.24998],[106.24991,21.24994],[106.24997,21.25969],[106.25001,21.50001],[106.25001,21.50001],[106.25001,21.50001],[106.25001,21.50001],[106.25001,21.50001]]]},"properties":{"sheet":"6251-1","name":"Luc Nam","year":"1965","edition":"001","kind":"pdf","url":"https://maps.lib.utexas.edu/maps/topo/vietnam/luc_nam-6251-1.pdf"}},{"type":"Feature","geometry":{"type":"Polygon","coordinates":[[[106.49588,17.75145],[106.74577,17.7516],[106.74599,17.50148],[106.49565,17.50166],[106.49588,17.75145],[106.49588,17.75145],[106.49588,17.75145]]]},"properties":{"sheet":"6344-3","name":"Ly Hoa","year":"1966","edition":"002","kind":"pdf","url":"https://maps.lib.utexas.edu/maps/topo/vietnam/ly_hoa-6344-3.pdf"}},{"type":"Feature","geometry":{"type":"Polygon","coordinates":[[[108.49564,15.50178],[108.74567,15.50179],[108.74579,15.25171],[108.49559,15.25165],[108.49564,15.50178],[108.49564,15.50178],[108.49564,15.50178],[108.49564,15.50178],[108.49564,15.50178],[108.49564,15.50178],[108.49564,15.50178],[108.49564,15.50178],[108.49564,15.50178]]]},"properties":{"sheet":"6739-4","name":"Ly Tin","year":"1983","edition":"004","kind":"pdf","url":"https://maps.lib.utexas.edu/maps/topo/vietnam/ly_tin-6739-4.pdf"}},{"type":"Feature","geometry":{"type":"Polygon","coordinates":[[[108.49582,11.7522],[108.74555,11.75207],[108.74584,11.50203],[108.49544,11.50204],[108.49582,11.7522],[108.49582,11.7522],[108.49582,11.7522]]]},"properties":{"sheet":"6732-3","name":"Ma Noi","year":"1965","edition":"001","kind":"pdf","url":"https://maps.lib.utexas.edu/maps/topo/vietnam/ma_noi-6732-3.pdf"}},{"type":"Feature","geometry":{"type":"Polygon","coordinates":[[[107.49593,11.50208],[107.74571,11.50197],[107.74583,11.25213],[107.49566,11.25211],[107.49566,11.25211],[107.49593,11.50208],[107.49593,11.50208],[107.49593,11.50208]]]},"properties":{"sheet":"6531-4","name":"Madagui","year":"1968","edition":"002","kind":"pdf","url":"https://maps.lib.utexas.edu/maps/topo/vietnam/madagui-6531-4.pdf"}},{"type":"Feature","geometry":{"type":"Polygon","coordinates":[[[103.74602,21.25122],[103.99616,21.25121],[103.9961,21.00119],[103.7461,21.00122],[103.74609,21.25116],[103.74602,21.25122]]]},"properties":{"sheet":"5751-2","name":"Mai Son","year":"1965","edition":"001","kind":"pdf","url":"https://maps.lib.utexas.edu/maps/topo/vietnam/mai_son-5751-2.pdf"}},{"type":"Feature","geometry":{"type":"Polygon","coordinates":[[[105.74587,20.25136],[105.99582,20.25132],[105.99585,20.00135],[105.74588,20.00137],[105.74587,20.25136],[105.74587,20.25136],[105.74587,20.25136]]]},"properties":{"sheet":"6149-2","name":"Mai Xa","year":"1964","edition":"001","kind":"pdf","url":"https://maps.lib.utexas.edu/maps/topo/vietnam/mai_xa-6149-2.pdf"}},{"type":"Feature","geometry":{"type":"Polygon","coordinates":[[[107.99567,14.75173],[108.24567,14.7517],[108.24566,15.00172],[107.99568,15.0017],[107.99567,14.75173],[107.99567,14.75173]]]},"properties":{"sheet":"6638-4","name":"Mang Buk","year":"1965","edition":"001","kind":"pdf","url":"https://maps.lib.utexas.edu/maps/topo/vietnam/mang_buk-6638-4.pdf"}},{"type":"Feature","geometry":{"type":"Polygon","coordinates":[[[106.24996,10.24989],[106.26951,10.24996],[106.2934,10.24996],[106.34792,10.24995],[106.50008,10.24993],[106.49992,10.26514],[106.5,10.36843],[106.5,10.47283],[106.50001,10.50007],[106.48181,10.50003],[106.24997,10.5],[106.24999,10.5],[106.24996,10.24989]]]},"properties":{"sheet":"6229-1","name":"Mi Tho","year":"1984","edition":"003","kind":"pdf","url":"https://maps.lib.utexas.edu/maps/topo/vietnam/mi_tho-6229-1.pdf"}},{"type":"Feature","geometry":{"type":"Polygon","coordinates":[[[108.74555,15.00179],[108.76595,15.00176],[108.9956,15.00176],[108.9956,14.99753],[108.99559,14.75177],[108.97423,14.75177],[108.74561,14.75173],[108.74555,15.00179],[108.74555,15.00179],[108.74555,15.00179],[108.74555,15.00179],[108.74555,15.00179]]]},"properties":{"sheet":"6738-1","name":"Mo Duc","year":"1983","edition":"003","kind":"pdf","url":"https://maps.lib.utexas.edu/maps/topo/vietnam/mo_duc-6738-1.pdf"}},{"type":"Feature","geometry":{"type":"Polygon","coordinates":[[[106.00001,21.74997],[106.02017,21.75003],[106.11419,21.75001],[106.18586,21.74996],[106.22948,21.74993],[106.25006,21.74989],[106.25002,21.74687],[106.25,21.72137],[106.24996,21.6146],[106.25005,21.49998],[106.22399,21.49995],[106.00002,21.49983],[106.00001,21.74997],[106.00001,21.74997],[106.00001,21.74997],[106.00001,21.74997]]]},"properties":{"sheet":"6252-3","name":"Mo Trang","year":"1964","edition":"001","kind":"pdf","url":"https://maps.lib.utexas.edu/maps/topo/vietnam/mo_trang-6252-3.pdf"}},{"type":"Feature","geometry":{"type":"Polygon","coordinates":[[[104.49992,20.74987],[104.53896,20.74983],[104.56774,20.74985],[104.60618,20.74981],[104.63496,20.7499],[104.66675,20.7499],[104.71189,20.75002],[104.75008,20.75013],[104.75008,20.75637],[104.75001,20.78348],[104.74993,20.81033],[104.74995,20.85541],[104.74996,20.87348],[104.7499,20.8916],[104.74991,20.90977],[104.74992,20.91881],[104.74991,20.92782],[104.74988,20.94588],[104.74989,20.95495],[104.74991,20.96395],[104.74983,20.97303],[104.75,20.99988],[104.73054,20.99995],[104.70158,21.00006],[104.6556,21.00006],[104.61505,21.00007],[104.58334,21.00009],[104.54776,21.00009],[104.51895,21.0001],[104.50002,21.00008],[104.5,21.00008],[104.49992,20.74987],[104.49992,20.74987],[104.49992,20.74987]]]},"properties":{"sheet":"5950-4","name":"Moc Chau","year":"1965","edition":"001","kind":"pdf","url":"https://maps.lib.utexas.edu/maps/topo/vietnam/moc_chau-5950-4.pdf"}},{"type":"Feature","geometry":{"type":"Polygon","coordinates":[[[107.49583,15.75173],[107.74593,15.75159],[107.74581,15.50172],[107.49569,15.50176],[107.49583,15.75173],[107.49583,15.75173],[107.49583,15.75173],[107.49583,15.75173],[107.49583,15.75173],[107.49583,15.75173],[107.49583,15.75173],[107.49583,15.75173]]]},"properties":{"sheet":"6540-3","name":"Muang Bac","year":"1965","edition":"001","kind":"pdf","url":"https://maps.lib.utexas.edu/maps/topo/vietnam/muang_bac-6540-3.pdf"}},{"type":"Feature","geometry":{"type":"Polygon","coordinates":[[[102.99619,21.75115],[103.24625,21.75114],[103.24622,21.50112],[102.9962,21.50113],[102.99623,21.75113],[102.99619,21.75115],[102.99619,21.75115]]]},"properties":{"sheet":"5652-3","name":"Muong Ang","year":"1965","edition":"001","kind":"pdf","url":"https://maps.lib.utexas.edu/maps/topo/vietnam/muong_ang-5652-3.pdf"}},{"type":"Feature","geometry":{"type":"Polygon","coordinates":[[[102.74993,22.24992],[103.00008,22.24996],[102.99993,22.49991],[102.75007,22.49991],[102.74993,22.24992]]]},"properties":{"sheet":"5553-1","name":"Muong Boum","year":"1966","edition":"002","kind":"pdf","url":"https://maps.lib.utexas.edu/maps/topo/vietnam/muong_boum-5553-1.pdf"}},{"type":"Feature","geometry":{"type":"Polygon","coordinates":[[[102.7499,21.99983],[102.99988,21.99985],[102.99997,21.75004],[102.74983,21.74981],[102.7499,21.99983],[102.7499,21.99983],[102.7499,21.99983]]]},"properties":{"sheet":"5552-1","name":"Muong Cha","year":"1966","edition":"002","kind":"pdf","url":"https://maps.lib.utexas.edu/maps/topo/vietnam/muong_cha-5552-1.pdf"}},{"type":"Feature","geometry":{"type":"Polygon","coordinates":[[[105.00005,23.0],[105.01844,23.00004],[105.17403,22.99997],[105.25004,22.99999],[105.25004,22.99295],[105.25007,22.74994],[105.22883,22.75],[104.99996,22.74996],[105.00005,23.0],[105.00005,23.0],[105.00005,23.0],[105.00005,23.0],[105.00005,23.0],[105.00005,23.0]]]},"properties":{"sheet":"6054-4","name":"Muong Cha","year":"1967","edition":"002","kind":"pdf","url":"https://maps.lib.utexas.edu/maps/topo/vietnam/muong_cha-6054-4.pdf"}},{"type":"Feature","geometry":{"type":"Polygon","coordinates":[[[104.25001,21.75],[104.26605,21.75001],[104.49991,21.74988],[104.49992,21.74581],[104.50005,21.50002],[104.48535,21.50002],[104.26627,21.49992],[104.24998,21.49984],[104.25001,21.75],[104.25001,21.75],[104.25001,21.75],[104.25001,21.75]]]},"properties":{"sheet":"5852-2","name":"Muong Chen","year":"1965","edition":"001","kind":"pdf","url":"https://maps.lib.utexas.edu/maps/topo/vietnam/muong_chen-5852-2.pdf"}},{"type":"Feature","geometry":{"type":"Polygon","coordinates":[[[103.49991,22.49995],[103.75006,22.49987],[103.74996,22.75004],[103.49996,22.74998],[103.49991,22.49995],[103.49991,22.49995],[103.49991,22.49995]]]},"properties":{"sheet":"5754-3","name":"Muong Hum","year":"1965","edition":"001","kind":"pdf","url":"https://maps.lib.utexas.edu/maps/topo/vietnam/muong_hum-5754-3.pdf"}},{"type":"Feature","geometry":{"type":"Polygon","coordinates":[[[103.5,22.25],[103.51891,22.25005],[103.54421,22.25006],[103.57857,22.25009],[103.60989,22.25008],[103.64775,22.25006],[103.67292,22.25005],[103.70158,22.25006],[103.72495,22.25005],[103.75005,22.25],[103.75001,22.20629],[103.74995,22.12505],[103.74996,22.02539],[103.74998,21.99992],[103.72131,21.99995],[103.68767,21.99998],[103.6614,21.99999],[103.63765,21.99997],[103.61368,21.99998],[103.59019,21.99998],[103.56616,21.99997],[103.54232,21.99997],[103.52024,21.99995],[103.49998,21.99997],[103.50002,22.03088],[103.50012,22.07839],[103.50009,22.14243],[103.50006,22.21296],[103.5,22.25],[103.5,22.25],[103.5,22.25]]]},"properties":{"sheet":"5753-3","name":"Muong Khoa","year":"1968","edition":"002","kind":"pdf","url":"https://maps.lib.utexas.edu/maps/topo/vietnam/muong_khoa-5753-3.pdf"}},{"type":"Feature","geometry":{"type":"Polygon","coordinates":[[[103.74605,21.25126],[103.74627,21.00111],[103.49616,21.00121],[103.49609,21.25125],[103.74605,21.25126],[103.74605,21.25126],[103.74605,21.25126]]]},"properties":{"sheet":"5751-3","name":"Muong Lam","year":"1969","edition":"002","kind":"pdf","url":"https://maps.lib.utexas.edu/maps/topo/vietnam/muong_lam-5751-3.pdf"}},{"type":"Feature","geometry":{"type":"Polygon","coordinates":[[[104.49591,19.75141],[104.74614,19.7513],[104.74599,19.50137],[104.49613,19.50136],[104.49591,19.75141]]]},"properties":{"sheet":"5948-3","name":"Muong Lam","year":"1971","edition":"002","kind":"pdf","url":"https://maps.lib.utexas.edu/maps/topo/vietnam/muong_lam-5948-3.pdf"}},{"type":"Feature","geometry":{"type":"Polygon","coordinates":[[[102.75005,22.24992],[102.99994,22.24992],[103.00003,22.10757],[102.99998,21.99995],[102.78395,21.99993],[102.75014,21.99989],[102.75005,22.24992],[102.75005,22.24992]]]},"properties":{"sheet":"5553-2","name":"Muong No","year":"1966","edition":"002","kind":"pdf","url":"https://maps.lib.utexas.edu/maps/topo/vietnam/muong_no-5553-2.pdf"}},{"type":"Feature","geometry":{"type":"Polygon","coordinates":[[[104.00011,19.50009],[104.24993,19.49993],[104.24995,19.25003],[103.99993,19.24996],[104.00011,19.50009],[104.00011,19.50009],[104.00011,19.50009]]]},"properties":{"sheet":"5847-4","name":"Muong Sen","year":"1965","edition":"001","kind":"pdf","url":"https://maps.lib.utexas.edu/maps/topo/vietnam/muong_sen-5847-4.pdf"}},{"type":"Feature","geometry":{"type":"Polygon","coordinates":[[[102.49995,22.50006],[102.75001,22.49992],[102.74988,22.3809],[102.74992,22.31375],[102.74996,22.25976],[102.75005,22.24993],[102.58735,22.24995],[102.51493,22.2499],[102.50009,22.24988],[102.5,22.42423],[102.5,22.50001],[102.49995,22.50006],[102.49995,22.50006],[102.49995,22.50006]]]},"properties":{"sheet":"5553-4","name":"Muong Te","year":"1965","edition":"001","kind":"pdf","url":"https://maps.lib.utexas.edu/maps/topo/vietnam/muong_te-5553-4.pdf"}},{"type":"Feature","geometry":{"type":"Polygon","coordinates":[[[102.5001,22.25006],[102.51614,22.25012],[102.63447,22.25003],[102.75005,22.24998],[102.75008,22.24861],[102.75,22.00001],[102.73395,21.99998],[102.52037,21.99998],[102.49995,21.99992],[102.5,22.01136],[102.5001,22.25006],[102.5001,22.25006],[102.5001,22.25006],[102.5001,22.25006]]]},"properties":{"sheet":"5553-3","name":"Muong Tong","year":"1966","edition":"002","kind":"pdf","url":"https://maps.lib.utexas.edu/maps/topo/vietnam/muong_tong-5553-3.pdf"}},{"type":"Feature","geometry":{"type":"Polygon","coordinates":[[[102.99989,21.74993],[103.24994,21.74988],[103.25008,21.99999],[102.99988,22.00004],[102.99989,21.74993],[102.99989,21.74993]]]},"properties":{"sheet":"5652-4","name":"Muong Tong","year":"1966","edition":"002","kind":"pdf","url":"https://maps.lib.utexas.edu/maps/topo/vietnam/muong_tong-5652-4.pdf"}},{"type":"Feature","geometry":{"type":"Polygon","coordinates":[[[103.74608,21.75114],[103.99609,21.75125],[103.99615,21.50108],[103.74611,21.50111],[103.74608,21.50215],[103.74608,21.75114]]]},"properties":{"sheet":"5752-2","name":"Muong Trai","year":"1966","edition":"002","kind":"pdf","url":"https://maps.lib.utexas.edu/maps/topo/vietnam/muong_trai-5752-2.pdf"}},{"type":"Feature","geometry":{"type":"MultiPolygon","coordinates":[[[[105.74586,10.50222],[105.74586,10.50217],[105.74581,10.50222],[105.74586,10.50222]]],[[[105.74586,10.50222],[105.74602,10.55259],[105.7461,10.60801],[105.74606,10.65078],[105.74614,10.6968],[105.74613,10.75217],[105.81906,10.75215],[105.88993,10.75216],[105.94789,10.7522],[105.99584,10.75219],[105.99594,10.73727],[105.99591,10.6777],[105.99607,10.60907],[105.99608,10.56636],[105.99613,10.52855],[105.99603,10.50207],[105.95951,10.50212],[105.8975,10.50197],[105.83602,10.50205],[105.78573,10.50207],[105.74586,10.50222]]]]},"properties":{"sheet":"6130-2","name":"My An","year":"1970","edition":"002","kind":"pdf","url":"https://maps.lib.utexas.edu/maps/topo/vietnam/my_an-6130-2.pdf"}},{"type":"Feature","geometry":{"type":"Polygon","coordinates":[[[106.49592,17.25156],[106.74579,17.25155],[106.74584,17.00159],[106.49584,17.00159],[106.49592,17.25156],[106.49592,17.25156],[106.49592,17.25156]]]},"properties":{"sheet":"6343-3","name":"My Duc","year":"1968","edition":"003","kind":"pdf","url":"https://maps.lib.utexas.edu/maps/topo/vietnam/my_duc-6343-3.pdf"}},{"type":"Feature","geometry":{"type":"Polygon","coordinates":[[[106.49987,21.99995],[106.75004,21.99999],[106.7499,22.24991],[106.49999,22.24996],[106.49987,21.99995],[106.49987,21.99995]]]},"properties":{"sheet":"6353-3","name":"Na Cham","year":"1964","edition":"001","kind":"pdf","url":"https://maps.lib.utexas.edu/maps/topo/vietnam/na_cham-6353-3.pdf"}},{"type":"Feature","geometry":{"type":"Polygon","coordinates":[[[105.74989,22.24996],[106.00003,22.24993],[105.99998,22.49996],[105.74997,22.49998],[105.74989,22.24996],[105.74989,22.24996]]]},"properties":{"sheet":"6153-1","name":"Na Fac","year":"1964","edition":"001","kind":"pdf","url":"https://maps.lib.utexas.edu/maps/topo/vietnam/na_fac-6153-1.pdf"}},{"type":"Feature","geometry":{"type":"Polygon","coordinates":[[[105.25014,22.99999],[105.49977,22.99981],[105.50017,23.25],[105.24973,23.24983],[105.25014,22.99999],[105.25014,22.99999],[105.25014,22.99999],[105.25014,22.99999],[105.25014,22.99999]]]},"properties":{"sheet":"6055-2","name":"Na Kung","year":"1968","edition":"002","kind":"pdf","url":"https://maps.lib.utexas.edu/maps/topo/vietnam/na_kung-6055-2.pdf"}},{"type":"Feature","geometry":{"type":"Polygon","coordinates":[[[104.99986,22.99999],[105.25005,22.99991],[105.24985,23.24997],[105.00007,23.24969],[104.99986,22.99999],[104.99986,22.99999],[104.99986,22.99999],[104.99986,22.99999]]]},"properties":{"sheet":"6055-3","name":"Na Lay","year":"1968","edition":"002","kind":"pdf","url":"https://maps.lib.utexas.edu/maps/topo/vietnam/na_lay-6055-3.pdf"}},{"type":"Feature","geometry":{"type":"Polygon","coordinates":[[[104.99982,22.50001],[105.24999,22.49997],[105.25002,22.74991],[104.99999,22.75004],[104.99982,22.50001],[104.99982,22.50001],[104.99982,22.50001]]]},"properties":{"sheet":"6054-3","name":"Na Mong","year":"1964","edition":"001","kind":"pdf","url":"https://maps.lib.utexas.edu/maps/topo/vietnam/na_mong-6054-3.pdf"}},{"type":"Feature","geometry":{"type":"Polygon","coordinates":[[[104.74997,8.99999],[104.77183,9.00008],[104.91938,9.00004],[105.00001,9.00004],[105.0,8.9972],[105.00003,8.75002],[104.97758,8.75003],[104.77153,8.75003],[104.74995,8.75003],[104.74997,8.99999],[104.74997,8.99999],[104.74997,8.99999]]]},"properties":{"sheet":"5926-1","name":"Nam Can","year":"1966","edition":"001","kind":"pdf","url":"https://maps.lib.utexas.edu/maps/topo/vietnam/nam_can-5926-1.pdf"}},{"type":"Feature","geometry":{"type":"Polygon","coordinates":[[[105.99998,20.50001],[106.01561,20.50004],[106.16529,20.50001],[106.23612,20.50005],[106.24997,20.50003],[106.25,20.49594],[106.24994,20.24994],[106.23209,20.24999],[106.02512,20.24997],[105.99997,20.24999],[105.99998,20.50001],[105.99998,20.50001],[105.99998,20.50001],[105.99998,20.50001]]]},"properties":{"sheet":"6249-4","name":"Nam Dinh","year":"1966","edition":"002","kind":"pdf","url":"https://maps.lib.utexas.edu/maps/topo/vietnam/nam_dinh-6249-4.pdf"}},{"type":"Feature","geometry":{"type":"Polygon","coordinates":[[[103.25006,21.99995],[103.49997,21.99999],[103.49993,22.25006],[103.25003,22.25002],[103.25006,21.99995],[103.25006,21.99995],[103.25006,21.99995],[103.25006,21.99995],[103.25006,21.99995],[103.25006,21.99995]]]},"properties":{"sheet":"5653-2","name":"Nam Ma","year":"1966","edition":"002","kind":"pdf","url":"https://maps.lib.utexas.edu/maps/topo/vietnam/nam_ma-5653-2.pdf"}},{"type":"Feature","geometry":{"type":"Polygon","coordinates":[[[105.75003,22.7499],[105.99994,22.74996],[106.00004,22.99991],[105.74995,22.99997],[105.75003,22.7499],[105.75003,22.7499],[105.75003,22.7499],[105.75003,22.7499]]]},"properties":{"sheet":"6154-1","name":"Nam Quet","year":"1964","edition":"001","kind":"pdf","url":"https://maps.lib.utexas.edu/maps/topo/vietnam/nam_quet-6154-1.pdf"}},{"type":"Feature","geometry":{"type":"Polygon","coordinates":[[[103.99998,22.49994],[104.25006,22.49986],[104.25,22.74994],[104.00002,22.74992],[103.99998,22.49994]]]},"properties":{"sheet":"5854-3","name":"Ngai Fong Tion","year":"1965","edition":"001","kind":"pdf","url":"https://maps.lib.utexas.edu/maps/topo/vietnam/ngai_fong_tion-5854-3.pdf"}},{"type":"Feature","geometry":{"type":"Polygon","coordinates":[[[105.74983,18.80819],[105.76949,18.80825],[105.79718,18.80832],[105.82439,18.80836],[105.84693,18.80839],[105.8738,18.80843],[105.89776,18.80845],[105.93124,18.80844],[105.96215,18.8085],[105.99344,18.8084],[106.00009,18.80842],[106.00009,18.76537],[105.99996,18.70219],[105.9999,18.64794],[105.99988,18.60268],[105.99988,18.54855],[105.99984,18.51227],[105.99985,18.4999],[105.96611,18.49992],[105.93188,18.49997],[105.90302,18.50004],[105.87332,18.50005],[105.84973,18.50006],[105.82722,18.50002],[105.79549,18.50003],[105.77102,18.5],[105.75008,18.49998],[105.75004,18.53003],[105.74997,18.61589],[105.74989,18.66955],[105.7498,18.73387],[105.7498,18.77054],[105.74981,18.80373],[105.74983,18.80819],[105.74983,18.80819],[105.74983,18.80819],[105.74983,18.80819]]]},"properties":{"sheet":"6146-2","name":"Nghi Xuan","year":"1966","edition":"002","kind":"pdf","url":"https://maps.lib.utexas.edu/maps/topo/vietnam/nghi_xuan-6146-2.pdf"}},{"type":"Feature","geometry":{"type":"Polygon","coordinates":[[[105.2499,19.49997],[105.50007,19.50002],[105.50003,19.24993],[105.24993,19.24991],[105.2499,19.49997],[105.2499,19.49997],[105.2499,19.49997],[105.2499,19.49997],[105.2499,19.49997]]]},"properties":{"sheet":"6047-1","name":"Nghia Hung","year":"1966","edition":"002","kind":"pdf","url":"https://maps.lib.utexas.edu/maps/topo/vietnam/nghia_hung-6047-1.pdf"}},{"type":"Feature","geometry":{"type":"Polygon","coordinates":[[[104.7501,21.74997],[104.74248,21.75],[104.71728,21.75005],[104.69365,21.75006],[104.66915,21.75006],[104.65422,21.75004],[104.62927,21.75007],[104.59821,21.75006],[104.57077,21.75008],[104.54144,21.75006],[104.50301,21.75004],[104.49996,21.75002],[104.50001,21.74434],[104.49999,21.67653],[104.5,21.62735],[104.49998,21.55933],[104.49981,21.49983],[104.50298,21.49987],[104.51431,21.49989],[104.5792,21.4999],[104.63787,21.49995],[104.6857,21.49994],[104.74653,21.4999],[104.75012,21.49987],[104.75008,21.50366],[104.75006,21.748],[104.7501,21.74997]]]},"properties":{"sheet":"5952-3","name":"Nghia Lo","year":"1965","edition":"001","kind":"pdf","url":"https://maps.lib.utexas.edu/maps/topo/vietnam/nghia_lo-5952-3.pdf"}},{"type":"Feature","geometry":{"type":"Polygon","coordinates":[[[107.49999,12.25001],[107.52922,12.24998],[107.55761,12.24995],[107.58235,12.24993],[107.60391,12.24991],[107.63314,12.24991],[107.66962,12.24991],[107.7053,12.24999],[107.73732,12.24997],[107.75005,12.24996],[107.75005,12.20831],[107.75001,12.15412],[107.75011,12.09095],[107.75013,12.01853],[107.75013,11.99989],[107.72557,11.99988],[107.69531,11.99992],[107.67535,11.99995],[107.65075,11.99993],[107.62424,11.99991],[107.59904,11.99989],[107.57592,11.99988],[107.54514,11.99984],[107.5183,11.99984],[107.49994,11.99989],[107.49996,12.01689],[107.49997,12.03718],[107.50003,12.09901],[107.49995,12.17812],[107.49998,12.24279],[107.49999,12.25001],[107.49999,12.25001],[107.49999,12.25001],[107.49999,12.25001]]]},"properties":{"sheet":"6533-3","name":"Nghia Tin","year":"1965","edition":"001","kind":"pdf","url":"https://maps.lib.utexas.edu/maps/topo/vietnam/nghia_tin-6533-3.pdf"}},{"type":"Feature","geometry":{"type":"MultiPolygon","coordinates":[[[[106.49582,17.00154],[106.51268,17.00154],[106.69393,17.00157],[106.74589,17.00158],[106.74588,16.99669],[106.74596,16.95049],[106.74595,16.75158],[106.72921,16.75151],[106.56727,16.75155],[106.49587,16.7516],[106.49586,16.7617],[106.49582,17.00154]]],[[[106.49582,17.00154],[106.49579,17.00154],[106.49582,17.00154],[106.49582,17.00154]]]]},"properties":{"sheet":"6342-4","name":"Nguon Rao","year":"1971","edition":"004","kind":"pdf","url":"https://maps.lib.utexas.edu/maps/topo/vietnam/nguon_rao-63424_geo.pdf"}},{"type":"Feature","geometry":{"type":"MultiPolygon","coordinates":[[[[105.75005,22.49993],[105.75005,22.49991],[105.74998,22.49993],[105.75005,22.49993]]],[[[105.75005,22.49993],[105.75007,22.5281],[105.74992,22.75006],[105.78096,22.75003],[105.98841,22.74999],[106.00001,22.74996],[106.0,22.51022],[105.99995,22.49993],[105.9462,22.50002],[105.86043,22.49996],[105.76989,22.49993],[105.75005,22.49993]]]]},"properties":{"sheet":"6154-2","name":"Nguyen Binh","year":"1964","edition":"001","kind":"pdf","url":"https://maps.lib.utexas.edu/maps/topo/vietnam/nguyen_binh-6154-2.pdf"}},{"type":"Feature","geometry":{"type":"Polygon","coordinates":[[[109.00008,12.24995],[109.25,12.24995],[109.25013,11.99995],[108.99999,11.99995],[109.00008,12.24987],[109.00008,12.24995],[109.00008,12.24995],[109.00008,12.24995],[109.00008,12.24995],[109.00008,12.24995]]]},"properties":{"sheet":"6833-3","name":"Nha Trang","year":"1983","edition":"003","kind":"pdf","url":"https://maps.lib.utexas.edu/maps/topo/vietnam/nha_trang-6833-3.pdf"}},{"type":"Feature","geometry":{"type":"Polygon","coordinates":[[[105.99995,18.50006],[106.02247,18.50003],[106.19805,18.50005],[106.25,18.50001],[106.24998,18.49475],[106.25001,18.25004],[106.2334,18.25001],[106.00001,18.25001],[105.99995,18.50006],[105.99995,18.50006],[105.99995,18.50006],[105.99995,18.50006]]]},"properties":{"sheet":"6245-4","name":"Nhuong Ban","year":"1966","edition":"002","kind":"pdf","url":"https://maps.lib.utexas.edu/maps/topo/vietnam/nhuong_ban-6245-4.pdf"}},{"type":"Feature","geometry":{"type":"Polygon","coordinates":[[[105.74999,20.49999],[105.76488,20.50004],[105.91524,20.50009],[105.97222,20.50005],[106.00008,20.49996],[106.00005,20.49712],[106.00001,20.24997],[105.98125,20.24994],[105.80604,20.24997],[105.74997,20.24992],[105.74999,20.49999],[105.74999,20.49999],[105.74999,20.49999],[105.74999,20.49999],[105.74999,20.49999]]]},"properties":{"sheet":"6149-1","name":"Ninh Binh","year":"1965","edition":"001","kind":"pdf","url":"https://maps.lib.utexas.edu/maps/topo/vietnam/ninh_binh-6149-1.pdf"}},{"type":"Feature","geometry":{"type":"MultiPolygon","coordinates":[[[[106.2501,20.75003],[106.26891,20.75006],[106.47146,20.74999],[106.49998,20.74998],[106.49997,20.74519],[106.49997,20.57653],[106.50009,20.49999],[106.48395,20.50002],[106.33706,20.49992],[106.27332,20.49998],[106.25001,20.49993],[106.25,20.51049],[106.2501,20.75003]]],[[[106.2501,20.75003],[106.25007,20.75003],[106.2501,20.75003],[106.2501,20.75003]]]]},"properties":{"sheet":"6250-2","name":"Ninh Giang","year":"1966","edition":"002","kind":"pdf","url":"https://maps.lib.utexas.edu/maps/topo/vietnam/ninh_giang-6250-2.pdf"}},{"type":"Feature","geometry":{"type":"Polygon","coordinates":[[[108.99553,12.502],[109.24555,12.50197],[109.24555,12.25199],[108.99552,12.25198],[108.99553,12.502],[108.99553,12.502],[108.99553,12.502]]]},"properties":{"sheet":"6833-4","name":"Ninh Hoa","year":"1971","edition":"002","kind":"pdf","url":"https://maps.lib.utexas.edu/maps/topo/vietnam/ninh_hoa-6833-4.pdf"}},{"type":"Feature","geometry":{"type":"Polygon","coordinates":[[[109.25003,12.74997],[109.27137,12.75],[109.47233,12.75003],[109.49991,12.7501],[109.49996,12.74692],[109.49999,12.49993],[109.47578,12.49996],[109.24989,12.49994],[109.25003,12.74997],[109.25003,12.74997],[109.25003,12.74997],[109.25003,12.74997],[109.25003,12.74997]]]},"properties":{"sheet":"6834-2","name":"Ninh Lam","year":"1971","edition":"002","kind":"pdf","url":"https://maps.lib.utexas.edu/maps/topo/vietnam/ninh_lam-6834-2.pdf"}},{"type":"Feature","geometry":{"type":"Polygon","coordinates":[[[109.24997,12.24997],[109.50002,12.25001],[109.49996,12.49995],[109.25001,12.49998],[109.24997,12.24997],[109.24997,12.24997]]]},"properties":{"sheet":"6833-1","name":"Ninh Phuoc","year":"1971","edition":"002","kind":"pdf","url":"https://maps.lib.utexas.edu/maps/topo/vietnam/ninh_phuoc-6833-1.pdf"}},{"type":"Feature","geometry":{"type":"Polygon","coordinates":[[[109.25003,12.00009],[109.26918,12.0001],[109.50002,11.99991],[109.50002,11.99611],[109.50001,11.75003],[109.47667,11.75008],[109.25004,11.74987],[109.25003,12.00009],[109.25003,12.00009],[109.25003,12.00009],[109.25003,12.00009]]]},"properties":{"sheet":"6832-1","name":"Nui Cam Linh","year":"1983","edition":"003","kind":"pdf","url":"https://maps.lib.utexas.edu/maps/topo/vietnam/nui_cam_linh-6832-1.pdf"}},{"type":"Feature","geometry":{"type":"Polygon","coordinates":[[[105.99971,22.49994],[106.25012,22.50002],[106.24985,22.74993],[106.00014,22.74999],[105.99971,22.49994],[105.99971,22.49994],[105.99971,22.49994],[105.99971,22.49994]]]},"properties":{"sheet":"6254-3","name":"Nuoc Hai","year":"1964","edition":"001","kind":"pdf","url":"https://maps.lib.utexas.edu/maps/topo/vietnam/nuoc_hai-6254-3.pdf"}},{"type":"Feature","geometry":{"type":"Polygon","coordinates":[[[104.74991,21.24996],[104.76982,21.25001],[105.0001,21.24999],[105.00011,21.24645],[104.99994,21.00001],[104.97776,20.99999],[104.76345,20.99998],[104.75007,20.99996],[104.75003,21.00886],[104.74988,21.23749],[104.74991,21.24999],[104.74991,21.24996],[104.74991,21.24996],[104.74991,21.24996],[104.74991,21.24996]]]},"properties":{"sheet":"5951-2","name":"Nuoc Moc","year":"1964","edition":"001","kind":"pdf","url":"https://maps.lib.utexas.edu/maps/topo/vietnam/nuoc_moc-5951-2.pdf"}},{"type":"Feature","geometry":{"type":"Polygon","coordinates":[[[106.75013,21.49999],[106.75015,21.75002],[106.5,21.75005],[106.5001,21.49983],[106.75013,21.49999],[106.75013,21.49999],[106.75013,21.49999],[106.75013,21.49999],[106.75013,21.49999],[106.75013,21.49999]]]},"properties":{"sheet":"6352-3","name":"On","year":"1965","edition":"001","kind":"pdf","url":"https://maps.lib.utexas.edu/maps/topo/vietnam/on-6352-3.pdf"}},{"type":"Feature","geometry":{"type":"Polygon","coordinates":[[[104.25002,22.5],[104.49998,22.5],[104.50002,22.75],[104.24998,22.75],[104.25002,22.5],[104.25002,22.5],[104.25002,22.5],[104.25002,22.5]]]},"properties":{"sheet":"5854-2","name":"Pa Kha","year":"1965","edition":"001","kind":"pdf","url":"https://maps.lib.utexas.edu/maps/topo/vietnam/pa_kha-5854-2.pdf"}},{"type":"Feature","geometry":{"type":"Polygon","coordinates":[[[105.24992,22.49987],[105.2693,22.4999],[105.50009,22.49996],[105.50008,22.49589],[105.49996,22.24989],[105.47454,22.24984],[105.32086,22.24989],[105.25005,22.24998],[105.24992,22.49987],[105.24992,22.49987],[105.24992,22.49987],[105.24992,22.49987],[105.24992,22.49987]]]},"properties":{"sheet":"6053-1","name":"Paka","year":"1968","edition":"002","kind":"pdf","url":"https://maps.lib.utexas.edu/maps/topo/vietnam/paka-6053-1.pdf"}},{"type":"Feature","geometry":{"type":"Polygon","coordinates":[[[106.24998,21.24998],[106.50001,21.25002],[106.50008,20.99992],[106.24988,20.99988],[106.24998,21.24998],[106.24998,21.24998],[106.24998,21.24998],[106.24998,21.24998],[106.24998,21.24998]]]},"properties":{"sheet":"6251-2","name":"Pha Lai","year":"1966","edition":"002","kind":"pdf","url":"https://maps.lib.utexas.edu/maps/topo/vietnam/pha_lai-6251-2.pdf"}},{"type":"Feature","geometry":{"type":"Polygon","coordinates":[[[108.74562,11.7521],[108.99571,11.75212],[108.99568,11.50208],[108.74562,11.5021],[108.74562,11.7521],[108.74562,11.7521],[108.74562,11.7521]]]},"properties":{"sheet":"6732-2","name":"Phan Rang","year":"1968","edition":"003","kind":"pdf","url":"https://maps.lib.utexas.edu/maps/topo/vietnam/phan_rang-6732-2.pdf"}},{"type":"Feature","geometry":{"type":"Polygon","coordinates":[[[108.5001,11.24999],[108.51791,11.24999],[108.62557,11.25001],[108.69782,11.25005],[108.74993,11.25003],[108.74994,11.2459],[108.74579,11.00206],[108.72207,11.00201],[108.4957,11.00204],[108.5001,11.24999],[108.5001,11.24999],[108.5001,11.24999],[108.5001,11.24999]]]},"properties":{"sheet":"6731-3","name":"Phan Ri","year":"1983","edition":"002","kind":"pdf","url":"https://maps.lib.utexas.edu/maps/topo/vietnam/phan_ri-6731-3.pdf"}},{"type":"Feature","geometry":{"type":"Polygon","coordinates":[[[106.00004,20.24991],[106.24998,20.24997],[106.24999,20.24085],[106.24993,20.1494],[106.25002,20.08054],[106.25003,20.02821],[106.25004,20.00003],[106.11168,20.00004],[106.03618,19.99995],[105.99994,19.99992],[106.00004,20.24991],[106.00004,20.24991],[106.00004,20.24991]]]},"properties":{"sheet":"6249-3","name":"Phat Diem","year":"1966","edition":"002","kind":"pdf","url":"https://maps.lib.utexas.edu/maps/topo/vietnam/phat_diem-6249-3.pdf"}},{"type":"Feature","geometry":{"type":"Polygon","coordinates":[[[107.99554,12.00204],[108.24585,12.00206],[108.24564,11.75189],[107.99577,11.75198],[107.99554,12.00204],[107.99554,12.00204],[107.99554,12.00204],[107.99554,12.00204],[107.99554,12.00204],[107.99554,12.00204]]]},"properties":{"sheet":"6632-4","name":"Phi Lieng","year":"1989","edition":"002","kind":"pdf","url":"https://maps.lib.utexas.edu/maps/topo/vietnam/phi_lieng-6632-4.pdf"}},{"type":"Feature","geometry":{"type":"Polygon","coordinates":[[[107.99574,12.25193],[108.24565,12.25186],[108.24574,12.00203],[107.99558,12.00191],[107.99574,12.25193],[107.99574,12.25193],[107.99574,12.25193],[107.99574,12.25193]]]},"properties":{"sheet":"6633-3","name":"Phi Sroin","year":"1989","edition":"002","kind":"pdf","url":"https://maps.lib.utexas.edu/maps/topo/vietnam/phi_sroin-6633-3.pdf"}},{"type":"Feature","geometry":{"type":"Polygon","coordinates":[[[106.25006,21.99987],[106.49997,21.99989],[106.50009,21.75003],[106.49654,21.75009],[106.38313,21.75007],[106.29383,21.74997],[106.25024,21.74988],[106.25006,21.99987],[106.25006,21.99987],[106.25006,21.99987],[106.25006,21.99987]]]},"properties":{"sheet":"6252-1","name":"Pho Binh Gia","year":"1964","edition":"001","kind":"pdf","url":"https://maps.lib.utexas.edu/maps/topo/vietnam/pho_binh_gia-6252-1.pdf"}},{"type":"Feature","geometry":{"type":"Polygon","coordinates":[[[105.24982,18.74991],[105.27088,18.74986],[105.3389,18.75007],[105.40253,18.75012],[105.4578,18.75008],[105.50011,18.75002],[105.50007,18.7449],[105.49993,18.49985],[105.48748,18.49991],[105.24997,18.49997],[105.24982,18.74991],[105.24982,18.74991],[105.24982,18.74991]]]},"properties":{"sheet":"6046-2","name":"Pho Chau","year":"1971","edition":"002","kind":"pdf","url":"https://maps.lib.utexas.edu/maps/topo/vietnam/pho_chau-6046-2.pdf"}},{"type":"Feature","geometry":{"type":"Polygon","coordinates":[[[103.99995,22.50003],[104.02664,22.50001],[104.09591,22.5],[104.24999,22.50001],[104.24997,22.24993],[104.23087,22.24995],[104.04391,22.24996],[103.99996,22.24997],[103.99995,22.25988],[103.99992,22.47276],[103.99995,22.5],[103.99995,22.50003],[103.99995,22.50003],[103.99995,22.50003],[103.99995,22.50003],[103.99995,22.50003]]]},"properties":{"sheet":"5853-4","name":"Pho Lu","year":"1971","edition":"002","kind":"pdf","url":"https://maps.lib.utexas.edu/maps/topo/vietnam/pho_lu-5853-4.pdf"}},{"type":"Feature","geometry":{"type":"Polygon","coordinates":[[[105.49999,19.50001],[105.75001,19.50004],[105.75015,19.24996],[105.49987,19.24996],[105.49999,19.50001],[105.49999,19.50001],[105.49999,19.50001],[105.49999,19.50001]]]},"properties":{"sheet":"6147-4","name":"Phong Bai","year":"1966","edition":"002","kind":"pdf","url":"https://maps.lib.utexas.edu/maps/topo/vietnam/phong_bai-6147-4.pdf"}},{"type":"Feature","geometry":{"type":"Polygon","coordinates":[[[105.49603,10.502],[105.74614,10.50208],[105.74615,10.75215],[105.49612,10.75217],[105.49612,10.75217],[105.49603,10.502]]]},"properties":{"sheet":"6130-3","name":"Phong My","year":"1965","edition":"001","kind":"pdf","url":"https://maps.lib.utexas.edu/maps/topo/vietnam/phong_my-6130-3.pdf"}},{"type":"Feature","geometry":{"type":"Polygon","coordinates":[[[105.7501,9.99991],[105.74442,9.99988],[105.7218,9.9999],[105.70487,9.99987],[105.68432,9.99988],[105.67049,9.99987],[105.65953,9.99985],[105.64094,9.99983],[105.62488,9.99982],[105.60374,9.9998],[105.59069,9.99981],[105.56489,9.99987],[105.53443,9.9999],[105.50808,9.9999],[105.49991,9.99992],[105.49991,10.00349],[105.4999,10.09268],[105.4999,10.13168],[105.49983,10.20761],[105.49979,10.25001],[105.50579,10.25002],[105.56709,10.25013],[105.60248,10.25008],[105.61507,10.2501],[105.62013,10.2501],[105.62617,10.25009],[105.67378,10.25012],[105.67669,10.25007],[105.74512,10.24999],[105.75014,10.25001],[105.75003,10.11935],[105.74995,10.00906],[105.7501,9.99991]]]},"properties":{"sheet":"6129-3","name":"Phong Phu","year":"1969","edition":"003","kind":"pdf","url":"https://maps.lib.utexas.edu/maps/topo/vietnam/phong_phu-6129-3.pdf"}},{"type":"Feature","geometry":{"type":"Polygon","coordinates":[[[103.24999,22.49993],[103.5,22.5],[103.49996,22.7499],[103.25,22.75005],[103.24999,22.49993]]]},"properties":{"sheet":"5654-2","name":"Phong Tho","year":"1965","edition":"001","kind":"pdf","url":"https://maps.lib.utexas.edu/maps/topo/vietnam/phong_tho-5654-2.pdf"}},{"type":"Feature","geometry":{"type":"Polygon","coordinates":[[[105.50011,19.00001],[105.75,18.99996],[105.75004,18.75],[105.50002,18.74988],[105.50011,19.00001],[105.50011,19.00001],[105.50011,19.00001]]]},"properties":{"sheet":"6146-4","name":"Phu Dien Chau","year":"1966","edition":"002","kind":"pdf","url":"https://maps.lib.utexas.edu/maps/topo/vietnam/phu_dien_chau-6146-4.pdf"}},{"type":"Feature","geometry":{"type":"Polygon","coordinates":[[[108.74996,12.99998],[108.7741,12.99998],[109.00006,12.99993],[109.00009,12.99804],[109.00004,12.74992],[108.97781,12.74991],[108.75004,12.74988],[108.74996,12.99998],[108.74996,12.99998],[108.74996,12.99998],[108.74996,12.99998],[108.74996,12.99998]]]},"properties":{"sheet":"6734-1","name":"Phu Duc","year":"1964","edition":"001","kind":"pdf","url":"https://maps.lib.utexas.edu/maps/topo/vietnam/phu_duc-6734-1.pdf"}},{"type":"Feature","geometry":{"type":"Polygon","coordinates":[[[109.24549,13.75191],[109.26809,13.75193],[109.3642,13.7519],[109.43976,13.75182],[109.49563,13.75178],[109.49565,13.73944],[109.49556,13.59723],[109.49563,13.50186],[109.47859,13.50186],[109.39676,13.50183],[109.27668,13.50173],[109.24558,13.50173],[109.24549,13.75191],[109.24549,13.75191],[109.24549,13.75191]]]},"properties":{"sheet":"6836-2","name":"Phu Hoi","year":"1989","edition":"002","kind":"pdf","url":"https://maps.lib.utexas.edu/maps/topo/vietnam/phu_hoi-6836-2.pdf"}},{"type":"Feature","geometry":{"type":"Polygon","coordinates":[[[106.24997,21.24998],[106.25003,21.4999],[105.99995,21.49985],[106.00006,21.24996],[106.24997,21.24998],[106.24997,21.24998],[106.24997,21.24998],[106.24997,21.24998],[106.24997,21.24998]]]},"properties":{"sheet":"6251-4","name":"Phu Lang Thuong","year":"1966","edition":"002","kind":"pdf","url":"https://maps.lib.utexas.edu/maps/topo/vietnam/phu_lang_thuong-6251-4.pdf"}},{"type":"Feature","geometry":{"type":"Polygon","coordinates":[[[108.9956,14.00193],[109.24544,14.00192],[109.24558,14.25189],[108.99551,14.25191],[108.9956,14.00193],[108.9956,14.00193],[108.9956,14.00193],[108.9956,14.00193]]]},"properties":{"sheet":"6837-3","name":"Phu My","year":"1970","edition":"002","kind":"pdf","url":"https://maps.lib.utexas.edu/maps/topo/vietnam/phu_my-6837-3.pdf"}},{"type":"Feature","geometry":{"type":"Polygon","coordinates":[[[108.00003,13.74999],[108.01971,13.75003],[108.25004,13.75],[108.24998,13.74503],[108.24996,13.50004],[108.2332,13.50002],[108.04137,13.49995],[108.0,13.49993],[108.00003,13.74999],[108.00003,13.74999],[108.00003,13.74999],[108.00003,13.74999]]]},"properties":{"sheet":"6636-3","name":"Phu Nhon","year":"1970","edition":"002","kind":"pdf","url":"https://maps.lib.utexas.edu/maps/topo/vietnam/phu_nhon-6636-3.pdf"}},{"type":"Feature","geometry":{"type":"Polygon","coordinates":[[[103.24973,22.49996],[103.2499,22.49996],[103.2499,22.50016],[103.25271,22.50015],[103.26098,22.5002],[103.26091,22.5],[103.27244,22.50004],[103.29857,22.50008],[103.35829,22.50015],[103.37252,22.50016],[103.39726,22.50022],[103.42178,22.50034],[103.42195,22.50012],[103.42253,22.50022],[103.42814,22.5003],[103.45431,22.50024],[103.45444,22.50014],[103.45565,22.50009],[103.45635,22.50031],[103.46939,22.50028],[103.48418,22.50027],[103.49651,22.50026],[103.49687,22.50004],[103.49711,22.50026],[103.4999,22.50027],[103.49986,22.50001],[103.50009,22.50003],[103.50001,22.49989],[103.5,22.49766],[103.49999,22.49323],[103.49997,22.4842],[103.49997,22.47252],[103.50027,22.47238],[103.5001,22.47232],[103.49999,22.4722],[103.49999,22.47153],[103.50002,22.46611],[103.5,22.44446],[103.5,22.44069],[103.49999,22.43505],[103.49997,22.41458],[103.50002,22.40789],[103.49998,22.40023],[103.5,22.38775],[103.50002,22.36252],[103.50003,22.35758],[103.50003,22.34514],[103.50001,22.32501],[103.50005,22.31162],[103.50005,22.30016],[103.50003,22.28403],[103.50001,22.27729],[103.50007,22.27159],[103.50004,22.27036],[103.50019,22.2702],[103.50021,22.27008],[103.50008,22.2701],[103.50008,22.26966],[103.50006,22.25748],[103.50005,22.2526],[103.50006,22.24989],[103.49697,22.24992],[103.48598,22.24995],[103.44716,22.25],[103.40826,22.25],[103.38416,22.25],[103.37225,22.25001],[103.36228,22.24995],[103.3163,22.24997],[103.28793,22.24998],[103.27245,22.24999],[103.26058,22.24983],[103.25241,22.24984],[103.24986,22.24984],[103.24989,22.25875],[103.24991,22.26473],[103.24996,22.31928],[103.24998,22.36424],[103.24997,22.40958],[103.24996,22.4322],[103.2498,22.43407],[103.24985,22.44168],[103.25,22.4416],[103.25007,22.44354],[103.24992,22.44386],[103.24998,22.44399],[103.24999,22.44577],[103.24986,22.44599],[103.25001,22.44607],[103.24996,22.4488],[103.24976,22.47297],[103.24975,22.48136],[103.24976,22.49699],[103.24975,22.49994],[103.24975,22.49994],[103.24973,22.49996],[103.24973,22.49996],[103.24973,22.49996]]]},"properties":{"sheet":"5653-1","name":"Phu Nung Nong","year":"1966","edition":"002","kind":"pdf","url":"https://maps.lib.utexas.edu/maps/topo/vietnam/phu_nung_nong-5653-1.pdf"}},{"type":"Feature","geometry":{"type":"Polygon","coordinates":[[[108.25001,13.75002],[108.27087,13.75002],[108.38021,13.74995],[108.50002,13.74997],[108.50002,13.74539],[108.50001,13.50004],[108.47143,13.50003],[108.24999,13.49998],[108.25001,13.75002],[108.25001,13.75002],[108.25001,13.75002],[108.25001,13.75002]]]},"properties":{"sheet":"6636-2","name":"Phu Thien","year":"1965","edition":"001","kind":"pdf","url":"https://maps.lib.utexas.edu/maps/topo/vietnam/phu_thien-6636-2.pdf"}},{"type":"Feature","geometry":{"type":"Polygon","coordinates":[[[105.00001,21.49998],[105.02051,21.50002],[105.23998,21.50002],[105.25004,21.49995],[105.25,21.49349],[105.2501,21.24997],[105.24047,21.24995],[104.99995,21.24991],[105.00001,21.49998],[105.00001,21.49998],[105.00001,21.49998],[105.00001,21.49998]]]},"properties":{"sheet":"6051-4","name":"Phu Tho","year":"1964","edition":"001","kind":"pdf","url":"https://maps.lib.utexas.edu/maps/topo/vietnam/phu_tho-6051-4.pdf"}},{"type":"Feature","geometry":{"type":"MultiPolygon","coordinates":[[[[108.50001,13.24993],[108.52215,13.25],[108.7453,13.24999],[108.74996,13.25003],[108.75,13.24386],[108.75006,12.99999],[108.72843,12.99999],[108.49997,12.99996],[108.49997,13.00998],[108.50001,13.24993]]],[[[108.50001,13.24993],[108.50001,13.24993],[108.50001,13.24996],[108.50001,13.24993]]]]},"properties":{"sheet":"6735-3","name":"Phu Tuc","year":"1965","edition":"001","kind":"pdf","url":"https://maps.lib.utexas.edu/maps/topo/vietnam/phu_tuc-6735-3.pdf"}},{"type":"Feature","geometry":{"type":"Polygon","coordinates":[[[107.49571,16.75163],[107.51629,16.75166],[107.74573,16.75166],[107.74577,16.74939],[107.74562,16.50161],[107.7306,16.50157],[107.49577,16.5016],[107.49571,16.75163],[107.49571,16.75163],[107.49571,16.75163],[107.49571,16.75163]]]},"properties":{"sheet":"6542-3","name":"Phu Vang","year":"1968","edition":"002","kind":"pdf","url":"https://maps.lib.utexas.edu/maps/topo/vietnam/phu_vang-6542-3.pdf"}},{"type":"Feature","geometry":{"type":"Polygon","coordinates":[[[106.24995,10.00013],[106.27996,10.00008],[106.29801,10.00004],[106.33697,10.0],[106.37242,9.99995],[106.4088,9.99991],[106.43615,9.99996],[106.4664,10.00001],[106.49996,9.99995],[106.5,9.98409],[106.49995,9.94401],[106.49999,9.90417],[106.49987,9.86131],[106.49991,9.8133],[106.49991,9.78215],[106.49987,9.75],[106.47588,9.75],[106.45712,9.75],[106.42073,9.75001],[106.38623,9.74998],[106.35463,9.74991],[106.32476,9.74993],[106.29027,9.74993],[106.24993,9.74987],[106.24996,9.76406],[106.2499,9.7892],[106.24991,9.82171],[106.24989,9.848],[106.24992,9.86773],[106.24986,9.89331],[106.24991,9.9304],[106.24992,9.98698],[106.24995,10.00016],[106.24995,10.00013]]]},"properties":{"sheet":"6228-1","name":"Phu Vinh","year":"1965","edition":"001","kind":"pdf","url":"https://maps.lib.utexas.edu/maps/topo/vietnam/phu_vinh-6228-1.pdf"}},{"type":"Feature","geometry":{"type":"Polygon","coordinates":[[[104.7499,22.00003],[104.76978,22.00008],[105.00002,21.99993],[105.00012,21.99466],[104.99997,21.74997],[104.98739,21.74999],[104.75006,21.74987],[104.7499,22.00003],[104.7499,22.00003],[104.7499,22.00003],[104.7499,22.00003]]]},"properties":{"sheet":"5952-1","name":"Phu Yen Binh","year":"1966","edition":"002","kind":"pdf","url":"https://maps.lib.utexas.edu/maps/topo/vietnam/phu_yen_binh-5952-1.pdf"}},{"type":"Feature","geometry":{"type":"Polygon","coordinates":[[[106.50001,22.49991],[106.74997,22.49995],[106.75002,22.74993],[106.49995,22.74999],[106.50001,22.49991],[106.50001,22.49991],[106.50001,22.49991],[106.50001,22.49991]]]},"properties":{"sheet":"6354-3","name":"Phuc Hoa","year":"1964","edition":"001","kind":"pdf","url":"https://maps.lib.utexas.edu/maps/topo/vietnam/phuc_hoa-6354-3.pdf"}},{"type":"Feature","geometry":{"type":"Polygon","coordinates":[[[107.24586,14.00181],[107.49572,14.00188],[107.49583,14.25179],[107.24575,14.25186],[107.24586,14.00181],[107.24586,14.00181]]]},"properties":{"sheet":"6437-2","name":"Phum Hay","year":"1970","edition":"003","kind":"pdf","url":"https://maps.lib.utexas.edu/maps/topo/vietnam/phum_hay-6437-2.pdf"}},{"type":"Feature","geometry":{"type":"Polygon","coordinates":[[[105.74601,10.00207],[105.99588,10.00211],[105.99607,9.75212],[105.74583,9.75223],[105.74601,10.00207],[105.74601,10.00207],[105.74601,10.00207]]]},"properties":{"sheet":"6128-1","name":"Phung Hiep","year":"1965","edition":"001","kind":"pdf","url":"https://maps.lib.utexas.edu/maps/topo/vietnam/phung_hiep-6128-1.pdf"}},{"type":"Feature","geometry":{"type":"Polygon","coordinates":[[[106.74595,12.00208],[106.99584,12.00211],[106.99591,11.75196],[106.7458,11.75206],[106.74595,12.00208],[106.74595,12.00208],[106.74595,12.00208]]]},"properties":{"sheet":"6332-1","name":"Phuoc Binh","year":"1968","edition":"002","kind":"pdf","url":"https://maps.lib.utexas.edu/maps/topo/vietnam/phuoc_binh-6332-1.pdf"}},{"type":"Feature","geometry":{"type":"Polygon","coordinates":[[[108.99556,15.00178],[109.24563,15.0017],[109.24572,14.75168],[108.99554,14.75176],[108.99556,15.00178],[108.99556,15.00178],[108.99556,15.00178],[108.99556,15.00178],[108.99556,15.00178]]]},"properties":{"sheet":"6838-4","name":"Phuoc Dien","year":"1983","edition":"003","kind":"pdf","url":"https://maps.lib.utexas.edu/maps/topo/vietnam/phuoc_dien-6838-4.pdf"}},{"type":"Feature","geometry":{"type":"Polygon","coordinates":[[[105.25003,9.50008],[105.50014,9.49997],[105.50014,9.24995],[105.24999,9.24985],[105.25003,9.50008],[105.25003,9.50008],[105.25003,9.50008],[105.25003,9.50008],[105.25003,9.50008]]]},"properties":{"sheet":"6027-1","name":"Phuoc Long","year":"1965","edition":"001","kind":"pdf","url":"https://maps.lib.utexas.edu/maps/topo/vietnam/phuoc_long-6027-1.pdf"}},{"type":"Feature","geometry":{"type":"Polygon","coordinates":[[[106.74997,11.24996],[106.99994,11.24999],[107.0,11.49994],[106.74993,11.49995],[106.74997,11.24996],[106.74997,11.24996]]]},"properties":{"sheet":"6331-1","name":"Phuoc Vinh","year":"1969","edition":"003","kind":"pdf","url":"https://maps.lib.utexas.edu/maps/topo/vietnam/phuoc_vinh-6331-1.pdf"}},{"type":"Feature","geometry":{"type":"Polygon","coordinates":[[[107.49581,13.75193],[107.74584,13.75171],[107.74587,13.50207],[107.49578,13.50189],[107.49578,13.50189],[107.49581,13.75193],[107.49581,13.75193],[107.49581,13.75193],[107.49581,13.75193]]]},"properties":{"sheet":"6536-3","name":"Pl Ya Bo","year":"1965","edition":"003","kind":"pdf","url":"https://maps.lib.utexas.edu/maps/topo/vietnam/pl_ya_bo-6536-3.pdf"}},{"type":"Feature","geometry":{"type":"Polygon","coordinates":[[[108.50006,13.74998],[108.52191,13.75003],[108.70889,13.74999],[108.74998,13.75],[108.74996,13.74551],[108.75008,13.49999],[108.72785,13.50002],[108.49996,13.50001],[108.50006,13.74998],[108.50006,13.74998],[108.50006,13.74998],[108.50006,13.74998],[108.50006,13.74998]]]},"properties":{"sheet":"6736-3","name":"Plei Djama","year":"1970","edition":"002","kind":"pdf","url":"https://maps.lib.utexas.edu/maps/topo/vietnam/plei_djama-6736-3.pdf"}},{"type":"Feature","geometry":{"type":"Polygon","coordinates":[[[107.74577,14.25179],[107.76493,14.25187],[107.99571,14.25179],[107.99571,14.2476],[107.99574,14.00186],[107.97351,14.00182],[107.74583,14.00172],[107.74577,14.01377],[107.74574,14.25182],[107.74577,14.25179],[107.74577,14.25179],[107.74577,14.25179],[107.74577,14.25179]]]},"properties":{"sheet":"6537-2","name":"Plei Mrong","year":"1970","edition":"002","kind":"pdf","url":"https://maps.lib.utexas.edu/maps/topo/vietnam/plei_mrong-6537-2.pdf"}},{"type":"Feature","geometry":{"type":"Polygon","coordinates":[[[107.99571,14.25181],[108.01526,14.25188],[108.24273,14.25185],[108.24576,14.25183],[108.24577,14.24785],[108.24565,14.00183],[108.23401,14.00179],[107.99576,14.00184],[107.99571,14.25181],[107.99571,14.25181],[107.99571,14.25181],[107.99571,14.25181],[107.99571,14.25181]]]},"properties":{"sheet":"6637-3","name":"Plei Neh","year":"1970","edition":"002","kind":"pdf","url":"https://maps.lib.utexas.edu/maps/topo/vietnam/plei_neh-6637-3.pdf"}},{"type":"Feature","geometry":{"type":"Polygon","coordinates":[[[108.24573,14.25192],[108.26882,14.25192],[108.45212,14.25191],[108.49562,14.25189],[108.49562,14.2492],[108.49572,14.00188],[108.47895,14.00188],[108.24564,14.00178],[108.24567,14.00911],[108.24569,14.25192],[108.24573,14.25192],[108.24573,14.25192],[108.24573,14.25192],[108.24573,14.25192],[108.24573,14.25192]]]},"properties":{"sheet":"6637-2","name":"Plei Troeh","year":"1970","edition":"002","kind":"pdf","url":"https://maps.lib.utexas.edu/maps/topo/vietnam/plei_troeh-6637-2.pdf"}},{"type":"Feature","geometry":{"type":"Polygon","coordinates":[[[107.74568,14.50189],[107.99569,14.50179],[107.99582,14.25186],[107.74569,14.25178],[107.74568,14.50189],[107.74568,14.50189],[107.74568,14.50189]]]},"properties":{"sheet":"6537-1","name":"Polei Breng","year":"1970","edition":"002","kind":"pdf","url":"https://maps.lib.utexas.edu/maps/topo/vietnam/polei_breng-6537-1.pdf"}},{"type":"Feature","geometry":{"type":"Polygon","coordinates":[[[107.49569,14.25173],[107.51574,14.25181],[107.74575,14.25188],[107.74578,14.2458],[107.74578,14.00184],[107.72429,14.00175],[107.49579,14.00185],[107.49569,14.25173],[107.49569,14.25173],[107.49569,14.25173]]]},"properties":{"sheet":"6537-3","name":"Polei Yome","year":"1970","edition":"002","kind":"pdf","url":"https://maps.lib.utexas.edu/maps/topo/vietnam/polei_yome-6537-3.pdf"}},{"type":"Feature","geometry":{"type":"Polygon","coordinates":[[[105.00009,9.24997],[105.02528,9.24999],[105.11365,9.24993],[105.2332,9.24995],[105.24996,9.24993],[105.24998,9.24633],[105.25004,9.00007],[105.22619,9.00004],[105.00398,8.99992],[104.99992,8.99993],[105.00009,9.24997],[105.00009,9.24997],[105.00009,9.24997],[105.00009,9.24997]]]},"properties":{"sheet":"6027-3","name":"Quan Long","year":"1965","edition":"001","kind":"pdf","url":"https://maps.lib.utexas.edu/maps/topo/vietnam/quan_long-6027-3.pdf"}},{"type":"Feature","geometry":{"type":"Polygon","coordinates":[[[106.2458,17.75157],[106.26335,17.75158],[106.35797,17.75155],[106.42188,17.75155],[106.49592,17.75162],[106.49588,17.74216],[106.49589,17.5015],[106.47595,17.50148],[106.40084,17.50152],[106.31511,17.50142],[106.24574,17.50145],[106.2458,17.75157],[106.2458,17.75157],[106.2458,17.75157]]]},"properties":{"sheet":"6244-2","name":"Quang Khe","year":"1989","edition":"003","kind":"pdf","url":"https://maps.lib.utexas.edu/maps/topo/vietnam/quang_khe-6244-2.pdf"}},{"type":"Feature","geometry":{"type":"Polygon","coordinates":[[[108.74555,15.25177],[108.77153,15.2518],[108.95277,15.25181],[108.9956,15.25174],[108.99556,15.24654],[108.99551,15.0018],[108.97456,15.00176],[108.7456,15.00172],[108.74555,15.25177],[108.74555,15.25177],[108.74555,15.25177],[108.74555,15.25177],[108.74555,15.25177]]]},"properties":{"sheet":"6739-2","name":"Quang Ngai","year":"1984","edition":"003","kind":"pdf","url":"https://maps.lib.utexas.edu/maps/topo/vietnam/quang_ngai-6739-2.pdf"}},{"type":"Feature","geometry":{"type":"Polygon","coordinates":[[[105.49981,18.2499],[105.4999,18.25322],[105.49997,18.31242],[105.49988,18.49655],[105.49987,18.50009],[105.50251,18.49995],[105.51163,18.49996],[105.58304,18.49997],[105.63975,18.49992],[105.68678,18.49998],[105.74629,18.50002],[105.7501,18.50007],[105.75,18.49696],[105.75004,18.25321],[105.75018,18.2499],[105.74431,18.24991],[105.6899,18.24991],[105.67321,18.24992],[105.65461,18.24992],[105.58412,18.24991],[105.50545,18.24988],[105.49981,18.2499]]]},"properties":{"sheet":"6145-4","name":"Quang Te","year":"1965","edition":"001","kind":"pdf","url":"https://maps.lib.utexas.edu/maps/topo/vietnam/quang_te-6145-4.pdf"}},{"type":"Feature","geometry":{"type":"Polygon","coordinates":[[[106.99576,17.00154],[107.01606,17.00159],[107.21718,17.0016],[107.24574,17.00158],[107.24574,16.99723],[107.24584,16.75161],[107.22872,16.75159],[106.99575,16.75153],[106.99571,16.76129],[106.99579,17.00154],[106.99579,17.00154],[106.99576,17.00154],[106.99576,17.00154],[106.99576,17.00154],[106.99576,17.00154],[106.99576,17.00154]]]},"properties":{"sheet":"6442-4","name":"Quang Tri","year":"1969","edition":"003","kind":"pdf","url":"https://maps.lib.utexas.edu/maps/topo/vietnam/quang_tri-6442-4.pdf"}},{"type":"Feature","geometry":{"type":"Polygon","coordinates":[[[106.74583,17.25155],[106.76574,17.25156],[106.9826,17.2516],[106.99574,17.25156],[106.99574,17.24759],[106.99582,17.00147],[106.97724,17.00148],[106.74575,17.00155],[106.74583,17.25155],[106.74583,17.25155],[106.74583,17.25155],[106.74583,17.25155]]]},"properties":{"sheet":"6343-2","name":"Qui Hau","year":"1971","edition":"004","kind":"pdf","url":"https://maps.lib.utexas.edu/maps/topo/vietnam/qui_hau-6343-2.pdf"}},{"type":"Feature","geometry":{"type":"Polygon","coordinates":[[[108.99564,14.00187],[109.01281,14.00189],[109.2456,14.00184],[109.25002,13.99574],[109.25005,13.75002],[109.22723,13.74999],[108.99993,13.74999],[108.99564,14.00187],[108.99564,14.00187],[108.99564,14.00187],[108.99564,14.00187]]]},"properties":{"sheet":"6836-4","name":"Qui Nhon","year":"1969","edition":"002","kind":"pdf","url":"https://maps.lib.utexas.edu/maps/topo/vietnam/qui_nhon-6836-4.pdf"}},{"type":"Feature","geometry":{"type":"Polygon","coordinates":[[[103.49992,22.00019],[103.50199,22.00017],[103.6543,22.0002],[103.75011,22.00013],[103.75008,21.96199],[103.75003,21.80625],[103.75016,21.74998],[103.74998,21.74978],[103.74928,21.74978],[103.74765,21.74982],[103.74746,21.74996],[103.73389,21.75001],[103.73385,21.74987],[103.73366,21.74995],[103.73295,21.74999],[103.73058,21.74999],[103.73054,21.74987],[103.73009,21.75001],[103.72954,21.75001],[103.70404,21.75007],[103.66372,21.75007],[103.58802,21.74998],[103.51493,21.74992],[103.5026,21.74988],[103.50168,21.7498],[103.49984,21.74988],[103.49978,21.75018],[103.49989,21.75251],[103.49995,21.75263],[103.50005,21.75995],[103.50006,21.81581],[103.50006,21.8451],[103.49996,21.92414],[103.49995,21.95648],[103.49973,21.95674],[103.49988,21.95684],[103.49995,21.95809],[103.49996,21.9722],[103.5,21.99644],[103.5,21.99738],[103.49987,21.99754],[103.4999,22.00019],[103.49992,22.00019],[103.49992,22.00019],[103.49992,22.00019],[103.49992,22.00019],[103.49992,22.00019],[103.49992,22.00019]]]},"properties":{"sheet":"5752-4","name":"Quynh Nhai","year":"1966","edition":"002","kind":"pdf","url":"https://maps.lib.utexas.edu/maps/topo/vietnam/quynh_nhai-5752-4.pdf"}},{"type":"Feature","geometry":{"type":"Polygon","coordinates":[[[105.00003,10.25004],[105.02177,10.25],[105.16673,10.25],[105.23673,10.24999],[105.25002,10.24998],[105.25007,10.24558],[105.24996,10.00005],[105.22814,10.00004],[104.99998,9.99999],[105.00003,10.25004],[105.00003,10.25004],[105.00003,10.25004],[105.00003,10.25004]]]},"properties":{"sheet":"6029-3","name":"Rach Gia","year":"1965","edition":"001","kind":"pdf","url":"https://maps.lib.utexas.edu/maps/topo/vietnam/rach_gia-6029-3.pdf"}},{"type":"Feature","geometry":{"type":"Polygon","coordinates":[[[105.75006,9.99997],[105.75009,9.74991],[105.49999,9.74992],[105.49999,10.00001],[105.75006,9.99997],[105.75006,9.99997],[105.75006,9.99997],[105.75006,9.99997],[105.75006,9.99997]]]},"properties":{"sheet":"6128-4","name":"Rach Goi","year":"1965","edition":"001","kind":"pdf","url":"https://maps.lib.utexas.edu/maps/topo/vietnam/rach_goi-6128-4.pdf"}},{"type":"Feature","geometry":{"type":"Polygon","coordinates":[[[105.24995,18.4999],[105.49989,18.50003],[105.50007,18.24989],[105.24982,18.24999],[105.24995,18.4999],[105.24995,18.4999],[105.24995,18.4999]]]},"properties":{"sheet":"6045-1","name":"Rao Qua","year":"1966","edition":"002","kind":"pdf","url":"https://maps.lib.utexas.edu/maps/topo/vietnam/rao_qua-6045-1.pdf"}},{"type":"Feature","geometry":{"type":"Polygon","coordinates":[[[106.24585,18.0015],[106.49589,18.00151],[106.49579,17.75163],[106.24583,17.75147],[106.24585,18.0015],[106.24585,18.0015],[106.24585,18.0015],[106.24585,18.0015],[106.24585,18.0015],[106.24585,18.0015],[106.24585,18.0015],[106.24585,18.0015]]]},"properties":{"sheet":"6244-1","name":"Ron","year":"1989","edition":"003","kind":"pdf","url":"https://maps.lib.utexas.edu/maps/topo/vietnam/ron-6244-1.pdf"}},{"type":"Feature","geometry":{"type":"Polygon","coordinates":[[[106.00012,10.49994],[106.00009,10.24996],[105.74999,10.24991],[105.74988,10.50002],[106.00012,10.49994],[106.00012,10.49994],[106.00012,10.49994],[106.00012,10.49994],[106.00012,10.49994]]]},"properties":{"sheet":"6129-1","name":"Sa Dec","year":"1965","edition":"001","kind":"pdf","url":"https://maps.lib.utexas.edu/maps/topo/vietnam/sa_dec-6129-1.pdf"}},{"type":"Feature","geometry":{"type":"Polygon","coordinates":[[[105.75006,19.74996],[105.76892,19.75001],[105.92483,19.75007],[105.99994,19.75003],[105.99996,19.74622],[106.00002,19.51016],[106.00004,19.49998],[105.98304,19.49998],[105.8099,19.50003],[105.74988,19.49999],[105.74992,19.50774],[105.75003,19.75002],[105.75006,19.74996],[105.75006,19.74996],[105.75006,19.74996],[105.75006,19.74996]]]},"properties":{"sheet":"6148-2","name":"Sam Son","year":"1966","edition":"002","kind":"pdf","url":"https://maps.lib.utexas.edu/maps/topo/vietnam/sam_son-6148-2.pdf"}},{"type":"Feature","geometry":{"type":"Polygon","coordinates":[[[105.99993,22.75007],[106.24997,22.74987],[106.24994,23.00007],[105.99997,22.99993],[105.99993,22.75007],[105.99993,22.75007],[105.99993,22.75007],[105.99993,22.75007]]]},"properties":{"sheet":"6254-4","name":"Soc Giang","year":"1966","edition":"002","kind":"pdf","url":"https://maps.lib.utexas.edu/maps/topo/vietnam/soc_giang-6254-4.pdf"}},{"type":"Feature","geometry":{"type":"Polygon","coordinates":[[[108.4956,15.25178],[108.74559,15.25173],[108.74561,15.00172],[108.49554,15.00184],[108.4956,15.25178],[108.4956,15.25178],[108.4956,15.25178]]]},"properties":{"sheet":"6739-3","name":"Son Ha","year":"1984","edition":"003","kind":"pdf","url":"https://maps.lib.utexas.edu/maps/topo/vietnam/son_ha-6739-3.pdf"}},{"type":"Feature","geometry":{"type":"Polygon","coordinates":[[[108.74994,13.24979],[109.00012,13.24999],[108.99994,12.9999],[108.74985,13.0001],[108.74994,13.24979],[108.74994,13.24979],[108.74994,13.24979],[108.74994,13.24979],[108.74994,13.24979]]]},"properties":{"sheet":"6735-2","name":"Son Hoa","year":"1965","edition":"001","kind":"pdf","url":"https://maps.lib.utexas.edu/maps/topo/vietnam/son_hoa-6735-2.pdf"}},{"type":"Feature","geometry":{"type":"Polygon","coordinates":[[[103.75002,21.49993],[103.77466,21.49997],[103.79774,21.49997],[103.82487,21.49998],[103.85136,21.49993],[103.87712,21.49995],[103.90163,21.49995],[103.92985,21.49994],[103.95124,21.49995],[103.97932,21.49999],[104.00001,21.49996],[104.0001,21.44896],[104.00006,21.37683],[104.00012,21.31363],[104.00007,21.26839],[104.00005,21.24989],[103.96915,21.24994],[103.94458,21.24999],[103.92173,21.25001],[103.90089,21.25003],[103.88148,21.25005],[103.86227,21.25004],[103.84296,21.24999],[103.82333,21.24998],[103.80421,21.24996],[103.78529,21.24994],[103.76591,21.24992],[103.74992,21.2499],[103.74993,21.27686],[103.74997,21.31319],[103.74999,21.34662],[103.74997,21.37429],[103.74997,21.43653],[103.75002,21.49993],[103.75002,21.49993]]]},"properties":{"sheet":"5751-1","name":"Son La","year":"1966","edition":"002","kind":"pdf","url":"https://maps.lib.utexas.edu/maps/topo/vietnam/son_la-5751-1.pdf"}},{"type":"Feature","geometry":{"type":"Polygon","coordinates":[[[105.50008,20.99991],[105.74993,21.00001],[105.75007,21.24992],[105.49996,21.25004],[105.50008,20.99991],[105.50008,20.99991]]]},"properties":{"sheet":"6151-3","name":"Son Tay","year":"1966","edition":"002","kind":"pdf","url":"https://maps.lib.utexas.edu/maps/topo/vietnam/son_tay-6151-3.pdf"}},{"type":"Feature","geometry":{"type":"Polygon","coordinates":[[[104.24599,21.00131],[104.49615,21.00124],[104.49614,20.75124],[104.24601,20.75118],[104.24599,21.00131],[104.24599,21.00131],[104.24599,21.00131]]]},"properties":{"sheet":"5850-1","name":"Song Con","year":"1966","edition":"002","kind":"pdf","url":"https://maps.lib.utexas.edu/maps/topo/vietnam/song_con-5850-1.pdf"}},{"type":"Feature","geometry":{"type":"Polygon","coordinates":[[[107.49583,11.0021],[107.74578,11.00212],[107.74581,10.75211],[107.49571,10.75204],[107.49583,11.0021],[107.49583,11.0021],[107.49583,11.0021]]]},"properties":{"sheet":"6530-4","name":"Song Dinh","year":"1968","edition":"002","kind":"pdf","url":"https://maps.lib.utexas.edu/maps/topo/vietnam/song_dinh-6530-4.pdf"}},{"type":"Feature","geometry":{"type":"Polygon","coordinates":[[[104.75003,9.25003],[104.78183,9.25004],[104.81124,9.25],[104.8363,9.25001],[104.86884,9.24999],[104.90067,9.24999],[104.93652,9.25003],[104.97287,9.25007],[105.00001,9.25001],[105.00009,9.20093],[105.00007,9.13762],[105.00013,9.06523],[105.00008,8.99994],[104.967,8.99997],[104.93714,9.00002],[104.89197,9.00003],[104.86006,9.0],[104.83201,8.99998],[104.80515,8.99997],[104.78236,8.99997],[104.74991,8.99998],[104.74996,9.03184],[104.75001,9.0701],[104.75,9.13209],[104.74999,9.22315],[104.75003,9.25003],[104.75003,9.25003],[104.75003,9.25003]]]},"properties":{"sheet":"5927-2","name":"Song Ong Doc","year":"1965","edition":"001","kind":"pdf","url":"https://maps.lib.utexas.edu/maps/topo/vietnam/song_ong_doc-5927-2.pdf"}},{"type":"Feature","geometry":{"type":"Polygon","coordinates":[[[103.49611,21.00128],[103.74629,21.00114],[103.74609,20.75123],[103.64712,20.75123],[103.51404,20.7512],[103.4963,20.75117],[103.4963,20.75175],[103.49611,21.00128]]]},"properties":{"sheet":"5750-4","name":"Sop Cop","year":"1965","edition":"001","kind":"pdf","url":"https://maps.lib.utexas.edu/maps/topo/vietnam/sop_cop-5750-4.pdf"}},{"type":"Feature","geometry":{"type":"Polygon","coordinates":[[[108.24995,11.50001],[108.27095,11.50003],[108.49817,11.49989],[108.50008,11.4999],[108.50003,11.49544],[108.49997,11.24999],[108.47753,11.24998],[108.25,11.24991],[108.24995,11.50001],[108.24995,11.50001],[108.24995,11.50001],[108.24995,11.50001],[108.24995,11.50001],[108.24995,11.50001]]]},"properties":{"sheet":"6631-1","name":"Soprai","year":"1965","edition":"001","kind":"pdf","url":"https://maps.lib.utexas.edu/maps/topo/vietnam/soprai-6631-1.pdf"}},{"type":"Feature","geometry":{"type":"Polygon","coordinates":[[[107.24585,16.00173],[107.4958,16.00168],[107.49584,15.75178],[107.24575,15.75171],[107.24585,16.00173],[107.24585,16.00173],[107.24585,16.00173]]]},"properties":{"sheet":"6440-1","name":"Ta Ko","year":"1965","edition":"001","kind":"pdf","url":"https://maps.lib.utexas.edu/maps/topo/vietnam/ta_ko-6440-1.pdf"}},{"type":"Feature","geometry":{"type":"Polygon","coordinates":[[[102.99995,22.24994],[103.24997,22.24996],[103.24995,22.49993],[102.99996,22.49997],[102.99995,22.24994]]]},"properties":{"sheet":"5653-4","name":"Ta Phing","year":"1966","edition":"002","kind":"pdf","url":"https://maps.lib.utexas.edu/maps/topo/vietnam/ta_phing-5653-4.pdf"}},{"type":"Feature","geometry":{"type":"Polygon","coordinates":[[[108.24568,15.50175],[108.49564,15.50174],[108.49566,15.75173],[108.24567,15.75172],[108.24568,15.50175],[108.24568,15.50175]]]},"properties":{"sheet":"6640-2","name":"Tam Ky","year":"1984","edition":"003","kind":"pdf","url":"https://maps.lib.utexas.edu/maps/topo/vietnam/tam_ky-6640-2.pdf"}},{"type":"Feature","geometry":{"type":"Polygon","coordinates":[[[108.49556,15.75166],[108.56897,15.75164],[108.64364,15.75167],[108.69948,15.75171],[108.74559,15.75169],[108.74562,15.68456],[108.74562,15.576],[108.74562,15.50168],[108.66476,15.50167],[108.59021,15.50166],[108.52498,15.50168],[108.4955,15.50171],[108.49567,15.56857],[108.49558,15.70083],[108.49555,15.74556],[108.49556,15.75166],[108.49556,15.75166],[108.49556,15.75166]]]},"properties":{"sheet":"6740-3","name":"Tam Ky","year":"1983","edition":"003","kind":"pdf","url":"https://maps.lib.utexas.edu/maps/topo/vietnam/tam_ky-6740-3.pdf"}},{"type":"Feature","geometry":{"type":"Polygon","coordinates":[[[108.99573,14.75188],[109.24558,14.75179],[109.24568,14.50198],[108.99558,14.50187],[108.99573,14.75188],[108.99573,14.75188],[108.99573,14.75188]]]},"properties":{"sheet":"6838-3","name":"Tam Quan","year":"1983","edition":"003","kind":"pdf","url":"https://maps.lib.utexas.edu/maps/topo/vietnam/tam_quan-6838-3.pdf"}},{"type":"Feature","geometry":{"type":"Polygon","coordinates":[[[106.38921,10.4999],[106.50001,10.49994],[106.49999,10.75001],[106.24997,10.74996],[106.24992,10.49997],[106.38921,10.4999],[106.38921,10.4999],[106.38921,10.4999],[106.38921,10.4999]]]},"properties":{"sheet":"6230-2","name":"Tan An","year":"1970","edition":"002","kind":"pdf","url":"https://maps.lib.utexas.edu/maps/topo/vietnam/tan_an-6230-2.pdf"}},{"type":"Feature","geometry":{"type":"Polygon","coordinates":[[[108.49569,15.75185],[108.49571,16.0017],[108.74565,16.00172],[108.7458,15.75172],[108.7458,15.75172],[108.49569,15.75185]]]},"properties":{"sheet":"6740-4","name":"Tan Hiep","year":"1983","edition":"002","kind":"pdf","url":"https://maps.lib.utexas.edu/maps/topo/vietnam/tan_hiep-6740-4.pdf"}},{"type":"Feature","geometry":{"type":"MultiPolygon","coordinates":[[[[106.75001,11.25005],[106.85084,11.24997],[107.00001,11.25002],[107.00008,11.22961],[106.9961,11.14124],[106.99618,11.0019],[106.89908,11.00198],[106.8987,11.00165],[106.89834,11.00169],[106.89834,11.00193],[106.8214,11.00186],[106.76183,11.00186],[106.76176,11.00169],[106.7615,11.00177],[106.76098,11.00178],[106.76056,11.00187],[106.74988,11.00186],[106.7497,11.00183],[106.74918,11.0018],[106.7489,11.00171],[106.74874,11.00171],[106.74874,11.00186],[106.74738,11.00192],[106.74734,11.00178],[106.74601,11.00179],[106.74589,11.00189],[106.74601,11.10665],[106.75001,11.25005]]],[[[106.75001,11.25005],[106.75,11.25005],[106.75001,11.25007],[106.75001,11.25005]]]]},"properties":{"sheet":"6331-2","name":"Tan Uyen","year":"1969","edition":"003","kind":"pdf","url":"https://maps.lib.utexas.edu/maps/topo/vietnam/tan_uyen-6331-2.pdf"}},{"type":"Feature","geometry":{"type":"Polygon","coordinates":[[[107.50005,11.24989],[107.75003,11.25001],[107.74601,11.00193],[107.49582,11.0019],[107.50005,11.24989],[107.50005,11.24989],[107.50005,11.24989],[107.50005,11.24989],[107.50005,11.24989],[107.50005,11.24989],[107.50005,11.24989]]]},"properties":{"sheet":"6531-3","name":"Tanh Linh","year":"1968","edition":"002","kind":"pdf","url":"https://maps.lib.utexas.edu/maps/topo/vietnam/tanh_linh-6531-3.pdf"}},{"type":"Feature","geometry":{"type":"Polygon","coordinates":[[[105.99991,11.49997],[106.2501,11.5],[106.25002,11.24987],[105.99994,11.24984],[105.99991,11.49997],[105.99991,11.49997],[105.99991,11.49997],[105.99991,11.49997],[105.99991,11.49997]]]},"properties":{"sheet":"6231-4","name":"Tay Ninh","year":"1969","edition":"003","kind":"pdf","url":"https://maps.lib.utexas.edu/maps/topo/vietnam/tay_ninh-6231-4.pdf"}},{"type":"Feature","geometry":{"type":"Polygon","coordinates":[[[109.00002,13.50002],[109.24995,13.49987],[109.25007,13.74997],[108.99991,13.7499],[109.00002,13.50002],[109.00002,13.50002]]]},"properties":{"sheet":"6836-3","name":"Thach Khe","year":"1968","edition":"002","kind":"pdf","url":"https://maps.lib.utexas.edu/maps/topo/vietnam/thach_khe-6836-3.pdf"}},{"type":"Feature","geometry":{"type":"Polygon","coordinates":[[[106.2457,20.50129],[106.49586,20.50141],[106.49571,20.25139],[106.24583,20.25133],[106.2457,20.50129],[106.2457,20.50129],[106.2457,20.50129]]]},"properties":{"sheet":"6249-1","name":"Thai Binh","year":"1984","edition":"003","kind":"pdf","url":"https://maps.lib.utexas.edu/maps/topo/vietnam/thai_binh-6249-1.pdf"}},{"type":"Feature","geometry":{"type":"Polygon","coordinates":[[[105.75013,21.49997],[105.74997,21.75001],[106.00013,21.74992],[106.00002,21.50011],[105.75013,21.49996],[105.75013,21.49997],[105.75013,21.49997],[105.75013,21.49997]]]},"properties":{"sheet":"6152-2","name":"Thai Nguyen","year":"1964","edition":"001","kind":"pdf","url":"https://maps.lib.utexas.edu/maps/topo/vietnam/thai_nguyen-6152-2.pdf"}},{"type":"Feature","geometry":{"type":"Polygon","coordinates":[[[103.75005,22.00001],[103.77295,21.99999],[103.96371,21.99995],[103.99988,21.99999],[103.99998,21.99508],[104.0001,21.74999],[103.9827,21.74998],[103.81513,21.74997],[103.7499,21.74997],[103.75005,22.00001],[103.75005,22.00001],[103.75005,22.00001],[103.75005,22.00001]]]},"properties":{"sheet":"5752-1","name":"Than Uyen","year":"1966","edition":"002","kind":"pdf","url":"https://maps.lib.utexas.edu/maps/topo/vietnam/than_uyen-5752-1.pdf"}},{"type":"Feature","geometry":{"type":"Polygon","coordinates":[[[106.74982,21.50003],[106.99986,21.49998],[106.99992,21.25001],[106.74985,21.25006],[106.74982,21.50003],[106.74982,21.50003],[106.74982,21.50003],[106.74982,21.50003]]]},"properties":{"sheet":"6351-1","name":"Thanh Am","year":"1965","edition":"001","kind":"pdf","url":"https://maps.lib.utexas.edu/maps/topo/vietnam/thanh_am-6351-1.pdf"}},{"type":"Feature","geometry":{"type":"Polygon","coordinates":[[[107.49577,14.00178],[107.51831,14.00183],[107.62705,14.00184],[107.74574,14.0019],[107.74578,13.9975],[107.75004,13.74997],[107.72938,13.74994],[107.5299,13.75],[107.49996,13.74995],[107.49996,13.76007],[107.49577,14.00178],[107.49577,14.00178],[107.49577,14.00178],[107.49577,14.00178]]]},"properties":{"sheet":"6536-4","name":"Thanh An","year":"1970","edition":"002","kind":"pdf","url":"https://maps.lib.utexas.edu/maps/topo/vietnam/thanh_an-6536-4.pdf"}},{"type":"Feature","geometry":{"type":"Polygon","coordinates":[[[108.99999,11.7501],[109.25007,11.75006],[109.25005,11.49986],[108.99998,11.50001],[108.99995,11.50437],[108.99999,11.7501],[108.99999,11.7501],[108.99999,11.7501],[108.99999,11.7501]]]},"properties":{"sheet":"6832-3","name":"Thanh Hai","year":"0000","edition":"002","kind":"pdf","url":"https://maps.lib.utexas.edu/maps/topo/vietnam/thanh_hai-6832-3.pdf"}},{"type":"Feature","geometry":{"type":"Polygon","coordinates":[[[105.74997,20.00006],[105.82246,20.00004],[105.88957,19.99995],[105.95626,19.99991],[105.98482,19.99993],[106.00006,19.99991],[105.99997,19.91661],[106.0,19.83321],[106.0,19.75002],[105.96384,19.75014],[105.91644,19.75016],[105.85845,19.7501],[105.81134,19.75004],[105.77316,19.74994],[105.74994,19.74989],[105.74994,19.77294],[105.74996,19.83467],[105.74992,19.90142],[105.74993,19.98585],[105.74997,19.99733],[105.74997,20.00006],[105.74997,20.00006],[105.74997,20.00006]]]},"properties":{"sheet":"6148-1","name":"Thanh Hoa","year":"1966","edition":"002","kind":"pdf","url":"https://maps.lib.utexas.edu/maps/topo/vietnam/thanh_hoa-6148-1.pdf"}},{"type":"Feature","geometry":{"type":"Polygon","coordinates":[[[106.74606,9.752],[106.72762,9.752],[106.52778,9.74984],[106.49987,9.74987],[106.49989,9.76137],[106.50002,9.99995],[106.51605,10.0],[106.74598,10.002],[106.74601,9.99874],[106.74606,9.75204],[106.74606,9.752]]]},"properties":{"sheet":"6328-4","name":"Thanh Phu","year":"1965","edition":"001","kind":"pdf","url":"https://maps.lib.utexas.edu/maps/topo/vietnam/thanh_phu-6328-4.pdf"}},{"type":"Feature","geometry":{"type":"Polygon","coordinates":[[[106.24998,22.49995],[106.49994,22.49997],[106.50003,22.24996],[106.25004,22.24992],[106.25002,22.49992],[106.24998,22.49995],[106.24998,22.49995],[106.24998,22.49995],[106.24998,22.49995]]]},"properties":{"sheet":"6253-1","name":"That Khe","year":"1966","edition":"002","kind":"pdf","url":"https://maps.lib.utexas.edu/maps/topo/vietnam/that_khe-6253-1.pdf"}},{"type":"Feature","geometry":{"type":"Polygon","coordinates":[[[105.99589,18.00145],[106.01779,18.00147],[106.138,18.00148],[106.226,18.00147],[106.24587,18.0014],[106.24584,17.99823],[106.24585,17.75146],[106.22981,17.75147],[105.99585,17.75144],[105.99589,18.00145],[105.99589,18.00145],[105.99589,18.00145],[105.99589,18.00145]]]},"properties":{"sheet":"6244-4","name":"Thiet Son","year":"1971","edition":"003","kind":"pdf","url":"https://maps.lib.utexas.edu/maps/topo/vietnam/thiet_son-6244-4.pdf"}},{"type":"Feature","geometry":{"type":"Polygon","coordinates":[[[105.00009,9.49999],[105.02525,9.49998],[105.1158,9.49996],[105.24993,9.50001],[105.24992,9.4968],[105.25006,9.25002],[105.22807,9.24998],[105.02043,9.24996],[104.99988,9.24991],[105.00009,9.49999],[105.00009,9.49999],[105.00009,9.49999],[105.00009,9.49999],[105.00009,9.49999]]]},"properties":{"sheet":"6027-4","name":"Thoi Binh","year":"1965","edition":"001","kind":"pdf","url":"https://maps.lib.utexas.edu/maps/topo/vietnam/thoi_binh-6027-4.pdf"}},{"type":"Feature","geometry":{"type":"Polygon","coordinates":[[[105.49588,22.75113],[105.74571,22.75117],[105.7459,22.50111],[105.49579,22.50106],[105.49588,22.75113],[105.49588,22.75113],[105.49588,22.75113]]]},"properties":{"sheet":"6154-3","name":"Thom Tchay","year":"1971","edition":"002","kind":"pdf","url":"https://maps.lib.utexas.edu/maps/topo/vietnam/thom_tchay-6154-3.pdf"}},{"type":"Feature","geometry":{"type":"Polygon","coordinates":[[[106.74586,16.75161],[106.99577,16.75162],[106.99589,16.5016],[106.74577,16.50163],[106.74586,16.75161],[106.74586,16.75161],[106.74586,16.75161]]]},"properties":{"sheet":"6342-2","name":"Thon Doc Kinh","year":"1968","edition":"002","kind":"pdf","url":"https://maps.lib.utexas.edu/maps/topo/vietnam/thon_doc_kinh-6342-2.pdf"}},{"type":"Feature","geometry":{"type":"Polygon","coordinates":[[[108.75001,11.99993],[108.77347,11.99995],[108.90995,11.99999],[108.99997,11.99999],[108.99994,11.9958],[109.00008,11.74996],[108.97948,11.74995],[108.7499,11.74997],[108.75001,11.99993],[108.75001,11.99993],[108.75001,11.99993],[108.75001,11.99993]]]},"properties":{"sheet":"6732-1","name":"Thon Ma Ty","year":"1965","edition":"001","kind":"pdf","url":"https://maps.lib.utexas.edu/maps/topo/vietnam/thon_ma_ty-6732-1.pdf"}},{"type":"Feature","geometry":{"type":"Polygon","coordinates":[[[107.24578,17.00162],[107.49571,17.00163],[107.49572,16.75154],[107.24567,16.7517],[107.24578,17.00162],[107.24578,17.00162],[107.24578,17.00162]]]},"properties":{"sheet":"6442-1","name":"Thon Ngo Xa Dong","year":"1966","edition":"001","kind":"pdf","url":"https://maps.lib.utexas.edu/maps/topo/vietnam/thon_ngo_xa_dong-6442-1.pdf"}},{"type":"Feature","geometry":{"type":"Polygon","coordinates":[[[108.99994,11.25002],[109.24997,11.24993],[109.24996,11.5],[108.99999,11.49994],[108.99994,11.25002],[108.99994,11.25002],[108.99994,11.25002],[108.99994,11.25002]]]},"properties":{"sheet":"6831-4","name":"Thon Son Hai","year":"1965","edition":"001","kind":"pdf","url":"https://maps.lib.utexas.edu/maps/topo/vietnam/thon_son_hai-6831-4.pdf"}},{"type":"Feature","geometry":{"type":"Polygon","coordinates":[[[103.49605,21.50121],[103.74622,21.50119],[103.74625,21.25106],[103.49615,21.2511],[103.49605,21.50121],[103.49605,21.50121],[103.49605,21.50121]]]},"properties":{"sheet":"5751-4","name":"Thuan Chau","year":"1965","edition":"001","kind":"pdf","url":"https://maps.lib.utexas.edu/maps/topo/vietnam/thuan_chau-5751-4.pdf"}},{"type":"Feature","geometry":{"type":"Polygon","coordinates":[[[105.49897,9.0],[105.50002,9.0],[105.50004,8.99303],[105.5,8.7499],[105.47695,8.74997],[105.28319,8.74995],[105.281,8.74773],[105.27941,8.74626],[105.27812,8.74572],[105.27577,8.74563],[105.27463,8.74578],[105.27352,8.74577],[105.27177,8.7458],[105.26924,8.74607],[105.26819,8.74613],[105.26696,8.74585],[105.2651,8.74504],[105.26347,8.74432],[105.26221,8.74414],[105.25887,8.74291],[105.25791,8.74213],[105.2565,8.74156],[105.25473,8.7412],[105.2534,8.74102],[105.25208,8.74072],[105.24989,8.73943],[105.24994,8.75322],[105.2499,9.0],[105.27585,9.00007],[105.3646,9.00007],[105.46209,9.00002],[105.49897,9.0]],[[105.49897,9.0],[105.38297,9.00006],[105.2741,9.00004],[105.24996,9.0],[105.49999,9.0],[105.49897,9.0]]]},"properties":{"sheet":"6026-1","name":"Thuan Hoa","year":"1965","edition":"001","kind":"pdf","url":"https://maps.lib.utexas.edu/maps/topo/vietnam/thuan_hoa-6026-1.pdf"}},{"type":"Feature","geometry":{"type":"Polygon","coordinates":[[[105.2499,21.76131],[105.24991,21.75012],[105.24992,21.74998],[105.50022,21.75001],[105.50012,21.84856],[105.49993,21.99993],[105.39975,21.99991],[105.27639,21.99995],[105.25013,21.99996],[105.2499,21.76131],[105.2499,21.76131],[105.2499,21.76131]]]},"properties":{"sheet":"6052-1","name":"Thuc Thuy","year":"1964","edition":"001","kind":"pdf","url":"https://maps.lib.utexas.edu/maps/topo/vietnam/thuc_thuy-6052-1.pdf"}},{"type":"Feature","geometry":{"type":"Polygon","coordinates":[[[107.74569,15.75174],[107.99569,15.75166],[107.99567,16.00173],[107.7457,16.00164],[107.74569,15.75174],[107.74569,15.75174]]]},"properties":{"sheet":"6540-1","name":"Thuong Duc","year":"1965","edition":"001","kind":"pdf","url":"https://maps.lib.utexas.edu/maps/topo/vietnam/thuong_duc-6540-1.pdf"}},{"type":"Feature","geometry":{"type":"Polygon","coordinates":[[[108.24564,15.50184],[108.49563,15.50174],[108.49559,15.25173],[108.24558,15.25172],[108.24564,15.50184],[108.24564,15.50184],[108.24564,15.50184]]]},"properties":{"sheet":"6639-1","name":"Tien Phuoc","year":"1970","edition":"002","kind":"pdf","url":"https://maps.lib.utexas.edu/maps/topo/vietnam/tien_phuoc-6639-1.pdf"}},{"type":"Feature","geometry":{"type":"Polygon","coordinates":[[[108.74568,14.25186],[108.76674,14.25187],[108.96584,14.25188],[108.99558,14.25184],[108.99561,14.2484],[108.99566,14.00185],[108.97883,14.00192],[108.74561,14.00185],[108.74568,14.25186],[108.74568,14.25186],[108.74568,14.25186],[108.74568,14.25186],[108.74568,14.25186]]]},"properties":{"sheet":"6737-2","name":"Tien Thuan","year":"1970","edition":"002","kind":"pdf","url":"https://maps.lib.utexas.edu/maps/topo/vietnam/tien_thuan-6737-2.pdf"}},{"type":"Feature","geometry":{"type":"Polygon","coordinates":[[[107.24571,21.50125],[107.49559,21.5013],[107.49571,21.25125],[107.24567,21.25133],[107.24571,21.50125],[107.24571,21.50125],[107.24571,21.50125]]]},"properties":{"sheet":"6451-1","name":"Tien Yen","year":"1965","edition":"001","kind":"pdf","url":"https://maps.lib.utexas.edu/maps/topo/vietnam/tien_yen-6451-1.pdf"}},{"type":"Feature","geometry":{"type":"Polygon","coordinates":[[[107.74582,13.50193],[107.99577,13.50201],[107.99584,13.25196],[107.74569,13.25182],[107.74582,13.50193],[107.74582,13.50193],[107.74582,13.50193]]]},"properties":{"sheet":"6535-1","name":"Tieu Teo","year":"1965","edition":"001","kind":"pdf","url":"https://maps.lib.utexas.edu/maps/topo/vietnam/tieu_teo-6535-1.pdf"}},{"type":"Feature","geometry":{"type":"Polygon","coordinates":[[[104.74588,19.75151],[104.99619,19.75145],[104.99604,19.50131],[104.74595,19.50129],[104.74588,19.75151],[104.74588,19.75151],[104.74588,19.75151]]]},"properties":{"sheet":"5948-2","name":"Tinche","year":"1965","edition":"001","kind":"pdf","url":"https://maps.lib.utexas.edu/maps/topo/vietnam/tinche-5948-2.pdf"}},{"type":"Feature","geometry":{"type":"Polygon","coordinates":[[[105.50002,19.49996],[105.74998,19.50004],[105.75002,19.74996],[105.49998,19.75004],[105.50002,19.49996],[105.50002,19.49996],[105.50002,19.49996],[105.50002,19.49996]]]},"properties":{"sheet":"6148-3","name":"Tong Cong","year":"1965","edition":"001","kind":"pdf","url":"https://maps.lib.utexas.edu/maps/topo/vietnam/tong_cong-6148-3.pdf"}},{"type":"Feature","geometry":{"type":"Polygon","coordinates":[[[106.24613,9.7522],[106.49598,9.75215],[106.49614,9.50227],[106.24603,9.50206],[106.24613,9.7522],[106.24613,9.7522],[106.24613,9.7522]]]},"properties":{"sheet":"6228-2","name":"Tra Cu","year":"1965","edition":"001","kind":"pdf","url":"https://maps.lib.utexas.edu/maps/topo/vietnam/tra_cu-6228-2.pdf"}},{"type":"Feature","geometry":{"type":"Polygon","coordinates":[[[106.2501,22.74996],[106.49991,22.74991],[106.50011,22.99995],[106.24938,22.99979],[106.2501,22.74996],[106.2501,22.74996],[106.2501,22.74996],[106.2501,22.74996],[106.2501,22.74996]]]},"properties":{"sheet":"6254-1","name":"Tra Linh","year":"1963","edition":"001","kind":"pdf","url":"https://maps.lib.utexas.edu/maps/topo/vietnam/tra_linh-6254-1.pdf"}},{"type":"Feature","geometry":{"type":"Polygon","coordinates":[[[104.746,21.75112],[104.74602,22.00116],[104.49595,22.00113],[104.49595,21.75118],[104.746,21.75112]]]},"properties":{"sheet":"5952-4","name":"Trai Hut","year":"1966","edition":"002","kind":"pdf","url":"https://maps.lib.utexas.edu/maps/topo/vietnam/trai_hut-5952-4.pdf"}},{"type":"Feature","geometry":{"type":"Polygon","coordinates":[[[104.99999,18.99998],[105.01816,19.00002],[105.179,19.00007],[105.24998,18.99994],[105.25003,18.99406],[105.25007,18.75002],[105.23221,18.74995],[105.03636,18.74994],[104.99992,18.74988],[104.99999,18.99998],[104.99999,18.99998],[104.99999,18.99998]]]},"properties":{"sheet":"6046-4","name":"Tri Le","year":"1965","edition":"001","kind":"pdf","url":"https://maps.lib.utexas.edu/maps/topo/vietnam/tri_le-6046-4.pdf"}},{"type":"Feature","geometry":{"type":"Polygon","coordinates":[[[106.24597,11.50208],[106.49599,11.50203],[106.49599,11.25208],[106.24594,11.25203],[106.24597,11.50208],[106.24597,11.50208],[106.24597,11.50208]]]},"properties":{"sheet":"6231-1","name":"Tri Tam","year":"1970","edition":"003","kind":"pdf","url":"https://maps.lib.utexas.edu/maps/topo/vietnam/tri_tam-6231-1.pdf"}},{"type":"Feature","geometry":{"type":"Polygon","coordinates":[[[105.00009,10.50002],[105.02195,10.50004],[105.21395,10.50006],[105.25001,10.49998],[105.25001,10.49764],[105.25009,10.25003],[105.2293,10.25005],[104.99995,10.24991],[105.00009,10.50002],[105.00009,10.50002],[105.00009,10.50002],[105.00009,10.50002]]]},"properties":{"sheet":"6029-4","name":"Tri Ton","year":"1969","edition":"002","kind":"pdf","url":"https://maps.lib.utexas.edu/maps/topo/vietnam/tri_ton-6029-4.pdf"}},{"type":"Feature","geometry":{"type":"Polygon","coordinates":[[[108.74991,13.24996],[108.99999,13.25001],[108.99994,13.49996],[108.75001,13.50008],[108.74991,13.24996],[108.74991,13.24996]]]},"properties":{"sheet":"6735-1","name":"Triem Duc","year":"1965","edition":"001","kind":"pdf","url":"https://maps.lib.utexas.edu/maps/topo/vietnam/triem_duc-6735-1.pdf"}},{"type":"Feature","geometry":{"type":"Polygon","coordinates":[[[106.24994,10.00004],[106.50001,10.00007],[106.49997,10.24997],[106.24994,10.25008],[106.24994,10.00004],[106.24994,10.00004]]]},"properties":{"sheet":"6229-2","name":"Truc Giang","year":"1965","edition":"001","kind":"pdf","url":"https://maps.lib.utexas.edu/maps/topo/vietnam/truc_giang-6229-2.pdf"}},{"type":"Feature","geometry":{"type":"Polygon","coordinates":[[[106.50002,22.74999],[106.7499,22.74991],[106.75004,22.99998],[106.4999,22.99994],[106.50002,22.74999],[106.50002,22.74999],[106.50002,22.74999],[106.50002,22.74999]]]},"properties":{"sheet":"6354-4","name":"Trung Khanh Phu","year":"1964","edition":"001","kind":"pdf","url":"https://maps.lib.utexas.edu/maps/topo/vietnam/trung_khanh_phu-6354-4.pdf"}},{"type":"Feature","geometry":{"type":"Polygon","coordinates":[[[104.24987,21.74992],[104.24992,21.75952],[104.25002,22.00003],[104.26309,22.00005],[104.49998,21.99998],[104.49997,21.99768],[104.5001,21.75001],[104.24987,21.74992],[104.24987,21.74992],[104.24987,21.74992],[104.24987,21.74992]]]},"properties":{"sheet":"5852-1","name":"Tu Le","year":"1965","edition":"001","kind":"pdf","url":"https://maps.lib.utexas.edu/maps/topo/vietnam/tu_le-5852-1.pdf"}},{"type":"Feature","geometry":{"type":"MultiPolygon","coordinates":[[[[103.24999,21.49999],[103.24999,21.49996],[103.24995,21.49999],[103.24999,21.49999]]],[[[103.24999,21.49999],[103.24997,21.51285],[103.25004,21.74998],[103.26745,21.75003],[103.4277,21.74999],[103.5,21.74999],[103.5,21.74751],[103.50006,21.50006],[103.4792,21.49998],[103.24999,21.49999]]]]},"properties":{"sheet":"5652-2","name":"Tuan Giao","year":"1965","edition":"001","kind":"pdf","url":"https://maps.lib.utexas.edu/maps/topo/vietnam/tuan_giao-5652-2.pdf"}},{"type":"Feature","geometry":{"type":"Polygon","coordinates":[[[106.00002,18.25004],[106.25001,18.24998],[106.24601,18.00143],[105.99577,18.00134],[106.00002,18.25004],[106.00002,18.25004],[106.00002,18.25004],[106.00002,18.25004],[106.00002,18.25004],[106.00002,18.25004]]]},"properties":{"sheet":"6245-3","name":"Tuan Tuong","year":"1966","edition":"002","kind":"pdf","url":"https://maps.lib.utexas.edu/maps/topo/vietnam/tuan_tuong-6245-3.pdf"}},{"type":"Feature","geometry":{"type":"Polygon","coordinates":[[[109.24998,13.49996],[109.27226,13.49997],[109.47067,13.50002],[109.49994,13.49998],[109.49994,13.49764],[109.5,13.24996],[109.48009,13.24997],[109.24999,13.24997],[109.24998,13.49996],[109.24998,13.49996],[109.24998,13.49996],[109.24998,13.49996],[109.24998,13.49996]]]},"properties":{"sheet":"6835-1","name":"Tuy An","year":"1965","edition":"001","kind":"pdf","url":"https://maps.lib.utexas.edu/maps/topo/vietnam/tuy_an-6835-1.pdf"}},{"type":"Feature","geometry":{"type":"Polygon","coordinates":[[[109.24575,13.25213],[109.49559,13.25197],[109.49564,13.00196],[109.24545,13.00187],[109.24575,13.25213],[109.24575,13.25213],[109.24575,13.25213]]]},"properties":{"sheet":"6835-2","name":"Tuy Hoa","year":"1969","edition":"003","kind":"pdf","url":"https://maps.lib.utexas.edu/maps/topo/vietnam/tuy_hoa-6835-2.pdf"}},{"type":"Feature","geometry":{"type":"Polygon","coordinates":[[[105.99597,10.75216],[106.24602,10.75213],[106.24599,10.50211],[105.99615,10.5022],[105.99597,10.75216],[105.99597,10.75216],[105.99597,10.75216]]]},"properties":{"sheet":"6230-3","name":"Tuyen Nhon","year":"1965","edition":"001","kind":"pdf","url":"https://maps.lib.utexas.edu/maps/topo/vietnam/tuyen_nhon-6230-3.pdf"}},{"type":"Feature","geometry":{"type":"Polygon","coordinates":[[[105.00007,21.99993],[105.02753,21.99998],[105.09791,22.00004],[105.21437,22.00002],[105.24986,21.99997],[105.24989,21.99689],[105.25016,21.74982],[105.23563,21.7498],[104.99985,21.74991],[104.99982,21.76134],[105.0001,21.99994],[105.00007,21.99993],[105.00007,21.99993],[105.00007,21.99993],[105.00007,21.99993]]]},"properties":{"sheet":"6052-4","name":"Tuyen Quang","year":"1966","edition":"002","kind":"pdf","url":"https://maps.lib.utexas.edu/maps/topo/vietnam/tuyen_quang-6052-4.pdf"}},{"type":"Feature","geometry":{"type":"Polygon","coordinates":[[[106.74997,21.24994],[106.77279,21.25002],[107.0,21.25001],[107.0,21.24217],[107.00003,20.99992],[106.98418,20.99996],[106.74997,21.00003],[106.74997,21.24994],[106.74997,21.24994],[106.74997,21.24994],[106.74997,21.24994],[106.74997,21.24994]]]},"properties":{"sheet":"6351-2","name":"Uong Bi","year":"1965","edition":"001","kind":"pdf","url":"https://maps.lib.utexas.edu/maps/topo/vietnam/uong_bi-6351-2.pdf"}},{"type":"Feature","geometry":{"type":"Polygon","coordinates":[[[103.99604,22.25115],[104.24606,22.25117],[104.24614,22.00107],[103.99598,22.00105],[103.99604,22.25115],[103.99604,22.25115],[103.99604,22.25115]]]},"properties":{"sheet":"5853-3","name":"Van Ban","year":"1965","edition":"001","kind":"pdf","url":"https://maps.lib.utexas.edu/maps/topo/vietnam/van_ban-5853-3.pdf"}},{"type":"Feature","geometry":{"type":"Polygon","coordinates":[[[109.00002,12.74992],[109.02503,12.74996],[109.2501,12.75006],[109.25011,12.74616],[109.25003,12.49992],[109.2314,12.49988],[109.01014,12.49999],[109.00001,12.50006],[109.00002,12.74992],[109.00002,12.74992],[109.00002,12.74992],[109.00002,12.74992],[109.00002,12.74992]]]},"properties":{"sheet":"6834-3","name":"Van Gia","year":"1970","edition":"002","kind":"pdf","url":"https://maps.lib.utexas.edu/maps/topo/vietnam/van_gia-6834-3.pdf"}},{"type":"Feature","geometry":{"type":"Polygon","coordinates":[[[107.49553,21.25132],[107.50042,21.2513],[107.51034,21.25135],[107.51839,21.25133],[107.5655,21.25135],[107.60151,21.25128],[107.66222,21.25126],[107.72568,21.25132],[107.74566,21.25132],[107.74567,21.24509],[107.74567,21.22061],[107.74563,21.1869],[107.74564,21.10437],[107.74565,21.04917],[107.74567,21.0012],[107.73201,21.00122],[107.68861,21.00123],[107.61394,21.00121],[107.55195,21.00117],[107.50606,21.0011],[107.49554,21.0011],[107.49553,21.25132],[107.49553,21.25132]]]},"properties":{"sheet":"6551-3","name":"Van Hoa","year":"1989","edition":"002","kind":"pdf","url":"https://maps.lib.utexas.edu/maps/topo/vietnam/van_hoa-6551-3.pdf"}},{"type":"Feature","geometry":{"type":"Polygon","coordinates":[[[106.24568,20.25154],[106.24561,20.00141],[106.25372,20.00141],[106.26989,20.00143],[106.29191,20.00148],[106.35622,20.00157],[106.3978,20.00159],[106.437,20.00161],[106.48697,20.00154],[106.4958,20.00153],[106.49574,20.0473],[106.49574,20.08082],[106.49564,20.14537],[106.49575,20.18967],[106.49572,20.25153],[106.46314,20.25158],[106.41189,20.25158],[106.37319,20.25162],[106.33436,20.25165],[106.29962,20.25162],[106.27496,20.25157],[106.25255,20.25154],[106.24568,20.25154],[106.24568,20.25154],[106.24568,20.25154]]]},"properties":{"sheet":"6249-2","name":"Van Ly","year":"1966","edition":"002","kind":"pdf","url":"https://maps.lib.utexas.edu/maps/topo/vietnam/van_ly-6249-2.pdf"}},{"type":"Feature","geometry":{"type":"Polygon","coordinates":[[[104.49998,21.24997],[104.75014,21.24995],[104.74984,20.99992],[104.49993,20.99995],[104.49998,21.24997],[104.49998,21.24997],[104.49998,21.24997],[104.49998,21.24997]]]},"properties":{"sheet":"5951-3","name":"Van Yen","year":"1965","edition":"001","kind":"pdf","url":"https://maps.lib.utexas.edu/maps/topo/vietnam/van_yen-5951-3.pdf"}},{"type":"Feature","geometry":{"type":"Polygon","coordinates":[[[105.24995,21.49992],[105.49994,21.49993],[105.49994,21.24993],[105.25004,21.24991],[105.24995,21.49992],[105.24995,21.49992],[105.24995,21.49992],[105.24995,21.49992]]]},"properties":{"sheet":"6051-1","name":"Viet Tri","year":"1965","edition":"001","kind":"pdf","url":"https://maps.lib.utexas.edu/maps/topo/vietnam/viet_tri-6051-1.pdf"}},{"type":"Feature","geometry":{"type":"Polygon","coordinates":[[[105.49981,18.74994],[105.58637,18.75006],[105.68187,18.75007],[105.75025,18.75005],[105.74995,18.49976],[105.50005,18.4999],[105.49981,18.74994],[105.49981,18.74994],[105.49981,18.74994],[105.49981,18.74994]]]},"properties":{"sheet":"6146-3","name":"Vinh","year":"1966","edition":"002","kind":"pdf","url":"https://maps.lib.utexas.edu/maps/topo/vietnam/vinh-6146-3.pdf"}},{"type":"Feature","geometry":{"type":"Polygon","coordinates":[[[105.74998,9.49997],[105.77095,9.50002],[105.8935,9.50008],[105.99999,9.50003],[105.99999,9.49593],[105.99996,9.24996],[105.98235,9.24995],[105.74998,9.24994],[105.74998,9.49997],[105.74998,9.49997],[105.74998,9.49997],[105.74998,9.49997]]]},"properties":{"sheet":"6127-1","name":"Vinh Chau","year":"1970","edition":"002","kind":"pdf","url":"https://maps.lib.utexas.edu/maps/topo/vietnam/vinh_chau-6127-1.pdf"}},{"type":"Feature","geometry":{"type":"Polygon","coordinates":[[[106.99577,17.00156],[107.24576,17.00163],[107.24577,17.25154],[106.99578,17.2516],[106.99577,17.00156],[106.99577,17.00156],[106.99577,17.00156],[106.99577,17.00156]]]},"properties":{"sheet":"6443-3","name":"Vinh Linh","year":"1968","edition":"003","kind":"pdf","url":"https://maps.lib.utexas.edu/maps/topo/vietnam/vinh_linh-6443-3.pdf"}},{"type":"Feature","geometry":{"type":"Polygon","coordinates":[[[105.50004,9.5],[105.51792,9.49996],[105.71818,9.50001],[105.74982,9.50008],[105.74988,9.49242],[105.75009,9.24997],[105.73168,9.24996],[105.49978,9.25],[105.50004,9.5],[105.50004,9.5]]]},"properties":{"sheet":"6127-4","name":"Vinh Loi","year":"1969","edition":"002","kind":"pdf","url":"https://maps.lib.utexas.edu/maps/topo/vietnam/vinh_loi-6127-4.pdf"}},{"type":"Feature","geometry":{"type":"Polygon","coordinates":[[[105.49615,9.25217],[105.50523,9.25214],[105.51243,9.25215],[105.54212,9.25214],[105.55663,9.25214],[105.6153,9.25216],[105.69866,9.25225],[105.74595,9.25227],[105.74597,9.24286],[105.74617,9.02921],[105.74623,9.00203],[105.73575,9.00202],[105.65577,9.00198],[105.5958,9.00198],[105.52591,9.00204],[105.49587,9.00212],[105.49615,9.25217],[105.49615,9.25217]]]},"properties":{"sheet":"6127-3","name":"Vinh My","year":"1989","edition":"003","kind":"pdf","url":"https://maps.lib.utexas.edu/maps/topo/vietnam/vinh_my-6127-3.pdf"}},{"type":"Feature","geometry":{"type":"Polygon","coordinates":[[[106.49588,18.00154],[106.74578,18.00151],[106.74589,17.7515],[106.4958,17.75151],[106.49588,18.00154],[106.49588,18.00154],[106.49588,18.00154]]]},"properties":{"sheet":"6344-4","name":"Vinh Son","year":"1965","edition":"001","kind":"pdf","url":"https://maps.lib.utexas.edu/maps/topo/vietnam/vinh_son-6344-4.pdf"}},{"type":"Feature","geometry":{"type":"Polygon","coordinates":[[[105.99997,9.9999],[106.01872,9.99999],[106.25006,10.00006],[106.25004,10.25],[106.22936,10.24998],[106.00006,10.25008],[105.99997,9.9999],[105.99997,9.9999]]]},"properties":{"sheet":"6229-3","name":"Vung Liem","year":"1965","edition":"001","kind":"pdf","url":"https://maps.lib.utexas.edu/maps/topo/vietnam/vung_liem-6229-3.pdf"}},{"type":"Feature","geometry":{"type":"Polygon","coordinates":[[[106.99592,10.75217],[107.24618,10.75197],[107.24621,10.50207],[106.99601,10.50196],[106.99592,10.75217],[106.99592,10.75217],[106.99592,10.75217],[106.99592,10.75217],[106.99592,10.75217]]]},"properties":{"sheet":"6430-3","name":"Xa Binh Ba","year":"1969","edition":"003","kind":"pdf","url":"https://maps.lib.utexas.edu/maps/topo/vietnam/xa_binh-ba-6430-3.pdf"}},{"type":"Feature","geometry":{"type":"Polygon","coordinates":[[[107.24603,11.00202],[107.26464,11.00208],[107.47538,11.002],[107.49596,11.00199],[107.49596,10.9998],[107.49602,10.75201],[107.47546,10.75199],[107.24594,10.75198],[107.24603,11.00202],[107.24603,11.00202],[107.24603,11.00202],[107.24603,11.00202],[107.24603,11.00202]]]},"properties":{"sheet":"6430-1","name":"Xa Cam My","year":"1969","edition":"002","kind":"pdf","url":"https://maps.lib.utexas.edu/maps/topo/vietnam/xa_cam_my-6430-1.pdf"}},{"type":"Feature","geometry":{"type":"Polygon","coordinates":[[[107.0001,11.25008],[107.25011,11.24985],[107.24599,11.00214],[106.996,11.00201],[107.0001,11.25008],[107.0001,11.25008],[107.0001,11.25008],[107.0001,11.25008],[107.0001,11.25008]]]},"properties":{"sheet":"6431-3","name":"Xa Gia Kiem","year":"1968","edition":"002","kind":"pdf","url":"https://maps.lib.utexas.edu/maps/topo/vietnam/xa_gia_kiem-6431-3.pdf"}},{"type":"Feature","geometry":{"type":"Polygon","coordinates":[[[107.99577,10.7021],[108.02462,10.70212],[108.0242,10.75207],[108.07692,10.75201],[108.11952,10.75205],[108.18254,10.75206],[108.24589,10.75203],[108.24586,11.00209],[107.99579,11.0021],[107.99582,10.92314],[107.99584,10.82754],[107.99577,10.72832],[107.99581,10.7021],[107.99577,10.7021],[107.99577,10.7021],[107.99577,10.7021]]]},"properties":{"sheet":"6630-4","name":"Xa Phan Thiet","year":"1965","edition":"001","kind":"pdf","url":"https://maps.lib.utexas.edu/maps/topo/vietnam/xa_phan_thiet-6630-4.pdf"}},{"type":"Feature","geometry":{"type":"Polygon","coordinates":[[[107.74586,12.75201],[107.99579,12.75189],[107.99582,12.50208],[107.74574,12.50202],[107.74586,12.75201],[107.74586,12.75201],[107.74586,12.75201]]]},"properties":{"sheet":"6534-2","name":"Xa Tho Thanh","year":"1965","edition":"001","kind":"pdf","url":"https://maps.lib.utexas.edu/maps/topo/vietnam/xa_tho_thanh-6534-2.pdf"}},{"type":"Feature","geometry":{"type":"Polygon","coordinates":[[[107.75003,11.24999],[107.7907,11.24996],[107.82968,11.24996],[107.86387,11.24996],[107.90415,11.24995],[107.93171,11.24998],[107.95888,11.24997],[108.00009,11.24998],[108.00017,11.21181],[107.99595,11.15976],[107.99593,11.10544],[107.99597,11.01518],[107.99602,11.00199],[107.9563,11.00195],[107.9264,11.00194],[107.89469,11.00194],[107.87003,11.00194],[107.84708,11.00192],[107.82785,11.00191],[107.80312,11.00193],[107.7829,11.00191],[107.76213,11.00192],[107.74583,11.00191],[107.74587,11.02762],[107.74594,11.08518],[107.7459,11.13351],[107.75002,11.2104],[107.74998,11.24574],[107.75003,11.24999],[107.75003,11.24999],[107.75003,11.24999],[107.75003,11.24999]]]},"properties":{"sheet":"6531-2","name":"Xa Tram Da Mi","year":"1965","edition":"001","kind":"pdf","url":"https://maps.lib.utexas.edu/maps/topo/vietnam/xa_tram_da_mi-6531-2.pdf"}},{"type":"Feature","geometry":{"type":"Polygon","coordinates":[[[106.99606,10.50211],[107.01951,10.50214],[107.17071,10.5021],[107.24601,10.50202],[107.24601,10.4983],[107.24603,10.25211],[107.22729,10.25209],[106.99605,10.25204],[106.99606,10.50211],[106.99606,10.50211],[106.99606,10.50211],[106.99606,10.50211]]]},"properties":{"sheet":"6429-4","name":"Xa Vung Tau","year":"1968","edition":"003","kind":"pdf","url":"https://maps.lib.utexas.edu/maps/topo/vietnam/xa_vung_tau-6429-4.pdf"}},{"type":"Feature","geometry":{"type":"Polygon","coordinates":[[[106.996,10.752],[107.24597,10.75208],[107.24596,11.00198],[106.996,11.00205],[106.996,10.752],[106.996,10.752],[106.996,10.752]]]},"properties":{"sheet":"6430-4","name":"Xa Xuan Loc","year":"1969","edition":"002","kind":"pdf","url":"https://maps.lib.utexas.edu/maps/topo/vietnam/xa_xuan_loc-6430-4.pdf"}},{"type":"Feature","geometry":{"type":"Polygon","coordinates":[[[105.24988,18.99989],[105.24989,19.01193],[105.25003,19.24997],[105.26778,19.24999],[105.4999,19.24994],[105.49996,19.2473],[105.50016,18.99995],[105.24988,18.99989],[105.24988,18.99989],[105.24988,18.99989],[105.24988,18.99989]]]},"properties":{"sheet":"6047-2","name":"Xom Bau","year":"1966","edition":"002","kind":"pdf","url":"https://maps.lib.utexas.edu/maps/topo/vietnam/xom_bau-6047-2.pdf"}},{"type":"Feature","geometry":{"type":"Polygon","coordinates":[[[104.99996,21.24999],[105.02079,21.24998],[105.23504,21.24997],[105.24996,21.24994],[105.24994,21.24548],[105.25001,21.07273],[105.24997,21.02938],[105.24994,21.00255],[105.24996,21.00001],[105.2344,20.99998],[105.04877,20.99997],[105.00469,20.99997],[104.99987,21.0],[104.99996,21.24999],[104.99996,21.24999],[104.99996,21.24999],[104.99996,21.24999]]]},"properties":{"sheet":"6051-3","name":"Xom Chai","year":"1965","edition":"001","kind":"pdf","url":"https://maps.lib.utexas.edu/maps/topo/vietnam/xom_chai-6051-3.pdf"}},{"type":"Feature","geometry":{"type":"Polygon","coordinates":[[[104.74621,9.50226],[104.99617,9.50223],[104.99629,9.25213],[104.74607,9.25214],[104.74621,9.50226],[104.74621,9.50226],[104.74621,9.50226]]]},"properties":{"sheet":"5927-1","name":"Xom Giua","year":"1965","edition":"001","kind":"pdf","url":"https://maps.lib.utexas.edu/maps/topo/vietnam/xom_giua-5927-1.pdf"}},{"type":"Feature","geometry":{"type":"Polygon","coordinates":[[[105.49995,20.49985],[105.49989,20.4031],[105.49989,20.31272],[105.49982,20.25693],[105.49973,20.24986],[105.59383,20.24994],[105.69926,20.24991],[105.75008,20.24987],[105.75016,20.29543],[105.75021,20.34808],[105.75011,20.40238],[105.75011,20.43859],[105.75007,20.47272],[105.75003,20.4885],[105.74996,20.50006],[105.65223,20.4999],[105.54554,20.49986],[105.50842,20.49986],[105.49996,20.49987],[105.49995,20.49985]]]},"properties":{"sheet":"6149-4","name":"Xom Go","year":"1964","edition":"001","kind":"pdf","url":"https://maps.lib.utexas.edu/maps/topo/vietnam/xom_go-6149-4.pdf"}},{"type":"Feature","geometry":{"type":"Polygon","coordinates":[[[106.49601,11.50207],[106.74599,11.50209],[106.7459,11.25204],[106.49593,11.25207],[106.49593,11.25207],[106.49601,11.50207],[106.49601,11.50207],[106.49601,11.50207]]]},"properties":{"sheet":"6331-4","name":"Xom Ruong","year":"1970","edition":"003","kind":"pdf","url":"https://maps.lib.utexas.edu/maps/topo/vietnam/xom_ruong-6331-4%20.pdf"}},{"type":"Feature","geometry":{"type":"Polygon","coordinates":[[[104.74614,10.25217],[104.99623,10.2522],[104.99627,10.00206],[104.74607,10.00205],[104.74614,10.25217],[104.74614,10.25217],[104.74614,10.25217],[104.74614,10.25217]]]},"properties":{"sheet":"5929-2","name":"Xom Tri Ton","year":"1965","edition":"001","kind":"pdf","url":"https://maps.lib.utexas.edu/maps/topo/vietnam/xom_tri_ton-5929-2.pdf"}},{"type":"Feature","geometry":{"type":"Polygon","coordinates":[[[107.74996,13.75006],[107.77511,13.75007],[107.80708,13.75005],[107.83109,13.75009],[107.85251,13.75012],[107.88282,13.75009],[107.90525,13.75009],[107.93406,13.75008],[107.96327,13.75001],[107.98992,13.74997],[108.00007,13.74997],[108.00002,13.71386],[107.99992,13.65957],[107.99996,13.5784],[107.99998,13.54235],[108.00004,13.5063],[108.00004,13.49996],[107.96634,13.49993],[107.93447,13.49991],[107.90721,13.49988],[107.87689,13.49984],[107.84976,13.49983],[107.8236,13.49982],[107.79496,13.49978],[107.77152,13.49977],[107.75001,13.49978],[107.74999,13.52677],[107.75005,13.571],[107.74996,13.66773],[107.74995,13.73823],[107.74996,13.75006],[107.74996,13.75006],[107.74996,13.75006]]]},"properties":{"sheet":"6536-2","name":"Xuong Kuang","year":"1970","edition":"002","kind":"pdf","url":"https://maps.lib.utexas.edu/maps/topo/vietnam/xuong_kuang-6536-2.pdf"}},{"type":"Feature","geometry":{"type":"Polygon","coordinates":[[[107.24594,10.75209],[107.28862,10.75215],[107.34129,10.75216],[107.41286,10.75213],[107.48922,10.75212],[107.49603,10.75208],[107.49602,10.73286],[107.496,10.70643],[107.49606,10.67593],[107.49595,10.64367],[107.49592,10.60524],[107.49598,10.5696],[107.496,10.53977],[107.49606,10.50202],[107.46558,10.50198],[107.43027,10.50198],[107.40172,10.50193],[107.34406,10.50196],[107.3236,10.50195],[107.28088,10.50193],[107.24593,10.50194],[107.24594,10.75209],[107.24594,10.75209],[107.24594,10.75209]]]},"properties":{"sheet":"6430-2","name":"Xuyen Moc","year":"1968","edition":"003","kind":"pdf","url":"https://maps.lib.utexas.edu/maps/topo/vietnam/xuyen_moc-6430-2.pdf"}},{"type":"Feature","geometry":{"type":"Polygon","coordinates":[[[104.74982,21.74986],[104.76776,21.74987],[104.80932,21.75],[105.00011,21.75001],[105.00005,21.74605],[105.00003,21.49981],[104.9872,21.49985],[104.78474,21.49989],[104.75004,21.49988],[104.75002,21.50986],[104.74985,21.74983],[104.74982,21.74986],[104.74982,21.74986],[104.74982,21.74986]]]},"properties":{"sheet":"5952-2","name":"Yen Bay","year":"1965","edition":"001","kind":"pdf","url":"https://maps.lib.utexas.edu/maps/topo/vietnam/yen_bay-5952-2.pdf"}},{"type":"Feature","geometry":{"type":"Polygon","coordinates":[[[104.49999,22.24998],[104.74997,22.24997],[104.74999,22.49998],[104.49991,22.50006],[104.49999,22.24998],[104.49999,22.24998],[104.49999,22.24998]]]},"properties":{"sheet":"5953-4","name":"Yen Binh Xa","year":"1964","edition":"001","kind":"pdf","url":"https://maps.lib.utexas.edu/maps/topo/vietnam/yen_binh_xa-5953-4.pdf"}},{"type":"Feature","geometry":{"type":"Polygon","coordinates":[[[104.24607,21.25129],[104.25074,21.25131],[104.44244,21.25123],[104.49611,21.25123],[104.49608,21.00129],[104.27934,21.00119],[104.24604,21.00125],[104.24607,21.25129]]]},"properties":{"sheet":"5851-2","name":"Yen Chau","year":"1965","edition":"001","kind":"pdf","url":"https://maps.lib.utexas.edu/maps/topo/vietnam/yen_chau-5851-2.pdf"}},{"type":"Feature","geometry":{"type":"Polygon","coordinates":[[[105.49589,20.25137],[105.74585,20.25131],[105.7459,20.0013],[105.49591,20.00131],[105.49589,20.25137],[105.49589,20.25137],[105.49589,20.25137]]]},"properties":{"sheet":"6149-3","name":"Yen Dinh","year":"1983","edition":"002","kind":"pdf","url":"https://maps.lib.utexas.edu/maps/topo/vietnam/yen_dinh-6149-3.pdf"}},{"type":"Feature","geometry":{"type":"Polygon","coordinates":[[[106.00014,22.25008],[106.02131,22.25006],[106.09344,22.24999],[106.18891,22.24994],[106.24986,22.24999],[106.24993,22.24432],[106.25027,22.02664],[106.25041,22.00001],[106.22848,22.00002],[106.09369,21.99988],[105.99985,21.99993],[106.00014,22.25008],[106.00014,22.25008],[106.00014,22.25008],[106.00014,22.25008]]]},"properties":{"sheet":"6253-3","name":"Yen Lac","year":"1964","edition":"001","kind":"pdf","url":"https://maps.lib.utexas.edu/maps/topo/vietnam/yen_lac-6253-3.pdf"}}]}