{
 "type": "FeatureCollection",
 "features": [
  {
   "type": "Feature",
   "id": "561:22",
   "geometry": {
    "type": "Polygon",
    "coordinates": [
     [
      [
       102.21770769533163,
       21.586409868585633
      ],
      [
       102.20634062393218,
       22.037878790775082
      ],
      [
       102.56950075080587,
       22.043849820300963
      ],
      [
       102.93269282716093,
       22.04919207545963
      ],
      [
       102.94179139015995,
       21.597695983402474
      ],
      [
       102.57973413035046,
       21.592366553164
      ],
      [
       102.21770769533163,
       21.586409868585633
      ]
     ]
    ]
   },
   "properties": {
    "grid_id": "561:22",
    "sheet_number": "22",
    "geometry_source": "CartoMundi WKT",
    "parts_present": [
     "W",
     "E"
    ],
    "has_unclassified_records": false,
    "grid_codes": [
     "52183",
     "52185"
    ],
    "fkeys": [
     "60062",
     "60065"
    ],
    "map_ids": [
     "0d026129-f521-48eb-8cd9-b86a1a256fa3",
     "8a518936-b23a-4f7d-983e-a12288fd2ffa"
    ]
   }
  },
  {
   "type": "Feature",
   "id": "561:23",
   "geometry": {
    "type": "Polygon",
    "coordinates": [
     [
      [
       102.9326927822452,
       22.04919206213779
      ],
      [
       103.29591326871942,
       22.05390549253198
      ],
      [
       103.2959133136352,
       22.05390549752751
      ],
      [
       103.65915862056076,
       22.05799004941504
      ],
      [
       103.66598468484283,
       21.606472856842146
      ],
      [
       103.30387602163616,
       21.602398088202364
      ],
      [
       102.94179134704083,
       21.597695966697543
      ],
      [
       102.9326927822452,
       22.04919206213779
      ]
     ]
    ]
   },
   "properties": {
    "grid_id": "561:23",
    "sheet_number": "23",
    "geometry_source": "CartoMundi WKT",
    "parts_present": [
     "W",
     "E"
    ],
    "has_unclassified_records": true,
    "grid_codes": [
     "52190",
     "52193",
     "52195"
    ],
    "fkeys": [
     "60066",
     "60067",
     "60068",
     "60069"
    ],
    "map_ids": [
     "3b61a7ea-09dc-41cf-9a0c-a29402dfadeb",
     "b90ff4e3-f256-43f0-9316-52163827f955",
     "c4963daf-5b8a-4448-a1d2-8fbebfafcbed"
    ]
   }
  },
  {
   "type": "Feature",
   "id": "561:32",
   "geometry": {
    "type": "Polygon",
    "coordinates": [
     [
      [
       101.86789275346922,
       21.12834798144047
      ],
      [
       101.85571549510827,
       21.579825989329876
      ],
      [
       102.21770769533163,
       21.586409868585633
      ],
      [
       102.22878174167533,
       21.134916070509348
      ],
      [
       101.86789275346922,
       21.12834798144047
      ]
     ]
    ]
   },
   "properties": {
    "grid_id": "561:32",
    "sheet_number": "32",
    "geometry_source": "CartoMundi WKT",
    "parts_present": [
     "E"
    ],
    "has_unclassified_records": false,
    "grid_codes": [
     "52211"
    ],
    "fkeys": [
     "60084"
    ],
    "map_ids": [
     "6bdd9ab8-22dd-460d-b511-0a29d5dd843f"
    ]
   }
  },
  {
   "type": "Feature",
   "id": "561:33",
   "geometry": {
    "type": "Polygon",
    "coordinates": [
     [
      [
       102.57973413035046,
       21.592366553164
      ],
      [
       102.94179139015995,
       21.597695983402474
      ],
      [
       102.95065545873382,
       21.146175135703032
      ],
      [
       102.58970373757819,
       21.140858474329235
      ],
      [
       102.57973413035046,
       21.592366553164
      ]
     ]
    ]
   },
   "properties": {
    "grid_id": "561:33",
    "sheet_number": "33",
    "geometry_source": "CartoMundi WKT",
    "parts_present": [
     "W"
    ],
    "has_unclassified_records": false,
    "grid_codes": [
     "52213"
    ],
    "fkeys": [
     "60085",
     "60086"
    ],
    "map_ids": [
     "cd980a1a-5eba-4e85-b7c7-343a38e6ea5b"
    ]
   }
  },
  {
   "type": "Feature",
   "id": "561:34",
   "geometry": {
    "type": "Polygon",
    "coordinates": [
     [
      [
       102.94179139015995,
       21.597695983402474
      ],
      [
       103.30387606475527,
       21.60239810490674
      ],
      [
       103.66598472975858,
       21.606472871875653
      ],
      [
       103.67263489672149,
       21.154931023273747
      ],
      [
       103.31163361191834,
       21.15086600129152
      ],
      [
       102.95065545873382,
       21.146175135703032
      ],
      [
       102.94179139015995,
       21.597695983402474
      ]
     ]
    ]
   },
   "properties": {
    "grid_id": "561:34",
    "sheet_number": "34",
    "geometry_source": "CartoMundi WKT",
    "parts_present": [
     "W",
     "E"
    ],
    "has_unclassified_records": false,
    "grid_codes": [
     "52218",
     "52223"
    ],
    "fkeys": [
     "60087",
     "60088",
     "60089",
     "60091"
    ],
    "map_ids": [
     "8a876d4c-7193-461b-b60d-851df9542a1f",
     "ae3c2983-9710-416b-82e6-7448c1414c78"
    ]
   }
  },
  {
   "type": "Feature",
   "id": "561:45",
   "geometry": {
    "type": "Polygon",
    "coordinates": [
     [
      [
       102.95928825244454,
       20.69462994822193
      ],
      [
       102.95065545873382,
       21.146175135703032
      ],
      [
       103.31163361191834,
       21.15086600129152
      ],
      [
       103.67263489672149,
       21.154931023273747
      ],
      [
       103.67911158283331,
       20.703364928504428
      ],
      [
       103.3191887722412,
       20.699309607616684
      ],
      [
       102.95928825244454,
       20.69462994822193
      ]
     ]
    ]
   },
   "properties": {
    "grid_id": "561:45",
    "sheet_number": "45",
    "geometry_source": "CartoMundi WKT",
    "parts_present": [
     "W",
     "E"
    ],
    "has_unclassified_records": false,
    "grid_codes": [
     "52265",
     "52268"
    ],
    "fkeys": [
     "60120",
     "60122"
    ],
    "map_ids": [
     "70951e24-876e-4b5f-8a7b-1a440ec2fd37",
     "7ec6dcc4-ba07-4fb3-87ff-78ae548fcf17"
    ]
   }
  },
  {
   "type": "Feature",
   "id": "561:58",
   "geometry": {
    "type": "Polygon",
    "coordinates": [
     [
      [
       103.68541712730718,
       20.25177500392597
      ],
      [
       103.67911158283331,
       20.703364928504428
      ],
      [
       104.03905349699829,
       20.706795871883443
      ],
      [
       104.39901132751346,
       20.70960240282612
      ],
      [
       104.40321493639334,
       20.25799765777785
      ],
      [
       104.04430837191583,
       20.25519778701377
      ],
      [
       103.68541712730718,
       20.25177500392597
      ]
     ]
    ]
   },
   "properties": {
    "grid_id": "561:58",
    "sheet_number": "58",
    "geometry_source": "CartoMundi WKT",
    "parts_present": [
     "W",
     "E"
    ],
    "has_unclassified_records": false,
    "grid_codes": [
     "52317",
     "52319"
    ],
    "fkeys": [
     "60153",
     "60154",
     "60155"
    ],
    "map_ids": [
     "730b9c0f-734f-471c-93d3-319768a89930",
     "85967c9c-9bb7-4acb-9688-2eaf3d93216b"
    ]
   }
  },
  {
   "type": "Feature",
   "id": "561:68",
   "geometry": {
    "type": "Polygon",
    "coordinates": [
     [
      [
       102.97587238507796,
       19.79146822130828
      ],
      [
       102.96769289024277,
       20.243060835377506
      ],
      [
       103.32654428019552,
       20.247729339817923
      ],
      [
       103.68541712730718,
       20.25177500392597
      ],
      [
       103.69155379569409,
       19.800161670116722
      ],
      [
       103.3337027678451,
       19.796125619946167
      ],
      [
       102.97587238507796,
       19.79146822130828
      ]
     ]
    ]
   },
   "properties": {
    "grid_id": "561:68",
    "sheet_number": "68",
    "geometry_source": "CartoMundi WKT",
    "parts_present": [
     "W",
     "E"
    ],
    "has_unclassified_records": false,
    "grid_codes": [
     "52354",
     "52356"
    ],
    "fkeys": [
     "60176",
     "60177"
    ],
    "map_ids": [
     "b0cc3cba-df54-42d8-80f0-5d9be95560ef",
     "f9dd1cd4-018d-4b59-acfa-7d5536ceb55c"
    ]
   }
  },
  {
   "type": "Feature",
   "id": "561:69",
   "geometry": {
    "type": "Polygon",
    "coordinates": [
     [
      [
       103.69155379569409,
       19.800161670116722
      ],
      [
       103.68541712730718,
       20.25177500392597
      ],
      [
       104.04430837191583,
       20.25519778701377
      ],
      [
       104.40321493639334,
       20.25799765777785
      ],
      [
       104.4073059809782,
       19.806369572071006
      ],
      [
       104.04942251676091,
       19.803576331161523
      ],
      [
       103.69155379569409,
       19.800161670116722
      ]
     ]
    ]
   },
   "properties": {
    "grid_id": "561:69",
    "sheet_number": "69",
    "geometry_source": "CartoMundi WKT",
    "parts_present": [
     "W",
     "E"
    ],
    "has_unclassified_records": false,
    "grid_codes": [
     "52358",
     "52360"
    ],
    "fkeys": [
     "60178",
     "60179"
    ],
    "map_ids": [
     "83501380-a456-4687-a6b7-76f798925a7e",
     "ab1d3f59-f24f-4462-a398-24f53e7a0e66"
    ]
   }
  },
  {
   "type": "Feature",
   "id": "561:78",
   "geometry": {
    "type": "Polygon",
    "coordinates": [
     [
      [
       103.69155379569409,
       19.800161670116722
      ],
      [
       104.04942251676091,
       19.803576331161523
      ],
      [
       104.4073059809782,
       19.806369572071006
      ],
      [
       104.41128591294557,
       19.354718571455038
      ],
      [
       104.0543977587069,
       19.35193193216007
      ],
      [
       103.69752376910364,
       19.34852535593619
      ],
      [
       103.69155379569409,
       19.800161670116722
      ]
     ]
    ]
   },
   "properties": {
    "grid_id": "561:78",
    "sheet_number": "78",
    "geometry_source": "CartoMundi WKT",
    "parts_present": [
     "W",
     "E"
    ],
    "has_unclassified_records": false,
    "grid_codes": [
     "52383",
     "52387"
    ],
    "fkeys": [
     "60196",
     "60197",
     "60198",
     "60862"
    ],
    "map_ids": [
     "108624bd-4043-44ef-8177-174ae53e06b1",
     "338188ee-186e-49c7-9857-338c7bd2c9fa"
    ]
   }
  },
  {
   "type": "Feature",
   "id": "561:84",
   "geometry": {
    "type": "Polygon",
    "coordinates": [
     [
      [
       102.27989292229117,
       18.877088563595095
      ],
      [
       102.2702262179941,
       19.328700444166373
      ],
      [
       102.62701518564897,
       19.334586372273208
      ],
      [
       102.9838296510849,
       19.339852533828235
      ],
      [
       102.99156750538032,
       18.888214209743893
      ],
      [
       102.63571797249338,
       18.88296053245756
      ],
      [
       102.27989292229117,
       18.877088563595095
      ]
     ]
    ]
   },
   "properties": {
    "grid_id": "561:84",
    "sheet_number": "84",
    "geometry_source": "CartoMundi WKT",
    "parts_present": [
     "W",
     "E"
    ],
    "has_unclassified_records": false,
    "grid_codes": [
     "52403",
     "52405"
    ],
    "fkeys": [
     "60205",
     "60206"
    ],
    "map_ids": [
     "562fd87b-b04a-4d17-a06b-6f5f6b9e68d2",
     "a43b9aba-bbd2-4157-a2af-f6e1adaaa015"
    ]
   }
  },
  {
   "type": "Feature",
   "id": "561:85",
   "geometry": {
    "type": "Polygon",
    "coordinates": [
     [
      [
       102.99156750538032,
       18.888214209743893
      ],
      [
       102.9838296510849,
       19.339852533828235
      ],
      [
       103.3406667899986,
       19.34449887685909
      ],
      [
       103.69752376910364,
       19.34852535593619
      ],
      [
       103.70332916576325,
       18.896866497121394
      ],
      [
       103.34743880803987,
       18.892849546489984
      ],
      [
       102.99156750538032,
       18.888214209743893
      ]
     ]
    ]
   },
   "properties": {
    "grid_id": "561:85",
    "sheet_number": "85",
    "geometry_source": "CartoMundi WKT",
    "parts_present": [
     "W",
     "E"
    ],
    "has_unclassified_records": false,
    "grid_codes": [
     "52406",
     "52410"
    ],
    "fkeys": [
     "60207",
     "60208",
     "60209"
    ],
    "map_ids": [
     "435e35c6-d44e-446e-8999-a165ed0cbfcb",
     "6e9b839f-2294-4307-b8f3-e38544e21907"
    ]
   }
  },
  {
   "type": "Feature",
   "id": "561:99-107",
   "geometry": {
    "type": "Polygon",
    "coordinates": [
     [
      [
       102.30199381390025,
       17.79316042768255
      ],
      [
       102.28928879530989,
       18.425454346929868
      ],
      [
       102.45490166210294,
       18.428188085448426
      ],
      [
       102.45490018886392,
       18.428264866578587
      ],
      [
       102.64417696734944,
       18.43131241511304
      ],
      [
       102.8381925943173,
       18.434254065621417
      ],
      [
       102.83819390151318,
       18.434177587647
      ],
      [
       102.99908858182467,
       18.436553641892218
      ],
      [
       103.00639567597504,
       17.98487136418791
      ],
      [
       103.00925516803463,
       17.804450397503985
      ],
      [
       102.6556156829861,
       17.798968522005424
      ],
      [
       102.65561568256528,
       17.798968545268703
      ],
      [
       102.30199381390025,
       17.79316042768255
      ]
     ]
    ]
   },
   "properties": {
    "grid_id": "561:99-107",
    "sheet_number": "99-107",
    "geometry_source": "CartoMundi WKT",
    "parts_present": [
     "W",
     "E"
    ],
    "has_unclassified_records": true,
    "grid_codes": [
     "52467",
     "52471",
     "52473"
    ],
    "fkeys": [
     "60243",
     "60245",
     "60246"
    ],
    "map_ids": [
     "69567212-cd47-4aeb-9c3c-ebccef3c5a18",
     "a2aef484-09ab-4bee-9be9-bcfbc44d8501",
     "edb34855-cc39-4b9b-83cd-113f5aafb505"
    ]
   }
  },
  {
   "type": "Feature",
   "id": "561:112",
   "geometry": {
    "type": "Polygon",
    "coordinates": [
     [
      [
       104.71142661393071,
       17.097897355842917
      ],
      [
       104.7086713929194,
       17.549660432198223
      ],
      [
       105.13250430541105,
       17.551572925438407
      ],
      [
       105.13422497264224,
       17.099805411199696
      ],
      [
       104.78006404611395,
       17.09826710006385
      ],
      [
       104.71142661393071,
       17.097897355842917
      ]
     ]
    ]
   },
   "properties": {
    "grid_id": "561:112",
    "sheet_number": "112",
    "geometry_source": "CartoMundi WKT",
    "parts_present": [],
    "has_unclassified_records": true,
    "grid_codes": [
     "52547"
    ],
    "fkeys": [
     "60290",
     "60291"
    ],
    "map_ids": [
     "01b90431-935e-403a-ac26-e4922dd0dfb5"
    ]
   }
  },
  {
   "type": "Feature",
   "id": "561:116",
   "geometry": {
    "type": "Polygon",
    "coordinates": [
     [
      [
       104.75840372065959,
       17.09815292874552
      ],
      [
       105.13422497264224,
       17.099805411199696
      ],
      [
       105.13589402267722,
       16.64801770178579
      ],
      [
       104.76096476004241,
       16.646369044550767
      ],
      [
       104.75840372065959,
       17.09815292874552
      ]
     ]
    ]
   },
   "properties": {
    "grid_id": "561:116",
    "sheet_number": "116",
    "geometry_source": "CartoMundi WKT",
    "parts_present": [],
    "has_unclassified_records": true,
    "grid_codes": [
     "52566"
    ],
    "fkeys": [
     "60306",
     "60307"
    ],
    "map_ids": [
     "bb9979fb-e30f-4a61-a90f-ca1e727bd461"
    ]
   }
  },
  {
   "type": "Feature",
   "id": "561:117",
   "geometry": {
    "type": "Polygon",
    "coordinates": [
     [
      [
       105.13589406579632,
       16.648017729326938
      ],
      [
       105.13422501576139,
       17.099805436957823
      ],
      [
       105.48656218080316,
       17.100721548395995
      ],
      [
       105.8389015790568,
       17.101024979158012
      ],
      [
       105.83889760850322,
       16.649234540954325
      ],
      [
       105.48739477174786,
       16.64893175196964
      ],
      [
       105.13589406579632,
       16.648017729326938
      ]
     ]
    ]
   },
   "properties": {
    "grid_id": "561:117",
    "sheet_number": "117",
    "geometry_source": "CartoMundi WKT",
    "parts_present": [
     "W",
     "E"
    ],
    "has_unclassified_records": false,
    "grid_codes": [
     "52569",
     "52571"
    ],
    "fkeys": [
     "60308",
     "60309"
    ],
    "map_ids": [
     "09a93bb7-56f4-4e0a-99df-8bcc69a9a64a",
     "cba8286c-239d-44cb-85f7-a2cbc24abb61"
    ]
   }
  },
  {
   "type": "Feature",
   "id": "561:122",
   "geometry": {
    "type": "Polygon",
    "coordinates": [
     [
      [
       105.1375120663703,
       16.196210295260016
      ],
      [
       105.13589406579632,
       16.648017729326938
      ],
      [
       105.48739477174786,
       16.64893175196964
      ],
      [
       105.83889760850322,
       16.649234540954325
      ],
      [
       105.83889376012056,
       16.19742438800054
      ],
      [
       105.48820189904748,
       16.197122236712588
      ],
      [
       105.1375120663703,
       16.196210295260016
      ]
     ]
    ]
   },
   "properties": {
    "grid_id": "561:122",
    "sheet_number": "122",
    "geometry_source": "CartoMundi WKT",
    "parts_present": [
     "W",
     "E"
    ],
    "has_unclassified_records": false,
    "grid_codes": [
     "52594",
     "52598"
    ],
    "fkeys": [
     "60323",
     "60324",
     "60325"
    ],
    "map_ids": [
     "96bb8a0d-67c0-4762-9eb6-85c9be8df23c",
     "e19e7743-f209-4947-a2d1-d40c3a11948d"
    ]
   }
  },
  {
   "type": "Feature",
   "id": "561:123",
   "geometry": {
    "type": "Polygon",
    "coordinates": [
     [
      [
       106.54190088171556,
       16.64800642196984
      ],
      [
       106.54027518437621,
       16.19619931010817
      ],
      [
       106.18958555292167,
       16.1971167450248
      ],
      [
       105.83889376012056,
       16.19742438800054
      ],
      [
       105.83889760850322,
       16.649234540954325
      ],
      [
       106.19040037878328,
       16.64892609745749
      ],
      [
       106.54190088171556,
       16.64800642196984
      ]
     ]
    ]
   },
   "properties": {
    "grid_id": "561:123",
    "sheet_number": "123",
    "geometry_source": "CartoMundi WKT",
    "parts_present": [
     "W",
     "E"
    ],
    "has_unclassified_records": false,
    "grid_codes": [
     "52602",
     "52604"
    ],
    "fkeys": [
     "60326",
     "60327",
     "60328"
    ],
    "map_ids": [
     "826a2182-bc32-4fa7-babe-59c784ec1440",
     "e6ee3683-83a9-4497-b95e-7b38a0dc5c12"
    ]
   }
  },
  {
   "type": "Feature",
   "id": "561:128",
   "geometry": {
    "type": "MultiPolygon",
    "coordinates": [
     [
      [
       [
        104.95047899739352,
        16.195474564787403
       ],
       [
        105.48820185592835,
        16.197122207382193
       ],
       [
        105.48898379267077,
        15.745293442362737
       ],
       [
        104.95246538987902,
        15.74364956291511
       ],
       [
        104.95047899739352,
        16.195474564787403
       ]
      ]
     ],
     [
      [
       [
        105.83889003031551,
        15.745594986379928
       ],
       [
        105.4889838357899,
        15.745293471759425
       ],
       [
        105.48820189904748,
        16.197122236712588
       ],
       [
        105.83889376012056,
        16.19742438800054
       ],
       [
        105.83889003031551,
        15.745594986379928
       ]
      ]
     ]
    ]
   },
   "properties": {
    "grid_id": "561:128",
    "sheet_number": "128",
    "geometry_source": "CartoMundi WKT",
    "parts_present": [
     "W",
     "E"
    ],
    "has_unclassified_records": false,
    "grid_codes": [
     "52625",
     "52631"
    ],
    "fkeys": [
     "60340",
     "60342",
     "60344",
     "60346",
     "60347"
    ],
    "map_ids": [
     "5d96a9d6-db2c-4ce7-a759-acc458718712",
     "869b80fb-0d24-4570-81c6-d248221096a6"
    ]
   }
  },
  {
   "type": "Feature",
   "id": "561:131",
   "geometry": {
    "type": "Polygon",
    "coordinates": [
     [
      [
       107.9429701705577,
       16.186431941316144
      ],
      [
       107.938256009576,
       15.73462883511543
      ],
      [
       107.58838011702154,
       15.737977313632157
      ],
      [
       107.2384941956753,
       15.740717506881708
      ],
      [
       107.24163956938757,
       16.192535114485338
      ],
      [
       107.59231013679512,
       16.18978838709762
      ],
      [
       107.9429701705577,
       16.186431941316144
      ]
     ]
    ]
   },
   "properties": {
    "grid_id": "561:131",
    "sheet_number": "131",
    "geometry_source": "CartoMundi WKT",
    "parts_present": [
     "W",
     "E"
    ],
    "has_unclassified_records": false,
    "grid_codes": [
     "52651",
     "52657"
    ],
    "fkeys": [
     "60354",
     "60355",
     "60358"
    ],
    "map_ids": [
     "0c79071c-f21a-42cd-aeb6-f316bbae0779",
     "62fac952-29ea-4514-8a70-c75053234429"
    ]
   }
  },
  {
   "type": "Feature",
   "id": "561:137",
   "geometry": {
    "type": "Polygon",
    "coordinates": [
     [
      [
       108.63796977079546,
       15.726107154365096
      ],
      [
       108.63188961542306,
       15.274305307795558
      ],
      [
       108.28279754966644,
       15.278859470336883
      ],
      [
       107.93369218704699,
       15.282806842253663
      ],
      [
       107.938256009576,
       15.73462883511543
      ],
      [
       108.2881198880618,
       15.730672101821213
      ],
      [
       108.63796977079546,
       15.726107154365096
      ]
     ]
    ]
   },
   "properties": {
    "grid_id": "561:137",
    "sheet_number": "137",
    "geometry_source": "CartoMundi WKT",
    "parts_present": [
     "W",
     "E"
    ],
    "has_unclassified_records": false,
    "grid_codes": [
     "52696",
     "52703"
    ],
    "fkeys": [
     "60381",
     "60384",
     "60385"
    ],
    "map_ids": [
     "0d2bc33e-f09b-4a3f-8263-075611bd265b",
     "334fd258-a37e-4a9f-af6b-3b949ca91f7a"
    ]
   }
  },
  {
   "type": "Feature",
   "id": "561:151",
   "geometry": {
    "type": "Polygon",
    "coordinates": [
     [
      [
       103.06291716700204,
       13.918828252384017
      ],
      [
       103.05631247994536,
       14.461054716662446
      ],
      [
       103.40410366299969,
       14.46558471790317
      ],
      [
       103.75190677568101,
       14.469510479208452
      ],
      [
       103.75686253496512,
       13.927260519796704
      ],
      [
       103.40988428951363,
       13.92334566052402
      ],
      [
       103.06291716700204,
       13.918828252384017
      ]
     ]
    ]
   },
   "properties": {
    "grid_id": "561:151",
    "sheet_number": "151",
    "geometry_source": "CartoMundi WKT",
    "parts_present": [
     "W",
     "E"
    ],
    "has_unclassified_records": false,
    "grid_codes": [
     "52799",
     "52802"
    ],
    "fkeys": [
     "60432",
     "60433"
    ],
    "map_ids": [
     "43cc3dd1-6e1a-4419-9602-8271d589b47a",
     "f8c55f03-0aa0-47ef-8c68-badf98156649"
    ]
   }
  },
  {
   "type": "Feature",
   "id": "561:151 bis",
   "geometry": {
    "type": "Polygon",
    "coordinates": [
     [
      [
       104.1038503115417,
       13.930572792796227
      ],
      [
       104.09972011119024,
       14.472831963017285
      ],
      [
       104.44754195913514,
       14.475549137291637
      ],
      [
       104.45084602563219,
       13.9332824478835
      ],
      [
       104.1038503115417,
       13.930572792796227
      ]
     ]
    ]
   },
   "properties": {
    "grid_id": "561:151 bis",
    "sheet_number": "151 bis",
    "geometry_source": "CartoMundi WKT",
    "parts_present": [
     "E"
    ],
    "has_unclassified_records": false,
    "grid_codes": [
     "52805"
    ],
    "fkeys": [
     "60434"
    ],
    "map_ids": [
     "261c851c-4c2c-4243-8155-9a2dc201dd25"
    ]
   }
  },
  {
   "type": "Feature",
   "id": "561:152",
   "geometry": {
    "type": "Polygon",
    "coordinates": [
     [
      [
       104.45084602563219,
       13.9332824478835
      ],
      [
       104.44754195913514,
       14.475549137291637
      ],
      [
       104.79537060912334,
       14.477661978988252
      ],
      [
       105.14320434716936,
       14.479170467093795
      ],
      [
       105.14485487573978,
       13.936893815273976
      ],
      [
       104.79784808003195,
       13.935389462666208
      ],
      [
       104.45084602563219,
       13.9332824478835
      ]
     ]
    ]
   },
   "properties": {
    "grid_id": "561:152",
    "sheet_number": "152",
    "geometry_source": "CartoMundi WKT",
    "parts_present": [
     "W",
     "E"
    ],
    "has_unclassified_records": false,
    "grid_codes": [
     "52812",
     "52815"
    ],
    "fkeys": [
     "60436",
     "60437"
    ],
    "map_ids": [
     "38305a6d-b86f-41af-8f5d-b4b8f7f6d9df",
     "3a5be1b2-b181-47f7-85f2-179b72954f78"
    ]
   }
  },
  {
   "type": "Feature",
   "id": "561:153",
   "geometry": {
    "type": "Polygon",
    "coordinates": [
     [
      [
       105.14485487573978,
       13.936893815273976
      ],
      [
       105.14348427299169,
       14.388792744319574
      ],
      [
       105.49118109521193,
       14.389696457807005
      ],
      [
       105.8388795505694,
       14.389996079278305
      ],
      [
       105.8388762896849,
       13.938094489172613
      ],
      [
       105.49186481375446,
       13.937795493072471
      ],
      [
       105.14485487573978,
       13.936893815273976
      ]
     ]
    ]
   },
   "properties": {
    "grid_id": "561:153",
    "sheet_number": "153",
    "geometry_source": "CartoMundi WKT",
    "parts_present": [
     "W",
     "E"
    ],
    "has_unclassified_records": false,
    "grid_codes": [
     "52819",
     "52823"
    ],
    "fkeys": [
     "60439",
     "60440"
    ],
    "map_ids": [
     "13b11b89-ced4-4eaf-907a-19d7806a3dca",
     "5621306f-dcbe-4580-a51f-54c9cbcb30f3"
    ],
    "spatial_conflicts": [
     "561:154"
    ]
   }
  },
  {
   "type": "Feature",
   "id": "561:169",
   "geometry": {
    "type": "Polygon",
    "coordinates": [
     [
      [
       105.14745239031642,
       13.03304594541784
      ],
      [
       105.1461774365865,
       13.484978049911135
      ],
      [
       105.49252456883846,
       13.485877701342815
      ],
      [
       105.83887314378478,
       13.486176074914212
      ],
      [
       105.83887011107237,
       13.03424133332399
      ],
      [
       105.49316057426299,
       13.033943579102925
      ],
      [
       105.14745239031642,
       13.03304594541784
      ]
     ]
    ]
   },
   "properties": {
    "grid_id": "561:169",
    "sheet_number": "169",
    "geometry_source": "CartoMundi WKT",
    "parts_present": [
     "W",
     "E"
    ],
    "has_unclassified_records": false,
    "grid_codes": [
     "52979",
     "52983"
    ],
    "fkeys": [
     "60523",
     "60525",
     "60526"
    ],
    "map_ids": [
     "99bfdd1e-a6c2-48f7-bee4-6af18dfc860d",
     "e0aee830-25aa-4530-bf11-a8b8528f9b02"
    ]
   }
  },
  {
   "type": "Feature",
   "id": "561:186",
   "geometry": {
    "type": "Polygon",
    "coordinates": [
     [
      [
       103.07822314790312,
       12.563156786665928
      ],
      [
       103.42328079348052,
       12.567642994254157
      ],
      [
       103.76834759648389,
       12.571530840595116
      ],
      [
       103.77189322175748,
       12.119589424796814
      ],
      [
       103.08294818029638,
       12.111234612575274
      ],
      [
       103.07822314790312,
       12.563156786665928
      ]
     ]
    ]
   },
   "properties": {
    "grid_id": "561:186",
    "sheet_number": "186",
    "geometry_source": "CartoMundi WKT",
    "parts_present": [
     "W",
     "E"
    ],
    "has_unclassified_records": true,
    "grid_codes": [
     "53127",
     "53129",
     "53131"
    ],
    "fkeys": [
     "60611",
     "60612",
     "60613"
    ],
    "map_ids": [
     "1eda9df3-4ee3-4555-92a8-47c50b447fc3",
     "b32de2dc-e2ec-4ca4-8769-24c111fb8b9c",
     "d4d4bb88-f2ac-42c8-856a-c048c781b1b6"
    ]
   }
  },
  {
   "type": "Feature",
   "id": "561:187",
   "geometry": {
    "type": "Polygon",
    "coordinates": [
     [
      [
       103.76834759648389,
       12.571530840595116
      ],
      [
       104.11342224896624,
       12.574820293206798
      ],
      [
       104.45850343579394,
       12.577511318950855
      ],
      [
       104.46086746385521,
       12.125556202729356
      ],
      [
       104.11637730380572,
       12.122871335084085
      ],
      [
       103.77189322175748,
       12.119589424796814
      ],
      [
       103.76834759648389,
       12.571530840595116
      ]
     ]
    ]
   },
   "properties": {
    "grid_id": "561:187",
    "sheet_number": "187",
    "geometry_source": "CartoMundi WKT",
    "parts_present": [
     "W",
     "E"
    ],
    "has_unclassified_records": false,
    "grid_codes": [
     "53133",
     "53138"
    ],
    "fkeys": [
     "60614",
     "60615",
     "60617",
     "60618"
    ],
    "map_ids": [
     "3a931ab3-d936-4d8b-9b57-67c80c332141",
     "7d1e6918-25a0-481b-b798-04b8df15aa57"
    ]
   }
  },
  {
   "type": "Feature",
   "id": "561:188",
   "geometry": {
    "type": "Polygon",
    "coordinates": [
     [
      [
       104.46086746385521,
       12.125556202729356
      ],
      [
       104.45850343579394,
       12.577511318950855
      ],
      [
       104.80358984363012,
       12.57960389454675
      ],
      [
       105.1486801519512,
       12.581098003059068
      ],
      [
       105.14986112573271,
       12.12913472887955
      ],
      [
       104.8053624801971,
       12.127644007112295
      ],
      [
       104.46086746385521,
       12.125556202729356
      ]
     ]
    ]
   },
   "properties": {
    "grid_id": "561:188",
    "sheet_number": "188",
    "geometry_source": "CartoMundi WKT",
    "parts_present": [
     "W",
     "E"
    ],
    "has_unclassified_records": false,
    "grid_codes": [
     "53143",
     "53149"
    ],
    "fkeys": [
     "60621",
     "60624",
     "60625"
    ],
    "map_ids": [
     "03e339a6-e196-41df-a7bc-5f77491634f1",
     "84fd3f51-4dda-4e87-8b5f-925b47c7c4a3"
    ]
   }
  },
  {
   "type": "Feature",
   "id": "561:192",
   "geometry": {
    "type": "Polygon",
    "coordinates": [
     [
      [
       107.90938450668733,
       12.571505535021316
      ],
      [
       107.90583327951963,
       12.119565057429327
      ],
      [
       107.56134988737752,
       12.122851020411687
      ],
      [
       107.21686028967343,
       12.12553994764204
      ],
      [
       107.21922993040859,
       12.57749443785579
      ],
      [
       107.56431054950103,
       12.574799198192423
      ],
      [
       107.90938450668733,
       12.571505535021316
      ]
     ]
    ]
   },
   "properties": {
    "grid_id": "561:192",
    "sheet_number": "192",
    "geometry_source": "CartoMundi WKT",
    "parts_present": [
     "W",
     "E"
    ],
    "has_unclassified_records": false,
    "grid_codes": [
     "53179",
     "53185"
    ],
    "fkeys": [
     "60642",
     "60643",
     "60645"
    ],
    "map_ids": [
     "5c36fcb3-3161-40b7-b3e5-d9762d5a485a",
     "9931b535-4baa-4cfe-b9e1-eb45ce77d6e5"
    ]
   }
  },
  {
   "type": "Feature",
   "id": "561:206",
   "geometry": {
    "type": "Polygon",
    "coordinates": [
     [
      [
       103.09184212324335,
       11.207345790283128
      ],
      [
       103.08748734946074,
       11.65929744071802
      ],
      [
       103.43138945256227,
       11.663763066057072
      ],
      [
       103.77529944466863,
       11.66763309563214
      ],
      [
       103.77856737014521,
       11.215662365231267
      ],
      [
       103.43520111390725,
       11.211801189352627
      ],
      [
       103.09184212324335,
       11.207345790283128
      ]
     ]
    ]
   },
   "properties": {
    "grid_id": "561:206",
    "sheet_number": "206",
    "geometry_source": "CartoMundi WKT",
    "parts_present": [
     "W",
     "E"
    ],
    "has_unclassified_records": false,
    "grid_codes": [
     "54936",
     "54937"
    ],
    "fkeys": [
     "60706",
     "60707"
    ],
    "map_ids": [
     "d53fd730-3d18-413d-b711-c1a21bb74e32",
     "f96d1436-5762-4120-8c52-c41234dc3ddc"
    ]
   }
  },
  {
   "type": "Feature",
   "id": "561:210",
   "geometry": {
    "type": "Polygon",
    "coordinates": [
     [
      [
       106.52672741669191,
       11.677148813451822
      ],
      [
       106.52563370705373,
       11.225156718059225
      ],
      [
       106.18224695485426,
       11.226050121136112
      ],
      [
       105.83885909054048,
       11.22634917568432
      ],
      [
       105.83886167948509,
       11.678344173753175
      ],
      [
       106.18279514995977,
       11.678044354592217
      ],
      [
       106.52672741669191,
       11.677148813451822
      ]
     ]
    ]
   },
   "properties": {
    "grid_id": "561:210",
    "sheet_number": "210",
    "geometry_source": "CartoMundi WKT",
    "parts_present": [
     "W",
     "E"
    ],
    "has_unclassified_records": false,
    "grid_codes": [
     "54944",
     "54946"
    ],
    "fkeys": [
     "60722",
     "60723",
     "60724",
     "60725"
    ],
    "map_ids": [
     "69c78109-7163-4434-bd24-1662e7b15a49",
     "968508c9-868f-4610-bb24-0ad49e9913a9"
    ]
   }
  },
  {
   "type": "Feature",
   "id": "561:43",
   "geometry": {
    "type": "Polygon",
    "coordinates": [
     [
      [
       101.86789275346922,
       21.12834798144047
      ],
      [
       102.22878174167533,
       21.134916070509348
      ],
      [
       102.2395667874157,
       20.683397807167935
      ],
      [
       101.87975218069616,
       20.676845435762203
      ],
      [
       101.86789275346922,
       21.12834798144047
      ]
     ]
    ]
   },
   "properties": {
    "grid_id": "561:43",
    "sheet_number": "43",
    "geometry_source": "CartoMundi WKT",
    "parts_present": [
     "E"
    ],
    "has_unclassified_records": false,
    "grid_codes": [
     "52259"
    ],
    "fkeys": [
     "60118",
     "60861"
    ],
    "map_ids": [
     "6eca3a2a-3c32-4a95-8fc6-21934716ac48"
    ]
   }
  },
  {
   "type": "Feature",
   "id": "561:44",
   "geometry": {
    "type": "Polygon",
    "coordinates": [
     [
      [
       102.59941319988617,
       20.689325996769085
      ],
      [
       102.2395667874157,
       20.683397807167935
      ],
      [
       102.22878174167533,
       21.134916070509348
      ],
      [
       102.58970373757819,
       21.140858474329235
      ],
      [
       102.59941319988617,
       20.689325996769085
      ]
     ]
    ]
   },
   "properties": {
    "grid_id": "561:44",
    "sheet_number": "44",
    "geometry_source": "CartoMundi WKT",
    "parts_present": [
     "W"
    ],
    "has_unclassified_records": false,
    "grid_codes": [
     "52263"
    ],
    "fkeys": [
     "60119"
    ],
    "map_ids": [
     "bcf2da50-f093-41aa-b1bf-a3c9e53d8b4e"
    ]
   }
  },
  {
   "type": "Feature",
   "id": "561:46",
   "geometry": {
    "type": "Polygon",
    "coordinates": [
     [
      [
       103.67911158283331,
       20.703364928504428
      ],
      [
       103.67263489672149,
       21.154931023273747
      ],
      [
       104.03365600913956,
       21.158370162684292
      ],
      [
       104.39469363977904,
       21.161183384374382
      ],
      [
       104.39901132751346,
       20.70960240282612
      ],
      [
       104.03905349699829,
       20.706795871883443
      ],
      [
       103.67911158283331,
       20.703364928504428
      ]
     ]
    ]
   },
   "properties": {
    "grid_id": "561:46",
    "sheet_number": "46",
    "geometry_source": "CartoMundi WKT",
    "parts_present": [
     "W",
     "E"
    ],
    "has_unclassified_records": false,
    "grid_codes": [
     "52269",
     "52273"
    ],
    "fkeys": [
     "60123",
     "60125"
    ],
    "map_ids": [
     "3c0fb979-fbf6-4451-8352-abfd657a0059",
     "b88f996a-4c14-4a61-b753-71a8b1a341b6"
    ]
   }
  },
  {
   "type": "Feature",
   "id": "561:56",
   "geometry": {
    "type": "Polygon",
    "coordinates": [
     [
      [
       102.2500667276478,
       20.231855498389166
      ],
      [
       102.2395667874157,
       20.683397807167935
      ],
      [
       102.59941319988617,
       20.689325996769085
      ],
      [
       102.95928825244454,
       20.69462994822193
      ],
      [
       102.96769289024277,
       20.243060835377506
      ],
      [
       102.608866020704,
       20.237769537317533
      ],
      [
       102.2500667276478,
       20.231855498389166
      ]
     ]
    ]
   },
   "properties": {
    "grid_id": "561:56",
    "sheet_number": "56",
    "geometry_source": "CartoMundi WKT",
    "parts_present": [
     "W",
     "E"
    ],
    "has_unclassified_records": false,
    "grid_codes": [
     "52309",
     "52311"
    ],
    "fkeys": [
     "60149",
     "60150"
    ],
    "map_ids": [
     "44176367-f159-472d-a9bd-6bd334a5737a",
     "97d155e5-ebb5-4402-8c4d-4fdb5fe8ccd6"
    ]
   }
  },
  {
   "type": "Feature",
   "id": "561:57",
   "geometry": {
    "type": "Polygon",
    "coordinates": [
     [
      [
       102.96769289024277,
       20.243060835377506
      ],
      [
       102.95928825244454,
       20.69462994822193
      ],
      [
       103.3191887722412,
       20.699309607616684
      ],
      [
       103.67911158283331,
       20.703364928504428
      ],
      [
       103.68541712730718,
       20.25177500392597
      ],
      [
       103.32654428019552,
       20.247729339817923
      ],
      [
       102.96769289024277,
       20.243060835377506
      ]
     ]
    ]
   },
   "properties": {
    "grid_id": "561:57",
    "sheet_number": "57",
    "geometry_source": "CartoMundi WKT",
    "parts_present": [
     "W",
     "E"
    ],
    "has_unclassified_records": false,
    "grid_codes": [
     "52313",
     "52315"
    ],
    "fkeys": [
     "60151",
     "60152"
    ],
    "map_ids": [
     "5dfc24fb-b2c5-43fe-b74a-6d5abb564f62",
     "bd52c73f-56ac-4115-a562-cbe7ec3544be"
    ]
   }
  },
  {
   "type": "Feature",
   "id": "561:59",
   "geometry": {
    "type": "Polygon",
    "coordinates": [
     [
      [
       104.40321493639334,
       20.25799765777785
      ],
      [
       104.39901132751346,
       20.70960240282612
      ],
      [
       104.75898187817309,
       20.711784495510926
      ],
      [
       105.11896195636456,
       20.71334212649191
      ],
      [
       105.12106173600185,
       20.261728557017847
      ],
      [
       104.76213375209468,
       20.260174589232776
      ],
      [
       104.40321493639334,
       20.25799765777785
      ]
     ]
    ]
   },
   "properties": {
    "grid_id": "561:59",
    "sheet_number": "59",
    "geometry_source": "CartoMundi WKT",
    "parts_present": [
     "W",
     "E"
    ],
    "has_unclassified_records": false,
    "grid_codes": [
     "52323",
     "52325"
    ],
    "fkeys": [
     "60156",
     "60157"
    ],
    "map_ids": [
     "42ac774a-ec13-4f0a-a9dc-0f6f72783d31",
     "9b67946f-3053-440b-9f05-ac07a1fb236b"
    ]
   }
  },
  {
   "type": "Feature",
   "id": "561:66",
   "geometry": {
    "type": "Polygon",
    "coordinates": [
     [
      [
       101.89129805636304,
       20.225318774025084
      ],
      [
       102.2500667276478,
       20.231855498389166
      ],
      [
       102.26028532451612,
       19.780289567603035
      ],
      [
       101.9025345163135,
       19.773768420231647
      ],
      [
       101.89129805636304,
       20.225318774025084
      ]
     ]
    ]
   },
   "properties": {
    "grid_id": "561:66",
    "sheet_number": "66",
    "geometry_source": "CartoMundi WKT",
    "parts_present": [
     "E"
    ],
    "has_unclassified_records": false,
    "grid_codes": [
     "52348"
    ],
    "fkeys": [
     "60172",
     "60173"
    ],
    "map_ids": [
     "2b289c7e-b8fb-4f91-8718-7baa688f6db4"
    ]
   }
  },
  {
   "type": "Feature",
   "id": "561:67",
   "geometry": {
    "type": "Polygon",
    "coordinates": [
     [
      [
       102.26028532451612,
       19.780289567603035
      ],
      [
       102.2500667276478,
       20.231855498389166
      ],
      [
       102.608866020704,
       20.237769537317533
      ],
      [
       102.96769289024277,
       20.243060835377506
      ],
      [
       102.97587238507796,
       19.79146822130828
      ],
      [
       102.61806559207018,
       19.786189519450446
      ],
      [
       102.26028532451612,
       19.780289567603035
      ]
     ]
    ]
   },
   "properties": {
    "grid_id": "561:67",
    "sheet_number": "67",
    "geometry_source": "CartoMundi WKT",
    "parts_present": [
     "W",
     "E"
    ],
    "has_unclassified_records": false,
    "grid_codes": [
     "52351",
     "52353"
    ],
    "fkeys": [
     "60174",
     "60175"
    ],
    "map_ids": [
     "03973ced-e945-4fa1-923b-b66a526eabf8",
     "90b6dcd2-269e-4829-9d22-32e92c5d68ee"
    ]
   }
  },
  {
   "type": "Feature",
   "id": "561:70",
   "geometry": {
    "type": "Polygon",
    "coordinates": [
     [
      [
       104.76520122570213,
       19.80854136302294
      ],
      [
       104.4073059809782,
       19.806369572071006
      ],
      [
       104.40321493639334,
       20.25799765777785
      ],
      [
       104.76213375209468,
       20.260174589232776
      ],
      [
       104.76520122570213,
       19.80854136302294
      ]
     ]
    ]
   },
   "properties": {
    "grid_id": "561:70",
    "sheet_number": "70",
    "geometry_source": "CartoMundi WKT",
    "parts_present": [
     "W"
    ],
    "has_unclassified_records": false,
    "grid_codes": [
     "52363"
    ],
    "fkeys": [
     "60181"
    ],
    "map_ids": [
     "8e4520ca-5fd9-457b-9647-8a1f374d68ea"
    ]
   }
  },
  {
   "type": "Feature",
   "id": "561:77",
   "geometry": {
    "type": "Polygon",
    "coordinates": [
     [
      [
       102.9838296510849,
       19.339852533828235
      ],
      [
       102.97587238507796,
       19.79146822130828
      ],
      [
       103.3337027678451,
       19.796125619946167
      ],
      [
       103.69155379569409,
       19.800161670116722
      ],
      [
       103.69752376910364,
       19.34852535593619
      ],
      [
       103.3406667899986,
       19.34449887685909
      ],
      [
       102.9838296510849,
       19.339852533828235
      ]
     ]
    ]
   },
   "properties": {
    "grid_id": "561:77",
    "sheet_number": "77",
    "geometry_source": "CartoMundi WKT",
    "parts_present": [
     "W",
     "E"
    ],
    "has_unclassified_records": false,
    "grid_codes": [
     "52378",
     "52382"
    ],
    "fkeys": [
     "60192",
     "60193",
     "60195"
    ],
    "map_ids": [
     "38d8877f-64e9-42cf-bb98-8ac90c5d3c8f",
     "c7b7949d-de54-4341-8616-a256dddd5771"
    ]
   }
  },
  {
   "type": "Feature",
   "id": "561:79",
   "geometry": {
    "type": "Polygon",
    "coordinates": [
     [
      [
       104.41128591294557,
       19.354718571455038
      ],
      [
       104.4073059809782,
       19.806369572071006
      ],
      [
       104.76520122570213,
       19.80854136302294
      ],
      [
       105.12310529188211,
       19.81009168551695
      ],
      [
       105.12509335164076,
       19.358431938886255
      ],
      [
       104.76818539314333,
       19.356885246255047
      ],
      [
       104.41128591294557,
       19.354718571455038
      ]
     ]
    ]
   },
   "properties": {
    "grid_id": "561:79",
    "sheet_number": "79",
    "geometry_source": "CartoMundi WKT",
    "parts_present": [
     "W",
     "E"
    ],
    "has_unclassified_records": false,
    "grid_codes": [
     "52391",
     "52393"
    ],
    "fkeys": [
     "60199",
     "60200"
    ],
    "map_ids": [
     "0e8e7be8-6d77-43f7-96a4-a53fc1c65368",
     "16e9af6c-2c30-450e-8aaf-3dac8be15f62"
    ]
   }
  },
  {
   "type": "Feature",
   "id": "561:80",
   "geometry": {
    "type": "Polygon",
    "coordinates": [
     [
      [
       105.12310529188211,
       19.81009168551695
      ],
      [
       105.4810152168744,
       19.811020522226286
      ],
      [
       105.9820933084333,
       19.81127678472828
      ],
      [
       105.98168999182019,
       19.35961438644088
      ],
      [
       105.48200693898174,
       19.359358631390407
      ],
      [
       105.12509335164076,
       19.358431938886255
      ],
      [
       105.12310529188211,
       19.81009168551695
      ]
     ]
    ]
   },
   "properties": {
    "grid_id": "561:80",
    "sheet_number": "80",
    "geometry_source": "CartoMundi WKT",
    "parts_present": [
     "W",
     "E"
    ],
    "has_unclassified_records": false,
    "grid_codes": [
     "52395",
     "52399"
    ],
    "fkeys": [
     "60201",
     "60202",
     "60203",
     "60204"
    ],
    "map_ids": [
     "283ae0d8-dca7-4a2d-a86e-1e56dc08527e",
     "5a859801-db39-4998-969a-d86e3ea5c63e"
    ]
   }
  },
  {
   "type": "Feature",
   "id": "561:86",
   "geometry": {
    "type": "Polygon",
    "coordinates": [
     [
      [
       103.69752376910364,
       19.34852535593619
      ],
      [
       104.0543977587069,
       19.35193193216007
      ],
      [
       104.41128591294557,
       19.354718571455038
      ],
      [
       104.41515614624372,
       18.903045089916432
      ],
      [
       104.05923585306184,
       18.90026502284053
      ],
      [
       103.70332916576325,
       18.896866497121394
      ],
      [
       103.69752376910364,
       19.34852535593619
      ]
     ]
    ]
   },
   "properties": {
    "grid_id": "561:86",
    "sheet_number": "86",
    "geometry_source": "CartoMundi WKT",
    "parts_present": [
     "W",
     "E"
    ],
    "has_unclassified_records": false,
    "grid_codes": [
     "52412",
     "52416"
    ],
    "fkeys": [
     "60210",
     "60211",
     "60215",
     "60216"
    ],
    "map_ids": [
     "6b40af90-88e3-444c-b8c8-1757809bbdc7",
     "ec38e660-4e32-4a88-abc8-aaf4d591b34f"
    ]
   }
  },
  {
   "type": "Feature",
   "id": "561:87",
   "geometry": {
    "type": "Polygon",
    "coordinates": [
     [
      [
       104.41515614624372,
       18.903045089916432
      ],
      [
       104.41128591294557,
       19.354718571455038
      ],
      [
       104.76818539314333,
       19.356885246255047
      ],
      [
       105.12509335164076,
       19.358431938886255
      ],
      [
       105.12702661776035,
       18.906749750390574
      ],
      [
       104.7710873126338,
       18.90520667307456
      ],
      [
       104.41515614624372,
       18.903045089916432
      ]
     ]
    ]
   },
   "properties": {
    "grid_id": "561:87",
    "sheet_number": "87",
    "geometry_source": "CartoMundi WKT",
    "parts_present": [
     "W",
     "E"
    ],
    "has_unclassified_records": false,
    "grid_codes": [
     "52421",
     "52422"
    ],
    "fkeys": [
     "60217",
     "60218"
    ],
    "map_ids": [
     "6e6c2e02-8b2c-49f2-beaa-e3aa09a67dcf",
     "b3d24e3f-eeb0-47dc-9d81-3456c27794ba"
    ]
   }
  },
  {
   "type": "Feature",
   "id": "561:88",
   "geometry": {
    "type": "Polygon",
    "coordinates": [
     [
      [
       105.12702661776035,
       18.906749750390574
      ],
      [
       105.12509335164076,
       19.358431938886255
      ],
      [
       105.48200693898174,
       19.359358631390407
      ],
      [
       105.98168999182019,
       19.35961438644088
      ],
      [
       105.98129778916376,
       18.907929558820754
      ],
      [
       105.48297132894827,
       18.90767430838335
      ],
      [
       105.12702661776035,
       18.906749750390574
      ]
     ]
    ]
   },
   "properties": {
    "grid_id": "561:88",
    "sheet_number": "88",
    "geometry_source": "CartoMundi WKT",
    "parts_present": [
     "W",
     "E"
    ],
    "has_unclassified_records": false,
    "grid_codes": [
     "52423",
     "52428"
    ],
    "fkeys": [
     "60219",
     "60222",
     "60223"
    ],
    "map_ids": [
     "329da7e0-8e4e-4b24-8928-ccac16a1e345",
     "65366fa5-092a-4225-a576-69e83bf4c647"
    ]
   }
  },
  {
   "type": "Feature",
   "id": "561:91",
   "geometry": {
    "type": "Polygon",
    "coordinates": [
     [
      [
       102.64417700867193,
       18.431312437271174
      ],
      [
       102.2892888366324,
       18.425454369088698
      ],
      [
       102.27989292229117,
       18.877088563595095
      ],
      [
       102.63571797249338,
       18.88296053245756
      ],
      [
       102.64417700867193,
       18.431312437271174
      ]
     ]
    ]
   },
   "properties": {
    "grid_id": "561:91",
    "sheet_number": "91",
    "geometry_source": "CartoMundi WKT",
    "parts_present": [
     "W"
    ],
    "has_unclassified_records": false,
    "grid_codes": [
     "52434"
    ],
    "fkeys": [
     "60225"
    ],
    "map_ids": [
     "3736d5e0-7447-44d8-949b-b5364366ce2c"
    ]
   }
  },
  {
   "type": "Feature",
   "id": "561:94",
   "geometry": {
    "type": "Polygon",
    "coordinates": [
     [
      [
       104.41891803912534,
       18.451349567862252
      ],
      [
       104.41515614624372,
       18.903045089916432
      ],
      [
       104.7710873126338,
       18.90520667307456
      ],
      [
       105.12702661776035,
       18.906749750390574
      ],
      [
       105.12890577296047,
       18.455045559529694
      ],
      [
       104.77390800286298,
       18.45350608053633
      ],
      [
       104.41891803912534,
       18.451349567862252
      ]
     ]
    ]
   },
   "properties": {
    "grid_id": "561:94",
    "sheet_number": "94",
    "geometry_source": "CartoMundi WKT",
    "parts_present": [
     "W",
     "E"
    ],
    "has_unclassified_records": false,
    "grid_codes": [
     "52455",
     "52457"
    ],
    "fkeys": [
     "60237",
     "60238"
    ],
    "map_ids": [
     "4da1d33d-6b29-4fd7-a846-7e8473a449e4",
     "57f24746-d879-45ae-9ce0-0b69b5e087a4"
    ]
   }
  },
  {
   "type": "Feature",
   "id": "561:95",
   "geometry": {
    "type": "Polygon",
    "coordinates": [
     [
      [
       105.12890577296047,
       18.455045559529694
      ],
      [
       105.12702661776035,
       18.906749750390574
      ],
      [
       105.48297132894827,
       18.90767430838335
      ],
      [
       105.98129778916376,
       18.907929558820754
      ],
      [
       105.98091656571674,
       18.456222739811253
      ],
      [
       105.48390872633715,
       18.455967990762147
      ],
      [
       105.12890577296047,
       18.455045559529694
      ]
     ]
    ]
   },
   "properties": {
    "grid_id": "561:95",
    "sheet_number": "95",
    "geometry_source": "CartoMundi WKT",
    "parts_present": [
     "W",
     "E"
    ],
    "has_unclassified_records": false,
    "grid_codes": [
     "52459",
     "52463"
    ],
    "fkeys": [
     "60239",
     "60240",
     "60241"
    ],
    "map_ids": [
     "4e7b87fc-2f55-4e43-b5a5-9794b664dca3",
     "99adde4f-9d56-4a66-b186-6c8e81b63d39"
    ]
   }
  },
  {
   "type": "Feature",
   "id": "561:100",
   "geometry": {
    "type": "Polygon",
    "coordinates": [
     [
      [
       102.99908866446965,
       18.436553686207063
      ],
      [
       103.35402120430112,
       18.441178066589757
      ],
      [
       103.70897202305198,
       18.44518553103191
      ],
      [
       103.71445431367017,
       17.993482902873154
      ],
      [
       103.36041628026605,
       17.989484882946925
      ],
      [
       103.00639575862007,
       17.984871412035517
      ],
      [
       102.99908866446965,
       18.436553686207063
      ]
     ]
    ]
   },
   "properties": {
    "grid_id": "561:100",
    "sheet_number": "100",
    "geometry_source": "CartoMundi WKT",
    "parts_present": [
     "W",
     "E"
    ],
    "has_unclassified_records": false,
    "grid_codes": [
     "52475",
     "52480"
    ],
    "fkeys": [
     "60247",
     "60248",
     "60250",
     "60251"
    ],
    "map_ids": [
     "c2e4834c-c81d-4666-a264-42587589851a",
     "ea1c8a7d-775c-49bc-9896-5040f07ac4c6"
    ]
   }
  },
  {
   "type": "Feature",
   "id": "561:101",
   "geometry": {
    "type": "Polygon",
    "coordinates": [
     [
      [
       103.70897202305198,
       18.44518553103191
      ],
      [
       104.06393850662472,
       18.448576042575183
      ],
      [
       104.41891803912534,
       18.451349567862252
      ],
      [
       104.42257290852062,
       17.999632448162714
      ],
      [
       104.06850735971933,
       17.99686543673593
      ],
      [
       103.71445431367017,
       17.993482902873154
      ],
      [
       103.70897202305198,
       18.44518553103191
      ]
     ]
    ]
   },
   "properties": {
    "grid_id": "561:101",
    "sheet_number": "101",
    "geometry_source": "CartoMundi WKT",
    "parts_present": [
     "W",
     "E"
    ],
    "has_unclassified_records": false,
    "grid_codes": [
     "52485",
     "52490"
    ],
    "fkeys": [
     "60253",
     "60254",
     "60256",
     "60257"
    ],
    "map_ids": [
     "10c5ebee-97b0-4dd8-a7f1-482442a60b9f",
     "634d132b-6b8e-47b2-87e2-37a3e3495c63"
    ]
   }
  },
  {
   "type": "Feature",
   "id": "561:102",
   "geometry": {
    "type": "Polygon",
    "coordinates": [
     [
      [
       104.41891803912534,
       18.451349567862252
      ],
      [
       104.77390800286298,
       18.45350608053633
      ],
      [
       105.12890577296047,
       18.455045559529694
      ],
      [
       105.1307314712147,
       18.00331980979297
      ],
      [
       104.77664844838449,
       18.00178391314786
      ],
      [
       104.42257290852062,
       17.999632448162714
      ],
      [
       104.41891803912534,
       18.451349567862252
      ]
     ]
    ]
   },
   "properties": {
    "grid_id": "561:102",
    "sheet_number": "102",
    "geometry_source": "CartoMundi WKT",
    "parts_present": [
     "W",
     "E"
    ],
    "has_unclassified_records": false,
    "grid_codes": [
     "52495",
     "52499"
    ],
    "fkeys": [
     "60259",
     "60260",
     "60262",
     "60263"
    ],
    "map_ids": [
     "38518ffe-3e88-4469-a162-abd10c4a4b32",
     "51288411-20dc-4e5c-b0a0-db91ed754018"
    ]
   }
  },
  {
   "type": "Feature",
   "id": "561:103",
   "geometry": {
    "type": "Polygon",
    "coordinates": [
     [
      [
       105.12890577296047,
       18.455045559529694
      ],
      [
       105.48390872633715,
       18.455967990762147
      ],
      [
       105.83891423631913,
       18.456273367136944
      ],
      [
       105.83890989206644,
       18.004544850022327
      ],
      [
       105.48481945813515,
       18.004240125136235
      ],
      [
       105.1307314712147,
       18.00331980979297
      ],
      [
       105.12890577296047,
       18.455045559529694
      ]
     ]
    ]
   },
   "properties": {
    "grid_id": "561:103",
    "sheet_number": "103",
    "geometry_source": "CartoMundi WKT",
    "parts_present": [
     "W",
     "E"
    ],
    "has_unclassified_records": false,
    "grid_codes": [
     "52503",
     "52510"
    ],
    "fkeys": [
     "60265",
     "60269",
     "60270",
     "60271"
    ],
    "map_ids": [
     "18cf8ecc-5dc4-410f-8507-14c2dd08151e",
     "af1c3c1f-23e3-42ed-b1e7-817294de015e"
    ]
   }
  },
  {
   "type": "Feature",
   "id": "561:109",
   "geometry": {
    "type": "Polygon",
    "coordinates": [
     [
      [
       104.42257290852062,
       17.999632448162714
      ],
      [
       104.77664844838449,
       18.00178391314786
      ],
      [
       105.1307314712147,
       18.00331980979297
      ],
      [
       105.13250434853018,
       17.551572951133238
      ],
      [
       104.77930960500576,
       17.55004062024794
      ],
      [
       104.42612202105416,
       17.547894180313392
      ],
      [
       104.42257290852062,
       17.999632448162714
      ]
     ]
    ]
   },
   "properties": {
    "grid_id": "561:109",
    "sheet_number": "109",
    "geometry_source": "CartoMundi WKT",
    "parts_present": [
     "W",
     "E"
    ],
    "has_unclassified_records": false,
    "grid_codes": [
     "52525",
     "52530"
    ],
    "fkeys": [
     "60277",
     "60278",
     "60280",
     "60282"
    ],
    "map_ids": [
     "a14c47f9-37a0-4118-955a-b5adea93cb4e",
     "cf74a1ab-79c2-4c98-9007-20225ffa35f9"
    ]
   }
  },
  {
   "type": "Feature",
   "id": "561:120",
   "geometry": {
    "type": "Polygon",
    "coordinates": [
     [
      [
       107.24488628743688,
       16.644333423479836
      ],
      [
       107.24823545654772,
       17.096111964240464
      ],
      [
       107.60055148423088,
       17.09335208563074
      ],
      [
       107.59636680105746,
       16.641580134191685
      ],
      [
       107.24488628743688,
       16.644333423479836
      ]
     ]
    ]
   },
   "properties": {
    "grid_id": "561:120",
    "sheet_number": "120",
    "geometry_source": "CartoMundi WKT",
    "parts_present": [],
    "has_unclassified_records": true,
    "grid_codes": [
     "52585"
    ],
    "fkeys": [
     "60317",
     "60318"
    ],
    "map_ids": [
     "1f8b34e6-bdc8-4c29-b7fb-bf411f3d0d7f"
    ]
   }
  },
  {
   "type": "Feature",
   "id": "561:110",
   "geometry": {
    "type": "Polygon",
    "coordinates": [
     [
      [
       105.13250434853018,
       17.551572951133238
      ],
      [
       105.1307314712147,
       18.00331980979297
      ],
      [
       105.48481945813515,
       18.004240125136235
      ],
      [
       105.83890989206644,
       18.004544850022327
      ],
      [
       105.83890567357787,
       17.552795235634193
      ],
      [
       105.48570384054919,
       17.55249115943016
      ],
      [
       105.13250434853018,
       17.551572951133238
      ]
     ]
    ]
   },
   "properties": {
    "grid_id": "561:110",
    "sheet_number": "110",
    "geometry_source": "CartoMundi WKT",
    "parts_present": [
     "W",
     "E"
    ],
    "has_unclassified_records": false,
    "grid_codes": [
     "52535",
     "52539"
    ],
    "fkeys": [
     "60283",
     "60285",
     "60286"
    ],
    "map_ids": [
     "00be6ac3-8fd5-4ac7-be8f-18313ba2dd2a",
     "b3b427b3-26d3-4646-9159-f6d09f6a54b1"
    ]
   }
  },
  {
   "type": "Feature",
   "id": "561:111",
   "geometry": {
    "type": "Polygon",
    "coordinates": [
     [
      [
       106.19210739346964,
       17.55248517945156
      ],
      [
       105.83890567357787,
       17.552795235634193
      ],
      [
       105.83890989206644,
       18.004544850022327
      ],
      [
       106.1930002559291,
       18.00423398080872
      ],
      [
       106.19300025588157,
       18.004233956759876
      ],
      [
       106.68872185334891,
       18.00276454916724
      ],
      [
       106.68658519966584,
       17.551019335888938
      ],
      [
       106.19210739341878,
       17.552485153717427
      ],
      [
       106.19210739346964,
       17.55248517945156
      ]
     ]
    ]
   },
   "properties": {
    "grid_id": "561:111",
    "sheet_number": "111",
    "geometry_source": "CartoMundi WKT",
    "parts_present": [
     "W",
     "E"
    ],
    "has_unclassified_records": false,
    "grid_codes": [
     "52544",
     "52545"
    ],
    "fkeys": [
     "60288",
     "60289"
    ],
    "map_ids": [
     "61272041-c511-4384-91af-f4694954f79c",
     "a2115438-ffb3-4251-9bf7-5e71ff8a14bd"
    ]
   }
  },
  {
   "type": "Feature",
   "id": "561:113",
   "geometry": {
    "type": "Polygon",
    "coordinates": [
     [
      [
       105.13250434853018,
       17.551572951133238
      ],
      [
       105.48570384054919,
       17.55249115943016
      ],
      [
       105.83890567357787,
       17.552795235634193
      ],
      [
       105.8389015790568,
       17.101024979158012
      ],
      [
       105.48656218080316,
       17.100721548395995
      ],
      [
       105.13422501576139,
       17.099805436957823
      ],
      [
       105.13250434853018,
       17.551572951133238
      ]
     ]
    ]
   },
   "properties": {
    "grid_id": "561:113",
    "sheet_number": "113",
    "geometry_source": "CartoMundi WKT",
    "parts_present": [
     "W",
     "E"
    ],
    "has_unclassified_records": false,
    "grid_codes": [
     "52550",
     "52554"
    ],
    "fkeys": [
     "60292",
     "60293",
     "60295",
     "60296"
    ],
    "map_ids": [
     "6a4b42da-c26d-4370-9d62-45e766777ca9",
     "ef0c22d1-720b-4f0e-9f42-814b700131c3"
    ]
   }
  },
  {
   "type": "Feature",
   "id": "561:118",
   "geometry": {
    "type": "Polygon",
    "coordinates": [
     [
      [
       106.54357786926437,
       17.09979380458543
      ],
      [
       106.54190088171556,
       16.64800642196984
      ],
      [
       106.19040037878328,
       16.64892609745749
      ],
      [
       105.83889760850322,
       16.649234540954325
      ],
      [
       105.8389015790568,
       17.101024979158012
      ],
      [
       106.19124091083506,
       17.100715730521316
      ],
      [
       106.54357786926437,
       17.09979380458543
      ]
     ]
    ]
   },
   "properties": {
    "grid_id": "561:118",
    "sheet_number": "118",
    "geometry_source": "CartoMundi WKT",
    "parts_present": [
     "W",
     "E"
    ],
    "has_unclassified_records": false,
    "grid_codes": [
     "52573",
     "52575"
    ],
    "fkeys": [
     "60310",
     "60311"
    ],
    "map_ids": [
     "1a47d0a9-0b84-4dbc-a9b0-4822d70a4ad9",
     "3fd3527b-a79b-4556-aba3-6aba93d0cc0d"
    ]
   }
  },
  {
   "type": "Feature",
   "id": "561:142",
   "geometry": {
    "type": "Polygon",
    "coordinates": [
     [
      [
       107.93369218704699,
       15.282806842253663
      ],
      [
       107.92927717224141,
       14.830966445838058
      ],
      [
       107.58089474501652,
       14.83429909562608
      ],
      [
       107.2325032843331,
       14.837026308183269
      ],
      [
       107.23544910988139,
       15.288881079036685
      ],
      [
       107.58457541223015,
       15.286147390197357
      ],
      [
       107.93369218704699,
       15.282806842253663
      ]
     ]
    ]
   },
   "properties": {
    "grid_id": "561:142",
    "sheet_number": "142",
    "geometry_source": "CartoMundi WKT",
    "parts_present": [
     "W",
     "E"
    ],
    "has_unclassified_records": false,
    "grid_codes": [
     "52737",
     "52740"
    ],
    "fkeys": [
     "60400",
     "60402"
    ],
    "map_ids": [
     "02e923e5-efbb-4c55-bd67-962f7fae8e33",
     "bce71023-a522-4b30-91ea-d01602e1c50d"
    ]
   }
  },
  {
   "type": "Feature",
   "id": "561:121",
   "geometry": {
    "type": "Polygon",
    "coordinates": [
     [
      [
       104.76344746453587,
       16.194565414220122
      ],
      [
       104.7609647187199,
       16.646369017009405
      ],
      [
       105.13589402267722,
       16.64801770178579
      ],
      [
       105.13751202504781,
       16.19621026592945
      ],
      [
       104.76344746453587,
       16.194565414220122
      ]
     ]
    ]
   },
   "properties": {
    "grid_id": "561:121",
    "sheet_number": "121",
    "geometry_source": "CartoMundi WKT",
    "parts_present": [],
    "has_unclassified_records": true,
    "grid_codes": [
     "52590"
    ],
    "fkeys": [
     "60320"
    ],
    "map_ids": [
     "9326f1f0-2190-4068-9ded-772bb5a8c832"
    ]
   }
  },
  {
   "type": "Feature",
   "id": "561:124",
   "geometry": {
    "type": "Polygon",
    "coordinates": [
     [
      [
       107.24488628743688,
       16.644333423479836
      ],
      [
       107.24163956938757,
       16.192535114485338
      ],
      [
       106.8909605524264,
       16.194672095446677
      ],
      [
       106.54027518437621,
       16.19619931010817
      ],
      [
       106.54190088171556,
       16.64800642196984
      ],
      [
       106.8933969164276,
       16.646475526346165
      ],
      [
       107.24488628743688,
       16.644333423479836
      ]
     ]
    ]
   },
   "properties": {
    "grid_id": "561:124",
    "sheet_number": "124",
    "geometry_source": "CartoMundi WKT",
    "parts_present": [
     "W",
     "E"
    ],
    "has_unclassified_records": false,
    "grid_codes": [
     "52606",
     "52608"
    ],
    "fkeys": [
     "60329",
     "60330"
    ],
    "map_ids": [
     "6c42c7e0-bfb6-45ea-a4a7-dbf507f2e229",
     "b99455b8-0b70-4dee-9457-071f7cf6e73d"
    ]
   }
  },
  {
   "type": "Feature",
   "id": "561:125",
   "geometry": {
    "type": "Polygon",
    "coordinates": [
     [
      [
       107.94783626180676,
       16.638215687235657
      ],
      [
       107.9429701705577,
       16.186431941316144
      ],
      [
       107.59231013679512,
       16.18978838709762
      ],
      [
       107.24163956938757,
       16.192535114485338
      ],
      [
       107.24488628743688,
       16.644333423479836
      ],
      [
       107.59636680105746,
       16.641580134191685
      ],
      [
       107.94783626180676,
       16.638215687235657
      ]
     ]
    ]
   },
   "properties": {
    "grid_id": "561:125",
    "sheet_number": "125",
    "geometry_source": "CartoMundi WKT",
    "parts_present": [
     "W",
     "E"
    ],
    "has_unclassified_records": false,
    "grid_codes": [
     "52610",
     "52615"
    ],
    "fkeys": [
     "60331",
     "60332",
     "60334",
     "60335"
    ],
    "map_ids": [
     "b5bdbead-dd62-4a7c-b935-9e237211fcc6",
     "be1b968e-262c-412b-93c7-098c4f8d0555"
    ]
   }
  },
  {
   "type": "Feature",
   "id": "561:129",
   "geometry": {
    "type": "Polygon",
    "coordinates": [
     [
      [
       106.54027518437621,
       16.19619931010817
      ],
      [
       106.53870022568073,
       15.744372938534994
      ],
      [
       106.18879615836575,
       15.745288140584734
      ],
      [
       105.83889003031551,
       15.745594986379928
      ],
      [
       105.83889376012056,
       16.19742438800054
      ],
      [
       106.18958555292167,
       16.1971167450248
      ],
      [
       106.54027518437621,
       16.19619931010817
      ]
     ]
    ]
   },
   "properties": {
    "grid_id": "561:129",
    "sheet_number": "129",
    "geometry_source": "CartoMundi WKT",
    "parts_present": [
     "W",
     "E"
    ],
    "has_unclassified_records": false,
    "grid_codes": [
     "52639",
     "52643"
    ],
    "fkeys": [
     "60348",
     "60350"
    ],
    "map_ids": [
     "2705faf5-537d-4786-90a6-c278779d03ac",
     "59ccd22b-c179-467c-8e60-619554a72c13"
    ]
   }
  },
  {
   "type": "Feature",
   "id": "561:130",
   "geometry": {
    "type": "Polygon",
    "coordinates": [
     [
      [
       107.24163956938757,
       16.192535114485338
      ],
      [
       107.2384941956753,
       15.740717506881708
      ],
      [
       106.8886002362039,
       15.742849389304453
      ],
      [
       106.53870022568073,
       15.744372938534994
      ],
      [
       106.54027518437621,
       16.19619931010817
      ],
      [
       106.8909605524264,
       16.194672095446677
      ],
      [
       107.24163956938757,
       16.192535114485338
      ]
     ]
    ]
   },
   "properties": {
    "grid_id": "561:130",
    "sheet_number": "130",
    "geometry_source": "CartoMundi WKT",
    "parts_present": [
     "W",
     "E"
    ],
    "has_unclassified_records": false,
    "grid_codes": [
     "52647",
     "52649"
    ],
    "fkeys": [
     "60352",
     "60353"
    ],
    "map_ids": [
     "c46c6f64-8a24-4d88-a68c-ca8cb3ec2009",
     "cd6025f9-4e9b-46ab-8554-94053bcb6e97"
    ]
   }
  },
  {
   "type": "Feature",
   "id": "561:132",
   "geometry": {
    "type": "Polygon",
    "coordinates": [
     [
      [
       108.64425028640886,
       16.17789002856101
      ],
      [
       108.63796977079546,
       15.726107154365096
      ],
      [
       108.2881198880618,
       15.730672101821213
      ],
      [
       107.938256009576,
       15.73462883511543
      ],
      [
       107.9429701705577,
       16.186431941316144
      ],
      [
       108.29361758119386,
       16.182465809888754
      ],
      [
       108.64425028640886,
       16.17789002856101
      ]
     ]
    ]
   },
   "properties": {
    "grid_id": "561:132",
    "sheet_number": "132",
    "geometry_source": "CartoMundi WKT",
    "parts_present": [
     "W",
     "E"
    ],
    "has_unclassified_records": false,
    "grid_codes": [
     "52659",
     "52666"
    ],
    "fkeys": [
     "60359",
     "60360",
     "60363",
     "60364"
    ],
    "map_ids": [
     "40901d43-3ba9-40c5-92e9-e571fae47016",
     "d381f1c3-5d92-4b25-8e36-0106480d525e"
    ]
   }
  },
  {
   "type": "Feature",
   "id": "561:133",
   "geometry": {
    "type": "Polygon",
    "coordinates": [
     [
      [
       105.83888637776555,
       15.293746782958678
      ],
      [
       105.41991184358795,
       15.293312891762213
      ],
      [
       105.41900271797769,
       15.745160140473402
      ],
      [
       105.83888998719635,
       15.745594956983311
      ],
      [
       105.83888637776555,
       15.293746782958678
      ]
     ]
    ]
   },
   "properties": {
    "grid_id": "561:133",
    "sheet_number": "133",
    "geometry_source": "CartoMundi WKT",
    "parts_present": [
     "E"
    ],
    "has_unclassified_records": false,
    "grid_codes": [
     "52670"
    ],
    "fkeys": [
     "60366"
    ],
    "map_ids": [
     "468666e9-3c2c-4031-b226-04c1ff3baa45"
    ]
   }
  },
  {
   "type": "Feature",
   "id": "561:135",
   "geometry": {
    "type": "Polygon",
    "coordinates": [
     [
      [
       107.2384941956753,
       15.740717506881708
      ],
      [
       107.23544910988139,
       15.288881079036685
      ],
      [
       106.88631516646285,
       15.291007883981521
      ],
      [
       106.53717547562312,
       15.292527783644118
      ],
      [
       106.53870022568073,
       15.744372938534994
      ],
      [
       106.8886002362039,
       15.742849389304453
      ],
      [
       107.2384941956753,
       15.740717506881708
      ]
     ]
    ]
   },
   "properties": {
    "grid_id": "561:135",
    "sheet_number": "135",
    "geometry_source": "CartoMundi WKT",
    "parts_present": [
     "W",
     "E"
    ],
    "has_unclassified_records": false,
    "grid_codes": [
     "52686",
     "52688"
    ],
    "fkeys": [
     "60373",
     "60374"
    ],
    "map_ids": [
     "07d62603-5fe6-4c34-82eb-c7d5161eae4b",
     "6daf5d5b-f23f-4b55-8e35-5296a07cf9a9"
    ]
   }
  },
  {
   "type": "Feature",
   "id": "561:136",
   "geometry": {
    "type": "Polygon",
    "coordinates": [
     [
      [
       107.938256009576,
       15.73462883511543
      ],
      [
       107.93369218704699,
       15.282806842253663
      ],
      [
       107.58457541223015,
       15.286147390197357
      ],
      [
       107.23544910988139,
       15.288881079036685
      ],
      [
       107.2384941956753,
       15.740717506881708
      ],
      [
       107.58838011702154,
       15.737977313632157
      ],
      [
       107.938256009576,
       15.73462883511543
      ]
     ]
    ]
   },
   "properties": {
    "grid_id": "561:136",
    "sheet_number": "136",
    "geometry_source": "CartoMundi WKT",
    "parts_present": [
     "W",
     "E"
    ],
    "has_unclassified_records": false,
    "grid_codes": [
     "52690",
     "52694"
    ],
    "fkeys": [
     "60375",
     "60376",
     "60378"
    ],
    "map_ids": [
     "54f97629-6c09-4168-ae68-9f60b8644948",
     "6bd7a6dd-5863-44d0-9cf1-21940df72f24"
    ]
   }
  },
  {
   "type": "Feature",
   "id": "561:138",
   "geometry": {
    "type": "Polygon",
    "coordinates": [
     [
      [
       109.3376196528151,
       15.715152793801693
      ],
      [
       109.33002636439835,
       15.263376799502055
      ],
      [
       108.9809665122278,
       15.269144401802833
      ],
      [
       108.63188961542306,
       15.274305307795558
      ],
      [
       108.63796977079546,
       15.726107154365096
      ],
      [
       108.98780368328003,
       15.720934034851467
      ],
      [
       109.3376196528151,
       15.715152793801693
      ]
     ]
    ]
   },
   "properties": {
    "grid_id": "561:138",
    "sheet_number": "138",
    "geometry_source": "CartoMundi WKT",
    "parts_present": [
     "W",
     "E"
    ],
    "has_unclassified_records": false,
    "grid_codes": [
     "52710",
     "52715"
    ],
    "fkeys": [
     "60387",
     "60388",
     "60390",
     "60391"
    ],
    "map_ids": [
     "1f025a9f-ea9e-4816-ad35-edfba60bf518",
     "611af307-111a-4198-b954-ed364ea4df57"
    ]
   }
  },
  {
   "type": "Feature",
   "id": "561:139",
   "geometry": {
    "type": "Polygon",
    "coordinates": [
     [
      [
       105.42079138587927,
       14.841447391164593
      ],
      [
       105.41991189030034,
       15.293312928155373
      ],
      [
       105.83888641908804,
       15.293746814152769
      ],
      [
       105.83888292643823,
       14.841880351521183
      ],
      [
       105.49047318324216,
       14.841580102180103
      ],
      [
       105.42079138587927,
       14.841447391164593
      ]
     ]
    ]
   },
   "properties": {
    "grid_id": "561:139",
    "sheet_number": "139",
    "geometry_source": "CartoMundi WKT",
    "parts_present": [],
    "has_unclassified_records": true,
    "grid_codes": [
     "52722"
    ],
    "fkeys": [
     "60393",
     "60394"
    ],
    "map_ids": [
     "bf56551b-49da-426e-8785-5cccf9a3c4e2"
    ]
   }
  },
  {
   "type": "Feature",
   "id": "561:140",
   "geometry": {
    "type": "Polygon",
    "coordinates": [
     [
      [
       105.83888292643823,
       14.841880351521183
      ],
      [
       105.83888641908804,
       15.293746814152769
      ],
      [
       106.18803192921422,
       15.293440763500328
      ],
      [
       106.18729260495557,
       14.841575090089975
      ],
      [
       105.83888292643823,
       14.841880351521183
      ]
     ]
    ]
   },
   "properties": {
    "grid_id": "561:140",
    "sheet_number": "140",
    "geometry_source": "CartoMundi WKT",
    "parts_present": [
     "W"
    ],
    "has_unclassified_records": false,
    "grid_codes": [
     "52728"
    ],
    "fkeys": [
     "60396",
     "60397"
    ],
    "map_ids": [
     "9f4f3b60-0538-4605-a126-ec9dfe94a5b6"
    ]
   }
  },
  {
   "type": "Feature",
   "id": "561:143",
   "geometry": {
    "type": "Polygon",
    "coordinates": [
     [
      [
       108.63188961542306,
       15.274305307795558
      ],
      [
       108.62600777931932,
       14.822484969485188
      ],
      [
       108.27764877656378,
       14.827028391642756
      ],
      [
       107.92927717224141,
       14.830966445838058
      ],
      [
       107.93369218704699,
       15.282806842253663
      ],
      [
       108.28279754966644,
       15.278859470336883
      ],
      [
       108.63188961542306,
       15.274305307795558
      ]
     ]
    ]
   },
   "properties": {
    "grid_id": "561:143",
    "sheet_number": "143",
    "geometry_source": "CartoMundi WKT",
    "parts_present": [
     "W",
     "E"
    ],
    "has_unclassified_records": false,
    "grid_codes": [
     "52742",
     "52745"
    ],
    "fkeys": [
     "60403",
     "60405"
    ],
    "map_ids": [
     "2293e554-3ee6-456f-a841-fde1d2a9580d",
     "8fa327fe-fb39-4258-835f-5a2e8ecd635b"
    ]
   }
  },
  {
   "type": "Feature",
   "id": "561:146",
   "geometry": {
    "type": "Polygon",
    "coordinates": [
     [
      [
       105.8388795505694,
       14.389996079278305
      ],
      [
       105.83888292643823,
       14.841880351521183
      ],
      [
       106.18729260495557,
       14.841575090089975
      ],
      [
       106.18657794124815,
       14.389691605944137
      ],
      [
       105.8388795505694,
       14.389996079278305
      ]
     ]
    ]
   },
   "properties": {
    "grid_id": "561:146",
    "sheet_number": "146",
    "geometry_source": "CartoMundi WKT",
    "parts_present": [
     "W"
    ],
    "has_unclassified_records": false,
    "grid_codes": [
     "52761"
    ],
    "fkeys": [
     "60413",
     "60414"
    ],
    "map_ids": [
     "83de267b-a570-4534-b7ae-407998aea3e3"
    ]
   }
  },
  {
   "type": "Feature",
   "id": "561:147",
   "geometry": {
    "type": "Polygon",
    "coordinates": [
     [
      [
       107.2325032843331,
       14.837026308183269
      ],
      [
       107.22965573627356,
       14.38515367753152
      ],
      [
       106.88196773191612,
       14.387270393139545
      ],
      [
       106.53427456943233,
       14.38878304055443
      ],
      [
       106.53570042036704,
       14.84066432226875
      ],
      [
       106.88410457783866,
       14.83914805603689
      ],
      [
       107.2325032843331,
       14.837026308183269
      ]
     ]
    ]
   },
   "properties": {
    "grid_id": "561:147",
    "sheet_number": "147",
    "geometry_source": "CartoMundi WKT",
    "parts_present": [
     "W",
     "E"
    ],
    "has_unclassified_records": false,
    "grid_codes": [
     "52767",
     "52769"
    ],
    "fkeys": [
     "60416",
     "60417"
    ],
    "map_ids": [
     "03d7e00d-4057-4585-a0da-dedccbb0a5cc",
     "e4bde047-eb08-4db5-a7b2-c91464f63073"
    ]
   }
  },
  {
   "type": "Feature",
   "id": "561:148",
   "geometry": {
    "type": "Polygon",
    "coordinates": [
     [
      [
       107.92927717224141,
       14.830966445838058
      ],
      [
       107.92500948832895,
       14.379108130018125
      ],
      [
       107.57733688648538,
       14.382432914848408
      ],
      [
       107.22965573627356,
       14.38515367753152
      ],
      [
       107.2325032843331,
       14.837026308183269
      ],
      [
       107.58089474501652,
       14.83429909562608
      ],
      [
       107.92927717224141,
       14.830966445838058
      ]
     ]
    ]
   },
   "properties": {
    "grid_id": "561:148",
    "sheet_number": "148",
    "geometry_source": "CartoMundi WKT",
    "parts_present": [
     "W",
     "E"
    ],
    "has_unclassified_records": false,
    "grid_codes": [
     "52771",
     "52777"
    ],
    "fkeys": [
     "60418",
     "60419",
     "60420"
    ],
    "map_ids": [
     "452e84c2-e679-4075-b281-bbe4aea41154",
     "87ea4c9f-fb7a-4d9f-9540-1a62f103624e"
    ]
   }
  },
  {
   "type": "Feature",
   "id": "561:149",
   "geometry": {
    "type": "Polygon",
    "coordinates": [
     [
      [
       108.62600777931932,
       14.822484969485188
      ],
      [
       108.62032229517374,
       14.370646626639186
      ],
      [
       108.27267185297158,
       14.37517935526553
      ],
      [
       107.92500948832895,
       14.379108130018125
      ],
      [
       107.92927717224141,
       14.830966445838058
      ],
      [
       108.27764877656378,
       14.827028391642756
      ],
      [
       108.62600777931932,
       14.822484969485188
      ]
     ]
    ]
   },
   "properties": {
    "grid_id": "561:149",
    "sheet_number": "149",
    "geometry_source": "CartoMundi WKT",
    "parts_present": [
     "W",
     "E"
    ],
    "has_unclassified_records": false,
    "grid_codes": [
     "52779",
     "52782"
    ],
    "fkeys": [
     "60421",
     "60423"
    ],
    "map_ids": [
     "827cfedf-312e-43de-9448-607462f4de31",
     "df533792-d419-4d30-bb4a-3db7f2778992"
    ]
   }
  },
  {
   "type": "Feature",
   "id": "561:150 bis",
   "geometry": {
    "type": "Polygon",
    "coordinates": [
     [
      [
       102.7159627502618,
       13.91370833507014
      ],
      [
       102.70979468934897,
       14.36555356152212
      ],
      [
       103.05743263418888,
       14.370685376971153
      ],
      [
       103.06291716700204,
       13.918828252384017
      ],
      [
       102.7159627502618,
       13.91370833507014
      ]
     ]
    ]
   },
   "properties": {
    "grid_id": "561:150 bis",
    "sheet_number": "150 bis",
    "geometry_source": "CartoMundi WKT",
    "parts_present": [],
    "has_unclassified_records": true,
    "grid_codes": [
     "52797"
    ],
    "fkeys": [
     "60431"
    ],
    "map_ids": [
     "269eb049-dbfa-4679-b1af-a2fe58bdffa0"
    ]
   }
  },
  {
   "type": "Feature",
   "id": "561:154",
   "geometry": {
    "type": "Polygon",
    "coordinates": [
     [
      [
       105.14485487573978,
       13.936893815273976
      ],
      [
       105.14348427299169,
       14.388792744319574
      ],
      [
       105.49118109521193,
       14.389696457807005
      ],
      [
       105.49186481375446,
       13.937795493072471
      ],
      [
       105.14485487573978,
       13.936893815273976
      ]
     ]
    ]
   },
   "properties": {
    "grid_id": "561:154",
    "sheet_number": "154",
    "geometry_source": "CartoMundi WKT",
    "parts_present": [
     "W"
    ],
    "has_unclassified_records": false,
    "grid_codes": [
     "52823"
    ],
    "fkeys": [
     "60441",
     "60863"
    ],
    "map_ids": [
     "5923ac6c-4ca8-4256-8f7a-72405403b80b"
    ],
    "spatial_conflicts": [
     "561:153"
    ]
   }
  },
  {
   "type": "Feature",
   "id": "561:157",
   "geometry": {
    "type": "Polygon",
    "coordinates": [
     [
      [
       108.26786512059985,
       13.92331284837367
      ],
      [
       107.9208877159715,
       13.927232385110287
      ],
      [
       107.92500948832895,
       14.379108130018125
      ],
      [
       108.27267185297158,
       14.37517935526553
      ],
      [
       108.26786512059985,
       13.92331284837367
      ]
     ]
    ]
   },
   "properties": {
    "grid_id": "561:157",
    "sheet_number": "157",
    "geometry_source": "CartoMundi WKT",
    "parts_present": [
     "W"
    ],
    "has_unclassified_records": false,
    "grid_codes": [
     "52843"
    ],
    "fkeys": [
     "60445"
    ],
    "map_ids": [
     "9ac129b4-5037-407d-9f21-293766435fd4"
    ]
   }
  },
  {
   "type": "Feature",
   "id": "561:158",
   "geometry": {
    "type": "Polygon",
    "coordinates": [
     [
      [
       109.31558069106171,
       14.359769486796083
      ],
      [
       109.30872349296854,
       13.907939149691956
      ],
      [
       108.9617845919299,
       13.913666186370406
      ],
      [
       108.61483127472758,
       13.918790767745321
      ],
      [
       108.62032229517374,
       14.370646626639186
      ],
      [
       108.96795913328918,
       14.365509987501014
      ],
      [
       109.31558069106171,
       14.359769486796083
      ]
     ]
    ]
   },
   "properties": {
    "grid_id": "561:158",
    "sheet_number": "158",
    "geometry_source": "CartoMundi WKT",
    "parts_present": [
     "W",
     "E"
    ],
    "has_unclassified_records": false,
    "grid_codes": [
     "52849",
     "52856"
    ],
    "fkeys": [
     "60448",
     "60449",
     "60453",
     "60454"
    ],
    "map_ids": [
     "0549534c-7354-412e-a940-0932e765932f",
     "f889bb60-3c3c-4b0e-b14b-69754e1afa15"
    ]
   }
  },
  {
   "type": "Feature",
   "id": "561:159",
   "geometry": {
    "type": "Polygon",
    "coordinates": [
     [
      [
       103.75686253496512,
       13.927260519796704
      ],
      [
       104.1038503115417,
       13.930572792796227
      ],
      [
       104.45084602563219,
       13.9332824478835
      ],
      [
       104.45349353684429,
       13.481374946405253
      ],
      [
       104.10715977691365,
       13.478671526540595
      ],
      [
       103.76083348377965,
       13.475366893242736
      ],
      [
       103.75686253496512,
       13.927260519796704
      ]
     ]
    ]
   },
   "properties": {
    "grid_id": "561:159",
    "sheet_number": "159",
    "geometry_source": "CartoMundi WKT",
    "parts_present": [
     "W",
     "E"
    ],
    "has_unclassified_records": false,
    "grid_codes": [
     "52873",
     "52878"
    ],
    "fkeys": [
     "60462",
     "60463",
     "60465",
     "60466"
    ],
    "map_ids": [
     "4d762955-14f8-4209-9e6e-7bd2e4cdcc1b",
     "5c06d0d8-65c8-453b-8313-c3dc88e0a2d4"
    ]
   }
  },
  {
   "type": "Feature",
   "id": "561:160",
   "geometry": {
    "type": "Polygon",
    "coordinates": [
     [
      [
       104.45349353684429,
       13.481374946405253
      ],
      [
       104.45084602563219,
       13.9332824478835
      ],
      [
       104.79784808003195,
       13.935389462666208
      ],
      [
       105.14485487573978,
       13.936893815273976
      ],
      [
       105.1461774365865,
       13.484978049911135
      ],
      [
       104.79983325799518,
       13.483477126057068
      ],
      [
       104.45349353684429,
       13.481374946405253
      ]
     ]
    ]
   },
   "properties": {
    "grid_id": "561:160",
    "sheet_number": "160",
    "geometry_source": "CartoMundi WKT",
    "parts_present": [
     "W",
     "E"
    ],
    "has_unclassified_records": false,
    "grid_codes": [
     "52891",
     "52894"
    ],
    "fkeys": [
     "60474",
     "60475"
    ],
    "map_ids": [
     "00270fcf-9db6-47a3-ab4b-a012a811cbc0",
     "8b5306bd-a96a-4fd3-8f2e-f84dea6362d7"
    ]
   }
  },
  {
   "type": "Feature",
   "id": "561:161",
   "geometry": {
    "type": "Polygon",
    "coordinates": [
     [
      [
       105.1461774365865,
       13.484978049911135
      ],
      [
       105.14485487573978,
       13.936893815273976
      ],
      [
       105.49186481375446,
       13.937795493072471
      ],
      [
       105.8388762896849,
       13.938094489172613
      ],
      [
       105.83887314378478,
       13.486176074914212
      ],
      [
       105.49252456883846,
       13.485877701342815
      ],
      [
       105.1461774365865,
       13.484978049911135
      ]
     ]
    ]
   },
   "properties": {
    "grid_id": "561:161",
    "sheet_number": "161",
    "geometry_source": "CartoMundi WKT",
    "parts_present": [
     "W",
     "E"
    ],
    "has_unclassified_records": false,
    "grid_codes": [
     "52897",
     "52900"
    ],
    "fkeys": [
     "60476",
     "60477"
    ],
    "map_ids": [
     "22209777-98cc-4da9-9f40-68760cdf9870",
     "39c8bc64-df4e-4231-b2d0-343f818b5442"
    ]
   }
  },
  {
   "type": "Feature",
   "id": "561:162",
   "geometry": {
    "type": "Polygon",
    "coordinates": [
     [
      [
       106.53289744491524,
       13.936884428717974
      ],
      [
       106.53156859406492,
       13.484968978970727
      ],
      [
       106.1852216540524,
       13.485873165889728
      ],
      [
       105.83887314378478,
       13.486176074914212
      ],
      [
       105.8388762896849,
       13.938094489172613
      ],
      [
       106.18588770093666,
       13.93779080068471
      ],
      [
       106.53289744491524,
       13.936884428717974
      ]
     ]
    ]
   },
   "properties": {
    "grid_id": "561:162",
    "sheet_number": "162",
    "geometry_source": "CartoMundi WKT",
    "parts_present": [
     "W",
     "E"
    ],
    "has_unclassified_records": false,
    "grid_codes": [
     "52903",
     "52907"
    ],
    "fkeys": [
     "60478",
     "60480",
     "60481"
    ],
    "map_ids": [
     "59b5f224-ca82-426e-b0f0-14eb09e9d91f",
     "7b61f45a-fca6-4244-b4f2-5a9cf79e556c"
    ]
   }
  },
  {
   "type": "Feature",
   "id": "561:163",
   "geometry": {
    "type": "Polygon",
    "coordinates": [
     [
      [
       107.22690551887838,
       13.933263681452615
      ],
      [
       107.22425172305257,
       13.481356809491956
      ],
      [
       106.87791245105933,
       13.48346352130801
      ],
      [
       106.53156859406492,
       13.484968978970727
      ],
      [
       106.53289744491524,
       13.936884428717974
      ],
      [
       106.87990391722954,
       13.935375383612225
      ],
      [
       107.22690551887838,
       13.933263681452615
      ]
     ]
    ]
   },
   "properties": {
    "grid_id": "561:163",
    "sheet_number": "163",
    "geometry_source": "CartoMundi WKT",
    "parts_present": [
     "W",
     "E"
    ],
    "has_unclassified_records": false,
    "grid_codes": [
     "52913",
     "52916"
    ],
    "fkeys": [
     "60483",
     "60485"
    ],
    "map_ids": [
     "27325a7c-b4b1-46aa-9361-249a7a383ce4",
     "639ea798-7042-4b9a-8594-a8f9a6887b15"
    ]
   }
  },
  {
   "type": "Feature",
   "id": "561:164",
   "geometry": {
    "type": "Polygon",
    "coordinates": [
     [
      [
       107.57390065086057,
       13.930549340585458
      ],
      [
       107.9208877159715,
       13.927232385110287
      ],
      [
       107.916910493323,
       13.475339703786645
      ],
      [
       107.57058490446818,
       13.47864886256771
      ],
      [
       107.22425172305257,
       13.481356809491956
      ],
      [
       107.22690551887838,
       13.933263681452615
      ],
      [
       107.57390065084778,
       13.930549338841743
      ],
      [
       107.57390065086057,
       13.930549340585458
      ]
     ]
    ]
   },
   "properties": {
    "grid_id": "561:164",
    "sheet_number": "164",
    "geometry_source": "CartoMundi WKT",
    "parts_present": [
     "W",
     "E"
    ],
    "has_unclassified_records": false,
    "grid_codes": [
     "52919",
     "52923"
    ],
    "fkeys": [
     "60487",
     "60489",
     "60490"
    ],
    "map_ids": [
     "2d35666c-53d0-43a2-b34c-3e4135e71587",
     "557c1b72-ecbf-4113-8c29-4efb16cea25e"
    ]
   }
  },
  {
   "type": "Feature",
   "id": "561:165",
   "geometry": {
    "type": "Polygon",
    "coordinates": [
     [
      [
       108.61483127472758,
       13.918790767745321
      ],
      [
       108.60953290158737,
       13.466917890935477
      ],
      [
       108.26322699122714,
       13.471429367601004
      ],
      [
       107.916910493323,
       13.475339703786645
      ],
      [
       107.9208877159715,
       13.927232385110287
      ],
      [
       108.26786512059985,
       13.92331284837367
      ],
      [
       108.61483127472758,
       13.918790767745321
      ]
     ]
    ]
   },
   "properties": {
    "grid_id": "561:165",
    "sheet_number": "165",
    "geometry_source": "CartoMundi WKT",
    "parts_present": [
     "W",
     "E"
    ],
    "has_unclassified_records": false,
    "grid_codes": [
     "52926",
     "52932"
    ],
    "fkeys": [
     "60492",
     "60495"
    ],
    "map_ids": [
     "d5482d05-911f-46dd-b02d-c0f85dae5abd",
     "f615ed7e-c125-4768-9820-9ec44dccddec"
    ]
   }
  },
  {
   "type": "Feature",
   "id": "561:166",
   "geometry": {
    "type": "Polygon",
    "coordinates": [
     [
      [
       109.44061497661959,
       13.45363791392721
      ],
      [
       108.95582669008114,
       13.4618052765029
      ],
      [
       108.9558266905502,
       13.46180531207796
      ],
      [
       108.60953290158737,
       13.466917890935477
      ],
      [
       108.61483127472758,
       13.918790767745321
      ],
      [
       108.9617845919299,
       13.913666186370406
      ],
      [
       108.96178459143755,
       13.913666149029703
      ],
      [
       109.44749466313755,
       13.905479624150772
      ],
      [
       109.44061497661959,
       13.45363791392721
      ]
     ]
    ]
   },
   "properties": {
    "grid_id": "561:166",
    "sheet_number": "166",
    "geometry_source": "CartoMundi WKT",
    "parts_present": [
     "W",
     "E"
    ],
    "has_unclassified_records": false,
    "grid_codes": [
     "52938",
     "52943"
    ],
    "fkeys": [
     "60497",
     "60498",
     "60500"
    ],
    "map_ids": [
     "ba3f38a6-78ed-49d6-a656-8390961cab3b",
     "da274467-2985-43b4-a0ae-dc6f2b64ef4a"
    ]
   }
  },
  {
   "type": "Feature",
   "id": "561:170",
   "geometry": {
    "type": "Polygon",
    "coordinates": [
     [
      [
       106.53156859406492,
       13.484968978970727
      ],
      [
       106.53028757670681,
       13.033037188418405
      ],
      [
       106.1845795832031,
       13.033939201494306
      ],
      [
       105.83887011107237,
       13.03424133332399
      ],
      [
       105.83887314378478,
       13.486176074914212
      ],
      [
       106.1852216540524,
       13.485873165889728
      ],
      [
       106.53156859406492,
       13.484968978970727
      ]
     ]
    ]
   },
   "properties": {
    "grid_id": "561:170",
    "sheet_number": "170",
    "geometry_source": "CartoMundi WKT",
    "parts_present": [
     "W",
     "E"
    ],
    "has_unclassified_records": false,
    "grid_codes": [
     "52988",
     "52991"
    ],
    "fkeys": [
     "60528",
     "60530",
     "60531"
    ],
    "map_ids": [
     "7525950b-3475-4a08-a33e-db09654e4e25",
     "b7195d8d-37e0-43ed-bbf0-bbae860080d5"
    ]
   }
  },
  {
   "type": "Feature",
   "id": "561:171",
   "geometry": {
    "type": "Polygon",
    "coordinates": [
     [
      [
       107.22425172305257,
       13.481356809491956
      ],
      [
       107.22169347383702,
       13.029433561451881
      ],
      [
       106.87599267763531,
       13.03153530329152
      ],
      [
       106.53028757670681,
       13.033037188418405
      ],
      [
       106.53156859406492,
       13.484968978970727
      ],
      [
       106.87791245105933,
       13.48346352130801
      ],
      [
       107.22425172305257,
       13.481356809491956
      ]
     ]
    ]
   },
   "properties": {
    "grid_id": "561:171",
    "sheet_number": "171",
    "geometry_source": "CartoMundi WKT",
    "parts_present": [
     "W",
     "E"
    ],
    "has_unclassified_records": false,
    "grid_codes": [
     "52996",
     "52999"
    ],
    "fkeys": [
     "60533",
     "60534"
    ],
    "map_ids": [
     "756df82a-ee3b-40c9-9e33-7973830c8f85",
     "9fc52532-7c6f-4367-bb74-b520e08f45bd"
    ]
   }
  },
  {
   "type": "Feature",
   "id": "561:172",
   "geometry": {
    "type": "Polygon",
    "coordinates": [
     [
      [
       107.916910493323,
       13.475339703786645
      ],
      [
       107.91307650884322,
       13.023430587469619
      ],
      [
       107.56738855316021,
       13.026731980883014
      ],
      [
       107.22169347383702,
       13.029433561451881
      ],
      [
       107.22425172305257,
       13.481356809491956
      ],
      [
       107.57058490446818,
       13.47864886256771
      ],
      [
       107.916910493323,
       13.475339703786645
      ]
     ]
    ]
   },
   "properties": {
    "grid_id": "561:172",
    "sheet_number": "172",
    "geometry_source": "CartoMundi WKT",
    "parts_present": [
     "W",
     "E"
    ],
    "has_unclassified_records": false,
    "grid_codes": [
     "53002",
     "53005"
    ],
    "fkeys": [
     "60535",
     "60537"
    ],
    "map_ids": [
     "14279ec8-c75b-449c-ab35-913754fdf5d0",
     "4020fa6b-0087-4512-8cae-862d95070785"
    ]
   }
  },
  {
   "type": "Feature",
   "id": "561:173",
   "geometry": {
    "type": "Polygon",
    "coordinates": [
     [
      [
       108.60953290158737,
       13.466917890935477
      ],
      [
       108.6044254294282,
       13.015028491186825
      ],
      [
       108.25875593592092,
       13.019529411502546
      ],
      [
       107.91307650884322,
       13.023430587469619
      ],
      [
       107.916910493323,
       13.475339703786645
      ],
      [
       108.26322699122714,
       13.471429367601004
      ],
      [
       108.60953290158737,
       13.466917890935477
      ]
     ]
    ]
   },
   "properties": {
    "grid_id": "561:173",
    "sheet_number": "173",
    "geometry_source": "CartoMundi WKT",
    "parts_present": [
     "W",
     "E"
    ],
    "has_unclassified_records": false,
    "grid_codes": [
     "53008",
     "53013"
    ],
    "fkeys": [
     "60538",
     "60539",
     "60541",
     "60542"
    ],
    "map_ids": [
     "d968da88-9c90-46bb-8376-b410f1bfc9fd",
     "f5f8e3ca-c814-4385-a0db-56fec17db2b0"
    ]
   }
  },
  {
   "type": "Feature",
   "id": "561:174",
   "geometry": {
    "type": "Polygon",
    "coordinates": [
     [
      [
       109.44061497661959,
       13.45363794887379
      ],
      [
       109.43398333830774,
       13.001779583994178
      ],
      [
       108.95008359338314,
       13.00992786739873
      ],
      [
       108.6044254294282,
       13.015028491186825
      ],
      [
       108.60953290158737,
       13.466917890935477
      ],
      [
       108.95582673320027,
       13.461805311448288
      ],
      [
       109.44061497661959,
       13.45363794887379
      ]
     ]
    ]
   },
   "properties": {
    "grid_id": "561:174",
    "sheet_number": "174",
    "geometry_source": "CartoMundi WKT",
    "parts_present": [
     "W",
     "E"
    ],
    "has_unclassified_records": false,
    "grid_codes": [
     "53019",
     "53026"
    ],
    "fkeys": [
     "60544",
     "60545",
     "60546",
     "60548",
     "60549",
     "60550"
    ],
    "map_ids": [
     "5e57bfba-6492-454e-ba58-54cb26dbd3e7",
     "7bf1330c-2cf2-4974-9daa-dded9ed72d00"
    ]
   }
  },
  {
   "type": "Feature",
   "id": "561:177",
   "geometry": {
    "type": "Polygon",
    "coordinates": [
     [
      [
       104.4560457278216,
       13.029451068703949
      ],
      [
       104.80174696958763,
       13.03154843624479
      ],
      [
       105.14745239031642,
       13.03304594541784
      ],
      [
       105.1486801519512,
       12.581098003059068
      ],
      [
       104.80358984363012,
       12.57960389454675
      ],
      [
       104.45850343579394,
       12.577511318950855
      ],
      [
       104.4560457278216,
       13.029451068703949
      ]
     ]
    ]
   },
   "properties": {
    "grid_id": "561:177",
    "sheet_number": "177",
    "geometry_source": "CartoMundi WKT",
    "parts_present": [
     "W",
     "E"
    ],
    "has_unclassified_records": false,
    "grid_codes": [
     "53059",
     "53065"
    ],
    "fkeys": [
     "60569",
     "60570",
     "60572",
     "60573"
    ],
    "map_ids": [
     "6d7a282f-d568-4466-b6e2-e00b5b7d531b",
     "f4201ba5-30de-46e8-8ae6-b109b9dc6f41"
    ]
   }
  },
  {
   "type": "Feature",
   "id": "561:178",
   "geometry": {
    "type": "Polygon",
    "coordinates": [
     [
      [
       105.14745239031642,
       13.03304594541784
      ],
      [
       105.49316057426299,
       13.033943579102925
      ],
      [
       105.83887011107237,
       13.03424133332399
      ],
      [
       105.83886718975106,
       12.582290763502527
      ],
      [
       105.49377304023383,
       12.581993628632446
      ],
      [
       105.1486801519512,
       12.581098003059068
      ],
      [
       105.14745239031642,
       13.03304594541784
      ]
     ]
    ]
   },
   "properties": {
    "grid_id": "561:178",
    "sheet_number": "178",
    "geometry_source": "CartoMundi WKT",
    "parts_present": [
     "W",
     "E"
    ],
    "has_unclassified_records": false,
    "grid_codes": [
     "53069",
     "53074"
    ],
    "fkeys": [
     "60576",
     "60577",
     "60580",
     "60581"
    ],
    "map_ids": [
     "6ef896bf-d4cf-4202-b402-7693d70154bc",
     "aa3c4bcb-9070-40dc-8ce0-9bd098429f28"
    ]
   }
  },
  {
   "type": "Feature",
   "id": "561:179",
   "geometry": {
    "type": "Polygon",
    "coordinates": [
     [
      [
       106.53028757670681,
       13.033037188418405
      ],
      [
       106.52905397422603,
       12.581089559999327
      ],
      [
       106.18396127458963,
       12.58198940624058
      ],
      [
       105.83886718975106,
       12.582290763502527
      ],
      [
       105.83887011107237,
       13.03424133332399
      ],
      [
       106.1845795832031,
       13.033939201494306
      ],
      [
       106.53028757670681,
       13.033037188418405
      ]
     ]
    ]
   },
   "properties": {
    "grid_id": "561:179",
    "sheet_number": "179",
    "geometry_source": "CartoMundi WKT",
    "parts_present": [
     "W",
     "E"
    ],
    "has_unclassified_records": false,
    "grid_codes": [
     "53079",
     "53082"
    ],
    "fkeys": [
     "60584",
     "60585"
    ],
    "map_ids": [
     "8aecc8d9-3d3e-4fdf-9804-3f7de42ad360",
     "8c05c8f8-eb60-471e-a1ff-9e1ed694d6d9"
    ]
   }
  },
  {
   "type": "Feature",
   "id": "561:180",
   "geometry": {
    "type": "Polygon",
    "coordinates": [
     [
      [
       107.22169347383702,
       13.029433561451881
      ],
      [
       107.21922993040859,
       12.57749443785579
      ],
      [
       106.8741439663402,
       12.579591232513607
      ],
      [
       106.52905397422603,
       12.581089559999327
      ],
      [
       106.53028757670681,
       13.033037188418405
      ],
      [
       106.87599267763531,
       13.03153530329152
      ],
      [
       107.22169347383702,
       13.029433561451881
      ]
     ]
    ]
   },
   "properties": {
    "grid_id": "561:180",
    "sheet_number": "180",
    "geometry_source": "CartoMundi WKT",
    "parts_present": [
     "W",
     "E"
    ],
    "has_unclassified_records": false,
    "grid_codes": [
     "53087",
     "53090"
    ],
    "fkeys": [
     "60588",
     "60589"
    ],
    "map_ids": [
     "5185e960-ddb1-4f98-9cba-f9198e91840e",
     "bcb3c495-d935-4ba7-b505-7ba8fbdd2fd4"
    ]
   }
  },
  {
   "type": "Feature",
   "id": "561:182",
   "geometry": {
    "type": "Polygon",
    "coordinates": [
     [
      [
       108.6044254294282,
       13.015028491186825
      ],
      [
       108.59950718558702,
       12.563123075196941
      ],
      [
       108.25445048863055,
       12.567613483205164
      ],
      [
       107.90938450668733,
       12.571505535021316
      ],
      [
       107.91307650884322,
       13.023430587469619
      ],
      [
       108.25875593592092,
       13.019529411502546
      ],
      [
       108.6044254294282,
       13.015028491186825
      ]
     ]
    ]
   },
   "properties": {
    "grid_id": "561:182",
    "sheet_number": "182",
    "geometry_source": "CartoMundi WKT",
    "parts_present": [
     "W",
     "E"
    ],
    "has_unclassified_records": false,
    "grid_codes": [
     "53098",
     "53103"
    ],
    "fkeys": [
     "60594",
     "60598"
    ],
    "map_ids": [
     "69914af7-ac7d-41d4-b1ed-517f3a33fee9",
     "7dd84a36-b79a-4d9f-a5c4-c1aa2ffb7a6d"
    ]
   }
  },
  {
   "type": "Feature",
   "id": "561:183",
   "geometry": {
    "type": "Polygon",
    "coordinates": [
     [
      [
       109.29572903539702,
       13.004227587196254
      ],
      [
       109.28958750712438,
       12.552347368038397
      ],
      [
       108.94455329140622,
       12.558034355076444
      ],
      [
       108.59950718558702,
       12.563123075196941
      ],
      [
       108.6044254294282,
       13.015028491186825
      ],
      [
       108.95008359338314,
       13.00992786739873
      ],
      [
       109.29572903539702,
       13.004227587196254
      ]
     ]
    ]
   },
   "properties": {
    "grid_id": "561:183",
    "sheet_number": "183",
    "geometry_source": "CartoMundi WKT",
    "parts_present": [
     "W",
     "E"
    ],
    "has_unclassified_records": false,
    "grid_codes": [
     "53108",
     "53115"
    ],
    "fkeys": [
     "60600",
     "60601",
     "60604",
     "60605"
    ],
    "map_ids": [
     "8be86779-1fe3-4aa6-a942-49ec733795e9",
     "f3406ea3-521d-4bb9-a252-d2b2d18b2315"
    ]
   }
  },
  {
   "type": "Feature",
   "id": "561:184",
   "geometry": {
    "type": "Polygon",
    "coordinates": [
     [
      [
       109.28958750712438,
       12.552347368038397
      ],
      [
       109.29572903539702,
       13.004227587196254
      ],
      [
       109.6413603666744,
       12.997927705580835
      ],
      [
       109.63460853557413,
       12.546062169171378
      ],
      [
       109.28958750712438,
       12.552347368038397
      ]
     ]
    ]
   },
   "properties": {
    "grid_id": "561:184",
    "sheet_number": "184",
    "geometry_source": "CartoMundi WKT",
    "parts_present": [],
    "has_unclassified_records": true,
    "grid_codes": [
     "53121"
    ],
    "fkeys": [
     "60608",
     "60609"
    ],
    "map_ids": [
     "c8846603-1059-4d7f-be78-75708191e447"
    ]
   }
  },
  {
   "type": "Feature",
   "id": "561:190",
   "geometry": {
    "type": "Polygon",
    "coordinates": [
     [
      [
       106.52905397422603,
       12.581089559999327
      ],
      [
       106.52786738238075,
       12.129126597932057
      ],
      [
       106.18336652698949,
       12.130024287115518
      ],
      [
       105.83886437982085,
       12.130324874543717
      ],
      [
       105.83886718975106,
       12.582290763502527
      ],
      [
       106.18396127458963,
       12.58198940624058
      ],
      [
       106.52905397422603,
       12.581089559999327
      ]
     ]
    ]
   },
   "properties": {
    "grid_id": "561:190",
    "sheet_number": "190",
    "geometry_source": "CartoMundi WKT",
    "parts_present": [
     "W",
     "E"
    ],
    "has_unclassified_records": false,
    "grid_codes": [
     "53166",
     "53167"
    ],
    "fkeys": [
     "60636",
     "60638"
    ],
    "map_ids": [
     "5e1ca3a9-4e94-4ec4-976a-86c13ad12b27",
     "8e1cc8c5-76bd-4801-8a21-b3e8e61fe802"
    ]
   }
  },
  {
   "type": "Feature",
   "id": "561:191",
   "geometry": {
    "type": "Polygon",
    "coordinates": [
     [
      [
       107.21922993040859,
       12.57749443785579
      ],
      [
       107.21686028967343,
       12.12553994764204
      ],
      [
       106.87236571170938,
       12.127631813257508
      ],
      [
       106.52786738238075,
       12.129126597932057
      ],
      [
       106.52905397422603,
       12.581089559999327
      ],
      [
       106.8741439663402,
       12.579591232513607
      ],
      [
       107.21922993040859,
       12.57749443785579
      ]
     ]
    ]
   },
   "properties": {
    "grid_id": "561:191",
    "sheet_number": "191",
    "geometry_source": "CartoMundi WKT",
    "parts_present": [
     "W",
     "E"
    ],
    "has_unclassified_records": false,
    "grid_codes": [
     "53173",
     "53176"
    ],
    "fkeys": [
     "60640",
     "60641"
    ],
    "map_ids": [
     "2199b9d8-0d32-4852-913a-9872372d94e7",
     "3f10ed47-25e7-47e0-b831-58f284ec6c1f"
    ]
   }
  },
  {
   "type": "Feature",
   "id": "561:195",
   "geometry": {
    "type": "Polygon",
    "coordinates": [
     [
      [
       103.08294803297267,
       12.111234468530668
      ],
      [
       103.08748720393365,
       11.65929729467453
      ],
      [
       102.62896528440038,
       11.652416717467048
      ],
      [
       102.6236719741651,
       12.104337661397125
      ],
      [
       103.08294803297267,
       12.111234468530668
      ]
     ]
    ]
   },
   "properties": {
    "grid_id": "561:195",
    "sheet_number": "195",
    "geometry_source": "CartoMundi WKT",
    "parts_present": [],
    "has_unclassified_records": true,
    "grid_codes": [
     "53207"
    ],
    "fkeys": [
     "60657"
    ],
    "map_ids": [
     "ea85aa42-f1b3-44e9-99ed-4dc5879d967f"
    ]
   }
  },
  {
   "type": "Feature",
   "id": "561:196",
   "geometry": {
    "type": "Polygon",
    "coordinates": [
     [
      [
       103.08748734946074,
       11.65929744071802
      ],
      [
       103.08294818029638,
       12.111234612575274
      ],
      [
       103.42741644121584,
       12.115710506056558
      ],
      [
       103.77189322175748,
       12.119589424796814
      ],
      [
       103.77529944466863,
       11.66763309563214
      ],
      [
       103.43138945256227,
       11.663763066057072
      ],
      [
       103.08748734946074,
       11.65929744071802
      ]
     ]
    ]
   },
   "properties": {
    "grid_id": "561:196",
    "sheet_number": "196",
    "geometry_source": "CartoMundi WKT",
    "parts_present": [
     "W",
     "E"
    ],
    "has_unclassified_records": false,
    "grid_codes": [
     "53209",
     "53211"
    ],
    "fkeys": [
     "60658",
     "60659"
    ],
    "map_ids": [
     "01d5110b-9f84-4e80-9d29-d92ec940db38",
     "d6a87608-2a5a-4fe5-a6b2-f67ecfc66bf9"
    ]
   }
  },
  {
   "type": "Feature",
   "id": "561:197",
   "geometry": {
    "type": "Polygon",
    "coordinates": [
     [
      [
       103.77529944466863,
       11.66763309563214
      ],
      [
       103.77189322175748,
       12.119589424796814
      ],
      [
       104.11637730380572,
       12.122871335084085
      ],
      [
       104.46086746385521,
       12.125556202729356
      ],
      [
       104.46313858096325,
       11.673586231009722
      ],
      [
       104.11921619929247,
       11.670907492758857
      ],
      [
       103.77529944466863,
       11.66763309563214
      ]
     ]
    ]
   },
   "properties": {
    "grid_id": "561:197",
    "sheet_number": "197",
    "geometry_source": "CartoMundi WKT",
    "parts_present": [
     "W",
     "E"
    ],
    "has_unclassified_records": false,
    "grid_codes": [
     "53213",
     "53215"
    ],
    "fkeys": [
     "60660",
     "60661"
    ],
    "map_ids": [
     "8cee7a7c-9dac-44b6-8d56-0ac9999f3ec7",
     "a6664e2e-d9ae-4061-b290-a2685a1dea45"
    ]
   }
  },
  {
   "type": "Feature",
   "id": "561:198",
   "geometry": {
    "type": "Polygon",
    "coordinates": [
     [
      [
       104.46086746385521,
       12.125556202729356
      ],
      [
       104.8053624801971,
       12.127644007112295
      ],
      [
       105.14986112573271,
       12.12913472887955
      ],
      [
       105.15099569434331,
       11.677156632433281
      ],
      [
       104.80706545960034,
       11.675669283650805
      ],
      [
       104.46313858096325,
       11.673586231009722
      ],
      [
       104.46086746385521,
       12.125556202729356
      ]
     ]
    ]
   },
   "properties": {
    "grid_id": "561:198",
    "sheet_number": "198",
    "geometry_source": "CartoMundi WKT",
    "parts_present": [
     "W",
     "E"
    ],
    "has_unclassified_records": false,
    "grid_codes": [
     "53217",
     "53223"
    ],
    "fkeys": [
     "60662",
     "60663",
     "60666",
     "60667"
    ],
    "map_ids": [
     "461cd1aa-41a7-4731-a51d-97bdd11cd2ae",
     "dd3e54c5-a7af-46fe-8e51-9bd79be31b98"
    ]
   }
  },
  {
   "type": "Feature",
   "id": "561:199",
   "geometry": {
    "type": "Polygon",
    "coordinates": [
     [
      [
       105.14986112573271,
       12.12913472887955
      ],
      [
       105.49436216797355,
       12.130028353453852
      ],
      [
       105.83886437982085,
       12.130324874543717
      ],
      [
       105.83886167948509,
       11.678344173753175
      ],
      [
       105.49492814792505,
       11.678048265829787
      ],
      [
       105.15099569434331,
       11.677156632433281
      ],
      [
       105.14986112573271,
       12.12913472887955
      ]
     ]
    ]
   },
   "properties": {
    "grid_id": "561:199",
    "sheet_number": "199",
    "geometry_source": "CartoMundi WKT",
    "parts_present": [
     "W",
     "E"
    ],
    "has_unclassified_records": false,
    "grid_codes": [
     "54913",
     "54915"
    ],
    "fkeys": [
     "60670",
     "60671",
     "60674",
     "60675"
    ],
    "map_ids": [
     "16ab1934-7b4f-4d4a-8ba3-98b07e679ee9",
     "6b089c23-934a-46c1-b78e-c327543fa11d"
    ]
   }
  },
  {
   "type": "Feature",
   "id": "561:200",
   "geometry": {
    "type": "Polygon",
    "coordinates": [
     [
      [
       106.52786738238075,
       12.129126597932057
      ],
      [
       106.52672741669191,
       11.677148813451822
      ],
      [
       106.18279514995977,
       11.678044354592217
      ],
      [
       105.83886167948509,
       11.678344173753175
      ],
      [
       105.83886437982085,
       12.130324874543717
      ],
      [
       106.18336652698949,
       12.130024287115518
      ],
      [
       106.52786738238075,
       12.129126597932057
      ]
     ]
    ]
   },
   "properties": {
    "grid_id": "561:200",
    "sheet_number": "200",
    "geometry_source": "CartoMundi WKT",
    "parts_present": [
     "W",
     "E"
    ],
    "has_unclassified_records": false,
    "grid_codes": [
     "54917",
     "54919"
    ],
    "fkeys": [
     "60678",
     "60679",
     "60680",
     "60681"
    ],
    "map_ids": [
     "b2ced5b1-57e4-4406-93ff-9f2d44d25f9f",
     "e43f0089-a1bf-4fc1-a8db-1defaeb24e9a"
    ]
   }
  },
  {
   "type": "Feature",
   "id": "561:201",
   "geometry": {
    "type": "Polygon",
    "coordinates": [
     [
      [
       107.21686028967343,
       12.12553994764204
      ],
      [
       107.21458378087702,
       11.673570598123604
      ],
      [
       106.87065734061783,
       11.675657555115592
      ],
      [
       106.52672741669191,
       11.677148813451822
      ],
      [
       106.52786738238075,
       12.129126597932057
      ],
      [
       106.87236571170938,
       12.127631813257508
      ],
      [
       107.21686028967343,
       12.12553994764204
      ]
     ]
    ]
   },
   "properties": {
    "grid_id": "561:201",
    "sheet_number": "201",
    "geometry_source": "CartoMundi WKT",
    "parts_present": [
     "W",
     "E"
    ],
    "has_unclassified_records": false,
    "grid_codes": [
     "54921",
     "54923"
    ],
    "fkeys": [
     "60682",
     "60683",
     "60685",
     "60686"
    ],
    "map_ids": [
     "60a3de16-8bb6-4827-9b1b-d51a50320689",
     "a38bfb69-ab45-455b-abe8-9368598edf0e"
    ]
   }
  },
  {
   "type": "Feature",
   "id": "561:212",
   "geometry": {
    "type": "Polygon",
    "coordinates": [
     [
      [
       107.90242167210663,
       11.667609660755147
      ],
      [
       107.89914858311386,
       11.215639860422385
      ],
      [
       107.55577677888073,
       11.21891052389077
      ],
      [
       107.2123996674009,
       11.221586902259432
      ],
      [
       107.21458378087702,
       11.673570598123604
      ],
      [
       107.55850560379571,
       11.67088795718061
      ],
      [
       107.90242167210663,
       11.667609660755147
      ]
     ]
    ]
   },
   "properties": {
    "grid_id": "561:212",
    "sheet_number": "212",
    "geometry_source": "CartoMundi WKT",
    "parts_present": [
     "W",
     "E"
    ],
    "has_unclassified_records": false,
    "grid_codes": [
     "54950",
     "54951"
    ],
    "fkeys": [
     "60730",
     "60731"
    ],
    "map_ids": [
     "ae657f84-69bf-497a-8fac-0ecb0e95cea5",
     "d1db5882-a158-43d8-8ae8-420b57f13919"
    ]
   }
  },
  {
   "type": "Feature",
   "id": "561:216",
   "geometry": {
    "type": "Polygon",
    "coordinates": [
     [
      [
       103.09601390660931,
       10.755380176101369
      ],
      [
       103.09184212324335,
       11.207345790283128
      ],
      [
       103.43520111390725,
       11.211801189352627
      ],
      [
       103.77856737014521,
       11.215662365231267
      ],
      [
       103.78169805280929,
       10.763677751640188
      ],
      [
       103.43885265594275,
       10.759825391805492
      ],
      [
       103.09601390660931,
       10.755380176101369
      ]
     ]
    ]
   },
   "properties": {
    "grid_id": "561:216",
    "sheet_number": "216",
    "geometry_source": "CartoMundi WKT",
    "parts_present": [
     "W",
     "E"
    ],
    "has_unclassified_records": false,
    "grid_codes": [
     "54957",
     "54958"
    ],
    "fkeys": [
     "60743",
     "60744"
    ],
    "map_ids": [
     "964a6bcc-c839-4bc4-a6e7-b2e8e4f7dd05",
     "f00e68db-12b5-4005-85ab-055a8973e066"
    ]
   }
  },
  {
   "type": "Feature",
   "id": "561:217",
   "geometry": {
    "type": "Polygon",
    "coordinates": [
     [
      [
       103.78169805280929,
       10.763677751640188
      ],
      [
       103.77856737014521,
       11.215662365231267
      ],
      [
       104.12193985530132,
       11.218929283560314
      ],
      [
       104.46531752193998,
       11.221601915142898
      ],
      [
       104.46740499106461,
       10.76960377396172
      ],
      [
       104.1245491503846,
       10.76693722183495
      ],
      [
       103.78169805280929,
       10.763677751640188
      ]
     ]
    ]
   },
   "properties": {
    "grid_id": "561:217",
    "sheet_number": "217",
    "geometry_source": "CartoMundi WKT",
    "parts_present": [
     "W",
     "E"
    ],
    "has_unclassified_records": false,
    "grid_codes": [
     "54959",
     "54960"
    ],
    "fkeys": [
     "60745",
     "60747"
    ],
    "map_ids": [
     "3f1b49b5-cf33-4e79-9c75-737c5ddf0e59",
     "49004e34-a1fe-4d74-bf82-d14c6ee8311b"
    ]
   }
  },
  {
   "type": "Feature",
   "id": "561:222",
   "geometry": {
    "type": "Polygon",
    "coordinates": [
     [
      [
       107.89914858311386,
       11.215639860422385
      ],
      [
       107.89601295252919,
       10.763656176030452
      ],
      [
       107.55316253048697,
       10.766919234706393
      ],
      [
       107.21030724316914,
       10.76958938050339
      ],
      [
       107.2123996674009,
       11.221586902259432
      ],
      [
       107.55577677888073,
       11.21891052389077
      ],
      [
       107.89914858311386,
       11.215639860422385
      ]
     ]
    ]
   },
   "properties": {
    "grid_id": "561:222",
    "sheet_number": "222",
    "geometry_source": "CartoMundi WKT",
    "parts_present": [
     "W",
     "E"
    ],
    "has_unclassified_records": false,
    "grid_codes": [
     "54973",
     "54975"
    ],
    "fkeys": [
     "60771",
     "60772",
     "60774",
     "60775"
    ],
    "map_ids": [
     "3a6fb0d4-3f91-4977-acd7-7f9889c840fe",
     "4981483e-68b0-485a-a7d5-d319b15b3147"
    ]
   }
  },
  {
   "type": "Feature",
   "id": "561:223",
   "geometry": {
    "type": "Polygon",
    "coordinates": [
     [
      [
       108.58587209806386,
       11.207315812380415
      ],
      [
       108.58088190096503,
       10.66495693159591
      ],
      [
       108.2381453906907,
       10.669403665308764
      ],
      [
       107.89540223108666,
       10.673257820308677
      ],
      [
       107.89914858311386,
       11.215639860422385
      ],
      [
       108.24251403625793,
       11.211774946315174
      ],
      [
       108.58587209806386,
       11.207315812380415
      ]
     ]
    ]
   },
   "properties": {
    "grid_id": "561:223",
    "sheet_number": "223",
    "geometry_source": "CartoMundi WKT",
    "parts_present": [
     "W",
     "E"
    ],
    "has_unclassified_records": false,
    "grid_codes": [
     "54977",
     "54979"
    ],
    "fkeys": [
     "60777",
     "60778",
     "60779",
     "60780"
    ],
    "map_ids": [
     "04f35f4f-b19a-4992-bfc7-d1da75a9ddba",
     "edd8be90-fa2d-422f-aa46-cbc1f6c657ac"
    ]
   }
  },
  {
   "type": "Feature",
   "id": "561:225",
   "geometry": {
    "type": "Polygon",
    "coordinates": [
     [
      [
       103.44234525007187,
       10.307836195193147
      ],
      [
       103.10000404164168,
       10.303401122589975
      ],
      [
       103.09601390660931,
       10.755380176101369
      ],
      [
       103.43885265594275,
       10.759825391805492
      ],
      [
       103.44234525007187,
       10.307836195193147
      ]
     ]
    ]
   },
   "properties": {
    "grid_id": "561:225",
    "sheet_number": "225",
    "geometry_source": "CartoMundi WKT",
    "parts_present": [
     "W"
    ],
    "has_unclassified_records": false,
    "grid_codes": [
     "54981"
    ],
    "fkeys": [
     "60781"
    ],
    "map_ids": [
     "f19d7c4c-c0f5-4974-999a-78a1769ab739"
    ]
   }
  },
  {
   "type": "Feature",
   "id": "561:1",
   "geometry": {
    "type": "Polygon",
    "coordinates": [
     [
      [
       104.74191551552211,
       22.969469699490688
      ],
      [
       104.73823210126032,
       23.420931056117595
      ],
      [
       105.10513845978696,
       23.42251101718915
      ],
      [
       105.10759234273284,
       22.971045894850278
      ],
      [
       104.74191551552211,
       22.969469699490688
      ]
     ]
    ]
   },
   "properties": {
    "grid_id": "561:1",
    "sheet_number": "1",
    "geometry_source": "CartoMundi WKT",
    "parts_present": [
     "E"
    ],
    "has_unclassified_records": false,
    "grid_codes": [
     "52134"
    ],
    "fkeys": [
     "60021"
    ],
    "map_ids": [
     "f9fc556b-8311-4e0a-8f72-fd5801b13ef1"
    ]
   }
  },
  {
   "type": "Feature",
   "id": "561:2",
   "geometry": {
    "type": "Polygon",
    "coordinates": [
     [
      [
       105.10759238944523,
       22.971045908083582
      ],
      [
       105.105138508296,
       23.422511028729232
      ],
      [
       105.4720527037252,
       23.423457374445917
      ],
      [
       105.83897077987636,
       23.423770096976938
      ],
      [
       105.83896494262366,
       22.972302069331818
      ],
      [
       105.47327679125046,
       22.971990030808826
      ],
      [
       105.10759238944523,
       22.971045908083582
      ]
     ]
    ]
   },
   "properties": {
    "grid_id": "561:2",
    "sheet_number": "2",
    "geometry_source": "CartoMundi WKT",
    "parts_present": [
     "W",
     "E"
    ],
    "has_unclassified_records": false,
    "grid_codes": [
     "52135",
     "52136"
    ],
    "fkeys": [
     "60022",
     "60023"
    ],
    "map_ids": [
     "52c814cf-0256-4369-8be6-30e3ba225468",
     "b4943ce2-14f7-40f4-a375-f9f0f5b4da5a"
    ]
   }
  },
  {
   "type": "Feature",
   "id": "561:4",
   "geometry": {
    "type": "Polygon",
    "coordinates": [
     [
      [
       102.19467636468387,
       22.489322430739406
      ],
      [
       102.18271061465654,
       22.940740387733612
      ],
      [
       102.54822756150969,
       22.94674030375407
      ],
      [
       102.91377876292121,
       22.952108390587185
      ],
      [
       102.9233564315972,
       22.500663011376687
      ],
      [
       102.55899985296962,
       22.495307870080666
      ],
      [
       102.19467636468387,
       22.489322430739406
      ]
     ]
    ]
   },
   "properties": {
    "grid_id": "561:4",
    "sheet_number": "4",
    "geometry_source": "CartoMundi WKT",
    "parts_present": [
     "W",
     "E"
    ],
    "has_unclassified_records": false,
    "grid_codes": [
     "52137",
     "52138"
    ],
    "fkeys": [
     "60024",
     "60025"
    ],
    "map_ids": [
     "db0171f6-564e-4d7c-94a6-cde0f8b4198f",
     "dd424aed-fd34-4882-a2b7-6953ec6d82d9"
    ]
   }
  },
  {
   "type": "Feature",
   "id": "561:5",
   "geometry": {
    "type": "Polygon",
    "coordinates": [
     [
      [
       102.9233564315972,
       22.500663011376687
      ],
      [
       102.91377876292121,
       22.952108390587185
      ],
      [
       103.27936042620401,
       22.956844594322774
      ],
      [
       103.64496874789117,
       22.960948865480248
      ],
      [
       103.65215419937232,
       22.50948219413783
      ],
      [
       103.28774243903348,
       22.50538780161169
      ],
      [
       102.9233564315972,
       22.500663011376687
      ]
     ]
    ]
   },
   "properties": {
    "grid_id": "561:5",
    "sheet_number": "5",
    "geometry_source": "CartoMundi WKT",
    "parts_present": [
     "W",
     "E"
    ],
    "has_unclassified_records": false,
    "grid_codes": [
     "52139",
     "52140"
    ],
    "fkeys": [
     "60026",
     "60027"
    ],
    "map_ids": [
     "ef26c8fc-32b2-49ab-b1ed-ddbf8e7378dc",
     "fa43ed0f-d887-4564-a23e-9550cd87d25b"
    ]
   }
  },
  {
   "type": "Feature",
   "id": "561:6",
   "geometry": {
    "type": "Polygon",
    "coordinates": [
     [
      [
       103.65215419937232,
       22.50948219413783
      ],
      [
       103.64496874789117,
       22.960948865480248
      ],
      [
       104.01059992092257,
       22.964421165611142
      ],
      [
       104.37625013105145,
       22.967261455705597
      ],
      [
       104.38104025896344,
       22.515779622925123
      ],
      [
       104.01658803491097,
       22.512946145340578
      ],
      [
       103.65215419937232,
       22.50948219413783
      ]
     ]
    ]
   },
   "properties": {
    "grid_id": "561:6",
    "sheet_number": "6",
    "geometry_source": "CartoMundi WKT",
    "parts_present": [
     "W",
     "E"
    ],
    "has_unclassified_records": false,
    "grid_codes": [
     "52141",
     "52142"
    ],
    "fkeys": [
     "60028",
     "60029"
    ],
    "map_ids": [
     "45e9e857-f40a-494e-904a-3b2ef0bc0d7d",
     "fbe9e63d-1b00-44b4-b88f-50f67a3c5871"
    ]
   }
  },
  {
   "type": "Feature",
   "id": "561:8",
   "geometry": {
    "type": "Polygon",
    "coordinates": [
     [
      [
       105.1099851240697,
       22.519555048080235
      ],
      [
       105.10759238944523,
       22.971045908083582
      ],
      [
       105.47327679125046,
       22.971990030808826
      ],
      [
       105.83896494262366,
       22.972302069331818
      ],
      [
       105.83895924910139,
       22.520808316111044
      ],
      [
       105.47447037737857,
       22.520496957695627
      ],
      [
       105.1099851240697,
       22.519555048080235
      ]
     ]
    ]
   },
   "properties": {
    "grid_id": "561:8",
    "sheet_number": "8",
    "geometry_source": "CartoMundi WKT",
    "parts_present": [
     "W",
     "E"
    ],
    "has_unclassified_records": false,
    "grid_codes": [
     "52145",
     "52146"
    ],
    "fkeys": [
     "60032",
     "60033"
    ],
    "map_ids": [
     "4f3addb2-6a27-48f6-a30e-bc848eb4b7ec",
     "dd513b9b-d4de-439e-9a49-694827a647f6"
    ]
   }
  },
  {
   "type": "Feature",
   "id": "561:9",
   "geometry": {
    "type": "Polygon",
    "coordinates": [
     [
      [
       106.32687420103794,
       23.062030256808995
      ],
      [
       106.32654835693154,
       22.971734876254104
      ],
      [
       106.5703371795951,
       22.97102989414323
      ],
      [
       106.56793306331598,
       22.51953938443991
      ],
      [
       106.20344804356913,
       22.52048912426946
      ],
      [
       105.83895924910139,
       22.520808316111044
      ],
      [
       105.83896494262366,
       22.972302069331818
      ],
      [
       105.93648192660054,
       22.97227852586512
      ],
      [
       105.9365480228425,
       23.06257418724971
      ],
      [
       106.20489768728244,
       23.062277525841836
      ],
      [
       106.32687420103794,
       23.062030256808995
      ]
     ]
    ]
   },
   "properties": {
    "grid_id": "561:9",
    "sheet_number": "9",
    "geometry_source": "CartoMundi WKT",
    "parts_present": [
     "W",
     "E"
    ],
    "has_unclassified_records": false,
    "grid_codes": [
     "52147",
     "52148"
    ],
    "fkeys": [
     "60034",
     "60035"
    ],
    "map_ids": [
     "5785a841-b48b-45cd-a1bc-cb377b13e29b",
     "8553f73b-a048-4aae-8dab-c13de11b1a12"
    ]
   }
  },
  {
   "type": "Feature",
   "id": "561:10",
   "geometry": {
    "type": "Polygon",
    "coordinates": [
     [
      [
       106.93241056416394,
       22.51795909192012
      ],
      [
       106.5679330166036,
       22.519539371162807
      ],
      [
       106.57033713108612,
       22.971029882564096
      ],
      [
       106.93601356663137,
       22.96944568243478
      ],
      [
       106.93241056416394,
       22.51795909192012
      ]
     ]
    ]
   },
   "properties": {
    "grid_id": "561:10",
    "sheet_number": "10",
    "geometry_source": "CartoMundi WKT",
    "parts_present": [
     "W"
    ],
    "has_unclassified_records": false,
    "grid_codes": [
     "52149"
    ],
    "fkeys": [
     "60036"
    ],
    "map_ids": [
     "8289d9a6-6780-4f1e-8ead-7f9f137d6ada"
    ]
   }
  },
  {
   "type": "Feature",
   "id": "561:12",
   "geometry": {
    "type": "Polygon",
    "coordinates": [
     [
      [
       101.46614329269377,
       22.475460908565267
      ],
      [
       101.83038962827304,
       22.482706754413073
      ],
      [
       102.19467636468387,
       22.489322430739406
      ],
      [
       102.20634062393218,
       22.037878790775082
      ],
      [
       101.84321597871558,
       22.031279048939297
      ],
      [
       101.4801303383486,
       22.02405066186776
      ],
      [
       101.46614329269377,
       22.475460908565267
      ]
     ]
    ]
   },
   "properties": {
    "grid_id": "561:12",
    "sheet_number": "12",
    "geometry_source": "CartoMundi WKT",
    "parts_present": [
     "W",
     "E"
    ],
    "has_unclassified_records": false,
    "grid_codes": [
     "52152",
     "52155"
    ],
    "fkeys": [
     "60038",
     "60039",
     "60040",
     "60041"
    ],
    "map_ids": [
     "65559440-3d12-4cfe-9d52-9e872564f3bd",
     "e7cc411f-63a5-46c8-81da-719ec613014b"
    ]
   }
  },
  {
   "type": "Feature",
   "id": "561:18",
   "geometry": {
    "type": "Polygon",
    "coordinates": [
     [
      [
       106.56793306331598,
       22.51953938443991
      ],
      [
       106.56558949348701,
       22.06802352238236
      ],
      [
       106.20227342087665,
       22.06897088633886
      ],
      [
       105.83895370110622,
       22.069289229785426
      ],
      [
       105.83895924910139,
       22.520808316111044
      ],
      [
       106.20344804356913,
       22.52048912426946
      ],
      [
       106.56793306331598,
       22.51953938443991
      ]
     ]
    ]
   },
   "properties": {
    "grid_id": "561:18",
    "sheet_number": "18",
    "geometry_source": "CartoMundi WKT",
    "parts_present": [
     "W",
     "E"
    ],
    "has_unclassified_records": false,
    "grid_codes": [
     "52172",
     "52175"
    ],
    "fkeys": [
     "60054",
     "60055",
     "60056",
     "60057"
    ],
    "map_ids": [
     "9c3b2401-66f9-4d0c-a86f-8101faa0fc40",
     "bccf5524-8214-4088-8453-2395a08927a4"
    ]
   }
  },
  {
   "type": "Feature",
   "id": "561:19",
   "geometry": {
    "type": "Polygon",
    "coordinates": [
     [
      [
       106.56558949348701,
       22.06802352238236
      ],
      [
       106.56793306331598,
       22.51953938443991
      ],
      [
       106.93241061267298,
       22.517959105197377
      ],
      [
       106.9288983490324,
       22.066447145246855
      ],
      [
       106.56558949348701,
       22.06802352238236
      ]
     ]
    ]
   },
   "properties": {
    "grid_id": "561:19",
    "sheet_number": "19",
    "geometry_source": "CartoMundi WKT",
    "parts_present": [
     "W"
    ],
    "has_unclassified_records": false,
    "grid_codes": [
     "52178"
    ],
    "fkeys": [
     "60058",
     "60059"
    ],
    "map_ids": [
     "435063e2-5b8d-4a42-a8cd-d2b1e176592c"
    ]
   }
  },
  {
   "type": "Feature",
   "id": "561:24",
   "geometry": {
    "type": "Polygon",
    "coordinates": [
     [
      [
       104.02811395899538,
       21.60992024541639
      ],
      [
       104.02242532894965,
       22.06144570732461
      ],
      [
       104.38570974672608,
       22.064272402461185
      ],
      [
       104.39026031730799,
       21.612740188521144
      ],
      [
       104.02811395899538,
       21.60992024541639
      ]
     ]
    ]
   },
   "properties": {
    "grid_id": "561:24",
    "sheet_number": "24",
    "geometry_source": "CartoMundi WKT",
    "parts_present": [
     "E"
    ],
    "has_unclassified_records": false,
    "grid_codes": [
     "52197"
    ],
    "fkeys": [
     "60070"
    ],
    "map_ids": [
     "dcfb2452-b976-4092-bddb-8c9e04300db3"
    ]
   }
  },
  {
   "type": "Feature",
   "id": "561:35",
   "geometry": {
    "type": "Polygon",
    "coordinates": [
     [
      [
       103.67263489672149,
       21.154931023273747
      ],
      [
       103.66598472975858,
       21.606472871875653
      ],
      [
       104.02811395899538,
       21.60992024541639
      ],
      [
       104.39026031730799,
       21.612740188521144
      ],
      [
       104.39469363977904,
       21.161183384374382
      ],
      [
       104.03365600913956,
       21.158370162684292
      ],
      [
       103.67263489672149,
       21.154931023273747
      ]
     ]
    ]
   },
   "properties": {
    "grid_id": "561:35",
    "sheet_number": "35",
    "geometry_source": "CartoMundi WKT",
    "parts_present": [
     "W",
     "E"
    ],
    "has_unclassified_records": false,
    "grid_codes": [
     "52225",
     "52226"
    ],
    "fkeys": [
     "60092",
     "60093"
    ],
    "map_ids": [
     "6783fbf2-9ea1-45a1-9d5d-70316c9249ff",
     "f69076ab-fb15-4497-a411-d60d6cbb6b05"
    ]
   }
  },
  {
   "type": "Feature",
   "id": "561:36",
   "geometry": {
    "type": "Polygon",
    "coordinates": [
     [
      [
       104.39469363977904,
       21.161183384374382
      ],
      [
       104.39026031730799,
       21.612740188521144
      ],
      [
       104.75242037133548,
       21.61493267273849
      ],
      [
       105.11459068053016,
       21.61649768150501
      ],
      [
       105.11680519658883,
       21.164931973129498
      ],
      [
       104.75574447565323,
       21.163370662028512
      ],
      [
       104.39469363977904,
       21.161183384374382
      ]
     ]
    ]
   },
   "properties": {
    "grid_id": "561:36",
    "sheet_number": "36",
    "geometry_source": "CartoMundi WKT",
    "parts_present": [
     "W",
     "E"
    ],
    "has_unclassified_records": false,
    "grid_codes": [
     "52227",
     "52229"
    ],
    "fkeys": [
     "60095",
     "60097"
    ],
    "map_ids": [
     "7e292f27-1cd0-404a-ae59-5258900d5d54",
     "c6e8df0d-5d66-4675-a9a0-c89c00ea87b2"
    ]
   }
  },
  {
   "type": "Feature",
   "id": "561:37",
   "geometry": {
    "type": "Polygon",
    "coordinates": [
     [
      [
       105.11680519658883,
       21.164931973129498
      ],
      [
       105.11459068053016,
       21.61649768150501
      ],
      [
       105.47676780254803,
       21.617435193435938
      ],
      [
       105.8389482932482,
       21.617745202363963
      ],
      [
       105.83894302373075,
       21.1661766413129
      ],
      [
       105.47787248780239,
       21.165867302302956
      ],
      [
       105.11680519658883,
       21.164931973129498
      ]
     ]
    ]
   },
   "properties": {
    "grid_id": "561:37",
    "sheet_number": "37",
    "geometry_source": "CartoMundi WKT",
    "parts_present": [
     "W",
     "E"
    ],
    "has_unclassified_records": false,
    "grid_codes": [
     "52231",
     "52236"
    ],
    "fkeys": [
     "60099",
     "60100",
     "60102"
    ],
    "map_ids": [
     "55394603-825c-4d62-b8ff-15a2d6bb0291",
     "e7c9b604-d451-484b-af6d-10cbc3a95f9c"
    ]
   }
  },
  {
   "type": "Feature",
   "id": "561:38",
   "geometry": {
    "type": "Polygon",
    "coordinates": [
     [
      [
       106.56330560053901,
       21.61648270749467
      ],
      [
       106.56108055083536,
       21.16491734152187
      ],
      [
       106.20001348599726,
       21.16585998570787
      ],
      [
       105.83894302373075,
       21.1661766413129
      ],
      [
       105.8389482932482,
       21.617745202363963
      ],
      [
       106.20112870669324,
       21.61742770564439
      ],
      [
       106.56330560053901,
       21.61648270749467
      ]
     ]
    ]
   },
   "properties": {
    "grid_id": "561:38",
    "sheet_number": "38",
    "geometry_source": "CartoMundi WKT",
    "parts_present": [
     "W",
     "E"
    ],
    "has_unclassified_records": false,
    "grid_codes": [
     "52241",
     "52243"
    ],
    "fkeys": [
     "60104",
     "60106"
    ],
    "map_ids": [
     "8fcd3ac5-7661-4284-9e43-d9dbcd5213fc",
     "d09fc5ba-d87e-4504-bb1d-e16c133cf4f7"
    ]
   }
  },
  {
   "type": "Feature",
   "id": "561:39",
   "geometry": {
    "type": "Polygon",
    "coordinates": [
     [
      [
       107.28763504927622,
       21.61271024974269
      ],
      [
       107.28319120393994,
       21.161154132144944
      ],
      [
       106.92214089627515,
       21.1633487185737
      ],
      [
       106.56108055083536,
       21.16491734152187
      ],
      [
       106.56330560053901,
       21.61648270749467
      ],
      [
       106.92547552884804,
       21.61491021565506
      ],
      [
       107.28763504927622,
       21.61271024974269
      ]
     ]
    ]
   },
   "properties": {
    "grid_id": "561:39",
    "sheet_number": "39",
    "geometry_source": "CartoMundi WKT",
    "parts_present": [
     "W",
     "E"
    ],
    "has_unclassified_records": false,
    "grid_codes": [
     "52245",
     "52248"
    ],
    "fkeys": [
     "60109",
     "60111"
    ],
    "map_ids": [
     "9d1d3a7d-0d52-4120-9e37-e375ade1581f",
     "ad354af4-724c-4ddf-86a0-3357c4c6a635"
    ]
   }
  },
  {
   "type": "Feature",
   "id": "561:48",
   "geometry": {
    "type": "Polygon",
    "coordinates": [
     [
      [
       105.11680519658883,
       21.164931973129498
      ],
      [
       105.47787248780239,
       21.165867302302956
      ],
      [
       105.83894302373075,
       21.1661766413129
      ],
      [
       105.83893789255383,
       20.7145839533312
      ],
      [
       105.47894836049231,
       20.71427528309522
      ],
      [
       105.11896195636456,
       20.71334212649191
      ],
      [
       105.11680519658883,
       21.164931973129498
      ]
     ]
    ]
   },
   "properties": {
    "grid_id": "561:48",
    "sheet_number": "48",
    "geometry_source": "CartoMundi WKT",
    "parts_present": [
     "W",
     "E"
    ],
    "has_unclassified_records": false,
    "grid_codes": [
     "52277",
     "52282"
    ],
    "fkeys": [
     "60128",
     "60129",
     "60131",
     "60132"
    ],
    "map_ids": [
     "f0c155b7-7fb0-46c9-8224-70260a45e494",
     "f7aeeae2-162a-4f1f-96f7-ba6a62b82d44"
    ]
   }
  },
  {
   "type": "Feature",
   "id": "561:49",
   "geometry": {
    "type": "Polygon",
    "coordinates": [
     [
      [
       106.56108055083536,
       21.16491734152187
      ],
      [
       106.55891353229907,
       20.713327837204773
      ],
      [
       106.19892735095353,
       20.71426813597506
      ],
      [
       105.83893789255383,
       20.7145839533312
      ],
      [
       105.83894302373075,
       21.1661766413129
      ],
      [
       106.20001348599726,
       21.16585998570787
      ],
      [
       106.56108055083536,
       21.16491734152187
      ]
     ]
    ]
   },
   "properties": {
    "grid_id": "561:49",
    "sheet_number": "49",
    "geometry_source": "CartoMundi WKT",
    "parts_present": [
     "W",
     "E"
    ],
    "has_unclassified_records": false,
    "grid_codes": [
     "52285",
     "52290"
    ],
    "fkeys": [
     "60134",
     "60135",
     "60137",
     "60138"
    ],
    "map_ids": [
     "ba67ffe5-1eb4-45fa-b7df-bea82197d78a",
     "f819c248-7cf7-4fb8-9c70-eecce06b1e2e"
    ]
   }
  },
  {
   "type": "Feature",
   "id": "561:50",
   "geometry": {
    "type": "Polygon",
    "coordinates": [
     [
      [
       107.28319120393994,
       21.161154132144944
      ],
      [
       107.27886326822473,
       20.709573830267303
      ],
      [
       106.91889323679139,
       20.711763062199594
      ],
      [
       106.55891353229907,
       20.713327837204773
      ],
      [
       106.56108055083536,
       21.16491734152187
      ],
      [
       106.92214089627515,
       21.1633487185737
      ],
      [
       107.28319120393994,
       21.161154132144944
      ]
     ]
    ]
   },
   "properties": {
    "grid_id": "561:50",
    "sheet_number": "50",
    "geometry_source": "CartoMundi WKT",
    "parts_present": [
     "W",
     "E"
    ],
    "has_unclassified_records": false,
    "grid_codes": [
     "52295",
     "52300"
    ],
    "fkeys": [
     "60139",
     "60141",
     "60144",
     "60145"
    ],
    "map_ids": [
     "59b7ab12-6586-4aec-9e3a-55b5fb6624de",
     "dfe53d27-d8d1-4410-b107-941e5fa19061"
    ]
   }
  },
  {
   "type": "Feature",
   "id": "561:51",
   "geometry": {
    "type": "Polygon",
    "coordinates": [
     [
      [
       108.00524844321774,
       21.154887162343016
      ],
      [
       107.99876152349815,
       20.703322088067807
      ],
      [
       107.6388204285967,
       20.706760163085292
      ],
      [
       107.27886326822473,
       20.709573830267303
      ],
      [
       107.28319120393994,
       21.161154132144944
      ],
      [
       107.64422815724973,
       21.158333602984797
      ],
      [
       108.00524844321774,
       21.154887162343016
      ]
     ]
    ]
   },
   "properties": {
    "grid_id": "561:51",
    "sheet_number": "51",
    "geometry_source": "CartoMundi WKT",
    "parts_present": [
     "W",
     "E"
    ],
    "has_unclassified_records": false,
    "grid_codes": [
     "52306",
     "52308"
    ],
    "fkeys": [
     "60147",
     "60148"
    ],
    "map_ids": [
     "44aae444-8403-49a7-b5b6-e9657f90f7ad",
     "c4a6bf0a-278d-4125-9e2e-6e7a155b7e9e"
    ]
   }
  },
  {
   "type": "Feature",
   "id": "561:61",
   "geometry": {
    "type": "Polygon",
    "coordinates": [
     [
      [
       106.55891353229907,
       20.713327837204773
      ],
      [
       106.5568037633958,
       20.26171460481325
      ],
      [
       106.19786990809997,
       20.26265257175804
      ],
      [
       105.8389328961242,
       20.26296755430451
      ],
      [
       105.83893789255383,
       20.7145839533312
      ],
      [
       106.19892735095353,
       20.71426813597506
      ],
      [
       106.55891353229907,
       20.713327837204773
      ]
     ]
    ]
   },
   "properties": {
    "grid_id": "561:61",
    "sheet_number": "61",
    "geometry_source": "CartoMundi WKT",
    "parts_present": [
     "W",
     "E"
    ],
    "has_unclassified_records": false,
    "grid_codes": [
     "52331",
     "52338"
    ],
    "fkeys": [
     "60163",
     "60165",
     "60167",
     "60168",
     "60169"
    ],
    "map_ids": [
     "7530d40e-cbb0-4521-b12a-c99acffec27d",
     "d8d61cd1-216a-4d0c-a3d2-7461eca8741e"
    ]
   }
  },
  {
   "type": "Feature",
   "id": "561:71",
   "geometry": {
    "type": "Polygon",
    "coordinates": [
     [
      [
       105.12310529188211,
       19.81009168551695
      ],
      [
       105.12106173600185,
       20.261728557017847
      ],
      [
       105.47999581228324,
       20.262659547818345
      ],
      [
       105.8389328961242,
       20.26296755430451
      ],
      [
       105.83892803623854,
       19.811327867135475
      ],
      [
       105.4810152168744,
       19.811020522226286
      ],
      [
       105.12310529188211,
       19.81009168551695
      ]
     ]
    ]
   },
   "properties": {
    "grid_id": "561:71",
    "sheet_number": "71",
    "geometry_source": "CartoMundi WKT",
    "parts_present": [
     "W",
     "E"
    ],
    "has_unclassified_records": false,
    "grid_codes": [
     "52365",
     "52366"
    ],
    "fkeys": [
     "60182",
     "60183"
    ],
    "map_ids": [
     "8be2ff16-7f75-4f7c-aa18-56da5f04f88b",
     "8f06c5b2-807b-4501-9f5c-c2bedcde85c1"
    ]
   }
  },
  {
   "type": "Feature",
   "id": "561:72",
   "geometry": {
    "type": "Polygon",
    "coordinates": [
     [
      [
       106.5568037633958,
       20.26171460481325
      ],
      [
       106.55475048594752,
       19.81007807008598
      ],
      [
       106.19684078014421,
       19.81101371370555
      ],
      [
       105.83892803623854,
       19.811327867135475
      ],
      [
       105.8389328961242,
       20.26296755430451
      ],
      [
       106.19786990809997,
       20.26265257175804
      ],
      [
       106.5568037633958,
       20.26171460481325
      ]
     ]
    ]
   },
   "properties": {
    "grid_id": "561:72",
    "sheet_number": "72",
    "geometry_source": "CartoMundi WKT",
    "parts_present": [
     "W",
     "E"
    ],
    "has_unclassified_records": false,
    "grid_codes": [
     "52367",
     "52370"
    ],
    "fkeys": [
     "60184",
     "60185",
     "60186",
     "60187"
    ],
    "map_ids": [
     "3f740ce8-2041-4f54-a556-4edebc2a1f45",
     "d7a35019-ec33-4418-8733-334ee1e4d313"
    ]
   }
  },
  {
   "type": "Feature",
   "id": "561:76",
   "geometry": {
    "type": "Polygon",
    "coordinates": [
     [
      [
       102.26028532451612,
       19.780289567603035
      ],
      [
       102.61806559207018,
       19.786189519450446
      ],
      [
       102.97587238507796,
       19.79146822130828
      ],
      [
       102.9838296510849,
       19.339852533828235
      ],
      [
       102.62701518564897,
       19.334586372273208
      ],
      [
       102.2702262179941,
       19.328700444166373
      ],
      [
       102.26028532451612,
       19.780289567603035
      ]
     ]
    ]
   },
   "properties": {
    "grid_id": "561:76",
    "sheet_number": "76",
    "geometry_source": "CartoMundi WKT",
    "parts_present": [
     "W",
     "E"
    ],
    "has_unclassified_records": false,
    "grid_codes": [
     "52373",
     "52376"
    ],
    "fkeys": [
     "60188",
     "60189",
     "60190",
     "60191"
    ],
    "map_ids": [
     "4e70153f-d765-4966-a794-e5d86c8fa6d8",
     "c18b8494-09c5-43e6-bd9b-18f40696b32e"
    ]
   }
  },
  {
   "type": "Feature",
   "id": "561:92",
   "geometry": {
    "type": "Polygon",
    "coordinates": [
     [
      [
       102.99908866446965,
       18.436553686207063
      ],
      [
       102.99156750538032,
       18.888214209743893
      ],
      [
       103.34743880803987,
       18.892849546489984
      ],
      [
       103.70332916576325,
       18.896866497121394
      ],
      [
       103.70897202305198,
       18.44518553103191
      ],
      [
       103.35402120430112,
       18.441178066589757
      ],
      [
       102.99908866446965,
       18.436553686207063
      ]
     ]
    ]
   },
   "properties": {
    "grid_id": "561:92",
    "sheet_number": "92",
    "geometry_source": "CartoMundi WKT",
    "parts_present": [
     "W",
     "E"
    ],
    "has_unclassified_records": false,
    "grid_codes": [
     "52438",
     "52443"
    ],
    "fkeys": [
     "60227",
     "60228",
     "60230"
    ],
    "map_ids": [
     "0576d9eb-38d0-4ca0-bae6-fa4a4bfb2fea",
     "e89efc64-76cd-4eff-84c3-d92b12819c60"
    ]
   }
  },
  {
   "type": "Feature",
   "id": "561:108",
   "geometry": {
    "type": "Polygon",
    "coordinates": [
     [
      [
       104.06850735971933,
       17.99686543673593
      ],
      [
       104.42257290852062,
       17.999632448162714
      ],
      [
       104.42612202105416,
       17.547894180313392
      ],
      [
       104.07294399877041,
       17.54513365404631
      ],
      [
       104.06850735971933,
       17.99686543673593
      ]
     ]
    ]
   },
   "properties": {
    "grid_id": "561:108",
    "sheet_number": "108",
    "geometry_source": "CartoMundi WKT",
    "parts_present": [
     "E"
    ],
    "has_unclassified_records": false,
    "grid_codes": [
     "52521"
    ],
    "fkeys": [
     "60275",
     "60276"
    ],
    "map_ids": [
     "bb385758-17f8-41bf-b5a9-1ca706a1966b"
    ]
   }
  },
  {
   "type": "Feature",
   "id": "561:115",
   "geometry": {
    "type": "Polygon",
    "coordinates": [
     [
      [
       107.25168821758051,
       17.547870271624376
      ],
      [
       107.24823545654772,
       17.096111964240464
      ],
      [
       106.89591015106429,
       17.098259211141567
      ],
      [
       106.54357786926437,
       17.09979380458543
      ],
      [
       106.5453067219444,
       17.551560992749415
      ],
      [
       106.89850111692252,
       17.550022685089672
      ],
      [
       107.25168821758051,
       17.547870271624376
      ]
     ]
    ]
   },
   "properties": {
    "grid_id": "561:115",
    "sheet_number": "115",
    "geometry_source": "CartoMundi WKT",
    "parts_present": [
     "W",
     "E"
    ],
    "has_unclassified_records": false,
    "grid_codes": [
     "52562",
     "52564"
    ],
    "fkeys": [
     "60303",
     "60305"
    ],
    "map_ids": [
     "50689317-5dbf-46db-ba84-0fa4c0a67213",
     "5f804e82-2ad6-4924-bf00-fee91291cc60"
    ]
   }
  },
  {
   "type": "Feature",
   "id": "561:150",
   "geometry": {
    "type": "Polygon",
    "coordinates": [
     [
      [
       109.32268086187969,
       14.811582200858808
      ],
      [
       109.31558069106171,
       14.359769486796083
      ],
      [
       108.96795913328918,
       14.365509987501014
      ],
      [
       108.62032229517374,
       14.370646626639186
      ],
      [
       108.62600777931932,
       14.822484969485188
      ],
      [
       108.97435239825053,
       14.817336222914804
      ],
      [
       109.32268086187969,
       14.811582200858808
      ]
     ]
    ]
   },
   "properties": {
    "grid_id": "561:150",
    "sheet_number": "150",
    "geometry_source": "CartoMundi WKT",
    "parts_present": [
     "W",
     "E"
    ],
    "has_unclassified_records": false,
    "grid_codes": [
     "52785",
     "52791"
    ],
    "fkeys": [
     "60425",
     "60426",
     "60428",
     "60429"
    ],
    "map_ids": [
     "cbc3475a-6518-49a6-a930-867fdacc6ca0",
     "f1730eb8-f52f-483d-a00c-dc1d9e29e648"
    ]
   }
  },
  {
   "type": "Feature",
   "id": "561:158 bis",
   "geometry": {
    "type": "Polygon",
    "coordinates": [
     [
      [
       102.23712437236274,
       13.453684978211129
      ],
      [
       102.23025092554272,
       13.905528329952602
      ],
      [
       102.7159627502618,
       13.91370833507014
      ],
      [
       103.06291716700204,
       13.918828252384017
      ],
      [
       103.0682092788847,
       13.466954112786837
      ],
      [
       102.72191435671702,
       13.461846042026082
      ],
      [
       102.23712437236274,
       13.453684978211129
      ]
     ]
    ]
   },
   "properties": {
    "grid_id": "561:158 bis",
    "sheet_number": "158 bis",
    "geometry_source": "CartoMundi WKT",
    "parts_present": [
     "W",
     "E"
    ],
    "has_unclassified_records": false,
    "grid_codes": [
     "52863",
     "52868"
    ],
    "fkeys": [
     "60456",
     "60459"
    ],
    "map_ids": [
     "bf9b52c4-b626-4171-87c0-c1e538fdccbe",
     "c76fbae8-c53c-4bd8-ba2f-b19d6700a782"
    ]
   }
  },
  {
   "type": "Feature",
   "id": "561:175",
   "geometry": {
    "type": "Polygon",
    "coordinates": [
     [
      [
       103.0733107161618,
       13.01506345696194
      ],
      [
       103.41898116547655,
       13.019560019785175
      ],
      [
       103.7646614190043,
       13.023456833230014
      ],
      [
       103.76834759648389,
       12.571530840595116
      ],
      [
       103.42328079348052,
       12.567642994254157
      ],
      [
       103.07822314790312,
       12.563156786665928
      ],
      [
       103.0733107161618,
       13.01506345696194
      ]
     ]
    ]
   },
   "properties": {
    "grid_id": "561:175",
    "sheet_number": "175",
    "geometry_source": "CartoMundi WKT",
    "parts_present": [
     "W",
     "E"
    ],
    "has_unclassified_records": false,
    "grid_codes": [
     "53041",
     "53046"
    ],
    "fkeys": [
     "60558",
     "60559",
     "60561",
     "60562"
    ],
    "map_ids": [
     "1369db8c-1c56-420f-8e8b-ba8b43b166f3",
     "bee1af1a-b48f-4db1-9243-59772c86f86e"
    ]
   }
  },
  {
   "type": "Feature",
   "id": "561:176",
   "geometry": {
    "type": "Polygon",
    "coordinates": [
     [
      [
       103.7646614190043,
       13.023456833230014
      ],
      [
       104.11035007537322,
       13.026753859060292
      ],
      [
       104.4560457278216,
       13.029451068703949
      ],
      [
       104.45850343579394,
       12.577511318950855
      ],
      [
       104.11342224896624,
       12.574820293206798
      ],
      [
       103.76834759648389,
       12.571530840595116
      ],
      [
       103.7646614190043,
       13.023456833230014
      ]
     ]
    ]
   },
   "properties": {
    "grid_id": "561:176",
    "sheet_number": "176",
    "geometry_source": "CartoMundi WKT",
    "parts_present": [
     "W",
     "E"
    ],
    "has_unclassified_records": false,
    "grid_codes": [
     "53051",
     "53054"
    ],
    "fkeys": [
     "60564",
     "60565",
     "60566",
     "60567"
    ],
    "map_ids": [
     "5769c604-08a4-4fe6-8a36-983af5053e5a",
     "d5139795-2c78-4159-a376-0ef11f1c0f46"
    ]
   }
  },
  {
   "type": "Feature",
   "id": "561:193",
   "geometry": {
    "type": "Polygon",
    "coordinates": [
     [
      [
       108.59950718558702,
       12.563123075196941
      ],
      [
       108.59477656207939,
       12.111202148084075
      ],
      [
       108.59477648025462,
       12.111202149148241
      ],
      [
       108.5947764794344,
       12.111202070791848
      ],
      [
       108.25030916174602,
       12.115682010296439
      ],
      [
       107.90583319867125,
       12.119564980139529
      ],
      [
       107.90938442404234,
       12.571505459618379
      ],
      [
       107.90938450608756,
       12.571505458692988
      ],
      [
       107.90938450668733,
       12.571505535021316
      ],
      [
       108.25445048863055,
       12.567613483205164
      ],
      [
       108.59950718558702,
       12.563123075196941
      ]
     ]
    ]
   },
   "properties": {
    "grid_id": "561:193",
    "sheet_number": "193",
    "geometry_source": "CartoMundi WKT",
    "parts_present": [
     "W",
     "E"
    ],
    "has_unclassified_records": true,
    "grid_codes": [
     "53192",
     "53193",
     "53195"
    ],
    "fkeys": [
     "60648",
     "60649",
     "60650"
    ],
    "map_ids": [
     "01809df2-d722-42d6-aa62-5c9095b33679",
     "60b8180d-71de-4402-b994-d44b6e4a2c85",
     "7a51e6e8-8e6e-40a8-9c0a-9b3294d9dbe1"
    ]
   }
  },
  {
   "type": "Feature",
   "id": "561:204",
   "geometry": {
    "type": "Polygon",
    "coordinates": [
     [
      [
       109.28368041039481,
       12.100451532900564
      ],
      [
       109.27800582640693,
       11.648540591627793
      ],
      [
       108.93412405397687,
       11.654201159181227
      ],
      [
       108.59023202458292,
       11.65926622260254
      ],
      [
       108.59477656207939,
       12.111202148084075
      ],
      [
       108.9392340216559,
       12.106125280918647
      ],
      [
       109.28368041039481,
       12.100451532900564
      ]
     ]
    ]
   },
   "properties": {
    "grid_id": "561:204",
    "sheet_number": "204",
    "geometry_source": "CartoMundi WKT",
    "parts_present": [
     "W",
     "E"
    ],
    "has_unclassified_records": false,
    "grid_codes": [
     "54930",
     "54933"
    ],
    "fkeys": [
     "60696",
     "60697",
     "60698",
     "60701",
     "60702"
    ],
    "map_ids": [
     "511cc2da-8cf7-40de-8fb9-abca8adb8388",
     "8de9e954-dc8d-468f-8dca-bae49e0ef081"
    ]
   }
  },
  {
   "type": "Feature",
   "id": "561:209",
   "geometry": {
    "type": "Polygon",
    "coordinates": [
     [
      [
       105.15208422609224,
       11.22516422705165
      ],
      [
       105.15099569434331,
       11.677156632433281
      ],
      [
       105.49492814792505,
       11.678048265829787
      ],
      [
       105.83886167948509,
       11.678344173753175
      ],
      [
       105.83885909054048,
       11.22634917568432
      ],
      [
       105.49547116334462,
       11.226053876501851
      ],
      [
       105.15208422609224,
       11.22516422705165
      ]
     ]
    ]
   },
   "properties": {
    "grid_id": "561:209",
    "sheet_number": "209",
    "geometry_source": "CartoMundi WKT",
    "parts_present": [
     "W",
     "E"
    ],
    "has_unclassified_records": false,
    "grid_codes": [
     "54942",
     "54943"
    ],
    "fkeys": [
     "60716",
     "60719"
    ],
    "map_ids": [
     "2b6b8fad-f328-4f42-8fe2-21a8bc09d947",
     "9a1808b9-be9c-4323-9574-9d56bec7b5ca"
    ]
   }
  },
  {
   "type": "Feature",
   "id": "561:219",
   "geometry": {
    "type": "Polygon",
    "coordinates": [
     [
      [
       105.15312707132239,
       10.773158029914356
      ],
      [
       105.15208422609224,
       11.22516422705165
      ],
      [
       105.49547116334462,
       11.226053876501851
      ],
      [
       105.83885909054048,
       11.22634917568432
      ],
      [
       105.83885660939366,
       10.774340395178328
      ],
      [
       105.49599138850546,
       10.77404570354453
      ],
      [
       105.15312707132239,
       10.773158029914356
      ]
     ]
    ]
   },
   "properties": {
    "grid_id": "561:219",
    "sheet_number": "219",
    "geometry_source": "CartoMundi WKT",
    "parts_present": [
     "W",
     "E"
    ],
    "has_unclassified_records": false,
    "grid_codes": [
     "54963",
     "54964"
    ],
    "fkeys": [
     "60755",
     "60758"
    ],
    "map_ids": [
     "55a96be2-22a2-47e7-88b3-5013cfdb1498",
     "b62cdf14-d597-45e7-93fd-6363b1e0edcd"
    ]
   }
  },
  {
   "type": "Feature",
   "id": "561:220",
   "geometry": {
    "type": "Polygon",
    "coordinates": [
     [
      [
       106.52563370705373,
       11.225156718059225
      ],
      [
       106.52458590132653,
       10.773150830622754
      ],
      [
       106.18172176739982,
       10.774042103026872
      ],
      [
       105.83885660939366,
       10.774340395178328
      ],
      [
       105.83885909054048,
       11.22634917568432
      ],
      [
       106.18224695485426,
       11.226050121136112
      ],
      [
       106.52563370705373,
       11.225156718059225
      ]
     ]
    ]
   },
   "properties": {
    "grid_id": "561:220",
    "sheet_number": "220",
    "geometry_source": "CartoMundi WKT",
    "parts_present": [
     "W",
     "E"
    ],
    "has_unclassified_records": false,
    "grid_codes": [
     "54965",
     "54967"
    ],
    "fkeys": [
     "60761",
     "60762",
     "60763",
     "60764"
    ],
    "map_ids": [
     "8714ef04-fd0b-44be-a324-1fefd2db9976",
     "9e32a541-d9e6-4515-ab83-2976881acd06"
    ]
   }
  },
  {
   "type": "Feature",
   "id": "561:221",
   "geometry": {
    "type": "Polygon",
    "coordinates": [
     [
      [
       107.2123996674009,
       11.221586902259432
      ],
      [
       107.21030724316914,
       10.76958938050339
      ],
      [
       106.86744804638322,
       10.771666585055513
      ],
      [
       106.52458590132653,
       10.773150830622754
      ],
      [
       106.52563370705373,
       11.225156718059225
      ],
      [
       106.86901829431335,
       11.223668973271842
      ],
      [
       107.2123996674009,
       11.221586902259432
      ]
     ]
    ]
   },
   "properties": {
    "grid_id": "561:221",
    "sheet_number": "221",
    "geometry_source": "CartoMundi WKT",
    "parts_present": [
     "W",
     "E"
    ],
    "has_unclassified_records": false,
    "grid_codes": [
     "54969",
     "54971"
    ],
    "fkeys": [
     "60765",
     "60766",
     "60768",
     "60769"
    ],
    "map_ids": [
     "9839a452-f7f8-4a10-a865-4e900eaa0788",
     "e0555f42-2f14-4075-b0d5-b0e68ce81a1e"
    ]
   }
  },
  {
   "type": "Feature",
   "id": "561:226",
   "geometry": {
    "type": "Polygon",
    "coordinates": [
     [
      [
       104.12704492536542,
       10.314931829374757
      ],
      [
       104.1245491503846,
       10.76693722183495
      ],
      [
       104.46740499106461,
       10.76960377396172
      ],
      [
       104.46940165848032,
       10.317592326616563
      ],
      [
       104.12704492536542,
       10.314931829374757
      ]
     ]
    ]
   },
   "properties": {
    "grid_id": "561:226",
    "sheet_number": "226",
    "geometry_source": "CartoMundi WKT",
    "parts_present": [
     "E"
    ],
    "has_unclassified_records": false,
    "grid_codes": [
     "54982"
    ],
    "fkeys": [
     "60782"
    ],
    "map_ids": [
     "0215f697-358e-4649-959a-5e1da59921a0"
    ]
   }
  },
  {
   "type": "Feature",
   "id": "561:7",
   "geometry": {
    "type": "Polygon",
    "coordinates": [
     [
      [
       104.38104025896344,
       22.515779622925123
      ],
      [
       104.37625013105145,
       22.967261455705597
      ],
      [
       104.7419155622345,
       22.969469711069962
      ],
      [
       105.10759238944523,
       22.971045908083582
      ],
      [
       105.1099851240697,
       22.519555048080235
      ],
      [
       104.74550718664051,
       22.51798259760652
      ],
      [
       104.38104025896344,
       22.515779622925123
      ]
     ]
    ]
   },
   "properties": {
    "grid_id": "561:7",
    "sheet_number": "7",
    "geometry_source": "CartoMundi WKT",
    "parts_present": [
     "W",
     "E"
    ],
    "has_unclassified_records": false,
    "grid_codes": [
     "52143",
     "52144"
    ],
    "fkeys": [
     "60030",
     "60031"
    ],
    "map_ids": [
     "5f5e9dde-4267-4b10-bd05-b8a55ab4c470",
     "b6db55fe-1f0d-444e-b06f-ebb883e56286"
    ]
   }
  },
  {
   "type": "Feature",
   "id": "561:13",
   "geometry": {
    "type": "Polygon",
    "coordinates": [
     [
      [
       102.20634062393218,
       22.037878790775082
      ],
      [
       102.19467636468387,
       22.489322430739406
      ],
      [
       102.55899985296962,
       22.495307870080666
      ],
      [
       102.9233564315972,
       22.500663011376687
      ],
      [
       102.93269282716093,
       22.04919207545963
      ],
      [
       102.56950075080587,
       22.043849820300963
      ],
      [
       102.20634062393218,
       22.037878790775082
      ]
     ]
    ]
   },
   "properties": {
    "grid_id": "561:13",
    "sheet_number": "13",
    "geometry_source": "CartoMundi WKT",
    "parts_present": [
     "W",
     "E"
    ],
    "has_unclassified_records": false,
    "grid_codes": [
     "52158",
     "52159"
    ],
    "fkeys": [
     "60042",
     "60043"
    ],
    "map_ids": [
     "10e6a00f-2aea-42d1-8c41-370fc0993099",
     "1ce2d961-4147-44eb-964c-9a7f64ea48d4"
    ]
   }
  },
  {
   "type": "Feature",
   "id": "561:14",
   "geometry": {
    "type": "Polygon",
    "coordinates": [
     [
      [
       102.9233564315972,
       22.500663011376687
      ],
      [
       103.28774243903348,
       22.50538780161169
      ],
      [
       103.65215419937232,
       22.50948219413783
      ],
      [
       103.65915866547653,
       22.057990064401153
      ],
      [
       103.2959133136352,
       22.05390550585338
      ],
      [
       102.93269282716093,
       22.04919207545963
      ],
      [
       102.9233564315972,
       22.500663011376687
      ]
     ]
    ]
   },
   "properties": {
    "grid_id": "561:14",
    "sheet_number": "14",
    "geometry_source": "CartoMundi WKT",
    "parts_present": [
     "W",
     "E"
    ],
    "has_unclassified_records": false,
    "grid_codes": [
     "52160",
     "52163"
    ],
    "fkeys": [
     "60044",
     "60045",
     "60046",
     "60047"
    ],
    "map_ids": [
     "a387ff3f-05c4-4d46-8470-079323555c40",
     "ab99db79-58e1-4535-928e-49fe6c7723e8"
    ]
   }
  },
  {
   "type": "Feature",
   "id": "561:15",
   "geometry": {
    "type": "Polygon",
    "coordinates": [
     [
      [
       103.65915866547653,
       22.057990064401153
      ],
      [
       103.65215419937232,
       22.50948219413783
      ],
      [
       104.01658803491097,
       22.512946145340578
      ],
      [
       104.38104025896344,
       22.515779622925123
      ],
      [
       104.38570974672608,
       22.064272402461185
      ],
      [
       104.02242532894965,
       22.06144570732461
      ],
      [
       103.65915866547653,
       22.057990064401153
      ]
     ]
    ]
   },
   "properties": {
    "grid_id": "561:15",
    "sheet_number": "15",
    "geometry_source": "CartoMundi WKT",
    "parts_present": [
     "W",
     "E"
    ],
    "has_unclassified_records": false,
    "grid_codes": [
     "52166",
     "52167"
    ],
    "fkeys": [
     "60048",
     "60049"
    ],
    "map_ids": [
     "3b18064c-ed8d-4a6c-9a23-b32d720a3361",
     "40648c8e-4104-499b-ab19-1d03882a316a"
    ]
   }
  },
  {
   "type": "Feature",
   "id": "561:16",
   "geometry": {
    "type": "Polygon",
    "coordinates": [
     [
      [
       104.38570974672608,
       22.064272402461185
      ],
      [
       104.38104025896344,
       22.515779622925123
      ],
      [
       104.74550718664051,
       22.51798259760652
      ],
      [
       105.1099851240697,
       22.519555048080235
      ],
      [
       105.11231759970494,
       22.06803884044257
      ],
      [
       104.74900835968057,
       22.066470120927846
      ],
      [
       104.38570974672608,
       22.064272402461185
      ]
     ]
    ]
   },
   "properties": {
    "grid_id": "561:16",
    "sheet_number": "16",
    "geometry_source": "CartoMundi WKT",
    "parts_present": [
     "W",
     "E"
    ],
    "has_unclassified_records": false,
    "grid_codes": [
     "52168",
     "52169"
    ],
    "fkeys": [
     "60050",
     "60051"
    ],
    "map_ids": [
     "488d9453-88ba-4c6d-ade4-b221e95d735e",
     "ab592683-7ea2-43e7-bf78-bbcbc8dc1045"
    ]
   }
  },
  {
   "type": "Feature",
   "id": "561:17",
   "geometry": {
    "type": "Polygon",
    "coordinates": [
     [
      [
       105.11231759970494,
       22.06803884044257
      ],
      [
       105.1099851240697,
       22.519555048080235
      ],
      [
       105.47447037737857,
       22.520496957695627
      ],
      [
       105.83895924910139,
       22.520808316111044
      ],
      [
       105.83895370110622,
       22.069289229785426
      ],
      [
       105.47563390408065,
       22.06897854531782
      ],
      [
       105.11231759970494,
       22.06803884044257
      ]
     ]
    ]
   },
   "properties": {
    "grid_id": "561:17",
    "sheet_number": "17",
    "geometry_source": "CartoMundi WKT",
    "parts_present": [
     "W",
     "E"
    ],
    "has_unclassified_records": false,
    "grid_codes": [
     "52170",
     "52171"
    ],
    "fkeys": [
     "60052",
     "60053"
    ],
    "map_ids": [
     "287d7a08-d14e-4186-a0e3-e31c1456a4e2",
     "d7561735-d521-4aa7-ba74-de5b3e992789"
    ]
   }
  },
  {
   "type": "Feature",
   "id": "561:21",
   "geometry": {
    "type": "Polygon",
    "coordinates": [
     [
      [
       101.49376092890544,
       21.57261498034518
      ],
      [
       101.4801303383486,
       22.02405066186776
      ],
      [
       101.84321597871558,
       22.031279048939297
      ],
      [
       102.20634062393218,
       22.037878790775082
      ],
      [
       102.21770769533163,
       21.586409868585633
      ],
      [
       101.85571549510827,
       21.579825989329876
      ],
      [
       101.49376092890544,
       21.57261498034518
      ]
     ]
    ]
   },
   "properties": {
    "grid_id": "561:21",
    "sheet_number": "21",
    "geometry_source": "CartoMundi WKT",
    "parts_present": [
     "W",
     "E"
    ],
    "has_unclassified_records": false,
    "grid_codes": [
     "52181",
     "52182"
    ],
    "fkeys": [
     "60060",
     "60061"
    ],
    "map_ids": [
     "753b93ac-e569-4a49-8018-e089354e2be2",
     "7a5fc271-21ee-4053-9438-40a66873e691"
    ]
   }
  },
  {
   "type": "Feature",
   "id": "561:26",
   "geometry": {
    "type": "Polygon",
    "coordinates": [
     [
      [
       105.11459068053016,
       21.61649768150501
      ],
      [
       105.11231759970494,
       22.06803884044257
      ],
      [
       105.47563390408065,
       22.06897854531782
      ],
      [
       105.83895370110622,
       22.069289229785426
      ],
      [
       105.8389482932482,
       21.617745202363963
      ],
      [
       105.47676780254803,
       21.617435193435938
      ],
      [
       105.11459068053016,
       21.61649768150501
      ]
     ]
    ]
   },
   "properties": {
    "grid_id": "561:26",
    "sheet_number": "26",
    "geometry_source": "CartoMundi WKT",
    "parts_present": [
     "W",
     "E"
    ],
    "has_unclassified_records": false,
    "grid_codes": [
     "52203",
     "52204"
    ],
    "fkeys": [
     "60076",
     "60077"
    ],
    "map_ids": [
     "2af5a166-10ab-4aad-88c2-6a173e358be9",
     "8777bf20-9e4e-4afb-8813-54a400c0c6c3"
    ]
   }
  },
  {
   "type": "Feature",
   "id": "561:27",
   "geometry": {
    "type": "Polygon",
    "coordinates": [
     [
      [
       106.56558949348701,
       22.06802352238236
      ],
      [
       106.56330560053901,
       21.61648270749467
      ],
      [
       106.20112870669324,
       21.61742770564439
      ],
      [
       105.8389482932482,
       21.617745202363963
      ],
      [
       105.83895370110622,
       22.069289229785426
      ],
      [
       106.20227342087665,
       22.06897088633886
      ],
      [
       106.56558949348701,
       22.06802352238236
      ]
     ]
    ]
   },
   "properties": {
    "grid_id": "561:27",
    "sheet_number": "27",
    "geometry_source": "CartoMundi WKT",
    "parts_present": [
     "W",
     "E"
    ],
    "has_unclassified_records": false,
    "grid_codes": [
     "52205",
     "52206"
    ],
    "fkeys": [
     "60078",
     "60079"
    ],
    "map_ids": [
     "a7f065d8-3c46-447c-a7fd-23e9455db6b4",
     "b4c0df32-632c-48d6-ba19-42e4f49aa409"
    ]
   }
  },
  {
   "type": "Feature",
   "id": "561:28",
   "geometry": {
    "type": "Polygon",
    "coordinates": [
     [
      [
       107.29219642299776,
       22.06424177551297
      ],
      [
       107.28763504927622,
       21.61271024974269
      ],
      [
       106.92547552884804,
       21.61491021565506
      ],
      [
       106.56330560053901,
       21.61648270749467
      ],
      [
       106.56558949348701,
       22.06802352238236
      ],
      [
       106.9288983490324,
       22.066447145246855
      ],
      [
       107.29219642299776,
       22.06424177551297
      ]
     ]
    ]
   },
   "properties": {
    "grid_id": "561:28",
    "sheet_number": "28",
    "geometry_source": "CartoMundi WKT",
    "parts_present": [
     "W",
     "E"
    ],
    "has_unclassified_records": false,
    "grid_codes": [
     "52207",
     "52208"
    ],
    "fkeys": [
     "60080",
     "60081"
    ],
    "map_ids": [
     "5300b1fc-7b90-4c8d-a800-5f369bea96ca",
     "ff489df1-78c9-40cd-a0b9-bbb5ac956310"
    ]
   }
  },
  {
   "type": "Feature",
   "id": "561:29",
   "geometry": {
    "type": "Polygon",
    "coordinates": [
     [
      [
       108.01874596633151,
       22.05794414358148
      ],
      [
       108.01190911687618,
       21.60642798514519
      ],
      [
       107.64978072486923,
       21.609882829564413
      ],
      [
       107.28763504927622,
       21.61271024974269
      ],
      [
       107.29219642299776,
       22.06424177551297
      ],
      [
       107.6554801490714,
       22.061407430365648
      ],
      [
       108.01874596633151,
       22.05794414358148
      ]
     ]
    ]
   },
   "properties": {
    "grid_id": "561:29",
    "sheet_number": "29",
    "geometry_source": "CartoMundi WKT",
    "parts_present": [
     "W",
     "E"
    ],
    "has_unclassified_records": false,
    "grid_codes": [
     "52209",
     "52210"
    ],
    "fkeys": [
     "60082",
     "60083"
    ],
    "map_ids": [
     "3b2b62bb-5557-477e-888f-bed1fa477fe2",
     "a8039626-c205-4a4d-a136-87acb33c2fc8"
    ]
   }
  },
  {
   "type": "Feature",
   "id": "561:40",
   "geometry": {
    "type": "Polygon",
    "coordinates": [
     [
      [
       108.01190911687618,
       21.60642798514519
      ],
      [
       108.00524844321774,
       21.154887162343016
      ],
      [
       107.64422815724973,
       21.158333602984797
      ],
      [
       107.28319120393994,
       21.161154132144944
      ],
      [
       107.28763504927622,
       21.61271024974269
      ],
      [
       107.64978072486923,
       21.609882829564413
      ],
      [
       108.01190911687618,
       21.60642798514519
      ]
     ]
    ]
   },
   "properties": {
    "grid_id": "561:40",
    "sheet_number": "40",
    "geometry_source": "CartoMundi WKT",
    "parts_present": [
     "W",
     "E"
    ],
    "has_unclassified_records": false,
    "grid_codes": [
     "52251",
     "52254"
    ],
    "fkeys": [
     "60113",
     "60115"
    ],
    "map_ids": [
     "559ba082-a861-45a8-bbff-e0285f727bd9",
     "fadb82f8-32f1-4c82-93d2-2cffac7a3168"
    ]
   }
  },
  {
   "type": "Feature",
   "id": "561:60",
   "geometry": {
    "type": "Polygon",
    "coordinates": [
     [
      [
       105.12106173600185,
       20.261728557017847
      ],
      [
       105.11896195636456,
       20.71334212649191
      ],
      [
       105.47894836049231,
       20.71427528309522
      ],
      [
       105.83893789255383,
       20.7145839533312
      ],
      [
       105.8389328961242,
       20.26296755430451
      ],
      [
       105.47999581228324,
       20.262659547818345
      ],
      [
       105.12106173600185,
       20.261728557017847
      ]
     ]
    ]
   },
   "properties": {
    "grid_id": "561:60",
    "sheet_number": "60",
    "geometry_source": "CartoMundi WKT",
    "parts_present": [
     "W",
     "E"
    ],
    "has_unclassified_records": false,
    "grid_codes": [
     "52327",
     "52329"
    ],
    "fkeys": [
     "60158",
     "60160"
    ],
    "map_ids": [
     "1422e188-1841-4c32-9061-7a43b835ccb5",
     "7597af1f-8154-4e68-bb65-6ca187412857"
    ]
   }
  },
  {
   "type": "Feature",
   "id": "561:62",
   "geometry": {
    "type": "Polygon",
    "coordinates": [
     [
      [
       106.91573138079033,
       20.26015366240135
      ],
      [
       106.5568037633958,
       20.26171460481325
      ],
      [
       106.55891353229907,
       20.713327837204773
      ],
      [
       106.91889323679139,
       20.711763062199594
      ],
      [
       106.91573138079033,
       20.26015366240135
      ]
     ]
    ]
   },
   "properties": {
    "grid_id": "561:62",
    "sheet_number": "62",
    "geometry_source": "CartoMundi WKT",
    "parts_present": [
     "W"
    ],
    "has_unclassified_records": false,
    "grid_codes": [
     "52346"
    ],
    "fkeys": [
     "60171"
    ],
    "map_ids": [
     "e19c409d-e2bb-469e-8c6c-ed7c8d3fcf3f"
    ]
   }
  },
  {
   "type": "Feature",
   "id": "561:93",
   "geometry": {
    "type": "Polygon",
    "coordinates": [
     [
      [
       103.70897202305198,
       18.44518553103191
      ],
      [
       103.70332916576325,
       18.896866497121394
      ],
      [
       104.05923585306184,
       18.90026502284053
      ],
      [
       104.41515614624372,
       18.903045089916432
      ],
      [
       104.41891803912534,
       18.451349567862252
      ],
      [
       104.06393850662472,
       18.448576042575183
      ],
      [
       103.70897202305198,
       18.44518553103191
      ]
     ]
    ]
   },
   "properties": {
    "grid_id": "561:93",
    "sheet_number": "93",
    "geometry_source": "CartoMundi WKT",
    "parts_present": [
     "W",
     "E"
    ],
    "has_unclassified_records": false,
    "grid_codes": [
     "52445",
     "52450"
    ],
    "fkeys": [
     "60231",
     "60234"
    ],
    "map_ids": [
     "dcc604ec-7a19-4b8f-b850-88e2dd360c6b",
     "facf1520-9fbd-481c-914a-a7f55428972c"
    ]
   }
  },
  {
   "type": "Feature",
   "id": "561:104",
   "geometry": {
    "type": "Polygon",
    "coordinates": [
     [
      [
       105.83890989206644,
       18.004544850022327
      ],
      [
       105.83891423631913,
       18.456273367136944
      ],
      [
       106.19391967443588,
       18.455961681721547
      ],
      [
       106.1930002559291,
       18.00423398080872
      ],
      [
       105.83890989206644,
       18.004544850022327
      ]
     ]
    ]
   },
   "properties": {
    "grid_id": "561:104",
    "sheet_number": "104",
    "geometry_source": "CartoMundi WKT",
    "parts_present": [
     "W"
    ],
    "has_unclassified_records": false,
    "grid_codes": [
     "52516"
    ],
    "fkeys": [
     "60272",
     "60273"
    ],
    "map_ids": [
     "f352f638-c8e5-4480-ba1b-2bf81043b1d5"
    ]
   }
  },
  {
   "type": "Feature",
   "id": "561:119",
   "geometry": {
    "type": "Polygon",
    "coordinates": [
     [
      [
       106.8933969164276,
       16.646475526346165
      ],
      [
       106.89591015106429,
       17.098259211141567
      ],
      [
       107.24823545654772,
       17.096111964240464
      ],
      [
       107.24488628743688,
       16.644333423479836
      ],
      [
       106.8933969164276,
       16.646475526346165
      ]
     ]
    ]
   },
   "properties": {
    "grid_id": "561:119",
    "sheet_number": "119",
    "geometry_source": "CartoMundi WKT",
    "parts_present": [
     "E"
    ],
    "has_unclassified_records": false,
    "grid_codes": [
     "52577"
    ],
    "fkeys": [
     "60312"
    ],
    "map_ids": [
     "fbb1f2cc-31e8-4d10-926a-d5de49d105ad"
    ]
   }
  },
  {
   "type": "Feature",
   "id": "561:126",
   "geometry": {
    "type": "Polygon",
    "coordinates": [
     [
      [
       108.29361758119386,
       16.182465809888754
      ],
      [
       107.9429701705577,
       16.186431941316144
      ],
      [
       107.94783626180676,
       16.638215687235657
      ],
      [
       108.29929248318544,
       16.63424011414122
      ],
      [
       108.29361758119386,
       16.182465809888754
      ]
     ]
    ]
   },
   "properties": {
    "grid_id": "561:126",
    "sheet_number": "126",
    "geometry_source": "CartoMundi WKT",
    "parts_present": [],
    "has_unclassified_records": true,
    "grid_codes": [
     "52620"
    ],
    "fkeys": [
     "60339"
    ],
    "map_ids": [
     "661ad123-b536-4d20-bd9d-ed80508a6670"
    ]
   }
  },
  {
   "type": "Feature",
   "id": "561:134",
   "geometry": {
    "type": "Polygon",
    "coordinates": [
     [
      [
       106.53870022568073,
       15.744372938534994
      ],
      [
       106.53717547562312,
       15.292527783644118
      ],
      [
       106.18803192921422,
       15.293440763500328
      ],
      [
       105.83888641908804,
       15.293746814152769
      ],
      [
       105.83889003031551,
       15.745594986379928
      ],
      [
       106.18879615836575,
       15.745288140584734
      ],
      [
       106.53870022568073,
       15.744372938534994
      ]
     ]
    ]
   },
   "properties": {
    "grid_id": "561:134",
    "sheet_number": "134",
    "geometry_source": "CartoMundi WKT",
    "parts_present": [
     "W",
     "E"
    ],
    "has_unclassified_records": false,
    "grid_codes": [
     "52675",
     "52681"
    ],
    "fkeys": [
     "60367",
     "60370"
    ],
    "map_ids": [
     "4f54f188-d50c-4c11-8f4f-11fbe4529ac0",
     "96773ca7-1f10-4969-93d0-ee8b35a33522"
    ]
   }
  },
  {
   "type": "Feature",
   "id": "561:181",
   "geometry": {
    "type": "Polygon",
    "coordinates": [
     [
      [
       107.91307650884322,
       13.023430587469619
      ],
      [
       107.90938450668733,
       12.571505535021316
      ],
      [
       107.56431054950103,
       12.574799198192423
      ],
      [
       107.21922993040859,
       12.57749443785579
      ],
      [
       107.22169347383702,
       13.029433561451881
      ],
      [
       107.56738855316021,
       13.026731980883014
      ],
      [
       107.91307650884322,
       13.023430587469619
      ]
     ]
    ]
   },
   "properties": {
    "grid_id": "561:181",
    "sheet_number": "181",
    "geometry_source": "CartoMundi WKT",
    "parts_present": [
     "W",
     "E"
    ],
    "has_unclassified_records": false,
    "grid_codes": [
     "53093",
     "53096"
    ],
    "fkeys": [
     "60590",
     "60592"
    ],
    "map_ids": [
     "6c598535-81ad-4fe9-8da6-61aa0ba7fe70",
     "a7902329-39c0-4ce2-939b-fda7dd57f9b8"
    ]
   }
  },
  {
   "type": "Feature",
   "id": "561:141",
   "geometry": {
    "type": "Polygon",
    "coordinates": [
     [
      [
       106.88410457783866,
       14.83914805603689
      ],
      [
       106.88631516646285,
       15.291007883981521
      ],
      [
       107.23544910988139,
       15.288881079036685
      ],
      [
       107.2325032843331,
       14.837026308183269
      ],
      [
       106.88410457783866,
       14.83914805603689
      ]
     ]
    ]
   },
   "properties": {
    "grid_id": "561:141",
    "sheet_number": "141",
    "geometry_source": "CartoMundi WKT",
    "parts_present": [
     "E"
    ],
    "has_unclassified_records": false,
    "grid_codes": [
     "52734"
    ],
    "fkeys": [
     "60399"
    ],
    "map_ids": [
     "543d4a4b-49f2-4648-80a8-1464284136cb"
    ]
   }
  },
  {
   "type": "Feature",
   "id": "561:144",
   "geometry": {
    "type": "Polygon",
    "coordinates": [
     [
      [
       108.97435239825053,
       14.817336222914804
      ],
      [
       108.62600777931932,
       14.822484969485188
      ],
      [
       108.63188961542306,
       15.274305307795558
      ],
      [
       109.09732178216032,
       15.267289276525418
      ],
      [
       109.09046376839686,
       14.815485467967548
      ],
      [
       108.97435239825053,
       14.817336222914804
      ]
     ]
    ]
   },
   "properties": {
    "grid_id": "561:144",
    "sheet_number": "144",
    "geometry_source": "CartoMundi WKT",
    "parts_present": [],
    "has_unclassified_records": true,
    "grid_codes": [
     "52748"
    ],
    "fkeys": [
     "60407"
    ],
    "map_ids": [
     "48584dae-d4e3-4821-82a1-bab588ec3dd2"
    ]
   }
  },
  {
   "type": "Feature",
   "id": "561:145",
   "geometry": {
    "type": "Polygon",
    "coordinates": [
     [
      [
       105.49118109521193,
       14.389696457807005
      ],
      [
       105.3752818891694,
       14.389462343121167
      ],
      [
       105.3743368992197,
       14.841345461213479
      ],
      [
       105.83888292643823,
       14.841880351521183
      ],
      [
       105.8388795505694,
       14.389996079278305
      ],
      [
       105.49118109521193,
       14.389696457807005
      ]
     ]
    ]
   },
   "properties": {
    "grid_id": "561:145",
    "sheet_number": "145",
    "geometry_source": "CartoMundi WKT",
    "parts_present": [],
    "has_unclassified_records": true,
    "grid_codes": [
     "52755"
    ],
    "fkeys": [
     "60411"
    ],
    "map_ids": [
     "d3f0348b-4a89-44db-8dea-07ffa755134f"
    ]
   }
  },
  {
   "type": "Feature",
   "id": "561:156",
   "geometry": {
    "type": "Polygon",
    "coordinates": [
     [
      [
       107.57390065086057,
       13.930549338841644
      ],
      [
       107.57733688648538,
       14.382432916588726
      ],
      [
       107.92500948832895,
       14.379108130018125
      ],
      [
       107.9208877159715,
       13.927232385110287
      ],
      [
       107.57390065086057,
       13.930549338841644
      ]
     ]
    ]
   },
   "properties": {
    "grid_id": "561:156",
    "sheet_number": "156",
    "geometry_source": "CartoMundi WKT",
    "parts_present": [
     "E"
    ],
    "has_unclassified_records": false,
    "grid_codes": [
     "52833"
    ],
    "fkeys": [
     "60442"
    ],
    "map_ids": [
     "efee6216-8b35-4068-9d60-3a822ce1c649"
    ]
   }
  },
  {
   "type": "Feature",
   "id": "561:159 bis",
   "geometry": {
    "type": "Polygon",
    "coordinates": [
     [
      [
       103.0682092788847,
       13.466954112786837
      ],
      [
       103.06291716700204,
       13.918828252384017
      ],
      [
       103.40988428951363,
       13.92334566052402
      ],
      [
       103.75686253496512,
       13.927260519796704
      ],
      [
       103.76083348377965,
       13.475366893242736
      ],
      [
       103.41451615223892,
       13.47146107575631
      ],
      [
       103.0682092788847,
       13.466954112786837
      ]
     ]
    ]
   },
   "properties": {
    "grid_id": "561:159 bis",
    "sheet_number": "159 bis",
    "geometry_source": "CartoMundi WKT",
    "parts_present": [
     "W",
     "E"
    ],
    "has_unclassified_records": false,
    "grid_codes": [
     "52883",
     "52887"
    ],
    "fkeys": [
     "60469",
     "60472"
    ],
    "map_ids": [
     "583fa8fd-e5d5-4ca8-aa46-43ef3781fca7",
     "79ee184d-f9cc-435f-a5c9-23896d14930d"
    ]
   }
  },
  {
   "type": "Feature",
   "id": "561:166 bis",
   "geometry": {
    "type": "Polygon",
    "coordinates": [
     [
      [
       102.2437499973521,
       13.001824979783976
      ],
      [
       102.23712437236274,
       13.453684978211129
      ],
      [
       102.72191435671702,
       13.461846042026082
      ],
      [
       103.0682092788847,
       13.466954112786837
      ],
      [
       103.0733107161618,
       13.01506345696194
      ],
      [
       102.72765147063525,
       13.009967183917325
      ],
      [
       102.2437499973521,
       13.001824979783976
      ]
     ]
    ]
   },
   "properties": {
    "grid_id": "561:166 bis",
    "sheet_number": "166 bis",
    "geometry_source": "CartoMundi WKT",
    "parts_present": [
     "W",
     "E"
    ],
    "has_unclassified_records": false,
    "grid_codes": [
     "52944",
     "52949"
    ],
    "fkeys": [
     "60501",
     "60505"
    ],
    "map_ids": [
     "5210e749-524c-4b66-914b-80e3f0cd8d30",
     "9038fcc1-e05b-4217-92a5-1942e2b0da80"
    ]
   }
  },
  {
   "type": "Feature",
   "id": "561:167",
   "geometry": {
    "type": "Polygon",
    "coordinates": [
     [
      [
       103.0682092788847,
       13.466954112786837
      ],
      [
       103.41451615223892,
       13.47146107575631
      ],
      [
       103.76083348377965,
       13.475366893242736
      ],
      [
       103.7646614190043,
       13.023456833230014
      ],
      [
       103.41898116547655,
       13.019560019785175
      ],
      [
       103.0733107161618,
       13.01506345696194
      ],
      [
       103.0682092788847,
       13.466954112786837
      ]
     ]
    ]
   },
   "properties": {
    "grid_id": "561:167",
    "sheet_number": "167",
    "geometry_source": "CartoMundi WKT",
    "parts_present": [
     "W",
     "E"
    ],
    "has_unclassified_records": false,
    "grid_codes": [
     "52955",
     "52960"
    ],
    "fkeys": [
     "60510",
     "60512",
     "60513",
     "60514"
    ],
    "map_ids": [
     "3d8d139e-7609-4d57-94dc-733e35032ae6",
     "7c7b90fa-a2ef-4978-8765-75127fc5b0a3"
    ]
   }
  },
  {
   "type": "Feature",
   "id": "561:167 bis",
   "geometry": {
    "type": "Polygon",
    "coordinates": [
     [
      [
       103.7646614190043,
       13.023456833230014
      ],
      [
       103.76083348377965,
       13.475366893242736
      ],
      [
       104.10715977691365,
       13.478671526540595
      ],
      [
       104.45349353684429,
       13.481374946405253
      ],
      [
       104.4560457278216,
       13.029451068703949
      ],
      [
       104.11035007537322,
       13.026753859060292
      ],
      [
       103.7646614190043,
       13.023456833230014
      ]
     ]
    ]
   },
   "properties": {
    "grid_id": "561:167 bis",
    "sheet_number": "167 bis",
    "geometry_source": "CartoMundi WKT",
    "parts_present": [
     "W",
     "E"
    ],
    "has_unclassified_records": false,
    "grid_codes": [
     "52965",
     "52970"
    ],
    "fkeys": [
     "60516",
     "60519"
    ],
    "map_ids": [
     "46d9171d-1447-4465-a315-89d8671a1462",
     "fdbf4d00-3080-47b9-ad55-e7ab7f8cadc9"
    ]
   }
  },
  {
   "type": "Feature",
   "id": "561:168",
   "geometry": {
    "type": "Polygon",
    "coordinates": [
     [
      [
       104.4560457278216,
       13.029451068703949
      ],
      [
       104.45349353684429,
       13.481374946405253
      ],
      [
       104.79983325799518,
       13.483477126057068
      ],
      [
       105.1461774365865,
       13.484978049911135
      ],
      [
       105.14745239031642,
       13.03304594541784
      ],
      [
       104.80174696958763,
       13.03154843624479
      ],
      [
       104.4560457278216,
       13.029451068703949
      ]
     ]
    ]
   },
   "properties": {
    "grid_id": "561:168",
    "sheet_number": "168",
    "geometry_source": "CartoMundi WKT",
    "parts_present": [
     "W",
     "E"
    ],
    "has_unclassified_records": false,
    "grid_codes": [
     "52975",
     "52977"
    ],
    "fkeys": [
     "60521",
     "60522"
    ],
    "map_ids": [
     "302ad01e-78c3-4fd4-98e4-552b85e0b570",
     "e13bcdfc-b852-4349-8119-f988ff6e44ec"
    ]
   }
  },
  {
   "type": "Feature",
   "id": "561:174 bis",
   "geometry": {
    "type": "Polygon",
    "coordinates": [
     [
      [
       102.38814055362806,
       12.55238946178983
      ],
      [
       102.38200481948904,
       13.004271247740206
      ],
      [
       102.72765147063525,
       13.009967183917325
      ],
      [
       103.0733107161618,
       13.01506345696194
      ],
      [
       103.07822314790312,
       12.563156786665928
      ],
      [
       102.73317596949542,
       12.558072261939103
      ],
      [
       102.38814055362806,
       12.55238946178983
      ]
     ]
    ]
   },
   "properties": {
    "grid_id": "561:174 bis",
    "sheet_number": "174 bis",
    "geometry_source": "CartoMundi WKT",
    "parts_present": [
     "W",
     "E"
    ],
    "has_unclassified_records": false,
    "grid_codes": [
     "53033",
     "53037"
    ],
    "fkeys": [
     "60552",
     "60555"
    ],
    "map_ids": [
     "0423bba3-e5ee-4e4b-b4a2-7a10079698a1",
     "4d75074e-7c2e-4bd6-8014-4c3ee5a2f463"
    ]
   }
  },
  {
   "type": "Feature",
   "id": "561:189",
   "geometry": {
    "type": "Polygon",
    "coordinates": [
     [
      [
       105.49436216797355,
       12.130028353453852
      ],
      [
       105.49377304023383,
       12.581993628632446
      ],
      [
       105.83886718975106,
       12.582290763502527
      ],
      [
       105.83886437982085,
       12.130324874543717
      ],
      [
       105.49436216797355,
       12.130028353453852
      ]
     ]
    ]
   },
   "properties": {
    "grid_id": "561:189",
    "sheet_number": "189",
    "geometry_source": "CartoMundi WKT",
    "parts_present": [
     "E"
    ],
    "has_unclassified_records": false,
    "grid_codes": [
     "53155"
    ],
    "fkeys": [
     "60628"
    ],
    "map_ids": [
     "b12f0296-9d70-4ec2-83fd-90fb57fba38a"
    ]
   }
  },
  {
   "type": "Feature",
   "id": "561:194",
   "geometry": {
    "type": "Polygon",
    "coordinates": [
     [
      [
       109.4275975724824,
       12.549905071638221
      ],
      [
       109.42145559505212,
       12.098014919694265
      ],
      [
       108.9392340216559,
       12.106125280918647
      ],
      [
       108.59477656207939,
       12.111202148084075
      ],
      [
       108.59950718558702,
       12.563123075196941
      ],
      [
       108.94455329140622,
       12.558034355076444
      ],
      [
       109.4275975724824,
       12.549905071638221
      ]
     ]
    ]
   },
   "properties": {
    "grid_id": "561:194",
    "sheet_number": "194",
    "geometry_source": "CartoMundi WKT",
    "parts_present": [
     "W",
     "E"
    ],
    "has_unclassified_records": false,
    "grid_codes": [
     "53197",
     "53202"
    ],
    "fkeys": [
     "60651",
     "60654"
    ],
    "map_ids": [
     "99aa654e-9c50-48b9-86d1-d246ac8520c4",
     "e8b02c15-5e15-4bc5-bf99-b5d4e2c008e2"
    ]
   }
  },
  {
   "type": "Feature",
   "id": "561:202",
   "geometry": {
    "type": "Polygon",
    "coordinates": [
     [
      [
       107.90583327951963,
       12.119565057429327
      ],
      [
       107.90242167210663,
       11.667609660755147
      ],
      [
       107.55850560379571,
       11.67088795718061
      ],
      [
       107.21458378087702,
       11.673570598123604
      ],
      [
       107.21686028967343,
       12.12553994764204
      ],
      [
       107.56134988737752,
       12.122851020411687
      ],
      [
       107.90583327951963,
       12.119565057429327
      ]
     ]
    ]
   },
   "properties": {
    "grid_id": "561:202",
    "sheet_number": "202",
    "geometry_source": "CartoMundi WKT",
    "parts_present": [
     "W",
     "E"
    ],
    "has_unclassified_records": false,
    "grid_codes": [
     "54925",
     "54926"
    ],
    "fkeys": [
     "60688",
     "60690"
    ],
    "map_ids": [
     "190264be-7e68-4c88-97be-e6287e832a3f",
     "9f0506bd-e3b6-4f1e-83c8-93015b6db101"
    ]
   }
  },
  {
   "type": "Feature",
   "id": "561:203",
   "geometry": {
    "type": "Polygon",
    "coordinates": [
     [
      [
       108.59477656207939,
       12.111202148084075
      ],
      [
       108.59023202458292,
       11.65926622260254
      ],
      [
       108.24633085572927,
       11.663735737009276
      ],
      [
       107.90242167210663,
       11.667609660755147
      ],
      [
       107.90583327951963,
       12.119565057429327
      ],
      [
       108.25030924439098,
       12.115682087587373
      ],
      [
       108.59477656207939,
       12.111202148084075
      ]
     ]
    ]
   },
   "properties": {
    "grid_id": "561:203",
    "sheet_number": "203",
    "geometry_source": "CartoMundi WKT",
    "parts_present": [
     "W",
     "E"
    ],
    "has_unclassified_records": false,
    "grid_codes": [
     "54927",
     "54929"
    ],
    "fkeys": [
     "60692",
     "60694"
    ],
    "map_ids": [
     "9b6715c9-6c2d-4446-a0ba-f402ce1fa370",
     "a4851907-0882-4ab2-9e72-6009ac35f1be"
    ]
   }
  },
  {
   "type": "Feature",
   "id": "561:205",
   "geometry": {
    "type": "Polygon",
    "coordinates": [
     [
      [
       102.74849143480928,
       11.202296209313303
      ],
      [
       102.74359426005473,
       11.65423626128576
      ],
      [
       103.08748734946074,
       11.65929744071802
      ],
      [
       103.09184212324335,
       11.207345790283128
      ],
      [
       102.74849143480928,
       11.202296209313303
      ]
     ]
    ]
   },
   "properties": {
    "grid_id": "561:205",
    "sheet_number": "205",
    "geometry_source": "CartoMundi WKT",
    "parts_present": [],
    "has_unclassified_records": true,
    "grid_codes": [
     "54935"
    ],
    "fkeys": [
     "60705"
    ],
    "map_ids": [
     "34d187dc-8046-4d01-998c-1276f54697bc"
    ]
   }
  },
  {
   "type": "Feature",
   "id": "561:207",
   "geometry": {
    "type": "Polygon",
    "coordinates": [
     [
      [
       103.77856737014521,
       11.215662365231267
      ],
      [
       103.77529944466863,
       11.66763309563214
      ],
      [
       104.11921619929247,
       11.670907492758857
      ],
      [
       104.46313858096325,
       11.673586231009722
      ],
      [
       104.46531752193998,
       11.221601915142898
      ],
      [
       104.12193985530132,
       11.218929283560314
      ],
      [
       103.77856737014521,
       11.215662365231267
      ]
     ]
    ]
   },
   "properties": {
    "grid_id": "561:207",
    "sheet_number": "207",
    "geometry_source": "CartoMundi WKT",
    "parts_present": [
     "W",
     "E"
    ],
    "has_unclassified_records": false,
    "grid_codes": [
     "54938",
     "54939"
    ],
    "fkeys": [
     "60708",
     "60709"
    ],
    "map_ids": [
     "15645cbe-4ab5-49bd-b349-0e4914828941",
     "cdd7b58e-a6b5-421e-be3e-f8e3a2ad4916"
    ]
   }
  },
  {
   "type": "Feature",
   "id": "561:208",
   "geometry": {
    "type": "Polygon",
    "coordinates": [
     [
      [
       104.46531752193998,
       11.221601915142898
      ],
      [
       104.46313858096325,
       11.673586231009722
      ],
      [
       104.80706545960034,
       11.675669283650805
      ],
      [
       105.15099569434331,
       11.677156632433281
      ],
      [
       105.15208422609224,
       11.22516422705165
      ],
      [
       104.80869932981214,
       11.223680235937309
      ],
      [
       104.46531752193998,
       11.221601915142898
      ]
     ]
    ]
   },
   "properties": {
    "grid_id": "561:208",
    "sheet_number": "208",
    "geometry_source": "CartoMundi WKT",
    "parts_present": [
     "W",
     "E"
    ],
    "has_unclassified_records": false,
    "grid_codes": [
     "54940",
     "54941"
    ],
    "fkeys": [
     "60710",
     "60713"
    ],
    "map_ids": [
     "00fecb6f-b40f-4d54-b94b-27fcc0d5921c",
     "c4a278c5-dc5d-4375-879b-2a7bc95f68ad"
    ]
   }
  },
  {
   "type": "Feature",
   "id": "561:211",
   "geometry": {
    "type": "Polygon",
    "coordinates": [
     [
      [
       107.21458378087702,
       11.673570598123604
      ],
      [
       107.2123996674009,
       11.221586902259432
      ],
      [
       106.86901829431335,
       11.223668973271842
      ],
      [
       106.52563370705373,
       11.225156718059225
      ],
      [
       106.52672741669191,
       11.677148813451822
      ],
      [
       106.87065734061783,
       11.675657555115592
      ],
      [
       107.21458378087702,
       11.673570598123604
      ]
     ]
    ]
   },
   "properties": {
    "grid_id": "561:211",
    "sheet_number": "211",
    "geometry_source": "CartoMundi WKT",
    "parts_present": [
     "W",
     "E"
    ],
    "has_unclassified_records": false,
    "grid_codes": [
     "54948",
     "54949"
    ],
    "fkeys": [
     "60726",
     "60728"
    ],
    "map_ids": [
     "04fb7b4c-13ed-456f-b4cc-63b5f36db22e",
     "3658780c-ef1b-401a-8447-6dd4b9e8aab1"
    ]
   }
  },
  {
   "type": "Feature",
   "id": "561:213",
   "geometry": {
    "type": "Polygon",
    "coordinates": [
     [
      [
       108.59023202458292,
       11.65926622260254
      ],
      [
       108.58587209806386,
       11.207315812380415
      ],
      [
       108.24251403625793,
       11.211774946315174
      ],
      [
       107.89914858311386,
       11.215639860422385
      ],
      [
       107.90242167210663,
       11.667609660755147
      ],
      [
       108.24633085572927,
       11.663735737009276
      ],
      [
       108.59023202458292,
       11.65926622260254
      ]
     ]
    ]
   },
   "properties": {
    "grid_id": "561:213",
    "sheet_number": "213",
    "geometry_source": "CartoMundi WKT",
    "parts_present": [
     "W",
     "E"
    ],
    "has_unclassified_records": false,
    "grid_codes": [
     "54952",
     "54953"
    ],
    "fkeys": [
     "60733",
     "60736"
    ],
    "map_ids": [
     "c2e76617-25b2-46c9-ad2c-6944de3bfee9",
     "fcc45374-c84d-4901-89c8-bd7cc938791d"
    ]
   }
  },
  {
   "type": "Feature",
   "id": "561:214",
   "geometry": {
    "type": "Polygon",
    "coordinates": [
     [
      [
       109.27800582640693,
       11.648540591627793
      ],
      [
       109.27150066010731,
       11.106228254382103
      ],
      [
       108.92826605017764,
       11.111873074977979
      ],
      [
       108.5850221426847,
       11.116924037881944
      ],
      [
       108.59023202458292,
       11.65926622260254
      ],
      [
       108.93412405397687,
       11.654201159181227
      ],
      [
       109.27800582640693,
       11.648540591627793
      ]
     ]
    ]
   },
   "properties": {
    "grid_id": "561:214",
    "sheet_number": "214",
    "geometry_source": "CartoMundi WKT",
    "parts_present": [
     "W",
     "E"
    ],
    "has_unclassified_records": false,
    "grid_codes": [
     "54954",
     "54955"
    ],
    "fkeys": [
     "60739",
     "60741",
     "60742"
    ],
    "map_ids": [
     "3d0a6cca-5ca3-4ceb-9334-5374d4d2afb4",
     "c19c68a6-5ce8-4b74-86ec-9272f0c98a21"
    ]
   }
  },
  {
   "type": "Feature",
   "id": "561:218",
   "geometry": {
    "type": "Polygon",
    "coordinates": [
     [
      [
       104.46740499106461,
       10.76960377396172
      ],
      [
       104.46531752193998,
       11.221601915142898
      ],
      [
       104.80869932981214,
       11.223680235937309
      ],
      [
       105.15208422609224,
       11.22516422705165
      ],
      [
       105.15312707132239,
       10.773158029914356
      ],
      [
       104.81026461904189,
       10.771677381398618
      ],
      [
       104.46740499106461,
       10.76960377396172
      ]
     ]
    ]
   },
   "properties": {
    "grid_id": "561:218",
    "sheet_number": "218",
    "geometry_source": "CartoMundi WKT",
    "parts_present": [
     "W",
     "E"
    ],
    "has_unclassified_records": false,
    "grid_codes": [
     "54961",
     "54962"
    ],
    "fkeys": [
     "60749",
     "60752"
    ],
    "map_ids": [
     "0c592559-86c5-4c4e-994a-6c255a614f60",
     "22def28f-cd1b-4f6a-9019-63e703ab22d9"
    ]
   }
  }
 ]
}
